order_item_id,order_id,product_id,quantity,unit_price,line_revenue
HITM0000001,HORD000001,PRD0837,1,1658.39,1658.39
HITM0000002,HORD000001,PRD0776,1,133.13,133.13
HITM0000003,HORD000001,PRD0180,1,256.4,256.4
HITM0000004,HORD000002,PRD0726,1,830.43,830.43
HITM0000005,HORD000002,PRD0626,2,362.78,725.56
HITM0000006,HORD000002,PRD0556,1,279.39,279.39
HITM0000007,HORD000002,PRD0421,2,2357.2,4714.4
HITM0000008,HORD000003,PRD0333,2,741.56,1483.12
HITM0000009,HORD000003,PRD0930,1,307.61,307.61
HITM0000010,HORD000003,PRD0754,2,588.75,1177.5
HITM0000011,HORD000003,PRD0480,1,79.31,79.31
HITM0000012,HORD000004,PRD0605,1,584.43,584.43
HITM0000013,HORD000005,PRD0050,2,409.65,819.3
HITM0000014,HORD000005,PRD0734,1,1461.44,1461.44
HITM0000015,HORD000006,PRD0813,1,372.89,372.89
HITM0000016,HORD000006,PRD0426,1,708.75,708.75
HITM0000017,HORD000006,PRD0907,1,60.75,60.75
HITM0000018,HORD000007,PRD0670,1,278.65,278.65
HITM0000019,HORD000007,PRD0120,1,249.64,249.64
HITM0000020,HORD000007,PRD0009,1,72.9,72.9
HITM0000021,HORD000007,PRD0701,1,2630.13,2630.13
HITM0000022,HORD000008,PRD0815,2,735.95,1471.9
HITM0000023,HORD000008,PRD0162,1,767.91,767.91
HITM0000024,HORD000009,PRD0143,2,689.45,1378.9
HITM0000025,HORD000009,PRD0561,1,1093.04,1093.04
HITM0000026,HORD000009,PRD0502,1,1155.49,1155.49
HITM0000027,HORD000010,PRD0478,1,1005.98,1005.98
HITM0000028,HORD000010,PRD0245,1,834.16,834.16
HITM0000029,HORD000010,PRD0546,2,180.12,360.24
HITM0000030,HORD000010,PRD0394,1,3192.43,3192.43
HITM0000031,HORD000010,PRD0131,2,1079.8,2159.6
HITM0000032,HORD000011,PRD0636,1,249.94,249.94
HITM0000033,HORD000011,PRD0050,1,409.65,409.65
HITM0000034,HORD000011,PRD0803,2,395.35,790.7
HITM0000035,HORD000011,PRD0116,1,182.09,182.09
HITM0000036,HORD000011,PRD0569,1,928.26,928.26
HITM0000037,HORD000012,PRD0220,2,261.65,523.3
HITM0000038,HORD000012,PRD0637,1,2406.77,2406.77
HITM0000039,HORD000012,PRD0595,1,126.92,126.92
HITM0000040,HORD000012,PRD0730,1,147.29,147.29
HITM0000041,HORD000013,PRD0658,1,899.02,899.02
HITM0000042,HORD000013,PRD0807,2,1028.5,2057.0
HITM0000043,HORD000013,PRD0740,1,235.84,235.84
HITM0000044,HORD000014,PRD0717,1,825.84,825.84
HITM0000045,HORD000014,PRD0298,1,727.39,727.39
HITM0000046,HORD000014,PRD0027,1,2295.22,2295.22
HITM0000047,HORD000015,PRD0821,1,1210.81,1210.81
HITM0000048,HORD000015,PRD0081,1,1775.5,1775.5
HITM0000049,HORD000015,PRD0960,1,17.08,17.08
HITM0000050,HORD000015,PRD0372,1,748.02,748.02
HITM0000051,HORD000015,PRD0906,1,755.23,755.23
HITM0000052,HORD000016,PRD0214,1,3361.08,3361.08
HITM0000053,HORD000016,PRD0120,2,249.64,499.28
HITM0000054,HORD000017,PRD0993,1,448.46,448.46
HITM0000055,HORD000017,PRD0184,1,1417.97,1417.97
HITM0000056,HORD000017,PRD0149,1,504.76,504.76
HITM0000057,HORD000017,PRD0645,1,295.19,295.19
HITM0000058,HORD000017,PRD0644,2,940.11,1880.22
HITM0000059,HORD000018,PRD0934,1,1797.41,1797.41
HITM0000060,HORD000019,PRD0998,1,544.17,544.17
HITM0000061,HORD000019,PRD0598,1,73.8,73.8
HITM0000062,HORD000019,PRD0110,1,392.12,392.12
HITM0000063,HORD000020,PRD0310,1,125.16,125.16
HITM0000064,HORD000021,PRD0598,2,73.8,147.6
HITM0000065,HORD000021,PRD0641,1,1767.13,1767.13
HITM0000066,HORD000021,PRD0390,2,408.91,817.82
HITM0000067,HORD000022,PRD0081,1,1775.5,1775.5
HITM0000068,HORD000022,PRD0876,1,844.64,844.64
HITM0000069,HORD000023,PRD0994,2,2727.51,5455.02
HITM0000070,HORD000023,PRD0893,1,792.02,792.02
HITM0000071,HORD000023,PRD0938,2,471.07,942.14
HITM0000072,HORD000023,PRD0984,1,3015.12,3015.12
HITM0000073,HORD000024,PRD0499,2,782.47,1564.94
HITM0000074,HORD000024,PRD0150,2,199.69,399.38
HITM0000075,HORD000024,PRD0348,1,312.21,312.21
HITM0000076,HORD000025,PRD0808,2,444.53,889.06
HITM0000077,HORD000025,PRD0573,1,850.28,850.28
HITM0000078,HORD000026,PRD0563,1,957.85,957.85
HITM0000079,HORD000026,PRD0285,1,929.48,929.48
HITM0000080,HORD000026,PRD0008,1,751.87,751.87
HITM0000081,HORD000027,PRD0627,1,931.65,931.65
HITM0000082,HORD000027,PRD0607,1,73.33,73.33
HITM0000083,HORD000027,PRD0106,2,203.27,406.54
HITM0000084,HORD000027,PRD0675,1,1138.38,1138.38
HITM0000085,HORD000028,PRD0835,1,482.69,482.69
HITM0000086,HORD000028,PRD0985,1,865.22,865.22
HITM0000087,HORD000029,PRD0554,1,2579.35,2579.35
HITM0000088,HORD000029,PRD0933,1,296.95,296.95
HITM0000089,HORD000029,PRD0184,1,1417.97,1417.97
HITM0000090,HORD000030,PRD0932,1,1326.04,1326.04
HITM0000091,HORD000031,PRD0821,2,1210.81,2421.62
HITM0000092,HORD000031,PRD0320,1,28.7,28.7
HITM0000093,HORD000031,PRD0189,1,815.73,815.73
HITM0000094,HORD000031,PRD0809,2,155.22,310.44
HITM0000095,HORD000031,PRD0036,1,115.89,115.89
HITM0000096,HORD000032,PRD0037,1,953.09,953.09
HITM0000097,HORD000032,PRD0922,1,1230.33,1230.33
HITM0000098,HORD000033,PRD0732,1,1724.37,1724.37
HITM0000099,HORD000033,PRD0523,1,837.7,837.7
HITM0000100,HORD000033,PRD0186,1,386.44,386.44
HITM0000101,HORD000033,PRD0650,1,46.68,46.68
HITM0000102,HORD000034,PRD0296,1,331.81,331.81
HITM0000103,HORD000034,PRD0558,1,399.27,399.27
HITM0000104,HORD000035,PRD0509,1,849.35,849.35
HITM0000105,HORD000035,PRD0422,1,1010.5,1010.5
HITM0000106,HORD000035,PRD0759,2,106.0,212.0
HITM0000107,HORD000035,PRD0116,1,182.09,182.09
HITM0000108,HORD000036,PRD0925,1,1091.53,1091.53
HITM0000109,HORD000036,PRD0841,1,1754.04,1754.04
HITM0000110,HORD000036,PRD0147,1,172.97,172.97
HITM0000111,HORD000036,PRD0428,1,353.32,353.32
HITM0000112,HORD000037,PRD0971,2,1081.7,2163.4
HITM0000113,HORD000037,PRD0322,1,326.02,326.02
HITM0000114,HORD000038,PRD0236,2,353.9,707.8
HITM0000115,HORD000038,PRD0372,2,748.02,1496.04
HITM0000116,HORD000038,PRD0749,1,285.2,285.2
HITM0000117,HORD000038,PRD0989,1,71.59,71.59
HITM0000118,HORD000038,PRD0256,2,42.53,85.06
HITM0000119,HORD000039,PRD0482,3,1441.83,4325.49
HITM0000120,HORD000039,PRD0808,1,444.53,444.53
HITM0000121,HORD000040,PRD0552,1,359.04,359.04
HITM0000122,HORD000040,PRD0598,2,73.8,147.6
HITM0000123,HORD000040,PRD0843,1,527.91,527.91
HITM0000124,HORD000040,PRD0715,1,636.68,636.68
HITM0000125,HORD000041,PRD0049,1,578.63,578.63
HITM0000126,HORD000041,PRD0662,1,1356.37,1356.37
HITM0000127,HORD000042,PRD0182,1,908.42,908.42
HITM0000128,HORD000042,PRD0580,1,50.37,50.37
HITM0000129,HORD000042,PRD0184,2,1417.97,2835.94
HITM0000130,HORD000042,PRD0185,1,925.9,925.9
HITM0000131,HORD000043,PRD0639,1,537.34,537.34
HITM0000132,HORD000043,PRD0847,1,553.63,553.63
HITM0000133,HORD000043,PRD0966,1,272.72,272.72
HITM0000134,HORD000044,PRD0116,1,182.09,182.09
HITM0000135,HORD000044,PRD0636,1,249.94,249.94
HITM0000136,HORD000044,PRD0989,1,71.59,71.59
HITM0000137,HORD000045,PRD0952,1,864.9,864.9
HITM0000138,HORD000045,PRD0429,1,618.41,618.41
HITM0000139,HORD000045,PRD0724,1,1568.29,1568.29
HITM0000140,HORD000045,PRD0100,2,252.99,505.98
HITM0000141,HORD000046,PRD0965,1,889.37,889.37
HITM0000142,HORD000046,PRD0983,1,1481.15,1481.15
HITM0000143,HORD000046,PRD0486,2,188.03,376.06
HITM0000144,HORD000047,PRD0560,1,114.38,114.38
HITM0000145,HORD000047,PRD0017,1,420.96,420.96
HITM0000146,HORD000048,PRD0270,1,237.62,237.62
HITM0000147,HORD000048,PRD0006,1,520.51,520.51
HITM0000148,HORD000048,PRD0043,1,634.32,634.32
HITM0000149,HORD000049,PRD0566,1,242.05,242.05
HITM0000150,HORD000049,PRD0492,1,1140.56,1140.56
HITM0000151,HORD000050,PRD0749,2,285.2,570.4
HITM0000152,HORD000050,PRD0227,1,2409.78,2409.78
HITM0000153,HORD000050,PRD0259,1,983.93,983.93
HITM0000154,HORD000051,PRD0559,1,1310.74,1310.74
HITM0000155,HORD000051,PRD0446,1,607.85,607.85
HITM0000156,HORD000051,PRD0301,2,1468.04,2936.08
HITM0000157,HORD000051,PRD0145,1,439.24,439.24
HITM0000158,HORD000052,PRD0728,1,1077.83,1077.83
HITM0000159,HORD000052,PRD0631,1,943.11,943.11
HITM0000160,HORD000052,PRD0909,1,1280.89,1280.89
HITM0000161,HORD000052,PRD0461,2,1412.1,2824.2
HITM0000162,HORD000053,PRD0423,1,371.68,371.68
HITM0000163,HORD000053,PRD0349,3,1289.14,3867.42
HITM0000164,HORD000053,PRD0429,2,618.41,1236.82
HITM0000165,HORD000054,PRD0789,1,1032.76,1032.76
HITM0000166,HORD000054,PRD0209,1,456.39,456.39
HITM0000167,HORD000055,PRD0828,1,1072.53,1072.53
HITM0000168,HORD000055,PRD0016,1,802.46,802.46
HITM0000169,HORD000055,PRD0606,1,838.55,838.55
HITM0000170,HORD000055,PRD0960,1,17.08,17.08
HITM0000171,HORD000055,PRD0766,1,74.26,74.26
HITM0000172,HORD000056,PRD0541,2,2828.87,5657.74
HITM0000173,HORD000056,PRD0105,3,655.02,1965.06
HITM0000174,HORD000056,PRD0612,1,319.23,319.23
HITM0000175,HORD000056,PRD0720,2,391.11,782.22
HITM0000176,HORD000056,PRD0126,1,290.8,290.8
HITM0000177,HORD000057,PRD0119,1,752.72,752.72
HITM0000178,HORD000057,PRD0388,1,191.0,191.0
HITM0000179,HORD000057,PRD0166,1,462.05,462.05
HITM0000180,HORD000057,PRD0596,1,792.27,792.27
HITM0000181,HORD000058,PRD0333,3,741.56,2224.68
HITM0000182,HORD000058,PRD0140,1,211.53,211.53
HITM0000183,HORD000058,PRD0971,1,1081.7,1081.7
HITM0000184,HORD000058,PRD0989,1,71.59,71.59
HITM0000185,HORD000059,PRD0296,1,331.81,331.81
HITM0000186,HORD000059,PRD0656,1,748.82,748.82
HITM0000187,HORD000059,PRD0061,1,1919.38,1919.38
HITM0000188,HORD000060,PRD0964,1,3887.56,3887.56
HITM0000189,HORD000060,PRD0002,1,1804.26,1804.26
HITM0000190,HORD000060,PRD0927,1,672.07,672.07
HITM0000191,HORD000060,PRD0549,1,1345.32,1345.32
HITM0000192,HORD000061,PRD0810,2,140.27,280.54
HITM0000193,HORD000061,PRD0573,1,850.28,850.28
HITM0000194,HORD000061,PRD0578,1,307.89,307.89
HITM0000195,HORD000062,PRD0357,1,1301.71,1301.71
HITM0000196,HORD000062,PRD0372,1,748.02,748.02
HITM0000197,HORD000062,PRD0232,1,321.21,321.21
HITM0000198,HORD000063,PRD0928,1,732.49,732.49
HITM0000199,HORD000063,PRD0468,1,714.1,714.1
HITM0000200,HORD000063,PRD0406,2,533.79,1067.58
HITM0000201,HORD000064,PRD0633,1,763.72,763.72
HITM0000202,HORD000064,PRD0691,1,1463.28,1463.28
HITM0000203,HORD000064,PRD0649,2,879.59,1759.18
HITM0000204,HORD000064,PRD0168,2,663.91,1327.82
HITM0000205,HORD000064,PRD0469,1,767.67,767.67
HITM0000206,HORD000065,PRD0320,1,28.7,28.7
HITM0000207,HORD000065,PRD0646,1,525.73,525.73
HITM0000208,HORD000065,PRD0750,2,315.03,630.06
HITM0000209,HORD000066,PRD0250,1,184.24,184.24
HITM0000210,HORD000066,PRD0756,1,389.58,389.58
HITM0000211,HORD000066,PRD0955,2,1036.25,2072.5
HITM0000212,HORD000067,PRD0113,1,1263.27,1263.27
HITM0000213,HORD000067,PRD0765,1,967.51,967.51
HITM0000214,HORD000067,PRD0956,1,339.76,339.76
HITM0000215,HORD000068,PRD0714,2,1819.26,3638.52
HITM0000216,HORD000068,PRD0366,1,111.28,111.28
HITM0000217,HORD000068,PRD0590,1,197.67,197.67
HITM0000218,HORD000068,PRD0029,1,853.57,853.57
HITM0000219,HORD000069,PRD0524,1,405.7,405.7
HITM0000220,HORD000069,PRD0157,1,93.87,93.87
HITM0000221,HORD000069,PRD0980,1,171.73,171.73
HITM0000222,HORD000069,PRD0478,1,1005.98,1005.98
HITM0000223,HORD000069,PRD0396,3,147.51,442.53
HITM0000224,HORD000070,PRD0756,1,389.58,389.58
HITM0000225,HORD000070,PRD0565,1,124.28,124.28
HITM0000226,HORD000070,PRD0240,1,73.63,73.63
HITM0000227,HORD000070,PRD0678,2,133.66,267.32
HITM0000228,HORD000070,PRD0732,2,1724.37,3448.74
HITM0000229,HORD000071,PRD0940,1,127.15,127.15
HITM0000230,HORD000071,PRD0650,1,46.68,46.68
HITM0000231,HORD000072,PRD0390,1,408.91,408.91
HITM0000232,HORD000072,PRD0306,2,98.74,197.48
HITM0000233,HORD000072,PRD0809,1,155.22,155.22
HITM0000234,HORD000073,PRD0144,2,434.98,869.96
HITM0000235,HORD000073,PRD0665,2,480.38,960.76
HITM0000236,HORD000073,PRD0130,1,167.84,167.84
HITM0000237,HORD000074,PRD1000,1,175.0,175.0
HITM0000238,HORD000075,PRD0630,1,167.94,167.94
HITM0000239,HORD000075,PRD0774,1,1438.07,1438.07
HITM0000240,HORD000075,PRD0779,1,736.32,736.32
HITM0000241,HORD000075,PRD0760,1,322.74,322.74
HITM0000242,HORD000075,PRD0336,2,745.18,1490.36
HITM0000243,HORD000076,PRD0118,1,184.23,184.23
HITM0000244,HORD000076,PRD0456,1,700.91,700.91
HITM0000245,HORD000076,PRD0620,1,23.82,23.82
HITM0000246,HORD000077,PRD0193,1,890.72,890.72
HITM0000247,HORD000077,PRD0208,1,481.08,481.08
HITM0000248,HORD000077,PRD0871,1,920.12,920.12
HITM0000249,HORD000078,PRD0785,1,1024.27,1024.27
HITM0000250,HORD000078,PRD0441,1,2623.08,2623.08
HITM0000251,HORD000078,PRD0873,1,448.66,448.66
HITM0000252,HORD000079,PRD0738,2,629.85,1259.7
HITM0000253,HORD000079,PRD0622,1,1760.81,1760.81
HITM0000254,HORD000079,PRD0970,1,192.16,192.16
HITM0000255,HORD000080,PRD0567,2,69.51,139.02
HITM0000256,HORD000080,PRD0137,1,814.4,814.4
HITM0000257,HORD000080,PRD0415,1,626.8,626.8
HITM0000258,HORD000080,PRD0172,1,1723.75,1723.75
HITM0000259,HORD000081,PRD0023,1,394.6,394.6
HITM0000260,HORD000081,PRD0772,1,356.92,356.92
HITM0000261,HORD000081,PRD0926,2,532.72,1065.44
HITM0000262,HORD000082,PRD0788,1,862.04,862.04
HITM0000263,HORD000082,PRD0845,1,355.13,355.13
HITM0000264,HORD000082,PRD0811,1,1819.95,1819.95
HITM0000265,HORD000082,PRD0766,1,74.26,74.26
HITM0000266,HORD000083,PRD0917,1,1918.86,1918.86
HITM0000267,HORD000084,PRD0980,1,171.73,171.73
HITM0000268,HORD000084,PRD0796,3,559.87,1679.61
HITM0000269,HORD000084,PRD0335,1,826.82,826.82
HITM0000270,HORD000084,PRD0727,2,1950.79,3901.58
HITM0000271,HORD000085,PRD0341,2,2089.96,4179.92
HITM0000272,HORD000085,PRD0717,1,825.84,825.84
HITM0000273,HORD000085,PRD0828,1,1072.53,1072.53
HITM0000274,HORD000085,PRD0546,1,180.12,180.12
HITM0000275,HORD000086,PRD0795,1,1162.94,1162.94
HITM0000276,HORD000086,PRD0338,1,484.72,484.72
HITM0000277,HORD000087,PRD0517,1,898.69,898.69
HITM0000278,HORD000087,PRD0330,1,96.82,96.82
HITM0000279,HORD000087,PRD0107,1,1356.63,1356.63
HITM0000280,HORD000088,PRD0343,1,1454.71,1454.71
HITM0000281,HORD000088,PRD0587,1,1075.68,1075.68
HITM0000282,HORD000088,PRD0170,2,419.43,838.86
HITM0000283,HORD000089,PRD0765,2,967.51,1935.02
HITM0000284,HORD000089,PRD0930,1,307.61,307.61
HITM0000285,HORD000089,PRD0501,1,1843.99,1843.99
HITM0000286,HORD000090,PRD0232,2,321.21,642.42
HITM0000287,HORD000090,PRD0701,2,2630.13,5260.26
HITM0000288,HORD000091,PRD0815,3,735.95,2207.85
HITM0000289,HORD000091,PRD0893,2,792.02,1584.04
HITM0000290,HORD000092,PRD0836,1,836.56,836.56
HITM0000291,HORD000092,PRD0508,2,713.33,1426.66
HITM0000292,HORD000092,PRD0161,1,1639.58,1639.58
HITM0000293,HORD000093,PRD0500,1,137.18,137.18
HITM0000294,HORD000093,PRD0258,2,114.0,228.0
HITM0000295,HORD000093,PRD0675,1,1138.38,1138.38
HITM0000296,HORD000093,PRD0834,1,702.11,702.11
HITM0000297,HORD000093,PRD0457,2,269.37,538.74
HITM0000298,HORD000094,PRD0380,1,340.9,340.9
HITM0000299,HORD000094,PRD0609,1,266.46,266.46
HITM0000300,HORD000094,PRD0260,1,157.69,157.69
HITM0000301,HORD000094,PRD0565,1,124.28,124.28
HITM0000302,HORD000095,PRD0452,1,353.39,353.39
HITM0000303,HORD000095,PRD0646,2,525.73,1051.46
HITM0000304,HORD000095,PRD0286,1,752.91,752.91
HITM0000305,HORD000095,PRD0155,1,903.43,903.43
HITM0000306,HORD000096,PRD0056,1,204.63,204.63
HITM0000307,HORD000096,PRD0400,1,124.47,124.47
HITM0000308,HORD000096,PRD0632,1,878.95,878.95
HITM0000309,HORD000096,PRD0369,2,663.84,1327.68
HITM0000310,HORD000097,PRD0748,1,1008.17,1008.17
HITM0000311,HORD000097,PRD0116,1,182.09,182.09
HITM0000312,HORD000097,PRD0179,2,428.63,857.26
HITM0000313,HORD000097,PRD0152,1,509.94,509.94
HITM0000314,HORD000098,PRD0868,1,421.43,421.43
HITM0000315,HORD000098,PRD0415,3,626.8,1880.4
HITM0000316,HORD000098,PRD0940,2,127.15,254.3
HITM0000317,HORD000098,PRD0225,1,749.78,749.78
HITM0000318,HORD000099,PRD0020,1,277.78,277.78
HITM0000319,HORD000099,PRD0432,1,571.62,571.62
HITM0000320,HORD000100,PRD0167,1,2152.29,2152.29
HITM0000321,HORD000100,PRD0745,2,147.69,295.38
HITM0000322,HORD000101,PRD0640,3,362.06,1086.18
HITM0000323,HORD000101,PRD0119,1,752.72,752.72
HITM0000324,HORD000102,PRD0041,2,1567.72,3135.44
HITM0000325,HORD000102,PRD0885,1,867.28,867.28
HITM0000326,HORD000103,PRD0676,2,523.37,1046.74
HITM0000327,HORD000104,PRD0256,1,42.53,42.53
HITM0000328,HORD000104,PRD0280,1,228.25,228.25
HITM0000329,HORD000104,PRD0659,1,1177.04,1177.04
HITM0000330,HORD000104,PRD0352,1,1288.41,1288.41
HITM0000331,HORD000105,PRD0442,1,327.53,327.53
HITM0000332,HORD000106,PRD0885,2,867.28,1734.56
HITM0000333,HORD000106,PRD0262,1,1531.6,1531.6
HITM0000334,HORD000106,PRD0385,1,602.62,602.62
HITM0000335,HORD000107,PRD0419,1,903.5,903.5
HITM0000336,HORD000107,PRD0615,2,925.7,1851.4
HITM0000337,HORD000107,PRD0986,1,318.21,318.21
HITM0000338,HORD000108,PRD0948,1,849.18,849.18
HITM0000339,HORD000108,PRD0352,1,1288.41,1288.41
HITM0000340,HORD000108,PRD0790,1,67.36,67.36
HITM0000341,HORD000109,PRD0688,1,814.49,814.49
HITM0000342,HORD000110,PRD0354,1,2839.63,2839.63
HITM0000343,HORD000110,PRD0345,1,257.9,257.9
HITM0000344,HORD000110,PRD0823,1,1007.18,1007.18
HITM0000345,HORD000111,PRD0480,1,79.31,79.31
HITM0000346,HORD000111,PRD0353,1,1448.25,1448.25
HITM0000347,HORD000111,PRD0287,1,1267.48,1267.48
HITM0000348,HORD000111,PRD0576,1,31.35,31.35
HITM0000349,HORD000111,PRD0705,1,369.85,369.85
HITM0000350,HORD000112,PRD0624,2,565.88,1131.76
HITM0000351,HORD000112,PRD0457,1,269.37,269.37
HITM0000352,HORD000113,PRD0370,1,418.27,418.27
HITM0000353,HORD000113,PRD0790,1,67.36,67.36
HITM0000354,HORD000113,PRD0565,2,124.28,248.56
HITM0000355,HORD000113,PRD0999,2,719.67,1439.34
HITM0000356,HORD000113,PRD0149,1,504.76,504.76
HITM0000357,HORD000114,PRD0230,1,112.24,112.24
HITM0000358,HORD000114,PRD0048,1,533.35,533.35
HITM0000359,HORD000114,PRD0338,2,484.72,969.44
HITM0000360,HORD000115,PRD0879,1,329.13,329.13
HITM0000361,HORD000115,PRD0699,3,649.93,1949.79
HITM0000362,HORD000115,PRD0247,1,55.39,55.39
HITM0000363,HORD000115,PRD0235,1,331.23,331.23
HITM0000364,HORD000115,PRD0635,1,475.82,475.82
HITM0000365,HORD000116,PRD0481,1,1590.61,1590.61
HITM0000366,HORD000116,PRD0376,1,294.68,294.68
HITM0000367,HORD000116,PRD0578,2,307.89,615.78
HITM0000368,HORD000116,PRD0876,3,844.64,2533.92
HITM0000369,HORD000117,PRD0747,1,1759.9,1759.9
HITM0000370,HORD000117,PRD0620,1,23.82,23.82
HITM0000371,HORD000117,PRD0940,1,127.15,127.15
HITM0000372,HORD000117,PRD0116,1,182.09,182.09
HITM0000373,HORD000117,PRD0031,1,2301.05,2301.05
HITM0000374,HORD000118,PRD0256,1,42.53,42.53
HITM0000375,HORD000119,PRD0567,1,69.51,69.51
HITM0000376,HORD000119,PRD0887,3,447.24,1341.72
HITM0000377,HORD000120,PRD0520,1,404.65,404.65
HITM0000378,HORD000120,PRD0488,1,1046.44,1046.44
HITM0000379,HORD000120,PRD0834,1,702.11,702.11
HITM0000380,HORD000120,PRD0256,1,42.53,42.53
HITM0000381,HORD000121,PRD0560,1,114.38,114.38
HITM0000382,HORD000121,PRD0989,1,71.59,71.59
HITM0000383,HORD000121,PRD0259,1,983.93,983.93
HITM0000384,HORD000121,PRD0932,2,1326.04,2652.08
HITM0000385,HORD000122,PRD0536,1,430.74,430.74
HITM0000386,HORD000122,PRD0752,1,1432.08,1432.08
HITM0000387,HORD000123,PRD0786,1,664.7,664.7
HITM0000388,HORD000123,PRD0704,2,2898.48,5796.96
HITM0000389,HORD000123,PRD0922,1,1230.33,1230.33
HITM0000390,HORD000123,PRD0679,1,399.42,399.42
HITM0000391,HORD000123,PRD0566,1,242.05,242.05
HITM0000392,HORD000124,PRD0594,1,2621.32,2621.32
HITM0000393,HORD000124,PRD0854,1,1723.49,1723.49
HITM0000394,HORD000124,PRD0556,2,279.39,558.78
HITM0000395,HORD000124,PRD0840,1,125.66,125.66
HITM0000396,HORD000125,PRD0280,1,228.25,228.25
HITM0000397,HORD000125,PRD0919,1,1414.1,1414.1
HITM0000398,HORD000125,PRD0850,1,216.39,216.39
HITM0000399,HORD000125,PRD0959,2,206.84,413.68
HITM0000400,HORD000126,PRD0504,1,3728.54,3728.54
HITM0000401,HORD000126,PRD0898,1,450.61,450.61
HITM0000402,HORD000126,PRD0225,1,749.78,749.78
HITM0000403,HORD000126,PRD0573,1,850.28,850.28
HITM0000404,HORD000127,PRD0553,1,1559.12,1559.12
HITM0000405,HORD000127,PRD0042,1,1767.57,1767.57
HITM0000406,HORD000127,PRD0005,1,171.8,171.8
HITM0000407,HORD000127,PRD0460,2,354.28,708.56
HITM0000408,HORD000128,PRD0584,1,2405.29,2405.29
HITM0000409,HORD000128,PRD0318,1,656.01,656.01
HITM0000410,HORD000129,PRD0535,1,992.5,992.5
HITM0000411,HORD000129,PRD0916,1,515.65,515.65
HITM0000412,HORD000129,PRD0470,2,149.63,299.26
HITM0000413,HORD000129,PRD0047,2,859.23,1718.46
HITM0000414,HORD000129,PRD0165,1,808.77,808.77
HITM0000415,HORD000130,PRD0690,1,344.6,344.6
HITM0000416,HORD000130,PRD0936,1,825.41,825.41
HITM0000417,HORD000130,PRD0694,2,721.36,1442.72
HITM0000418,HORD000130,PRD0898,1,450.61,450.61
HITM0000419,HORD000131,PRD0372,2,748.02,1496.04
HITM0000420,HORD000131,PRD0922,3,1230.33,3690.99
HITM0000421,HORD000131,PRD0655,3,1072.3,3216.9
HITM0000422,HORD000131,PRD0203,1,724.48,724.48
HITM0000423,HORD000132,PRD0970,2,192.16,384.32
HITM0000424,HORD000132,PRD0992,2,309.63,619.26
HITM0000425,HORD000133,PRD0147,1,172.97,172.97
HITM0000426,HORD000133,PRD0270,1,237.62,237.62
HITM0000427,HORD000133,PRD0879,1,329.13,329.13
HITM0000428,HORD000134,PRD0071,2,1793.74,3587.48
HITM0000429,HORD000134,PRD0946,1,180.12,180.12
HITM0000430,HORD000134,PRD0842,1,1443.81,1443.81
HITM0000431,HORD000134,PRD0616,2,242.48,484.96
HITM0000432,HORD000134,PRD0010,1,253.38,253.38
HITM0000433,HORD000135,PRD0734,1,1461.44,1461.44
HITM0000434,HORD000135,PRD0944,1,1503.06,1503.06
HITM0000435,HORD000135,PRD0612,2,319.23,638.46
HITM0000436,HORD000135,PRD0410,1,331.6,331.6
HITM0000437,HORD000135,PRD0185,1,925.9,925.9
HITM0000438,HORD000136,PRD0175,1,740.04,740.04
HITM0000439,HORD000136,PRD0314,2,611.18,1222.36
HITM0000440,HORD000136,PRD0560,1,114.38,114.38
HITM0000441,HORD000136,PRD0278,1,105.64,105.64
HITM0000442,HORD000137,PRD0818,3,184.36,553.08
HITM0000443,HORD000137,PRD0111,1,2559.72,2559.72
HITM0000444,HORD000137,PRD0190,2,40.06,80.12
HITM0000445,HORD000138,PRD0947,1,1591.22,1591.22
HITM0000446,HORD000138,PRD0309,2,1241.8,2483.6
HITM0000447,HORD000138,PRD0990,1,164.36,164.36
HITM0000448,HORD000138,PRD0849,2,1072.65,2145.3
HITM0000449,HORD000138,PRD0472,1,819.03,819.03
HITM0000450,HORD000139,PRD0612,1,319.23,319.23
HITM0000451,HORD000140,PRD0925,1,1091.53,1091.53
HITM0000452,HORD000140,PRD0018,1,783.79,783.79
HITM0000453,HORD000140,PRD0273,1,1320.37,1320.37
HITM0000454,HORD000140,PRD0969,2,185.9,371.8
HITM0000455,HORD000141,PRD0198,1,1001.22,1001.22
HITM0000456,HORD000141,PRD0569,1,928.26,928.26
HITM0000457,HORD000141,PRD0698,1,664.05,664.05
HITM0000458,HORD000141,PRD0622,3,1760.81,5282.43
HITM0000459,HORD000142,PRD0533,1,1416.06,1416.06
HITM0000460,HORD000142,PRD0855,1,641.38,641.38
HITM0000461,HORD000143,PRD0960,1,17.08,17.08
HITM0000462,HORD000143,PRD0240,1,73.63,73.63
HITM0000463,HORD000144,PRD0746,1,367.02,367.02
HITM0000464,HORD000144,PRD0550,2,224.46,448.92
HITM0000465,HORD000145,PRD0878,1,453.25,453.25
HITM0000466,HORD000145,PRD0257,1,210.79,210.79
HITM0000467,HORD000145,PRD0886,1,194.21,194.21
HITM0000468,HORD000146,PRD0981,1,1483.54,1483.54
HITM0000469,HORD000146,PRD0714,1,1819.26,1819.26
HITM0000470,HORD000146,PRD0480,1,79.31,79.31
HITM0000471,HORD000147,PRD0700,1,164.38,164.38
HITM0000472,HORD000147,PRD0816,2,211.9,423.8
HITM0000473,HORD000148,PRD0314,1,611.18,611.18
HITM0000474,HORD000148,PRD0907,1,60.75,60.75
HITM0000475,HORD000149,PRD0934,2,1797.41,3594.82
HITM0000476,HORD000149,PRD0901,1,1649.8,1649.8
HITM0000477,HORD000149,PRD0304,1,969.28,969.28
HITM0000478,HORD000150,PRD0635,1,475.82,475.82
HITM0000479,HORD000150,PRD0560,1,114.38,114.38
HITM0000480,HORD000150,PRD0752,1,1432.08,1432.08
HITM0000481,HORD000151,PRD0535,1,992.5,992.5
HITM0000482,HORD000151,PRD0534,1,459.7,459.7
HITM0000483,HORD000151,PRD0393,2,1454.74,2909.48
HITM0000484,HORD000152,PRD0592,1,1152.46,1152.46
HITM0000485,HORD000152,PRD0599,1,1008.74,1008.74
HITM0000486,HORD000153,PRD0567,1,69.51,69.51
HITM0000487,HORD000153,PRD0121,2,1415.78,2831.56
HITM0000488,HORD000153,PRD0646,1,525.73,525.73
HITM0000489,HORD000153,PRD0353,1,1448.25,1448.25
HITM0000490,HORD000154,PRD0303,1,922.23,922.23
HITM0000491,HORD000154,PRD0276,1,670.27,670.27
HITM0000492,HORD000154,PRD0867,1,1696.54,1696.54
HITM0000493,HORD000155,PRD0013,2,291.07,582.14
HITM0000494,HORD000155,PRD0320,2,28.7,57.4
HITM0000495,HORD000155,PRD0008,1,751.87,751.87
HITM0000496,HORD000156,PRD0353,1,1448.25,1448.25
HITM0000497,HORD000156,PRD0458,1,224.27,224.27
HITM0000498,HORD000156,PRD0052,1,502.9,502.9
HITM0000499,HORD000156,PRD0809,1,155.22,155.22
HITM0000500,HORD000157,PRD0884,1,1284.0,1284.0
HITM0000501,HORD000157,PRD0318,1,656.01,656.01
HITM0000502,HORD000157,PRD0566,2,242.05,484.1
HITM0000503,HORD000158,PRD0011,1,933.48,933.48
HITM0000504,HORD000158,PRD0616,1,242.48,242.48
HITM0000505,HORD000158,PRD0959,1,206.84,206.84
HITM0000506,HORD000159,PRD0320,1,28.7,28.7
HITM0000507,HORD000159,PRD0375,1,1092.09,1092.09
HITM0000508,HORD000159,PRD0570,1,337.54,337.54
HITM0000509,HORD000160,PRD0705,1,369.85,369.85
HITM0000510,HORD000160,PRD0423,1,371.68,371.68
HITM0000511,HORD000160,PRD0442,1,327.53,327.53
HITM0000512,HORD000160,PRD0963,2,541.41,1082.82
HITM0000513,HORD000160,PRD0456,1,700.91,700.91
HITM0000514,HORD000161,PRD0546,1,180.12,180.12
HITM0000515,HORD000161,PRD0960,2,17.08,34.16
HITM0000516,HORD000161,PRD0250,1,184.24,184.24
HITM0000517,HORD000161,PRD0492,1,1140.56,1140.56
HITM0000518,HORD000162,PRD0729,1,348.79,348.79
HITM0000519,HORD000162,PRD0349,2,1289.14,2578.28
HITM0000520,HORD000163,PRD0431,1,2819.89,2819.89
HITM0000521,HORD000163,PRD0971,1,1081.7,1081.7
HITM0000522,HORD000163,PRD0100,1,252.99,252.99
HITM0000523,HORD000163,PRD0349,1,1289.14,1289.14
HITM0000524,HORD000163,PRD0240,1,73.63,73.63
HITM0000525,HORD000164,PRD0333,1,741.56,741.56
HITM0000526,HORD000164,PRD0400,2,124.47,248.94
HITM0000527,HORD000165,PRD0013,1,291.07,291.07
HITM0000528,HORD000165,PRD0347,1,339.84,339.84
HITM0000529,HORD000166,PRD0832,2,1674.37,3348.74
HITM0000530,HORD000166,PRD0805,2,503.71,1007.42
HITM0000531,HORD000166,PRD0325,1,325.22,325.22
HITM0000532,HORD000166,PRD0193,2,890.72,1781.44
HITM0000533,HORD000166,PRD0833,1,1527.84,1527.84
HITM0000534,HORD000167,PRD0575,1,711.89,711.89
HITM0000535,HORD000167,PRD0835,1,482.69,482.69
HITM0000536,HORD000167,PRD0069,1,1254.78,1254.78
HITM0000537,HORD000168,PRD0405,2,406.75,813.5
HITM0000538,HORD000168,PRD0697,1,1839.57,1839.57
HITM0000539,HORD000168,PRD0359,2,329.3,658.6
HITM0000540,HORD000168,PRD0894,2,1997.25,3994.5
HITM0000541,HORD000169,PRD0846,1,428.47,428.47
HITM0000542,HORD000170,PRD0611,1,2190.89,2190.89
HITM0000543,HORD000170,PRD0158,2,289.48,578.96
HITM0000544,HORD000171,PRD0177,1,2318.68,2318.68
HITM0000545,HORD000171,PRD0623,3,857.91,2573.73
HITM0000546,HORD000171,PRD0536,1,430.74,430.74
HITM0000547,HORD000171,PRD0320,2,28.7,57.4
HITM0000548,HORD000172,PRD0959,1,206.84,206.84
HITM0000549,HORD000172,PRD0620,1,23.82,23.82
HITM0000550,HORD000173,PRD0029,1,853.57,853.57
HITM0000551,HORD000173,PRD0992,1,309.63,309.63
HITM0000552,HORD000173,PRD0095,1,894.84,894.84
HITM0000553,HORD000174,PRD0859,1,883.33,883.33
HITM0000554,HORD000174,PRD0368,1,567.82,567.82
HITM0000555,HORD000174,PRD0928,1,732.49,732.49
HITM0000556,HORD000175,PRD0422,2,1010.5,2021.0
HITM0000557,HORD000175,PRD0964,1,3887.56,3887.56
HITM0000558,HORD000175,PRD0222,1,761.26,761.26
HITM0000559,HORD000175,PRD0848,1,227.53,227.53
HITM0000560,HORD000175,PRD0665,1,480.38,480.38
HITM0000561,HORD000176,PRD0135,3,1050.45,3151.35
HITM0000562,HORD000176,PRD0728,1,1077.83,1077.83
HITM0000563,HORD000177,PRD0698,1,664.05,664.05
HITM0000564,HORD000177,PRD0608,1,200.97,200.97
HITM0000565,HORD000177,PRD0258,1,114.0,114.0
HITM0000566,HORD000177,PRD0592,1,1152.46,1152.46
HITM0000567,HORD000178,PRD0458,1,224.27,224.27
HITM0000568,HORD000178,PRD0743,1,718.63,718.63
HITM0000569,HORD000178,PRD0430,1,54.36,54.36
HITM0000570,HORD000178,PRD0637,1,2406.77,2406.77
HITM0000571,HORD000178,PRD0240,1,73.63,73.63
HITM0000572,HORD000179,PRD0140,1,211.53,211.53
HITM0000573,HORD000179,PRD0460,3,354.28,1062.84
HITM0000574,HORD000179,PRD0531,2,1957.27,3914.54
HITM0000575,HORD000180,PRD0783,1,962.73,962.73
HITM0000576,HORD000180,PRD0400,2,124.47,248.94
HITM0000577,HORD000180,PRD0862,2,750.64,1501.28
HITM0000578,HORD000180,PRD0818,2,184.36,368.72
HITM0000579,HORD000180,PRD0976,1,554.65,554.65
HITM0000580,HORD000181,PRD0903,1,1209.05,1209.05
HITM0000581,HORD000181,PRD0769,1,633.25,633.25
HITM0000582,HORD000181,PRD0574,1,1591.27,1591.27
HITM0000583,HORD000181,PRD0826,1,774.78,774.78
HITM0000584,HORD000181,PRD0870,1,96.68,96.68
HITM0000585,HORD000182,PRD0409,1,607.08,607.08
HITM0000586,HORD000182,PRD0011,1,933.48,933.48
HITM0000587,HORD000182,PRD0476,1,336.11,336.11
HITM0000588,HORD000183,PRD0820,3,149.51,448.53
HITM0000589,HORD000183,PRD0251,1,1750.4,1750.4
HITM0000590,HORD000183,PRD0849,1,1072.65,1072.65
HITM0000591,HORD000184,PRD0014,1,2216.59,2216.59
HITM0000592,HORD000184,PRD0756,1,389.58,389.58
HITM0000593,HORD000184,PRD0502,1,1155.49,1155.49
HITM0000594,HORD000184,PRD0233,1,942.53,942.53
HITM0000595,HORD000185,PRD0803,1,395.35,395.35
HITM0000596,HORD000185,PRD0899,1,1454.64,1454.64
HITM0000597,HORD000186,PRD0733,1,281.18,281.18
HITM0000598,HORD000187,PRD0070,2,168.22,336.44
HITM0000599,HORD000187,PRD0833,1,1527.84,1527.84
HITM0000600,HORD000187,PRD0616,1,242.48,242.48
HITM0000601,HORD000188,PRD0594,1,2621.32,2621.32
HITM0000602,HORD000188,PRD0055,1,1019.33,1019.33
HITM0000603,HORD000188,PRD0436,1,839.37,839.37
HITM0000604,HORD000189,PRD0770,1,376.65,376.65
HITM0000605,HORD000189,PRD0405,1,406.75,406.75
HITM0000606,HORD000189,PRD0490,1,82.32,82.32
HITM0000607,HORD000190,PRD0821,1,1210.81,1210.81
HITM0000608,HORD000190,PRD0673,1,666.78,666.78
HITM0000609,HORD000190,PRD0772,1,356.92,356.92
HITM0000610,HORD000191,PRD0784,1,3166.81,3166.81
HITM0000611,HORD000191,PRD0848,1,227.53,227.53
HITM0000612,HORD000191,PRD0724,1,1568.29,1568.29
HITM0000613,HORD000191,PRD0888,1,240.68,240.68
HITM0000614,HORD000191,PRD0009,1,72.9,72.9
HITM0000615,HORD000192,PRD0746,1,367.02,367.02
HITM0000616,HORD000192,PRD0398,2,135.19,270.38
HITM0000617,HORD000192,PRD0166,1,462.05,462.05
HITM0000618,HORD000193,PRD0930,1,307.61,307.61
HITM0000619,HORD000193,PRD0556,1,279.39,279.39
HITM0000620,HORD000193,PRD0275,1,1101.48,1101.48
HITM0000621,HORD000193,PRD0405,1,406.75,406.75
HITM0000622,HORD000194,PRD0456,1,700.91,700.91
HITM0000623,HORD000194,PRD0499,2,782.47,1564.94
HITM0000624,HORD000194,PRD0875,3,1038.39,3115.17
HITM0000625,HORD000194,PRD0155,3,903.43,2710.29
HITM0000626,HORD000195,PRD0469,2,767.67,1535.34
HITM0000627,HORD000195,PRD0376,1,294.68,294.68
HITM0000628,HORD000195,PRD0727,1,1950.79,1950.79
HITM0000629,HORD000195,PRD0567,1,69.51,69.51
HITM0000630,HORD000196,PRD0232,1,321.21,321.21
HITM0000631,HORD000197,PRD0637,1,2406.77,2406.77
HITM0000632,HORD000197,PRD0556,2,279.39,558.78
HITM0000633,HORD000197,PRD0427,1,1110.4,1110.4
HITM0000634,HORD000197,PRD0070,1,168.22,168.22
HITM0000635,HORD000198,PRD0790,1,67.36,67.36
HITM0000636,HORD000198,PRD0590,2,197.67,395.34
HITM0000637,HORD000198,PRD0013,1,291.07,291.07
HITM0000638,HORD000199,PRD0388,1,191.0,191.0
HITM0000639,HORD000199,PRD0140,1,211.53,211.53
HITM0000640,HORD000200,PRD0184,1,1417.97,1417.97
HITM0000641,HORD000200,PRD0938,2,471.07,942.14
HITM0000642,HORD000200,PRD0174,1,442.41,442.41
HITM0000643,HORD000201,PRD0136,1,279.93,279.93
HITM0000644,HORD000201,PRD0844,1,2177.73,2177.73
HITM0000645,HORD000202,PRD0698,1,664.05,664.05
HITM0000646,HORD000202,PRD0080,2,302.02,604.04
HITM0000647,HORD000203,PRD0028,1,260.37,260.37
HITM0000648,HORD000203,PRD0211,1,2751.59,2751.59
HITM0000649,HORD000204,PRD0870,1,96.68,96.68
HITM0000650,HORD000204,PRD0354,1,2839.63,2839.63
HITM0000651,HORD000204,PRD0127,1,477.02,477.02
HITM0000652,HORD000204,PRD0428,1,353.32,353.32
HITM0000653,HORD000205,PRD0078,1,991.52,991.52
HITM0000654,HORD000205,PRD0607,1,73.33,73.33
HITM0000655,HORD000205,PRD0567,1,69.51,69.51
HITM0000656,HORD000206,PRD0860,1,386.3,386.3
HITM0000657,HORD000206,PRD0681,2,2318.05,4636.1
HITM0000658,HORD000206,PRD0203,1,724.48,724.48
HITM0000659,HORD000207,PRD0633,1,763.72,763.72
HITM0000660,HORD000207,PRD0766,3,74.26,222.78
HITM0000661,HORD000207,PRD0642,1,1123.98,1123.98
HITM0000662,HORD000208,PRD0871,1,920.12,920.12
HITM0000663,HORD000208,PRD0893,1,792.02,792.02
HITM0000664,HORD000208,PRD0598,2,73.8,147.6
HITM0000665,HORD000208,PRD0565,1,124.28,124.28
HITM0000666,HORD000209,PRD0656,1,748.82,748.82
HITM0000667,HORD000209,PRD0096,1,259.24,259.24
HITM0000668,HORD000209,PRD0782,1,743.41,743.41
HITM0000669,HORD000209,PRD0147,1,172.97,172.97
HITM0000670,HORD000210,PRD0886,2,194.21,388.42
HITM0000671,HORD000210,PRD0720,2,391.11,782.22
HITM0000672,HORD000211,PRD0990,1,164.36,164.36
HITM0000673,HORD000211,PRD0934,1,1797.41,1797.41
HITM0000674,HORD000211,PRD0344,2,4097.8,8195.6
HITM0000675,HORD000211,PRD0035,2,1056.72,2113.44
HITM0000676,HORD000212,PRD0560,1,114.38,114.38
HITM0000677,HORD000213,PRD0140,1,211.53,211.53
HITM0000678,HORD000213,PRD0751,1,2375.48,2375.48
HITM0000679,HORD000213,PRD0355,2,703.23,1406.46
HITM0000680,HORD000214,PRD0332,1,1700.56,1700.56
HITM0000681,HORD000215,PRD0796,1,559.87,559.87
HITM0000682,HORD000215,PRD0560,1,114.38,114.38
HITM0000683,HORD000216,PRD0530,1,338.05,338.05
HITM0000684,HORD000216,PRD0979,1,96.35,96.35
HITM0000685,HORD000216,PRD0640,1,362.06,362.06
HITM0000686,HORD000216,PRD0471,3,985.84,2957.52
HITM0000687,HORD000216,PRD0553,1,1559.12,1559.12
HITM0000688,HORD000217,PRD0425,1,477.89,477.89
HITM0000689,HORD000217,PRD0420,1,409.7,409.7
HITM0000690,HORD000217,PRD0069,1,1254.78,1254.78
HITM0000691,HORD000218,PRD0792,1,1464.66,1464.66
HITM0000692,HORD000218,PRD0280,3,228.25,684.75
HITM0000693,HORD000218,PRD0698,1,664.05,664.05
HITM0000694,HORD000218,PRD0805,1,503.71,503.71
HITM0000695,HORD000218,PRD0831,1,2116.77,2116.77
HITM0000696,HORD000219,PRD0601,1,3067.12,3067.12
HITM0000697,HORD000219,PRD0993,2,448.46,896.92
HITM0000698,HORD000220,PRD0708,1,119.42,119.42
HITM0000699,HORD000220,PRD0710,1,397.66,397.66
HITM0000700,HORD000221,PRD0207,1,143.7,143.7
HITM0000701,HORD000221,PRD0075,1,417.39,417.39
HITM0000702,HORD000221,PRD0319,1,361.0,361.0
HITM0000703,HORD000222,PRD0018,2,783.79,1567.58
HITM0000704,HORD000223,PRD0144,1,434.98,434.98
HITM0000705,HORD000223,PRD0032,1,332.03,332.03
HITM0000706,HORD000224,PRD0516,1,478.24,478.24
HITM0000707,HORD000224,PRD0087,1,1794.89,1794.89
HITM0000708,HORD000224,PRD0184,1,1417.97,1417.97
HITM0000709,HORD000225,PRD0116,1,182.09,182.09
HITM0000710,HORD000225,PRD0535,1,992.5,992.5
HITM0000711,HORD000225,PRD0717,1,825.84,825.84
HITM0000712,HORD000225,PRD0215,1,665.12,665.12
HITM0000713,HORD000226,PRD0866,1,492.83,492.83
HITM0000714,HORD000226,PRD0248,1,204.13,204.13
HITM0000715,HORD000227,PRD0051,1,2503.01,2503.01
HITM0000716,HORD000227,PRD0260,1,157.69,157.69
HITM0000717,HORD000227,PRD0149,2,504.76,1009.52
HITM0000718,HORD000228,PRD0137,2,814.4,1628.8
HITM0000719,HORD000228,PRD0043,2,634.32,1268.64
HITM0000720,HORD000228,PRD0112,1,1848.06,1848.06
HITM0000721,HORD000228,PRD0226,1,549.99,549.99
HITM0000722,HORD000229,PRD0379,1,212.81,212.81
HITM0000723,HORD000229,PRD0078,1,991.52,991.52
HITM0000724,HORD000229,PRD0124,1,2062.78,2062.78
HITM0000725,HORD000230,PRD0035,1,1056.72,1056.72
HITM0000726,HORD000230,PRD0740,1,235.84,235.84
HITM0000727,HORD000230,PRD0601,1,3067.12,3067.12
HITM0000728,HORD000230,PRD0056,1,204.63,204.63
HITM0000729,HORD000231,PRD0153,1,1119.38,1119.38
HITM0000730,HORD000231,PRD0660,2,74.81,149.62
HITM0000731,HORD000232,PRD0564,1,3993.14,3993.14
HITM0000732,HORD000232,PRD0907,1,60.75,60.75
HITM0000733,HORD000232,PRD0291,1,1210.2,1210.2
HITM0000734,HORD000232,PRD0190,2,40.06,80.12
HITM0000735,HORD000233,PRD0048,1,533.35,533.35
HITM0000736,HORD000233,PRD0370,1,418.27,418.27
HITM0000737,HORD000233,PRD0058,1,774.04,774.04
HITM0000738,HORD000234,PRD0870,2,96.68,193.36
HITM0000739,HORD000234,PRD0056,2,204.63,409.26
HITM0000740,HORD000235,PRD0867,1,1696.54,1696.54
HITM0000741,HORD000235,PRD0448,3,455.26,1365.78
HITM0000742,HORD000235,PRD0698,1,664.05,664.05
HITM0000743,HORD000236,PRD0993,1,448.46,448.46
HITM0000744,HORD000236,PRD0265,2,697.49,1394.98
HITM0000745,HORD000236,PRD0009,1,72.9,72.9
HITM0000746,HORD000236,PRD0056,1,204.63,204.63
HITM0000747,HORD000237,PRD0161,1,1639.58,1639.58
HITM0000748,HORD000237,PRD0419,2,903.5,1807.0
HITM0000749,HORD000237,PRD0825,2,522.15,1044.3
HITM0000750,HORD000237,PRD0105,1,655.02,655.02
HITM0000751,HORD000238,PRD0729,2,348.79,697.58
HITM0000752,HORD000239,PRD0355,1,703.23,703.23
HITM0000753,HORD000239,PRD0423,1,371.68,371.68
HITM0000754,HORD000239,PRD0686,2,778.95,1557.9
HITM0000755,HORD000239,PRD0833,1,1527.84,1527.84
HITM0000756,HORD000240,PRD0940,1,127.15,127.15
HITM0000757,HORD000240,PRD0059,1,343.68,343.68
HITM0000758,HORD000240,PRD0888,1,240.68,240.68
HITM0000759,HORD000240,PRD0002,1,1804.26,1804.26
HITM0000760,HORD000241,PRD0275,1,1101.48,1101.48
HITM0000761,HORD000241,PRD0902,1,1853.74,1853.74
HITM0000762,HORD000241,PRD0376,1,294.68,294.68
HITM0000763,HORD000242,PRD0956,1,339.76,339.76
HITM0000764,HORD000242,PRD0681,2,2318.05,4636.1
HITM0000765,HORD000243,PRD0300,1,51.94,51.94
HITM0000766,HORD000243,PRD0348,1,312.21,312.21
HITM0000767,HORD000243,PRD0450,2,162.55,325.1
HITM0000768,HORD000244,PRD1000,1,175.0,175.0
HITM0000769,HORD000244,PRD0068,2,980.14,1960.28
HITM0000770,HORD000244,PRD0218,1,872.61,872.61
HITM0000771,HORD000244,PRD0506,2,669.77,1339.54
HITM0000772,HORD000245,PRD0105,1,655.02,655.02
HITM0000773,HORD000245,PRD0223,1,946.31,946.31
HITM0000774,HORD000245,PRD0609,1,266.46,266.46
HITM0000775,HORD000245,PRD0646,1,525.73,525.73
HITM0000776,HORD000246,PRD0886,1,194.21,194.21
HITM0000777,HORD000247,PRD0267,2,2497.14,4994.28
HITM0000778,HORD000247,PRD0647,1,1716.02,1716.02
HITM0000779,HORD000247,PRD0982,1,807.01,807.01
HITM0000780,HORD000247,PRD0050,1,409.65,409.65
HITM0000781,HORD000248,PRD0568,2,977.48,1954.96
HITM0000782,HORD000248,PRD0278,1,105.64,105.64
HITM0000783,HORD000249,PRD0551,1,3156.44,3156.44
HITM0000784,HORD000249,PRD0181,1,1299.25,1299.25
HITM0000785,HORD000249,PRD0706,2,626.5,1253.0
HITM0000786,HORD000250,PRD0966,1,272.72,272.72
HITM0000787,HORD000250,PRD0095,1,894.84,894.84
HITM0000788,HORD000251,PRD0893,1,792.02,792.02
HITM0000789,HORD000251,PRD0011,1,933.48,933.48
HITM0000790,HORD000252,PRD0256,1,42.53,42.53
HITM0000791,HORD000252,PRD0065,1,806.18,806.18
HITM0000792,HORD000252,PRD0560,1,114.38,114.38
HITM0000793,HORD000252,PRD0205,1,645.51,645.51
HITM0000794,HORD000253,PRD0438,1,504.83,504.83
HITM0000795,HORD000253,PRD0620,1,23.82,23.82
HITM0000796,HORD000253,PRD0180,2,256.4,512.8
HITM0000797,HORD000254,PRD0430,2,54.36,108.72
HITM0000798,HORD000254,PRD0423,1,371.68,371.68
HITM0000799,HORD000254,PRD0082,1,411.13,411.13
HITM0000800,HORD000255,PRD0079,2,211.26,422.52
HITM0000801,HORD000256,PRD0863,1,916.89,916.89
HITM0000802,HORD000256,PRD0930,1,307.61,307.61
HITM0000803,HORD000256,PRD0157,2,93.87,187.74
HITM0000804,HORD000256,PRD0846,1,428.47,428.47
HITM0000805,HORD000257,PRD0232,1,321.21,321.21
HITM0000806,HORD000257,PRD0759,2,106.0,212.0
HITM0000807,HORD000258,PRD0820,1,149.51,149.51
HITM0000808,HORD000258,PRD0153,1,1119.38,1119.38
HITM0000809,HORD000258,PRD0772,1,356.92,356.92
HITM0000810,HORD000258,PRD0749,1,285.2,285.2
HITM0000811,HORD000259,PRD0378,2,751.56,1503.12
HITM0000812,HORD000259,PRD0916,1,515.65,515.65
HITM0000813,HORD000259,PRD0405,1,406.75,406.75
HITM0000814,HORD000260,PRD0835,2,482.69,965.38
HITM0000815,HORD000260,PRD0744,1,3214.18,3214.18
HITM0000816,HORD000260,PRD0639,1,537.34,537.34
HITM0000817,HORD000260,PRD0282,1,521.34,521.34
HITM0000818,HORD000261,PRD0380,1,340.9,340.9
HITM0000819,HORD000261,PRD0403,1,1470.68,1470.68
HITM0000820,HORD000261,PRD0640,2,362.06,724.12
HITM0000821,HORD000262,PRD0749,1,285.2,285.2
HITM0000822,HORD000262,PRD0610,1,394.62,394.62
HITM0000823,HORD000263,PRD0137,1,814.4,814.4
HITM0000824,HORD000263,PRD0165,1,808.77,808.77
HITM0000825,HORD000264,PRD0297,1,2578.59,2578.59
HITM0000826,HORD000264,PRD0444,1,2746.34,2746.34
HITM0000827,HORD000264,PRD0808,1,444.53,444.53
HITM0000828,HORD000265,PRD0054,1,821.51,821.51
HITM0000829,HORD000265,PRD0650,2,46.68,93.36
HITM0000830,HORD000265,PRD0854,1,1723.49,1723.49
HITM0000831,HORD000265,PRD0907,1,60.75,60.75
HITM0000832,HORD000266,PRD0524,1,405.7,405.7
HITM0000833,HORD000266,PRD0955,1,1036.25,1036.25
HITM0000834,HORD000266,PRD0682,3,1036.2,3108.6
HITM0000835,HORD000266,PRD0665,1,480.38,480.38
HITM0000836,HORD000267,PRD0958,1,128.04,128.04
HITM0000837,HORD000267,PRD0079,1,211.26,211.26
HITM0000838,HORD000267,PRD0020,1,277.78,277.78
HITM0000839,HORD000268,PRD0157,1,93.87,93.87
HITM0000840,HORD000268,PRD0154,1,1730.69,1730.69
HITM0000841,HORD000269,PRD0545,2,456.26,912.52
HITM0000842,HORD000269,PRD0694,1,721.36,721.36
HITM0000843,HORD000270,PRD0977,1,2565.59,2565.59
HITM0000844,HORD000270,PRD0203,1,724.48,724.48
HITM0000845,HORD000270,PRD0739,1,345.91,345.91
HITM0000846,HORD000270,PRD0366,2,111.28,222.56
HITM0000847,HORD000270,PRD0957,1,108.95,108.95
HITM0000848,HORD000271,PRD0241,1,1492.13,1492.13
HITM0000849,HORD000271,PRD0845,1,355.13,355.13
HITM0000850,HORD000272,PRD0400,1,124.47,124.47
HITM0000851,HORD000272,PRD0246,1,799.39,799.39
HITM0000852,HORD000272,PRD0599,2,1008.74,2017.48
HITM0000853,HORD000272,PRD0543,1,1522.55,1522.55
HITM0000854,HORD000272,PRD0658,1,899.02,899.02
HITM0000855,HORD000273,PRD0445,1,151.88,151.88
HITM0000856,HORD000273,PRD0869,1,1315.16,1315.16
HITM0000857,HORD000274,PRD0033,2,1345.52,2691.04
HITM0000858,HORD000274,PRD0283,1,1116.37,1116.37
HITM0000859,HORD000274,PRD0608,1,200.97,200.97
HITM0000860,HORD000274,PRD0733,1,281.18,281.18
HITM0000861,HORD000274,PRD0470,1,149.63,149.63
HITM0000862,HORD000275,PRD0094,1,2315.3,2315.3
HITM0000863,HORD000275,PRD0845,1,355.13,355.13
HITM0000864,HORD000275,PRD0560,2,114.38,228.76
HITM0000865,HORD000276,PRD0135,2,1050.45,2100.9
HITM0000866,HORD000277,PRD0439,1,236.05,236.05
HITM0000867,HORD000277,PRD0073,1,674.71,674.71
HITM0000868,HORD000277,PRD0965,1,889.37,889.37
HITM0000869,HORD000277,PRD0765,3,967.51,2902.53
HITM0000870,HORD000278,PRD0136,3,279.93,839.79
HITM0000871,HORD000278,PRD0998,1,544.17,544.17
HITM0000872,HORD000279,PRD0076,1,602.32,602.32
HITM0000873,HORD000279,PRD0895,1,675.49,675.49
HITM0000874,HORD000280,PRD0293,1,663.82,663.82
HITM0000875,HORD000280,PRD0641,1,1767.13,1767.13
HITM0000876,HORD000280,PRD0282,2,521.34,1042.68
HITM0000877,HORD000281,PRD0219,1,450.54,450.54
HITM0000878,HORD000281,PRD0561,3,1093.04,3279.12
HITM0000879,HORD000281,PRD0863,1,916.89,916.89
HITM0000880,HORD000282,PRD0454,2,3062.46,6124.92
HITM0000881,HORD000282,PRD0749,1,285.2,285.2
HITM0000882,HORD000282,PRD0773,2,497.83,995.66
HITM0000883,HORD000282,PRD0888,1,240.68,240.68
HITM0000884,HORD000283,PRD0980,1,171.73,171.73
HITM0000885,HORD000283,PRD0356,1,610.16,610.16
HITM0000886,HORD000283,PRD0679,3,399.42,1198.26
HITM0000887,HORD000283,PRD0138,3,889.51,2668.53
HITM0000888,HORD000284,PRD0340,1,315.67,315.67
HITM0000889,HORD000284,PRD0880,1,330.2,330.2
HITM0000890,HORD000284,PRD0768,2,149.86,299.72
HITM0000891,HORD000285,PRD0722,2,1628.14,3256.28
HITM0000892,HORD000285,PRD0099,2,1059.78,2119.56
HITM0000893,HORD000285,PRD0402,1,1863.84,1863.84
HITM0000894,HORD000285,PRD0830,1,231.45,231.45
HITM0000895,HORD000286,PRD0538,1,734.7,734.7
HITM0000896,HORD000286,PRD0533,2,1416.06,2832.12
HITM0000897,HORD000286,PRD0834,2,702.11,1404.22
HITM0000898,HORD000286,PRD0996,1,439.4,439.4
HITM0000899,HORD000286,PRD0470,1,149.63,149.63
HITM0000900,HORD000287,PRD0656,1,748.82,748.82
HITM0000901,HORD000287,PRD0268,1,876.82,876.82
HITM0000902,HORD000287,PRD0972,1,1644.08,1644.08
HITM0000903,HORD000288,PRD0116,1,182.09,182.09
HITM0000904,HORD000288,PRD0685,1,755.89,755.89
HITM0000905,HORD000288,PRD0856,1,426.45,426.45
HITM0000906,HORD000289,PRD0964,1,3887.56,3887.56
HITM0000907,HORD000289,PRD0220,1,261.65,261.65
HITM0000908,HORD000289,PRD0519,2,700.92,1401.84
HITM0000909,HORD000290,PRD0070,1,168.22,168.22
HITM0000910,HORD000290,PRD0440,1,306.74,306.74
HITM0000911,HORD000290,PRD0247,1,55.39,55.39
HITM0000912,HORD000291,PRD0195,1,540.55,540.55
HITM0000913,HORD000291,PRD0795,3,1162.94,3488.82
HITM0000914,HORD000292,PRD0870,1,96.68,96.68
HITM0000915,HORD000292,PRD0476,2,336.11,672.22
HITM0000916,HORD000293,PRD0880,2,330.2,660.4
HITM0000917,HORD000293,PRD0958,1,128.04,128.04
HITM0000918,HORD000293,PRD0990,1,164.36,164.36
HITM0000919,HORD000294,PRD0554,1,2579.35,2579.35
HITM0000920,HORD000294,PRD0925,1,1091.53,1091.53
HITM0000921,HORD000294,PRD0033,1,1345.52,1345.52
HITM0000922,HORD000295,PRD0768,1,149.86,149.86
HITM0000923,HORD000295,PRD0577,3,1838.58,5515.74
HITM0000924,HORD000295,PRD0933,1,296.95,296.95
HITM0000925,HORD000296,PRD0041,1,1567.72,1567.72
HITM0000926,HORD000297,PRD0743,1,718.63,718.63
HITM0000927,HORD000297,PRD0190,2,40.06,80.12
HITM0000928,HORD000297,PRD0466,1,276.92,276.92
HITM0000929,HORD000297,PRD0207,3,143.7,431.1
HITM0000930,HORD000297,PRD0033,2,1345.52,2691.04
HITM0000931,HORD000298,PRD0876,1,844.64,844.64
HITM0000932,HORD000298,PRD0984,1,3015.12,3015.12
HITM0000933,HORD000298,PRD0993,1,448.46,448.46
HITM0000934,HORD000299,PRD0934,1,1797.41,1797.41
HITM0000935,HORD000300,PRD0252,1,1339.74,1339.74
HITM0000936,HORD000300,PRD0715,1,636.68,636.68
HITM0000937,HORD000301,PRD0291,2,1210.2,2420.4
HITM0000938,HORD000301,PRD0296,1,331.81,331.81
HITM0000939,HORD000301,PRD0212,1,1664.12,1664.12
HITM0000940,HORD000301,PRD0006,1,520.51,520.51
HITM0000941,HORD000302,PRD0338,1,484.72,484.72
HITM0000942,HORD000302,PRD0129,1,763.45,763.45
HITM0000943,HORD000302,PRD0941,1,1693.86,1693.86
HITM0000944,HORD000303,PRD0182,1,908.42,908.42
HITM0000945,HORD000303,PRD0033,1,1345.52,1345.52
HITM0000946,HORD000304,PRD0376,1,294.68,294.68
HITM0000947,HORD000305,PRD0868,3,421.43,1264.29
HITM0000948,HORD000305,PRD0877,1,2091.32,2091.32
HITM0000949,HORD000306,PRD0542,1,1005.69,1005.69
HITM0000950,HORD000306,PRD0081,1,1775.5,1775.5
HITM0000951,HORD000306,PRD0739,2,345.91,691.82
HITM0000952,HORD000307,PRD0903,1,1209.05,1209.05
HITM0000953,HORD000307,PRD0623,2,857.91,1715.82
HITM0000954,HORD000308,PRD0732,1,1724.37,1724.37
HITM0000955,HORD000308,PRD0190,1,40.06,40.06
HITM0000956,HORD000308,PRD0184,1,1417.97,1417.97
HITM0000957,HORD000308,PRD0737,1,194.63,194.63
HITM0000958,HORD000309,PRD0169,3,585.79,1757.37
HITM0000959,HORD000309,PRD0033,1,1345.52,1345.52
HITM0000960,HORD000309,PRD0093,1,619.68,619.68
HITM0000961,HORD000310,PRD0173,1,320.83,320.83
HITM0000962,HORD000310,PRD0191,3,3198.59,9595.77
HITM0000963,HORD000310,PRD0611,1,2190.89,2190.89
HITM0000964,HORD000310,PRD0632,2,878.95,1757.9
HITM0000965,HORD000311,PRD0661,1,2207.93,2207.93
HITM0000966,HORD000311,PRD0078,2,991.52,1983.04
HITM0000967,HORD000311,PRD0053,1,1382.46,1382.46
HITM0000968,HORD000311,PRD0669,2,736.46,1472.92
HITM0000969,HORD000312,PRD0718,1,880.28,880.28
HITM0000970,HORD000312,PRD0580,3,50.37,151.11
HITM0000971,HORD000312,PRD0896,2,466.99,933.98
HITM0000972,HORD000313,PRD0009,1,72.9,72.9
HITM0000973,HORD000313,PRD0959,1,206.84,206.84
HITM0000974,HORD000313,PRD0606,2,838.55,1677.1
HITM0000975,HORD000314,PRD0980,1,171.73,171.73
HITM0000976,HORD000314,PRD0554,1,2579.35,2579.35
HITM0000977,HORD000315,PRD0437,1,662.34,662.34
HITM0000978,HORD000315,PRD0827,1,1518.31,1518.31
HITM0000979,HORD000315,PRD0993,1,448.46,448.46
HITM0000980,HORD000315,PRD0004,1,4084.76,4084.76
HITM0000981,HORD000315,PRD0056,2,204.63,409.26
HITM0000982,HORD000316,PRD0353,1,1448.25,1448.25
HITM0000983,HORD000317,PRD0240,1,73.63,73.63
HITM0000984,HORD000317,PRD0939,1,67.43,67.43
HITM0000985,HORD000317,PRD0304,2,969.28,1938.56
HITM0000986,HORD000318,PRD0768,1,149.86,149.86
HITM0000987,HORD000319,PRD0505,2,268.59,537.18
HITM0000988,HORD000319,PRD0147,1,172.97,172.97
HITM0000989,HORD000319,PRD0502,1,1155.49,1155.49
HITM0000990,HORD000319,PRD0222,1,761.26,761.26
HITM0000991,HORD000319,PRD0119,1,752.72,752.72
HITM0000992,HORD000320,PRD0747,1,1759.9,1759.9
HITM0000993,HORD000321,PRD0282,1,521.34,521.34
HITM0000994,HORD000321,PRD0310,1,125.16,125.16
HITM0000995,HORD000321,PRD0939,1,67.43,67.43
HITM0000996,HORD000321,PRD0875,1,1038.39,1038.39
HITM0000997,HORD000322,PRD0994,2,2727.51,5455.02
HITM0000998,HORD000322,PRD0774,2,1438.07,2876.14
HITM0000999,HORD000322,PRD0052,1,502.9,502.9
HITM0001000,HORD000322,PRD0022,3,473.77,1421.31
HITM0001001,HORD000323,PRD0758,2,261.9,523.8
HITM0001002,HORD000323,PRD0613,1,698.67,698.67
HITM0001003,HORD000323,PRD0616,2,242.48,484.96
HITM0001004,HORD000323,PRD0413,1,1181.55,1181.55
HITM0001005,HORD000324,PRD0917,1,1918.86,1918.86
HITM0001006,HORD000324,PRD0157,1,93.87,93.87
HITM0001007,HORD000324,PRD0856,1,426.45,426.45
HITM0001008,HORD000324,PRD0526,1,567.06,567.06
HITM0001009,HORD000325,PRD0695,1,1012.45,1012.45
HITM0001010,HORD000325,PRD0518,1,69.83,69.83
HITM0001011,HORD000325,PRD0310,3,125.16,375.48
HITM0001012,HORD000325,PRD0364,1,789.55,789.55
HITM0001013,HORD000326,PRD0100,1,252.99,252.99
HITM0001014,HORD000326,PRD0771,1,3066.74,3066.74
HITM0001015,HORD000326,PRD0152,1,509.94,509.94
HITM0001016,HORD000326,PRD0968,1,213.37,213.37
HITM0001017,HORD000326,PRD0252,1,1339.74,1339.74
HITM0001018,HORD000327,PRD0331,1,2268.14,2268.14
HITM0001019,HORD000327,PRD0223,1,946.31,946.31
HITM0001020,HORD000327,PRD0256,1,42.53,42.53
HITM0001021,HORD000328,PRD0398,3,135.19,405.57
HITM0001022,HORD000328,PRD0291,2,1210.2,2420.4
HITM0001023,HORD000329,PRD0415,2,626.8,1253.6
HITM0001024,HORD000329,PRD0960,1,17.08,17.08
HITM0001025,HORD000329,PRD0746,2,367.02,734.04
HITM0001026,HORD000330,PRD0566,1,242.05,242.05
HITM0001027,HORD000330,PRD0359,2,329.3,658.6
HITM0001028,HORD000330,PRD0131,1,1079.8,1079.8
HITM0001029,HORD000330,PRD0820,1,149.51,149.51
HITM0001030,HORD000330,PRD0688,1,814.49,814.49
HITM0001031,HORD000331,PRD0196,1,525.15,525.15
HITM0001032,HORD000331,PRD0974,1,2731.32,2731.32
HITM0001033,HORD000332,PRD0396,2,147.51,295.02
HITM0001034,HORD000332,PRD0022,2,473.77,947.54
HITM0001035,HORD000332,PRD0972,1,1644.08,1644.08
HITM0001036,HORD000332,PRD0198,1,1001.22,1001.22
HITM0001037,HORD000333,PRD0221,1,3086.03,3086.03
HITM0001038,HORD000334,PRD0173,1,320.83,320.83
HITM0001039,HORD000334,PRD0646,1,525.73,525.73
HITM0001040,HORD000334,PRD0576,1,31.35,31.35
HITM0001041,HORD000334,PRD0408,1,297.69,297.69
HITM0001042,HORD000335,PRD0413,1,1181.55,1181.55
HITM0001043,HORD000335,PRD0161,1,1639.58,1639.58
HITM0001044,HORD000335,PRD0367,1,2471.53,2471.53
HITM0001045,HORD000335,PRD0177,1,2318.68,2318.68
HITM0001046,HORD000336,PRD0395,1,843.62,843.62
HITM0001047,HORD000336,PRD0764,1,1624.39,1624.39
HITM0001048,HORD000337,PRD0649,1,879.59,879.59
HITM0001049,HORD000337,PRD0005,1,171.8,171.8
HITM0001050,HORD000338,PRD0220,1,261.65,261.65
HITM0001051,HORD000339,PRD0496,1,92.5,92.5
HITM0001052,HORD000339,PRD0651,2,1704.13,3408.26
HITM0001053,HORD000339,PRD0476,1,336.11,336.11
HITM0001054,HORD000340,PRD0920,1,302.87,302.87
HITM0001055,HORD000340,PRD0228,1,575.39,575.39
HITM0001056,HORD000340,PRD0611,1,2190.89,2190.89
HITM0001057,HORD000341,PRD0694,1,721.36,721.36
HITM0001058,HORD000341,PRD0337,1,2481.18,2481.18
HITM0001059,HORD000342,PRD0086,1,372.14,372.14
HITM0001060,HORD000342,PRD0884,1,1284.0,1284.0
HITM0001061,HORD000343,PRD0215,1,665.12,665.12
HITM0001062,HORD000343,PRD0973,1,1197.47,1197.47
HITM0001063,HORD000343,PRD0716,1,744.09,744.09
HITM0001064,HORD000344,PRD0126,1,290.8,290.8
HITM0001065,HORD000344,PRD0026,1,720.56,720.56
HITM0001066,HORD000344,PRD0817,2,1148.51,2297.02
HITM0001067,HORD000344,PRD0552,1,359.04,359.04
HITM0001068,HORD000345,PRD0483,1,1169.19,1169.19
HITM0001069,HORD000345,PRD0579,2,842.98,1685.96
HITM0001070,HORD000345,PRD0872,1,1197.21,1197.21
HITM0001071,HORD000345,PRD0166,1,462.05,462.05
HITM0001072,HORD000345,PRD0823,2,1007.18,2014.36
HITM0001073,HORD000346,PRD0807,1,1028.5,1028.5
HITM0001074,HORD000346,PRD0594,1,2621.32,2621.32
HITM0001075,HORD000346,PRD0741,2,1342.0,2684.0
HITM0001076,HORD000346,PRD0846,1,428.47,428.47
HITM0001077,HORD000346,PRD0530,1,338.05,338.05
HITM0001078,HORD000347,PRD0713,1,1024.28,1024.28
HITM0001079,HORD000347,PRD0004,1,4084.76,4084.76
HITM0001080,HORD000348,PRD0265,1,697.49,697.49
HITM0001081,HORD000348,PRD0586,2,421.13,842.26
HITM0001082,HORD000348,PRD0587,1,1075.68,1075.68
HITM0001083,HORD000349,PRD0638,1,508.53,508.53
HITM0001084,HORD000349,PRD0421,1,2357.2,2357.2
HITM0001085,HORD000349,PRD0871,1,920.12,920.12
HITM0001086,HORD000349,PRD0747,1,1759.9,1759.9
HITM0001087,HORD000350,PRD0874,2,940.07,1880.14
HITM0001088,HORD000351,PRD0254,1,980.48,980.48
HITM0001089,HORD000351,PRD0371,1,2101.21,2101.21
HITM0001090,HORD000351,PRD0737,1,194.63,194.63
HITM0001091,HORD000352,PRD0548,3,858.63,2575.89
HITM0001092,HORD000352,PRD0193,3,890.72,2672.16
HITM0001093,HORD000353,PRD0665,1,480.38,480.38
HITM0001094,HORD000353,PRD0445,1,151.88,151.88
HITM0001095,HORD000353,PRD0996,1,439.4,439.4
HITM0001096,HORD000354,PRD0348,1,312.21,312.21
HITM0001097,HORD000354,PRD0874,1,940.07,940.07
HITM0001098,HORD000354,PRD0870,3,96.68,290.04
HITM0001099,HORD000355,PRD0505,1,268.59,268.59
HITM0001100,HORD000355,PRD0844,1,2177.73,2177.73
HITM0001101,HORD000355,PRD0849,2,1072.65,2145.3
HITM0001102,HORD000355,PRD0607,1,73.33,73.33
HITM0001103,HORD000355,PRD0655,1,1072.3,1072.3
HITM0001104,HORD000356,PRD0582,1,1229.26,1229.26
HITM0001105,HORD000356,PRD0952,1,864.9,864.9
HITM0001106,HORD000356,PRD0296,1,331.81,331.81
HITM0001107,HORD000357,PRD0806,2,541.85,1083.7
HITM0001108,HORD000357,PRD0153,1,1119.38,1119.38
HITM0001109,HORD000358,PRD0357,1,1301.71,1301.71
HITM0001110,HORD000358,PRD0548,2,858.63,1717.26
HITM0001111,HORD000358,PRD0536,1,430.74,430.74
HITM0001112,HORD000359,PRD0379,1,212.81,212.81
HITM0001113,HORD000359,PRD0524,1,405.7,405.7
HITM0001114,HORD000359,PRD0336,2,745.18,1490.36
HITM0001115,HORD000359,PRD0115,1,630.18,630.18
HITM0001116,HORD000360,PRD0222,1,761.26,761.26
HITM0001117,HORD000360,PRD0781,1,2064.25,2064.25
HITM0001118,HORD000360,PRD0895,1,675.49,675.49
HITM0001119,HORD000361,PRD0826,1,774.78,774.78
HITM0001120,HORD000361,PRD0474,1,2324.49,2324.49
HITM0001121,HORD000361,PRD0551,1,3156.44,3156.44
HITM0001122,HORD000362,PRD0928,1,732.49,732.49
HITM0001123,HORD000362,PRD0408,1,297.69,297.69
HITM0001124,HORD000362,PRD0224,1,3987.47,3987.47
HITM0001125,HORD000363,PRD0506,2,669.77,1339.54
HITM0001126,HORD000364,PRD0939,1,67.43,67.43
HITM0001127,HORD000364,PRD0997,3,1521.51,4564.53
HITM0001128,HORD000364,PRD0483,2,1169.19,2338.38
HITM0001129,HORD000364,PRD0725,1,1096.49,1096.49
HITM0001130,HORD000364,PRD0582,1,1229.26,1229.26
HITM0001131,HORD000365,PRD0976,1,554.65,554.65
HITM0001132,HORD000365,PRD0106,2,203.27,406.54
HITM0001133,HORD000365,PRD0408,1,297.69,297.69
HITM0001134,HORD000366,PRD0056,1,204.63,204.63
HITM0001135,HORD000366,PRD0536,2,430.74,861.48
HITM0001136,HORD000366,PRD0195,2,540.55,1081.1
HITM0001137,HORD000367,PRD0048,1,533.35,533.35
HITM0001138,HORD000368,PRD0957,2,108.95,217.9
HITM0001139,HORD000368,PRD0018,1,783.79,783.79
HITM0001140,HORD000368,PRD0392,1,1830.74,1830.74
HITM0001141,HORD000368,PRD0274,1,1282.28,1282.28
HITM0001142,HORD000369,PRD0520,2,404.65,809.3
HITM0001143,HORD000369,PRD0028,3,260.37,781.11
HITM0001144,HORD000369,PRD0137,1,814.4,814.4
HITM0001145,HORD000369,PRD0839,1,511.61,511.61
HITM0001146,HORD000370,PRD0478,1,1005.98,1005.98
HITM0001147,HORD000370,PRD0014,1,2216.59,2216.59
HITM0001148,HORD000371,PRD0943,1,1009.3,1009.3
HITM0001149,HORD000371,PRD0794,1,3939.25,3939.25
HITM0001150,HORD000371,PRD0384,1,830.01,830.01
HITM0001151,HORD000371,PRD0528,1,1044.78,1044.78
HITM0001152,HORD000371,PRD0925,1,1091.53,1091.53
HITM0001153,HORD000372,PRD0830,2,231.45,462.9
HITM0001154,HORD000372,PRD0529,1,923.93,923.93
HITM0001155,HORD000372,PRD0933,1,296.95,296.95
HITM0001156,HORD000373,PRD0117,2,654.86,1309.72
HITM0001157,HORD000373,PRD0651,1,1704.13,1704.13
HITM0001158,HORD000373,PRD0414,1,3331.8,3331.8
HITM0001159,HORD000373,PRD0238,1,459.3,459.3
HITM0001160,HORD000373,PRD0059,1,343.68,343.68
HITM0001161,HORD000374,PRD0060,1,412.3,412.3
HITM0001162,HORD000374,PRD0265,1,697.49,697.49
HITM0001163,HORD000374,PRD0277,2,2331.99,4663.98
HITM0001164,HORD000375,PRD0960,2,17.08,34.16
HITM0001165,HORD000375,PRD0726,1,830.43,830.43
HITM0001166,HORD000375,PRD0517,1,898.69,898.69
HITM0001167,HORD000376,PRD0274,1,1282.28,1282.28
HITM0001168,HORD000376,PRD0139,1,323.99,323.99
HITM0001169,HORD000376,PRD0008,1,751.87,751.87
HITM0001170,HORD000376,PRD0623,1,857.91,857.91
HITM0001171,HORD000377,PRD0786,2,664.7,1329.4
HITM0001172,HORD000377,PRD0842,2,1443.81,2887.62
HITM0001173,HORD000377,PRD0338,1,484.72,484.72
HITM0001174,HORD000378,PRD0023,1,394.6,394.6
HITM0001175,HORD000378,PRD0826,1,774.78,774.78
HITM0001176,HORD000379,PRD0175,1,740.04,740.04
HITM0001177,HORD000379,PRD0510,1,225.6,225.6
HITM0001178,HORD000379,PRD0520,2,404.65,809.3
HITM0001179,HORD000380,PRD0873,1,448.66,448.66
HITM0001180,HORD000380,PRD0288,1,114.25,114.25
HITM0001181,HORD000381,PRD0333,2,741.56,1483.12
HITM0001182,HORD000381,PRD0955,1,1036.25,1036.25
HITM0001183,HORD000381,PRD0861,1,2778.32,2778.32
HITM0001184,HORD000382,PRD0792,1,1464.66,1464.66
HITM0001185,HORD000382,PRD0668,2,598.5,1197.0
HITM0001186,HORD000382,PRD0954,1,766.53,766.53
HITM0001187,HORD000383,PRD0079,1,211.26,211.26
HITM0001188,HORD000383,PRD0004,1,4084.76,4084.76
HITM0001189,HORD000383,PRD0350,1,351.6,351.6
HITM0001190,HORD000384,PRD0184,1,1417.97,1417.97
HITM0001191,HORD000384,PRD0158,2,289.48,578.96
HITM0001192,HORD000384,PRD0005,1,171.8,171.8
HITM0001193,HORD000384,PRD0921,1,2922.43,2922.43
HITM0001194,HORD000385,PRD0952,2,864.9,1729.8
HITM0001195,HORD000386,PRD0240,1,73.63,73.63
HITM0001196,HORD000386,PRD0173,2,320.83,641.66
HITM0001197,HORD000386,PRD0379,2,212.81,425.62
HITM0001198,HORD000386,PRD0139,1,323.99,323.99
HITM0001199,HORD000386,PRD0929,2,114.2,228.4
HITM0001200,HORD000387,PRD0972,1,1644.08,1644.08
HITM0001201,HORD000387,PRD0428,1,353.32,353.32
HITM0001202,HORD000388,PRD0378,2,751.56,1503.12
HITM0001203,HORD000388,PRD0520,1,404.65,404.65
HITM0001204,HORD000388,PRD0543,2,1522.55,3045.1
HITM0001205,HORD000389,PRD0675,2,1138.38,2276.76
HITM0001206,HORD000389,PRD0126,1,290.8,290.8
HITM0001207,HORD000389,PRD0475,1,1066.51,1066.51
HITM0001208,HORD000390,PRD0408,1,297.69,297.69
HITM0001209,HORD000390,PRD0700,1,164.38,164.38
HITM0001210,HORD000391,PRD0463,2,1555.83,3111.66
HITM0001211,HORD000391,PRD0716,1,744.09,744.09
HITM0001212,HORD000391,PRD0631,2,943.11,1886.22
HITM0001213,HORD000392,PRD0820,1,149.51,149.51
HITM0001214,HORD000392,PRD0966,1,272.72,272.72
HITM0001215,HORD000392,PRD0650,1,46.68,46.68
HITM0001216,HORD000392,PRD0536,3,430.74,1292.22
HITM0001217,HORD000393,PRD0460,1,354.28,354.28
HITM0001218,HORD000393,PRD0194,1,3461.26,3461.26
HITM0001219,HORD000393,PRD0153,1,1119.38,1119.38
HITM0001220,HORD000394,PRD0723,2,550.47,1100.94
HITM0001221,HORD000394,PRD0984,1,3015.12,3015.12
HITM0001222,HORD000395,PRD0124,3,2062.78,6188.34
HITM0001223,HORD000395,PRD0116,1,182.09,182.09
HITM0001224,HORD000395,PRD0603,1,380.05,380.05
HITM0001225,HORD000395,PRD0535,1,992.5,992.5
HITM0001226,HORD000396,PRD0314,1,611.18,611.18
HITM0001227,HORD000396,PRD0891,1,1468.42,1468.42
HITM0001228,HORD000397,PRD0879,2,329.13,658.26
HITM0001229,HORD000398,PRD0173,1,320.83,320.83
HITM0001230,HORD000398,PRD0404,1,2624.06,2624.06
HITM0001231,HORD000398,PRD0331,2,2268.14,4536.28
HITM0001232,HORD000399,PRD0123,2,501.46,1002.92
HITM0001233,HORD000399,PRD0366,1,111.28,111.28
HITM0001234,HORD000399,PRD0320,1,28.7,28.7
HITM0001235,HORD000399,PRD0882,1,492.86,492.86
HITM0001236,HORD000399,PRD0492,1,1140.56,1140.56
HITM0001237,HORD000400,PRD0576,2,31.35,62.7
HITM0001238,HORD000400,PRD0157,1,93.87,93.87
HITM0001239,HORD000400,PRD0501,2,1843.99,3687.98
HITM0001240,HORD000401,PRD0192,1,491.21,491.21
HITM0001241,HORD000401,PRD0948,1,849.18,849.18
HITM0001242,HORD000401,PRD0648,1,450.1,450.1
HITM0001243,HORD000402,PRD0651,3,1704.13,5112.39
HITM0001244,HORD000402,PRD0061,1,1919.38,1919.38
HITM0001245,HORD000402,PRD0248,2,204.13,408.26
HITM0001246,HORD000403,PRD0476,2,336.11,672.22
HITM0001247,HORD000403,PRD0562,1,1169.37,1169.37
HITM0001248,HORD000403,PRD0442,1,327.53,327.53
HITM0001249,HORD000403,PRD0136,1,279.93,279.93
HITM0001250,HORD000404,PRD0023,1,394.6,394.6
HITM0001251,HORD000404,PRD0849,1,1072.65,1072.65
HITM0001252,HORD000404,PRD0554,1,2579.35,2579.35
HITM0001253,HORD000404,PRD0035,1,1056.72,1056.72
HITM0001254,HORD000404,PRD0180,1,256.4,256.4
HITM0001255,HORD000405,PRD0862,1,750.64,750.64
HITM0001256,HORD000405,PRD0946,1,180.12,180.12
HITM0001257,HORD000405,PRD0703,1,1320.55,1320.55
HITM0001258,HORD000405,PRD0154,1,1730.69,1730.69
HITM0001259,HORD000405,PRD0670,1,278.65,278.65
HITM0001260,HORD000406,PRD0010,1,253.38,253.38
HITM0001261,HORD000406,PRD0910,2,334.83,669.66
HITM0001262,HORD000407,PRD0384,1,830.01,830.01
HITM0001263,HORD000407,PRD0399,1,1304.71,1304.71
HITM0001264,HORD000407,PRD0700,1,164.38,164.38
HITM0001265,HORD000408,PRD0116,2,182.09,364.18
HITM0001266,HORD000408,PRD0316,1,653.66,653.66
HITM0001267,HORD000408,PRD0416,1,463.25,463.25
HITM0001268,HORD000409,PRD0506,1,669.77,669.77
HITM0001269,HORD000409,PRD0437,2,662.34,1324.68
HITM0001270,HORD000409,PRD0310,1,125.16,125.16
HITM0001271,HORD000410,PRD0920,2,302.87,605.74
HITM0001272,HORD000410,PRD0807,1,1028.5,1028.5
HITM0001273,HORD000410,PRD0362,1,301.32,301.32
HITM0001274,HORD000410,PRD0906,2,755.23,1510.46
HITM0001275,HORD000410,PRD0717,1,825.84,825.84
HITM0001276,HORD000411,PRD0348,1,312.21,312.21
HITM0001277,HORD000411,PRD0950,1,258.24,258.24
HITM0001278,HORD000411,PRD0607,1,73.33,73.33
HITM0001279,HORD000412,PRD0201,1,2590.06,2590.06
HITM0001280,HORD000412,PRD0853,2,1074.57,2149.14
HITM0001281,HORD000412,PRD0328,1,911.22,911.22
HITM0001282,HORD000413,PRD0676,1,523.37,523.37
HITM0001283,HORD000413,PRD0446,1,607.85,607.85
HITM0001284,HORD000413,PRD0679,2,399.42,798.84
HITM0001285,HORD000413,PRD0110,1,392.12,392.12
HITM0001286,HORD000413,PRD0810,1,140.27,140.27
HITM0001287,HORD000414,PRD0366,2,111.28,222.56
HITM0001288,HORD000414,PRD0103,2,384.82,769.64
HITM0001289,HORD000414,PRD0260,1,157.69,157.69
HITM0001290,HORD000415,PRD0168,1,663.91,663.91
HITM0001291,HORD000415,PRD0326,2,639.28,1278.56
HITM0001292,HORD000415,PRD0079,2,211.26,422.52
HITM0001293,HORD000415,PRD0857,1,1578.93,1578.93
HITM0001294,HORD000416,PRD0127,1,477.02,477.02
HITM0001295,HORD000416,PRD0107,1,1356.63,1356.63
HITM0001296,HORD000416,PRD0954,1,766.53,766.53
HITM0001297,HORD000416,PRD0430,1,54.36,54.36
HITM0001298,HORD000416,PRD0110,2,392.12,784.24
HITM0001299,HORD000417,PRD0455,1,858.23,858.23
HITM0001300,HORD000417,PRD0500,1,137.18,137.18
HITM0001301,HORD000417,PRD0190,1,40.06,40.06
HITM0001302,HORD000418,PRD0809,1,155.22,155.22
HITM0001303,HORD000418,PRD0065,1,806.18,806.18
HITM0001304,HORD000418,PRD0199,1,1326.1,1326.1
HITM0001305,HORD000419,PRD0475,1,1066.51,1066.51
HITM0001306,HORD000419,PRD0077,1,1534.37,1534.37
HITM0001307,HORD000419,PRD0574,2,1591.27,3182.54
HITM0001308,HORD000420,PRD0982,1,807.01,807.01
HITM0001309,HORD000420,PRD0785,1,1024.27,1024.27
HITM0001310,HORD000420,PRD0987,1,1715.57,1715.57
HITM0001311,HORD000421,PRD0575,1,711.89,711.89
HITM0001312,HORD000421,PRD0881,1,2201.99,2201.99
HITM0001313,HORD000422,PRD0790,3,67.36,202.08
HITM0001314,HORD000422,PRD0231,1,1403.44,1403.44
HITM0001315,HORD000422,PRD0884,1,1284.0,1284.0
HITM0001316,HORD000423,PRD0809,1,155.22,155.22
HITM0001317,HORD000423,PRD0101,1,1370.24,1370.24
HITM0001318,HORD000423,PRD0006,1,520.51,520.51
HITM0001319,HORD000423,PRD0765,3,967.51,2902.53
HITM0001320,HORD000424,PRD0152,1,509.94,509.94
HITM0001321,HORD000424,PRD0192,2,491.21,982.42
HITM0001322,HORD000425,PRD0355,1,703.23,703.23
HITM0001323,HORD000425,PRD0170,1,419.43,419.43
HITM0001324,HORD000426,PRD0774,1,1438.07,1438.07
HITM0001325,HORD000426,PRD0978,1,617.29,617.29
HITM0001326,HORD000427,PRD0716,1,744.09,744.09
HITM0001327,HORD000427,PRD0113,2,1263.27,2526.54
HITM0001328,HORD000427,PRD0629,1,1480.27,1480.27
HITM0001329,HORD000427,PRD0955,1,1036.25,1036.25
HITM0001330,HORD000428,PRD0482,2,1441.83,2883.66
HITM0001331,HORD000428,PRD0075,1,417.39,417.39
HITM0001332,HORD000428,PRD0891,2,1468.42,2936.84
HITM0001333,HORD000429,PRD0409,1,607.08,607.08
HITM0001334,HORD000429,PRD0022,1,473.77,473.77
HITM0001335,HORD000429,PRD0005,1,171.8,171.8
HITM0001336,HORD000430,PRD0688,1,814.49,814.49
HITM0001337,HORD000431,PRD1000,2,175.0,350.0
HITM0001338,HORD000431,PRD0371,1,2101.21,2101.21
HITM0001339,HORD000431,PRD0056,1,204.63,204.63
HITM0001340,HORD000432,PRD0203,1,724.48,724.48
HITM0001341,HORD000432,PRD0436,1,839.37,839.37
HITM0001342,HORD000433,PRD0207,2,143.7,287.4
HITM0001343,HORD000433,PRD0797,1,1054.08,1054.08
HITM0001344,HORD000433,PRD0381,1,1136.28,1136.28
HITM0001345,HORD000434,PRD0953,1,534.1,534.1
HITM0001346,HORD000434,PRD0370,1,418.27,418.27
HITM0001347,HORD000434,PRD0503,1,892.6,892.6
HITM0001348,HORD000435,PRD0502,2,1155.49,2310.98
HITM0001349,HORD000435,PRD0066,1,307.12,307.12
HITM0001350,HORD000435,PRD0584,1,2405.29,2405.29
HITM0001351,HORD000435,PRD0633,1,763.72,763.72
HITM0001352,HORD000435,PRD0785,1,1024.27,1024.27
HITM0001353,HORD000436,PRD0936,1,825.41,825.41
HITM0001354,HORD000436,PRD0897,2,1151.44,2302.88
HITM0001355,HORD000437,PRD0578,1,307.89,307.89
HITM0001356,HORD000437,PRD0780,1,307.98,307.98
HITM0001357,HORD000437,PRD0296,1,331.81,331.81
HITM0001358,HORD000437,PRD0632,1,878.95,878.95
HITM0001359,HORD000438,PRD0100,3,252.99,758.97
HITM0001360,HORD000438,PRD0358,1,981.34,981.34
HITM0001361,HORD000438,PRD0765,1,967.51,967.51
HITM0001362,HORD000439,PRD0510,1,225.6,225.6
HITM0001363,HORD000439,PRD0567,1,69.51,69.51
HITM0001364,HORD000439,PRD0517,1,898.69,898.69
HITM0001365,HORD000439,PRD0898,1,450.61,450.61
HITM0001366,HORD000439,PRD0415,1,626.8,626.8
HITM0001367,HORD000440,PRD0484,1,2872.29,2872.29
HITM0001368,HORD000440,PRD0368,1,567.82,567.82
HITM0001369,HORD000441,PRD0652,1,1247.24,1247.24
HITM0001370,HORD000441,PRD0374,2,517.56,1035.12
HITM0001371,HORD000442,PRD0620,1,23.82,23.82
HITM0001372,HORD000442,PRD0896,2,466.99,933.98
HITM0001373,HORD000442,PRD0954,1,766.53,766.53
HITM0001374,HORD000442,PRD0671,1,1959.57,1959.57
HITM0001375,HORD000443,PRD0061,1,1919.38,1919.38
HITM0001376,HORD000443,PRD0007,1,670.94,670.94
HITM0001377,HORD000443,PRD0745,1,147.69,147.69
HITM0001378,HORD000443,PRD0940,1,127.15,127.15
HITM0001379,HORD000443,PRD0014,1,2216.59,2216.59
HITM0001380,HORD000444,PRD0573,1,850.28,850.28
HITM0001381,HORD000444,PRD0895,1,675.49,675.49
HITM0001382,HORD000445,PRD0688,1,814.49,814.49
HITM0001383,HORD000445,PRD0236,1,353.9,353.9
HITM0001384,HORD000445,PRD0310,1,125.16,125.16
HITM0001385,HORD000445,PRD0137,3,814.4,2443.2
HITM0001386,HORD000445,PRD0186,1,386.44,386.44
HITM0001387,HORD000446,PRD0469,1,767.67,767.67
HITM0001388,HORD000446,PRD0003,1,857.07,857.07
HITM0001389,HORD000447,PRD0992,1,309.63,309.63
HITM0001390,HORD000447,PRD0707,1,1840.72,1840.72
HITM0001391,HORD000448,PRD0375,1,1092.09,1092.09
HITM0001392,HORD000448,PRD0806,1,541.85,541.85
HITM0001393,HORD000448,PRD0232,2,321.21,642.42
HITM0001394,HORD000448,PRD0515,1,957.39,957.39
HITM0001395,HORD000449,PRD0389,2,473.56,947.12
HITM0001396,HORD000449,PRD0011,1,933.48,933.48
HITM0001397,HORD000450,PRD0038,1,553.02,553.02
HITM0001398,HORD000450,PRD0896,1,466.99,466.99
HITM0001399,HORD000450,PRD0625,2,458.46,916.92
HITM0001400,HORD000450,PRD0052,1,502.9,502.9
HITM0001401,HORD000450,PRD0989,1,71.59,71.59
HITM0001402,HORD000451,PRD0721,2,1687.59,3375.18
HITM0001403,HORD000451,PRD0271,1,2739.77,2739.77
HITM0001404,HORD000451,PRD0254,1,980.48,980.48
HITM0001405,HORD000452,PRD0205,2,645.51,1291.02
HITM0001406,HORD000452,PRD0118,1,184.23,184.23
HITM0001407,HORD000453,PRD0187,2,2240.42,4480.84
HITM0001408,HORD000453,PRD0283,1,1116.37,1116.37
HITM0001409,HORD000453,PRD0452,1,353.39,353.39
HITM0001410,HORD000453,PRD0278,1,105.64,105.64
HITM0001411,HORD000453,PRD0363,1,1343.45,1343.45
HITM0001412,HORD000454,PRD0990,1,164.36,164.36
HITM0001413,HORD000455,PRD0603,1,380.05,380.05
HITM0001414,HORD000455,PRD0992,1,309.63,309.63
HITM0001415,HORD000455,PRD0781,2,2064.25,4128.5
HITM0001416,HORD000456,PRD0974,1,2731.32,2731.32
HITM0001417,HORD000456,PRD0438,1,504.83,504.83
HITM0001418,HORD000456,PRD1000,1,175.0,175.0
HITM0001419,HORD000456,PRD0595,2,126.92,253.84
HITM0001420,HORD000457,PRD0540,1,343.79,343.79
HITM0001421,HORD000457,PRD0746,2,367.02,734.04
HITM0001422,HORD000457,PRD0071,1,1793.74,1793.74
HITM0001423,HORD000457,PRD0898,1,450.61,450.61
HITM0001424,HORD000457,PRD0258,1,114.0,114.0
HITM0001425,HORD000458,PRD0254,1,980.48,980.48
HITM0001426,HORD000458,PRD0777,1,876.73,876.73
HITM0001427,HORD000458,PRD0745,1,147.69,147.69
HITM0001428,HORD000459,PRD0477,1,610.76,610.76
HITM0001429,HORD000459,PRD0369,2,663.84,1327.68
HITM0001430,HORD000459,PRD0673,1,666.78,666.78
HITM0001431,HORD000460,PRD0599,3,1008.74,3026.22
HITM0001432,HORD000460,PRD0554,2,2579.35,5158.7
HITM0001433,HORD000461,PRD0048,1,533.35,533.35
HITM0001434,HORD000461,PRD0680,2,146.6,293.2
HITM0001435,HORD000461,PRD0774,1,1438.07,1438.07
HITM0001436,HORD000462,PRD0408,2,297.69,595.38
HITM0001437,HORD000462,PRD0385,1,602.62,602.62
HITM0001438,HORD000462,PRD0427,1,1110.4,1110.4
HITM0001439,HORD000462,PRD0768,1,149.86,149.86
HITM0001440,HORD000463,PRD0469,1,767.67,767.67
HITM0001441,HORD000463,PRD0658,2,899.02,1798.04
HITM0001442,HORD000463,PRD0301,1,1468.04,1468.04
HITM0001443,HORD000464,PRD0368,2,567.82,1135.64
HITM0001444,HORD000464,PRD0630,1,167.94,167.94
HITM0001445,HORD000464,PRD0376,1,294.68,294.68
HITM0001446,HORD000465,PRD0878,1,453.25,453.25
HITM0001447,HORD000465,PRD0604,1,1091.2,1091.2
HITM0001448,HORD000466,PRD0240,1,73.63,73.63
HITM0001449,HORD000466,PRD0320,2,28.7,57.4
HITM0001450,HORD000467,PRD0717,2,825.84,1651.68
HITM0001451,HORD000467,PRD0651,3,1704.13,5112.39
HITM0001452,HORD000467,PRD0183,1,1343.02,1343.02
HITM0001453,HORD000467,PRD0407,1,1240.23,1240.23
HITM0001454,HORD000468,PRD0983,1,1481.15,1481.15
HITM0001455,HORD000468,PRD0138,1,889.51,889.51
HITM0001456,HORD000468,PRD0809,1,155.22,155.22
HITM0001457,HORD000468,PRD0105,1,655.02,655.02
HITM0001458,HORD000468,PRD0836,2,836.56,1673.12
HITM0001459,HORD000469,PRD0718,3,880.28,2640.84
HITM0001460,HORD000469,PRD0909,1,1280.89,1280.89
HITM0001461,HORD000469,PRD0319,1,361.0,361.0
HITM0001462,HORD000470,PRD0510,1,225.6,225.6
HITM0001463,HORD000470,PRD0586,1,421.13,421.13
HITM0001464,HORD000471,PRD0517,1,898.69,898.69
HITM0001465,HORD000471,PRD0349,1,1289.14,1289.14
HITM0001466,HORD000471,PRD0583,1,268.64,268.64
HITM0001467,HORD000471,PRD0179,1,428.63,428.63
HITM0001468,HORD000472,PRD0812,1,1554.96,1554.96
HITM0001469,HORD000472,PRD0905,1,992.9,992.9
HITM0001470,HORD000472,PRD0173,1,320.83,320.83
HITM0001471,HORD000473,PRD0027,1,2295.22,2295.22
HITM0001472,HORD000473,PRD0535,1,992.5,992.5
HITM0001473,HORD000473,PRD0398,2,135.19,270.38
HITM0001474,HORD000474,PRD0856,1,426.45,426.45
HITM0001475,HORD000474,PRD0728,1,1077.83,1077.83
HITM0001476,HORD000475,PRD0142,1,1146.72,1146.72
HITM0001477,HORD000475,PRD0200,2,317.39,634.78
HITM0001478,HORD000475,PRD0266,2,439.49,878.98
HITM0001479,HORD000475,PRD0430,3,54.36,163.08
HITM0001480,HORD000475,PRD0550,1,224.46,224.46
HITM0001481,HORD000476,PRD0897,2,1151.44,2302.88
HITM0001482,HORD000476,PRD0020,1,277.78,277.78
HITM0001483,HORD000477,PRD0552,1,359.04,359.04
HITM0001484,HORD000477,PRD0116,1,182.09,182.09
HITM0001485,HORD000478,PRD0074,1,899.01,899.01
HITM0001486,HORD000478,PRD0270,1,237.62,237.62
HITM0001487,HORD000478,PRD0984,3,3015.12,9045.36
HITM0001488,HORD000478,PRD0503,2,892.6,1785.2
HITM0001489,HORD000479,PRD0114,2,3188.59,6377.18
HITM0001490,HORD000479,PRD0260,1,157.69,157.69
HITM0001491,HORD000479,PRD0197,1,925.36,925.36
HITM0001492,HORD000479,PRD0080,2,302.02,604.04
HITM0001493,HORD000479,PRD0502,1,1155.49,1155.49
HITM0001494,HORD000480,PRD0500,3,137.18,411.54
HITM0001495,HORD000480,PRD0259,3,983.93,2951.79
HITM0001496,HORD000480,PRD0049,1,578.63,578.63
HITM0001497,HORD000481,PRD0784,1,3166.81,3166.81
HITM0001498,HORD000481,PRD0843,1,527.91,527.91
HITM0001499,HORD000481,PRD0315,1,779.51,779.51
HITM0001500,HORD000482,PRD0349,1,1289.14,1289.14
HITM0001501,HORD000482,PRD0858,1,421.26,421.26
HITM0001502,HORD000483,PRD0598,1,73.8,73.8
HITM0001503,HORD000483,PRD0963,1,541.41,541.41
HITM0001504,HORD000483,PRD0442,1,327.53,327.53
HITM0001505,HORD000483,PRD0115,1,630.18,630.18
HITM0001506,HORD000484,PRD0922,2,1230.33,2460.66
HITM0001507,HORD000484,PRD0320,1,28.7,28.7
HITM0001508,HORD000484,PRD0081,1,1775.5,1775.5
HITM0001509,HORD000484,PRD0826,1,774.78,774.78
HITM0001510,HORD000484,PRD0667,1,1613.98,1613.98
HITM0001511,HORD000485,PRD0437,1,662.34,662.34
HITM0001512,HORD000485,PRD0515,1,957.39,957.39
HITM0001513,HORD000485,PRD0118,1,184.23,184.23
HITM0001514,HORD000485,PRD0631,1,943.11,943.11
HITM0001515,HORD000486,PRD0573,1,850.28,850.28
HITM0001516,HORD000486,PRD0330,1,96.82,96.82
HITM0001517,HORD000486,PRD0675,1,1138.38,1138.38
HITM0001518,HORD000486,PRD0272,1,888.86,888.86
HITM0001519,HORD000486,PRD0660,1,74.81,74.81
HITM0001520,HORD000487,PRD0963,1,541.41,541.41
HITM0001521,HORD000487,PRD0045,1,368.84,368.84
HITM0001522,HORD000487,PRD0245,1,834.16,834.16
HITM0001523,HORD000488,PRD0244,2,2106.41,4212.82
HITM0001524,HORD000488,PRD0670,1,278.65,278.65
HITM0001525,HORD000488,PRD0241,1,1492.13,1492.13
HITM0001526,HORD000489,PRD0040,2,348.21,696.42
HITM0001527,HORD000489,PRD0978,1,617.29,617.29
HITM0001528,HORD000489,PRD0472,1,819.03,819.03
HITM0001529,HORD000489,PRD0189,1,815.73,815.73
HITM0001530,HORD000490,PRD0963,1,541.41,541.41
HITM0001531,HORD000490,PRD0733,1,281.18,281.18
HITM0001532,HORD000491,PRD0305,1,924.51,924.51
HITM0001533,HORD000491,PRD0793,2,1315.85,2631.7
HITM0001534,HORD000491,PRD0849,1,1072.65,1072.65
HITM0001535,HORD000492,PRD0933,1,296.95,296.95
HITM0001536,HORD000492,PRD0121,1,1415.78,1415.78
HITM0001537,HORD000492,PRD0665,2,480.38,960.76
HITM0001538,HORD000493,PRD0971,1,1081.7,1081.7
HITM0001539,HORD000493,PRD0766,1,74.26,74.26
HITM0001540,HORD000494,PRD0996,1,439.4,439.4
HITM0001541,HORD000494,PRD0082,1,411.13,411.13
HITM0001542,HORD000495,PRD0082,1,411.13,411.13
HITM0001543,HORD000495,PRD0606,1,838.55,838.55
HITM0001544,HORD000495,PRD0408,1,297.69,297.69
HITM0001545,HORD000496,PRD0260,2,157.69,315.38
HITM0001546,HORD000496,PRD0248,1,204.13,204.13
HITM0001547,HORD000497,PRD0869,1,1315.16,1315.16
HITM0001548,HORD000497,PRD0245,1,834.16,834.16
HITM0001549,HORD000498,PRD0483,1,1169.19,1169.19
HITM0001550,HORD000498,PRD0127,1,477.02,477.02
HITM0001551,HORD000498,PRD0115,1,630.18,630.18
HITM0001552,HORD000498,PRD0872,2,1197.21,2394.42
HITM0001553,HORD000498,PRD0790,2,67.36,134.72
HITM0001554,HORD000499,PRD0213,1,1050.73,1050.73
HITM0001555,HORD000499,PRD0655,1,1072.3,1072.3
HITM0001556,HORD000499,PRD0242,1,1247.04,1247.04
HITM0001557,HORD000499,PRD0775,2,152.04,304.08
HITM0001558,HORD000500,PRD0116,1,182.09,182.09
HITM0001559,HORD000500,PRD0174,2,442.41,884.82
HITM0001560,HORD000500,PRD0130,1,167.84,167.84
HITM0001561,HORD000500,PRD0164,2,1335.24,2670.48
HITM0001562,HORD000501,PRD0929,2,114.2,228.4
HITM0001563,HORD000501,PRD0139,1,323.99,323.99
HITM0001564,HORD000501,PRD0464,1,3796.9,3796.9
HITM0001565,HORD000501,PRD0480,2,79.31,158.62
HITM0001566,HORD000502,PRD0113,1,1263.27,1263.27
HITM0001567,HORD000502,PRD0167,1,2152.29,2152.29
HITM0001568,HORD000503,PRD0423,1,371.68,371.68
HITM0001569,HORD000503,PRD0326,3,639.28,1917.84
HITM0001570,HORD000503,PRD0030,1,278.37,278.37
HITM0001571,HORD000503,PRD0869,1,1315.16,1315.16
HITM0001572,HORD000503,PRD0008,1,751.87,751.87
HITM0001573,HORD000504,PRD0879,1,329.13,329.13
HITM0001574,HORD000505,PRD0227,1,2409.78,2409.78
HITM0001575,HORD000505,PRD0387,1,1127.53,1127.53
HITM0001576,HORD000505,PRD0734,2,1461.44,2922.88
HITM0001577,HORD000506,PRD0041,1,1567.72,1567.72
HITM0001578,HORD000506,PRD0106,1,203.27,203.27
HITM0001579,HORD000506,PRD0658,1,899.02,899.02
HITM0001580,HORD000507,PRD0112,1,1848.06,1848.06
HITM0001581,HORD000507,PRD0203,1,724.48,724.48
HITM0001582,HORD000507,PRD0370,1,418.27,418.27
HITM0001583,HORD000508,PRD0504,1,3728.54,3728.54
HITM0001584,HORD000508,PRD0132,2,1025.41,2050.82
HITM0001585,HORD000508,PRD0187,1,2240.42,2240.42
HITM0001586,HORD000508,PRD0245,1,834.16,834.16
HITM0001587,HORD000509,PRD0419,1,903.5,903.5
HITM0001588,HORD000509,PRD0733,1,281.18,281.18
HITM0001589,HORD000509,PRD0471,1,985.84,985.84
HITM0001590,HORD000510,PRD0134,1,1553.3,1553.3
HITM0001591,HORD000510,PRD0233,1,942.53,942.53
HITM0001592,HORD000510,PRD0797,1,1054.08,1054.08
HITM0001593,HORD000511,PRD0450,1,162.55,162.55
HITM0001594,HORD000511,PRD0940,1,127.15,127.15
HITM0001595,HORD000511,PRD0599,2,1008.74,2017.48
HITM0001596,HORD000511,PRD0300,1,51.94,51.94
HITM0001597,HORD000512,PRD0171,3,993.07,2979.21
HITM0001598,HORD000512,PRD0505,1,268.59,268.59
HITM0001599,HORD000512,PRD0205,1,645.51,645.51
HITM0001600,HORD000512,PRD0374,1,517.56,517.56
HITM0001601,HORD000513,PRD0738,1,629.85,629.85
HITM0001602,HORD000513,PRD0496,1,92.5,92.5
HITM0001603,HORD000513,PRD0919,1,1414.1,1414.1
HITM0001604,HORD000514,PRD0906,1,755.23,755.23
HITM0001605,HORD000514,PRD0340,1,315.67,315.67
HITM0001606,HORD000514,PRD0027,1,2295.22,2295.22
HITM0001607,HORD000514,PRD0005,1,171.8,171.8
HITM0001608,HORD000515,PRD0821,1,1210.81,1210.81
HITM0001609,HORD000515,PRD0529,2,923.93,1847.86
HITM0001610,HORD000516,PRD0369,1,663.84,663.84
HITM0001611,HORD000516,PRD0706,2,626.5,1253.0
HITM0001612,HORD000516,PRD0176,1,259.71,259.71
HITM0001613,HORD000516,PRD0615,1,925.7,925.7
HITM0001614,HORD000516,PRD0182,1,908.42,908.42
HITM0001615,HORD000517,PRD0320,1,28.7,28.7
HITM0001616,HORD000517,PRD0680,1,146.6,146.6
HITM0001617,HORD000518,PRD0304,1,969.28,969.28
HITM0001618,HORD000518,PRD0190,1,40.06,40.06
HITM0001619,HORD000519,PRD0483,1,1169.19,1169.19
HITM0001620,HORD000519,PRD0042,2,1767.57,3535.14
HITM0001621,HORD000519,PRD0606,1,838.55,838.55
HITM0001622,HORD000520,PRD0887,1,447.24,447.24
HITM0001623,HORD000520,PRD0357,3,1301.71,3905.13
HITM0001624,HORD000520,PRD0541,1,2828.87,2828.87
HITM0001625,HORD000521,PRD0458,1,224.27,224.27
HITM0001626,HORD000521,PRD0229,1,1480.27,1480.27
HITM0001627,HORD000521,PRD0810,1,140.27,140.27
HITM0001628,HORD000522,PRD0764,1,1624.39,1624.39
HITM0001629,HORD000522,PRD0388,1,191.0,191.0
HITM0001630,HORD000522,PRD0278,1,105.64,105.64
HITM0001631,HORD000522,PRD0981,1,1483.54,1483.54
HITM0001632,HORD000522,PRD0828,1,1072.53,1072.53
HITM0001633,HORD000523,PRD0319,1,361.0,361.0
HITM0001634,HORD000523,PRD0043,2,634.32,1268.64
HITM0001635,HORD000523,PRD0223,1,946.31,946.31
HITM0001636,HORD000524,PRD0655,1,1072.3,1072.3
HITM0001637,HORD000524,PRD0312,1,1542.36,1542.36
HITM0001638,HORD000524,PRD0362,1,301.32,301.32
HITM0001639,HORD000524,PRD0219,2,450.54,901.08
HITM0001640,HORD000525,PRD0232,1,321.21,321.21
HITM0001641,HORD000525,PRD0095,1,894.84,894.84
HITM0001642,HORD000525,PRD0140,1,211.53,211.53
HITM0001643,HORD000526,PRD0542,1,1005.69,1005.69
HITM0001644,HORD000527,PRD0332,2,1700.56,3401.12
HITM0001645,HORD000527,PRD0280,1,228.25,228.25
HITM0001646,HORD000528,PRD0254,1,980.48,980.48
HITM0001647,HORD000528,PRD0155,2,903.43,1806.86
HITM0001648,HORD000528,PRD0056,2,204.63,409.26
HITM0001649,HORD000528,PRD0795,1,1162.94,1162.94
HITM0001650,HORD000529,PRD0699,1,649.93,649.93
HITM0001651,HORD000529,PRD0075,1,417.39,417.39
HITM0001652,HORD000529,PRD0613,1,698.67,698.67
HITM0001653,HORD000529,PRD0408,1,297.69,297.69
HITM0001654,HORD000529,PRD0735,1,549.71,549.71
HITM0001655,HORD000530,PRD0069,1,1254.78,1254.78
HITM0001656,HORD000530,PRD0683,1,736.53,736.53
HITM0001657,HORD000530,PRD0022,1,473.77,473.77
HITM0001658,HORD000531,PRD0870,1,96.68,96.68
HITM0001659,HORD000531,PRD0405,1,406.75,406.75
HITM0001660,HORD000531,PRD0835,1,482.69,482.69
HITM0001661,HORD000531,PRD0830,2,231.45,462.9
HITM0001662,HORD000532,PRD0995,1,1027.49,1027.49
HITM0001663,HORD000532,PRD0598,1,73.8,73.8
HITM0001664,HORD000532,PRD0561,2,1093.04,2186.08
HITM0001665,HORD000533,PRD0719,1,1107.84,1107.84
HITM0001666,HORD000533,PRD0162,2,767.91,1535.82
HITM0001667,HORD000533,PRD0056,1,204.63,204.63
HITM0001668,HORD000534,PRD0508,1,713.33,713.33
HITM0001669,HORD000534,PRD0376,1,294.68,294.68
HITM0001670,HORD000534,PRD0497,1,2286.18,2286.18
HITM0001671,HORD000534,PRD0640,1,362.06,362.06
HITM0001672,HORD000535,PRD0270,1,237.62,237.62
HITM0001673,HORD000535,PRD0497,1,2286.18,2286.18
HITM0001674,HORD000536,PRD0979,1,96.35,96.35
HITM0001675,HORD000536,PRD0486,1,188.03,188.03
HITM0001676,HORD000536,PRD0190,2,40.06,80.12
HITM0001677,HORD000536,PRD0819,1,1070.76,1070.76
HITM0001678,HORD000537,PRD0248,1,204.13,204.13
HITM0001679,HORD000537,PRD0890,1,293.06,293.06
HITM0001680,HORD000538,PRD0990,1,164.36,164.36
HITM0001681,HORD000538,PRD0306,1,98.74,98.74
HITM0001682,HORD000538,PRD0557,2,669.73,1339.46
HITM0001683,HORD000539,PRD0820,1,149.51,149.51
HITM0001684,HORD000539,PRD0908,1,738.84,738.84
HITM0001685,HORD000539,PRD0142,2,1146.72,2293.44
HITM0001686,HORD000540,PRD0674,1,3470.37,3470.37
HITM0001687,HORD000540,PRD0939,1,67.43,67.43
HITM0001688,HORD000540,PRD0932,3,1326.04,3978.12
HITM0001689,HORD000541,PRD0365,1,454.18,454.18
HITM0001690,HORD000541,PRD0062,2,848.94,1697.88
HITM0001691,HORD000541,PRD0643,1,614.82,614.82
HITM0001692,HORD000541,PRD0769,1,633.25,633.25
HITM0001693,HORD000541,PRD0785,1,1024.27,1024.27
HITM0001694,HORD000542,PRD0882,1,492.86,492.86
HITM0001695,HORD000542,PRD0874,1,940.07,940.07
HITM0001696,HORD000542,PRD0211,2,2751.59,5503.18
HITM0001697,HORD000542,PRD0461,1,1412.1,1412.1
HITM0001698,HORD000542,PRD0184,2,1417.97,2835.94
HITM0001699,HORD000543,PRD0358,2,981.34,1962.68
HITM0001700,HORD000543,PRD0483,1,1169.19,1169.19
HITM0001701,HORD000544,PRD0423,1,371.68,371.68
HITM0001702,HORD000544,PRD0247,2,55.39,110.78
HITM0001703,HORD000544,PRD0282,1,521.34,521.34
HITM0001704,HORD000545,PRD0753,1,720.25,720.25
HITM0001705,HORD000545,PRD0226,1,549.99,549.99
HITM0001706,HORD000545,PRD0664,1,1949.37,1949.37
HITM0001707,HORD000545,PRD0010,1,253.38,253.38
HITM0001708,HORD000546,PRD0400,2,124.47,248.94
HITM0001709,HORD000546,PRD0068,1,980.14,980.14
HITM0001710,HORD000546,PRD0806,1,541.85,541.85
HITM0001711,HORD000546,PRD0516,1,478.24,478.24
HITM0001712,HORD000547,PRD0452,2,353.39,706.78
HITM0001713,HORD000547,PRD0500,1,137.18,137.18
HITM0001714,HORD000547,PRD0531,2,1957.27,3914.54
HITM0001715,HORD000548,PRD0137,1,814.4,814.4
HITM0001716,HORD000548,PRD0439,2,236.05,472.1
HITM0001717,HORD000548,PRD0809,3,155.22,465.66
HITM0001718,HORD000549,PRD0554,2,2579.35,5158.7
HITM0001719,HORD000549,PRD0466,2,276.92,553.84
HITM0001720,HORD000549,PRD0647,1,1716.02,1716.02
HITM0001721,HORD000549,PRD0888,1,240.68,240.68
HITM0001722,HORD000549,PRD0277,1,2331.99,2331.99
HITM0001723,HORD000550,PRD0943,1,1009.3,1009.3
HITM0001724,HORD000551,PRD0791,1,2893.2,2893.2
HITM0001725,HORD000551,PRD0882,1,492.86,492.86
HITM0001726,HORD000551,PRD0135,1,1050.45,1050.45
HITM0001727,HORD000552,PRD0676,1,523.37,523.37
HITM0001728,HORD000552,PRD0256,1,42.53,42.53
HITM0001729,HORD000552,PRD0729,1,348.79,348.79
HITM0001730,HORD000553,PRD0197,1,925.36,925.36
HITM0001731,HORD000553,PRD0665,1,480.38,480.38
HITM0001732,HORD000553,PRD0516,2,478.24,956.48
HITM0001733,HORD000553,PRD0567,1,69.51,69.51
HITM0001734,HORD000554,PRD0929,1,114.2,114.2
HITM0001735,HORD000554,PRD0845,1,355.13,355.13
HITM0001736,HORD000554,PRD0815,2,735.95,1471.9
HITM0001737,HORD000554,PRD0826,1,774.78,774.78
HITM0001738,HORD000555,PRD0067,1,974.43,974.43
HITM0001739,HORD000555,PRD0144,2,434.98,869.96
HITM0001740,HORD000555,PRD0992,1,309.63,309.63
HITM0001741,HORD000556,PRD0860,1,386.3,386.3
HITM0001742,HORD000556,PRD0150,2,199.69,399.38
HITM0001743,HORD000557,PRD0142,1,1146.72,1146.72
HITM0001744,HORD000557,PRD0838,1,771.2,771.2
HITM0001745,HORD000557,PRD0047,2,859.23,1718.46
HITM0001746,HORD000557,PRD0787,1,1661.26,1661.26
HITM0001747,HORD000558,PRD0052,1,502.9,502.9
HITM0001748,HORD000558,PRD0619,1,889.11,889.11
HITM0001749,HORD000558,PRD0130,1,167.84,167.84
HITM0001750,HORD000559,PRD0592,2,1152.46,2304.92
HITM0001751,HORD000559,PRD0461,2,1412.1,2824.2
HITM0001752,HORD000559,PRD0669,1,736.46,736.46
HITM0001753,HORD000559,PRD0107,2,1356.63,2713.26
HITM0001754,HORD000560,PRD0566,1,242.05,242.05
HITM0001755,HORD000560,PRD0070,1,168.22,168.22
HITM0001756,HORD000560,PRD0963,1,541.41,541.41
HITM0001757,HORD000561,PRD0325,1,325.22,325.22
HITM0001758,HORD000561,PRD0320,1,28.7,28.7
HITM0001759,HORD000561,PRD0922,1,1230.33,1230.33
HITM0001760,HORD000561,PRD0295,1,284.65,284.65
HITM0001761,HORD000562,PRD0341,1,2089.96,2089.96
HITM0001762,HORD000563,PRD0952,1,864.9,864.9
HITM0001763,HORD000563,PRD0070,1,168.22,168.22
HITM0001764,HORD000563,PRD0300,2,51.94,103.88
HITM0001765,HORD000564,PRD0595,1,126.92,126.92
HITM0001766,HORD000564,PRD0110,1,392.12,392.12
HITM0001767,HORD000564,PRD0247,1,55.39,55.39
HITM0001768,HORD000564,PRD0961,1,1247.08,1247.08
HITM0001769,HORD000565,PRD0720,2,391.11,782.22
HITM0001770,HORD000565,PRD0066,1,307.12,307.12
HITM0001771,HORD000565,PRD0550,1,224.46,224.46
HITM0001772,HORD000565,PRD0278,1,105.64,105.64
HITM0001773,HORD000566,PRD0868,1,421.43,421.43
HITM0001774,HORD000566,PRD0743,2,718.63,1437.26
HITM0001775,HORD000566,PRD0685,1,755.89,755.89
HITM0001776,HORD000567,PRD1000,2,175.0,350.0
HITM0001777,HORD000567,PRD0929,1,114.2,114.2
HITM0001778,HORD000567,PRD0346,1,296.52,296.52
HITM0001779,HORD000568,PRD0055,1,1019.33,1019.33
HITM0001780,HORD000568,PRD0230,1,112.24,112.24
HITM0001781,HORD000568,PRD0032,1,332.03,332.03
HITM0001782,HORD000569,PRD0965,1,889.37,889.37
HITM0001783,HORD000569,PRD0303,1,922.23,922.23
HITM0001784,HORD000570,PRD0260,2,157.69,315.38
HITM0001785,HORD000570,PRD0725,2,1096.49,2192.98
HITM0001786,HORD000570,PRD0833,1,1527.84,1527.84
HITM0001787,HORD000570,PRD0273,2,1320.37,2640.74
HITM0001788,HORD000571,PRD0630,1,167.94,167.94
HITM0001789,HORD000571,PRD0104,1,2480.22,2480.22
HITM0001790,HORD000572,PRD0111,2,2559.72,5119.44
HITM0001791,HORD000572,PRD0059,1,343.68,343.68
HITM0001792,HORD000572,PRD0908,1,738.84,738.84
HITM0001793,HORD000572,PRD0258,1,114.0,114.0
HITM0001794,HORD000573,PRD0310,3,125.16,375.48
HITM0001795,HORD000573,PRD0976,1,554.65,554.65
HITM0001796,HORD000573,PRD0070,1,168.22,168.22
HITM0001797,HORD000574,PRD0616,2,242.48,484.96
HITM0001798,HORD000574,PRD0843,2,527.91,1055.82
HITM0001799,HORD000574,PRD0165,1,808.77,808.77
HITM0001800,HORD000575,PRD0030,1,278.37,278.37
HITM0001801,HORD000575,PRD0280,2,228.25,456.5
HITM0001802,HORD000575,PRD0928,1,732.49,732.49
HITM0001803,HORD000575,PRD0567,1,69.51,69.51
HITM0001804,HORD000576,PRD0869,1,1315.16,1315.16
HITM0001805,HORD000576,PRD0779,2,736.32,1472.64
HITM0001806,HORD000576,PRD0058,1,774.04,774.04
HITM0001807,HORD000577,PRD0260,1,157.69,157.69
HITM0001808,HORD000577,PRD0643,1,614.82,614.82
HITM0001809,HORD000578,PRD0183,1,1343.02,1343.02
HITM0001810,HORD000579,PRD0072,1,1587.43,1587.43
HITM0001811,HORD000579,PRD0168,1,663.91,663.91
HITM0001812,HORD000579,PRD0173,1,320.83,320.83
HITM0001813,HORD000580,PRD0897,2,1151.44,2302.88
HITM0001814,HORD000580,PRD0345,1,257.9,257.9
HITM0001815,HORD000580,PRD0718,1,880.28,880.28
HITM0001816,HORD000581,PRD0822,1,324.31,324.31
HITM0001817,HORD000581,PRD0432,1,571.62,571.62
HITM0001818,HORD000582,PRD0599,1,1008.74,1008.74
HITM0001819,HORD000582,PRD0706,1,626.5,626.5
HITM0001820,HORD000582,PRD0587,1,1075.68,1075.68
HITM0001821,HORD000583,PRD0607,1,73.33,73.33
HITM0001822,HORD000583,PRD0980,2,171.73,343.46
HITM0001823,HORD000583,PRD0171,1,993.07,993.07
HITM0001824,HORD000583,PRD0632,1,878.95,878.95
HITM0001825,HORD000584,PRD0996,1,439.4,439.4
HITM0001826,HORD000584,PRD0565,1,124.28,124.28
HITM0001827,HORD000584,PRD0276,1,670.27,670.27
HITM0001828,HORD000584,PRD0911,1,2410.39,2410.39
HITM0001829,HORD000585,PRD0546,2,180.12,360.24
HITM0001830,HORD000585,PRD0200,1,317.39,317.39
HITM0001831,HORD000586,PRD0465,1,614.27,614.27
HITM0001832,HORD000586,PRD0019,1,708.96,708.96
HITM0001833,HORD000586,PRD0135,1,1050.45,1050.45
HITM0001834,HORD000586,PRD0661,1,2207.93,2207.93
HITM0001835,HORD000586,PRD0455,1,858.23,858.23
HITM0001836,HORD000587,PRD0574,1,1591.27,1591.27
HITM0001837,HORD000587,PRD0472,1,819.03,819.03
HITM0001838,HORD000587,PRD0548,1,858.63,858.63
HITM0001839,HORD000587,PRD0967,1,2391.09,2391.09
HITM0001840,HORD000588,PRD0397,1,2107.06,2107.06
HITM0001841,HORD000588,PRD0033,1,1345.52,1345.52
HITM0001842,HORD000589,PRD0212,1,1664.12,1664.12
HITM0001843,HORD000589,PRD0451,2,2999.57,5999.14
HITM0001844,HORD000589,PRD0388,1,191.0,191.0
HITM0001845,HORD000590,PRD0207,1,143.7,143.7
HITM0001846,HORD000590,PRD0186,1,386.44,386.44
HITM0001847,HORD000590,PRD0132,1,1025.41,1025.41
HITM0001848,HORD000591,PRD0632,1,878.95,878.95
HITM0001849,HORD000591,PRD0176,1,259.71,259.71
HITM0001850,HORD000591,PRD0685,1,755.89,755.89
HITM0001851,HORD000591,PRD0688,1,814.49,814.49
HITM0001852,HORD000592,PRD0845,1,355.13,355.13
HITM0001853,HORD000592,PRD0859,1,883.33,883.33
HITM0001854,HORD000593,PRD0174,1,442.41,442.41
HITM0001855,HORD000593,PRD0169,1,585.79,585.79
HITM0001856,HORD000594,PRD0172,1,1723.75,1723.75
HITM0001857,HORD000594,PRD0036,1,115.89,115.89
HITM0001858,HORD000595,PRD0373,1,1247.39,1247.39
HITM0001859,HORD000595,PRD0847,1,553.63,553.63
HITM0001860,HORD000595,PRD0580,1,50.37,50.37
HITM0001861,HORD000596,PRD0422,1,1010.5,1010.5
HITM0001862,HORD000596,PRD0031,1,2301.05,2301.05
HITM0001863,HORD000596,PRD0684,1,3311.29,3311.29
HITM0001864,HORD000597,PRD0098,1,968.99,968.99
HITM0001865,HORD000597,PRD0980,1,171.73,171.73
HITM0001866,HORD000598,PRD0012,2,1136.26,2272.52
HITM0001867,HORD000598,PRD0673,1,666.78,666.78
HITM0001868,HORD000598,PRD0536,1,430.74,430.74
HITM0001869,HORD000599,PRD0147,1,172.97,172.97
HITM0001870,HORD000599,PRD0964,1,3887.56,3887.56
HITM0001871,HORD000599,PRD0635,2,475.82,951.64
HITM0001872,HORD000600,PRD0836,1,836.56,836.56
HITM0001873,HORD000600,PRD0262,1,1531.6,1531.6
HITM0001874,HORD000600,PRD0065,1,806.18,806.18
HITM0001875,HORD000601,PRD0990,1,164.36,164.36
HITM0001876,HORD000601,PRD0185,2,925.9,1851.8
HITM0001877,HORD000601,PRD0055,1,1019.33,1019.33
HITM0001878,HORD000601,PRD0625,1,458.46,458.46
HITM0001879,HORD000601,PRD0321,1,1311.96,1311.96
HITM0001880,HORD000602,PRD0240,1,73.63,73.63
HITM0001881,HORD000602,PRD0137,1,814.4,814.4
HITM0001882,HORD000602,PRD0381,2,1136.28,2272.56
HITM0001883,HORD000603,PRD0950,1,258.24,258.24
HITM0001884,HORD000603,PRD0583,1,268.64,268.64
HITM0001885,HORD000604,PRD0770,1,376.65,376.65
HITM0001886,HORD000604,PRD0276,1,670.27,670.27
HITM0001887,HORD000604,PRD0337,1,2481.18,2481.18
HITM0001888,HORD000605,PRD0299,1,1412.32,1412.32
HITM0001889,HORD000605,PRD0722,1,1628.14,1628.14
HITM0001890,HORD000606,PRD0137,1,814.4,814.4
HITM0001891,HORD000606,PRD0714,1,1819.26,1819.26
HITM0001892,HORD000606,PRD0920,2,302.87,605.74
HITM0001893,HORD000606,PRD0586,2,421.13,842.26
HITM0001894,HORD000607,PRD0742,2,1768.06,3536.12
HITM0001895,HORD000607,PRD0713,1,1024.28,1024.28
HITM0001896,HORD000607,PRD0845,1,355.13,355.13
HITM0001897,HORD000608,PRD0884,3,1284.0,3852.0
HITM0001898,HORD000608,PRD0980,1,171.73,171.73
HITM0001899,HORD000609,PRD0480,1,79.31,79.31
HITM0001900,HORD000609,PRD0110,1,392.12,392.12
HITM0001901,HORD000610,PRD0404,1,2624.06,2624.06
HITM0001902,HORD000610,PRD0566,2,242.05,484.1
HITM0001903,HORD000610,PRD0308,1,798.16,798.16
HITM0001904,HORD000610,PRD0933,1,296.95,296.95
HITM0001905,HORD000611,PRD0030,1,278.37,278.37
HITM0001906,HORD000611,PRD0902,1,1853.74,1853.74
HITM0001907,HORD000611,PRD0675,1,1138.38,1138.38
HITM0001908,HORD000612,PRD0694,1,721.36,721.36
HITM0001909,HORD000612,PRD0898,1,450.61,450.61
HITM0001910,HORD000612,PRD0100,1,252.99,252.99
HITM0001911,HORD000612,PRD0425,2,477.89,955.78
HITM0001912,HORD000612,PRD0355,1,703.23,703.23
HITM0001913,HORD000613,PRD0283,2,1116.37,2232.74
HITM0001914,HORD000613,PRD0569,1,928.26,928.26
HITM0001915,HORD000613,PRD0259,1,983.93,983.93
HITM0001916,HORD000613,PRD0202,1,1161.02,1161.02
HITM0001917,HORD000613,PRD0428,1,353.32,353.32
HITM0001918,HORD000614,PRD0382,1,680.83,680.83
HITM0001919,HORD000614,PRD0320,1,28.7,28.7
HITM0001920,HORD000614,PRD0679,1,399.42,399.42
HITM0001921,HORD000614,PRD0351,1,2766.45,2766.45
HITM0001922,HORD000615,PRD0117,1,654.86,654.86
HITM0001923,HORD000615,PRD0529,2,923.93,1847.86
HITM0001924,HORD000615,PRD0853,2,1074.57,2149.14
HITM0001925,HORD000616,PRD0493,2,760.85,1521.7
HITM0001926,HORD000616,PRD0836,1,836.56,836.56
HITM0001927,HORD000616,PRD0985,1,865.22,865.22
HITM0001928,HORD000617,PRD0073,1,674.71,674.71
HITM0001929,HORD000617,PRD0017,2,420.96,841.92
HITM0001930,HORD000617,PRD0648,2,450.1,900.2
HITM0001931,HORD000618,PRD0346,1,296.52,296.52
HITM0001932,HORD000618,PRD0097,1,2213.08,2213.08
HITM0001933,HORD000618,PRD0042,1,1767.57,1767.57
HITM0001934,HORD000619,PRD0156,2,832.48,1664.96
HITM0001935,HORD000619,PRD0804,1,3851.02,3851.02
HITM0001936,HORD000620,PRD0823,1,1007.18,1007.18
HITM0001937,HORD000620,PRD0601,1,3067.12,3067.12
HITM0001938,HORD000620,PRD0038,1,553.02,553.02
HITM0001939,HORD000621,PRD0396,3,147.51,442.53
HITM0001940,HORD000621,PRD0620,1,23.82,23.82
HITM0001941,HORD000621,PRD0896,1,466.99,466.99
HITM0001942,HORD000621,PRD0910,1,334.83,334.83
HITM0001943,HORD000621,PRD0293,1,663.82,663.82
HITM0001944,HORD000622,PRD0162,1,767.91,767.91
HITM0001945,HORD000623,PRD0766,2,74.26,148.52
HITM0001946,HORD000623,PRD0493,1,760.85,760.85
HITM0001947,HORD000624,PRD0224,2,3987.47,7974.94
HITM0001948,HORD000624,PRD0110,1,392.12,392.12
HITM0001949,HORD000624,PRD0257,1,210.79,210.79
HITM0001950,HORD000624,PRD0614,1,2476.54,2476.54
HITM0001951,HORD000624,PRD0222,1,761.26,761.26
HITM0001952,HORD000625,PRD0992,1,309.63,309.63
HITM0001953,HORD000625,PRD0230,2,112.24,224.48
HITM0001954,HORD000625,PRD0644,1,940.11,940.11
HITM0001955,HORD000626,PRD0616,3,242.48,727.44
HITM0001956,HORD000626,PRD0984,1,3015.12,3015.12
HITM0001957,HORD000626,PRD0998,1,544.17,544.17
HITM0001958,HORD000626,PRD0419,1,903.5,903.5
HITM0001959,HORD000626,PRD0138,1,889.51,889.51
HITM0001960,HORD000627,PRD0037,1,953.09,953.09
HITM0001961,HORD000627,PRD0923,1,771.16,771.16
HITM0001962,HORD000628,PRD0123,1,501.46,501.46
HITM0001963,HORD000628,PRD0489,1,1110.68,1110.68
HITM0001964,HORD000628,PRD0739,1,345.91,345.91
HITM0001965,HORD000628,PRD0676,2,523.37,1046.74
HITM0001966,HORD000628,PRD0447,1,640.94,640.94
HITM0001967,HORD000629,PRD0256,1,42.53,42.53
HITM0001968,HORD000629,PRD0203,1,724.48,724.48
HITM0001969,HORD000630,PRD0398,1,135.19,135.19
HITM0001970,HORD000630,PRD0830,1,231.45,231.45
HITM0001971,HORD000631,PRD0527,1,934.45,934.45
HITM0001972,HORD000631,PRD0808,1,444.53,444.53
HITM0001973,HORD000631,PRD0888,1,240.68,240.68
HITM0001974,HORD000631,PRD0699,1,649.93,649.93
HITM0001975,HORD000632,PRD0738,1,629.85,629.85
HITM0001976,HORD000632,PRD0455,2,858.23,1716.46
HITM0001977,HORD000632,PRD0379,1,212.81,212.81
HITM0001978,HORD000633,PRD0945,3,568.86,1706.58
HITM0001979,HORD000633,PRD0609,1,266.46,266.46
HITM0001980,HORD000633,PRD0585,2,883.47,1766.94
HITM0001981,HORD000634,PRD0550,3,224.46,673.38
HITM0001982,HORD000634,PRD0347,2,339.84,679.68
HITM0001983,HORD000634,PRD0980,1,171.73,171.73
HITM0001984,HORD000634,PRD0822,2,324.31,648.62
HITM0001985,HORD000634,PRD0038,1,553.02,553.02
HITM0001986,HORD000635,PRD0760,2,322.74,645.48
HITM0001987,HORD000635,PRD0251,1,1750.4,1750.4
HITM0001988,HORD000635,PRD0063,1,951.82,951.82
HITM0001989,HORD000635,PRD0475,1,1066.51,1066.51
HITM0001990,HORD000635,PRD0623,1,857.91,857.91
HITM0001991,HORD000636,PRD0036,1,115.89,115.89
HITM0001992,HORD000636,PRD0047,2,859.23,1718.46
HITM0001993,HORD000636,PRD0842,1,1443.81,1443.81
HITM0001994,HORD000636,PRD0740,1,235.84,235.84
HITM0001995,HORD000636,PRD0366,2,111.28,222.56
HITM0001996,HORD000637,PRD0403,1,1470.68,1470.68
HITM0001997,HORD000637,PRD0957,2,108.95,217.9
HITM0001998,HORD000637,PRD0150,1,199.69,199.69
HITM0001999,HORD000638,PRD0461,1,1412.1,1412.1
HITM0002000,HORD000638,PRD0991,1,2495.08,2495.08
HITM0002001,HORD000639,PRD0149,1,504.76,504.76
HITM0002002,HORD000639,PRD0207,2,143.7,287.4
HITM0002003,HORD000639,PRD0885,1,867.28,867.28
HITM0002004,HORD000640,PRD0096,1,259.24,259.24
HITM0002005,HORD000640,PRD0913,1,1112.44,1112.44
HITM0002006,HORD000641,PRD0391,1,1988.32,1988.32
HITM0002007,HORD000641,PRD0380,1,340.9,340.9
HITM0002008,HORD000641,PRD0073,1,674.71,674.71
HITM0002009,HORD000642,PRD0907,2,60.75,121.5
HITM0002010,HORD000642,PRD0438,1,504.83,504.83
HITM0002011,HORD000642,PRD0729,1,348.79,348.79
HITM0002012,HORD000642,PRD0244,1,2106.41,2106.41
HITM0002013,HORD000642,PRD0969,1,185.9,185.9
HITM0002014,HORD000643,PRD0625,1,458.46,458.46
HITM0002015,HORD000643,PRD0750,1,315.03,315.03
HITM0002016,HORD000644,PRD0957,2,108.95,217.9
HITM0002017,HORD000644,PRD0625,1,458.46,458.46
HITM0002018,HORD000644,PRD0109,1,732.2,732.2
HITM0002019,HORD000644,PRD0380,1,340.9,340.9
HITM0002020,HORD000644,PRD0353,1,1448.25,1448.25
HITM0002021,HORD000645,PRD0094,1,2315.3,2315.3
HITM0002022,HORD000645,PRD0822,2,324.31,648.62
HITM0002023,HORD000646,PRD0056,1,204.63,204.63
HITM0002024,HORD000646,PRD0948,1,849.18,849.18
HITM0002025,HORD000647,PRD0456,1,700.91,700.91
HITM0002026,HORD000647,PRD0612,1,319.23,319.23
HITM0002027,HORD000647,PRD0476,1,336.11,336.11
HITM0002028,HORD000647,PRD0500,1,137.18,137.18
HITM0002029,HORD000647,PRD0137,1,814.4,814.4
HITM0002030,HORD000648,PRD0780,1,307.98,307.98
HITM0002031,HORD000648,PRD0388,1,191.0,191.0
HITM0002032,HORD000648,PRD0273,1,1320.37,1320.37
HITM0002033,HORD000648,PRD0496,1,92.5,92.5
HITM0002034,HORD000648,PRD0105,1,655.02,655.02
HITM0002035,HORD000649,PRD0255,1,690.05,690.05
HITM0002036,HORD000649,PRD0148,3,319.75,959.25
HITM0002037,HORD000649,PRD0790,1,67.36,67.36
HITM0002038,HORD000649,PRD0680,1,146.6,146.6
HITM0002039,HORD000650,PRD0147,1,172.97,172.97
HITM0002040,HORD000650,PRD0840,1,125.66,125.66
HITM0002041,HORD000650,PRD0410,1,331.6,331.6
HITM0002042,HORD000650,PRD0801,1,3111.15,3111.15
HITM0002043,HORD000651,PRD0735,1,549.71,549.71
HITM0002044,HORD000651,PRD0818,1,184.36,184.36
HITM0002045,HORD000652,PRD0655,1,1072.3,1072.3
HITM0002046,HORD000652,PRD0022,1,473.77,473.77
HITM0002047,HORD000652,PRD0866,2,492.83,985.66
HITM0002048,HORD000653,PRD0084,1,854.14,854.14
HITM0002049,HORD000653,PRD0570,3,337.54,1012.62
HITM0002050,HORD000654,PRD0931,1,1264.51,1264.51
HITM0002051,HORD000654,PRD0123,2,501.46,1002.92
HITM0002052,HORD000655,PRD0496,1,92.5,92.5
HITM0002053,HORD000655,PRD0050,1,409.65,409.65
HITM0002054,HORD000656,PRD0204,1,759.0,759.0
HITM0002055,HORD000656,PRD0625,2,458.46,916.92
HITM0002056,HORD000657,PRD0360,1,45.63,45.63
HITM0002057,HORD000657,PRD0818,1,184.36,184.36
HITM0002058,HORD000657,PRD0125,1,1026.87,1026.87
HITM0002059,HORD000658,PRD0989,1,71.59,71.59
HITM0002060,HORD000658,PRD0040,3,348.21,1044.63
HITM0002061,HORD000659,PRD0669,1,736.46,736.46
HITM0002062,HORD000659,PRD0620,1,23.82,23.82
HITM0002063,HORD000659,PRD0798,2,901.72,1803.44
HITM0002064,HORD000660,PRD0393,1,1454.74,1454.74
HITM0002065,HORD000660,PRD0273,1,1320.37,1320.37
HITM0002066,HORD000660,PRD0123,1,501.46,501.46
HITM0002067,HORD000660,PRD0490,1,82.32,82.32
HITM0002068,HORD000660,PRD0085,1,195.1,195.1
HITM0002069,HORD000661,PRD0530,2,338.05,676.1
HITM0002070,HORD000661,PRD0800,1,400.13,400.13
HITM0002071,HORD000661,PRD0999,1,719.67,719.67
HITM0002072,HORD000662,PRD0619,1,889.11,889.11
HITM0002073,HORD000662,PRD0772,2,356.92,713.84
HITM0002074,HORD000662,PRD0849,1,1072.65,1072.65
HITM0002075,HORD000662,PRD0392,2,1830.74,3661.48
HITM0002076,HORD000662,PRD0078,1,991.52,991.52
HITM0002077,HORD000663,PRD0561,1,1093.04,1093.04
HITM0002078,HORD000663,PRD0668,1,598.5,598.5
HITM0002079,HORD000663,PRD0952,1,864.9,864.9
HITM0002080,HORD000663,PRD0636,1,249.94,249.94
HITM0002081,HORD000664,PRD0680,1,146.6,146.6
HITM0002082,HORD000664,PRD0177,1,2318.68,2318.68
HITM0002083,HORD000664,PRD0819,2,1070.76,2141.52
HITM0002084,HORD000665,PRD0786,1,664.7,664.7
HITM0002085,HORD000665,PRD0560,1,114.38,114.38
HITM0002086,HORD000665,PRD0583,2,268.64,537.28
HITM0002087,HORD000665,PRD0529,1,923.93,923.93
HITM0002088,HORD000666,PRD0198,1,1001.22,1001.22
HITM0002089,HORD000666,PRD0484,2,2872.29,5744.58
HITM0002090,HORD000666,PRD0705,2,369.85,739.7
HITM0002091,HORD000667,PRD0536,1,430.74,430.74
HITM0002092,HORD000667,PRD0565,2,124.28,248.56
HITM0002093,HORD000668,PRD0604,1,1091.2,1091.2
HITM0002094,HORD000668,PRD0368,1,567.82,567.82
HITM0002095,HORD000668,PRD0318,2,656.01,1312.02
HITM0002096,HORD000669,PRD0498,2,373.64,747.28
HITM0002097,HORD000669,PRD0600,2,200.67,401.34
HITM0002098,HORD000669,PRD0210,1,206.42,206.42
HITM0002099,HORD000670,PRD0701,1,2630.13,2630.13
HITM0002100,HORD000670,PRD0123,2,501.46,1002.92
HITM0002101,HORD000670,PRD0498,1,373.64,373.64
HITM0002102,HORD000671,PRD0989,3,71.59,214.77
HITM0002103,HORD000671,PRD0736,1,773.17,773.17
HITM0002104,HORD000671,PRD0283,2,1116.37,2232.74
HITM0002105,HORD000672,PRD0446,1,607.85,607.85
HITM0002106,HORD000672,PRD0547,1,2322.41,2322.41
HITM0002107,HORD000672,PRD0828,2,1072.53,2145.06
HITM0002108,HORD000673,PRD0975,2,989.01,1978.02
HITM0002109,HORD000673,PRD0077,2,1534.37,3068.74
HITM0002110,HORD000674,PRD0665,1,480.38,480.38
HITM0002111,HORD000674,PRD0603,1,380.05,380.05
HITM0002112,HORD000675,PRD0816,1,211.9,211.9
HITM0002113,HORD000675,PRD0618,1,409.5,409.5
HITM0002114,HORD000675,PRD0195,1,540.55,540.55
HITM0002115,HORD000675,PRD0161,1,1639.58,1639.58
HITM0002116,HORD000675,PRD0047,1,859.23,859.23
HITM0002117,HORD000676,PRD0768,1,149.86,149.86
HITM0002118,HORD000676,PRD0713,1,1024.28,1024.28
HITM0002119,HORD000676,PRD0414,1,3331.8,3331.8
HITM0002120,HORD000676,PRD0040,2,348.21,696.42
HITM0002121,HORD000677,PRD0542,2,1005.69,2011.38
HITM0002122,HORD000677,PRD0675,1,1138.38,1138.38
HITM0002123,HORD000677,PRD0447,2,640.94,1281.88
HITM0002124,HORD000678,PRD0437,1,662.34,662.34
HITM0002125,HORD000678,PRD0281,1,1116.42,1116.42
HITM0002126,HORD000678,PRD0730,1,147.29,147.29
HITM0002127,HORD000678,PRD0740,2,235.84,471.68
HITM0002128,HORD000679,PRD0096,1,259.24,259.24
HITM0002129,HORD000679,PRD0529,1,923.93,923.93
HITM0002130,HORD000680,PRD0813,1,372.89,372.89
HITM0002131,HORD000680,PRD0421,2,2357.2,4714.4
HITM0002132,HORD000680,PRD0330,1,96.82,96.82
HITM0002133,HORD000680,PRD0807,1,1028.5,1028.5
HITM0002134,HORD000681,PRD0578,3,307.89,923.67
HITM0002135,HORD000682,PRD0919,2,1414.1,2828.2
HITM0002136,HORD000682,PRD0230,1,112.24,112.24
HITM0002137,HORD000682,PRD0364,1,789.55,789.55
HITM0002138,HORD000682,PRD0630,1,167.94,167.94
HITM0002139,HORD000683,PRD0780,1,307.98,307.98
HITM0002140,HORD000683,PRD0401,1,2595.7,2595.7
HITM0002141,HORD000683,PRD0405,1,406.75,406.75
HITM0002142,HORD000683,PRD0388,1,191.0,191.0
HITM0002143,HORD000684,PRD0470,1,149.63,149.63
HITM0002144,HORD000684,PRD0180,1,256.4,256.4
HITM0002145,HORD000684,PRD0249,1,682.98,682.98
HITM0002146,HORD000685,PRD0965,1,889.37,889.37
HITM0002147,HORD000685,PRD0318,1,656.01,656.01
HITM0002148,HORD000686,PRD0530,1,338.05,338.05
HITM0002149,HORD000686,PRD0702,1,403.74,403.74
HITM0002150,HORD000686,PRD0725,1,1096.49,1096.49
HITM0002151,HORD000687,PRD0706,1,626.5,626.5
HITM0002152,HORD000687,PRD0823,2,1007.18,2014.36
HITM0002153,HORD000687,PRD0922,1,1230.33,1230.33
HITM0002154,HORD000688,PRD0699,1,649.93,649.93
HITM0002155,HORD000688,PRD0348,2,312.21,624.42
HITM0002156,HORD000689,PRD0013,1,291.07,291.07
HITM0002157,HORD000689,PRD0445,1,151.88,151.88
HITM0002158,HORD000689,PRD0300,1,51.94,51.94
HITM0002159,HORD000690,PRD0370,1,418.27,418.27
HITM0002160,HORD000690,PRD0271,1,2739.77,2739.77
HITM0002161,HORD000690,PRD0041,2,1567.72,3135.44
HITM0002162,HORD000690,PRD0372,1,748.02,748.02
HITM0002163,HORD000690,PRD0687,2,1192.37,2384.74
HITM0002164,HORD000691,PRD0915,1,741.57,741.57
HITM0002165,HORD000691,PRD0393,1,1454.74,1454.74
HITM0002166,HORD000691,PRD0107,1,1356.63,1356.63
HITM0002167,HORD000691,PRD0130,1,167.84,167.84
HITM0002168,HORD000692,PRD0250,1,184.24,184.24
HITM0002169,HORD000692,PRD0040,1,348.21,348.21
HITM0002170,HORD000692,PRD0032,1,332.03,332.03
HITM0002171,HORD000693,PRD0150,1,199.69,199.69
HITM0002172,HORD000693,PRD0776,1,133.13,133.13
HITM0002173,HORD000693,PRD0147,1,172.97,172.97
HITM0002174,HORD000694,PRD0027,2,2295.22,4590.44
HITM0002175,HORD000694,PRD0617,1,540.8,540.8
HITM0002176,HORD000694,PRD0454,2,3062.46,6124.92
HITM0002177,HORD000695,PRD0701,1,2630.13,2630.13
HITM0002178,HORD000695,PRD0930,1,307.61,307.61
HITM0002179,HORD000695,PRD0958,1,128.04,128.04
HITM0002180,HORD000695,PRD0022,1,473.77,473.77
HITM0002181,HORD000696,PRD0576,1,31.35,31.35
HITM0002182,HORD000696,PRD0310,1,125.16,125.16
HITM0002183,HORD000696,PRD0888,1,240.68,240.68
HITM0002184,HORD000696,PRD0727,1,1950.79,1950.79
HITM0002185,HORD000697,PRD0729,1,348.79,348.79
HITM0002186,HORD000697,PRD0092,2,1240.54,2481.08
HITM0002187,HORD000697,PRD0348,1,312.21,312.21
HITM0002188,HORD000698,PRD0246,1,799.39,799.39
HITM0002189,HORD000698,PRD0413,1,1181.55,1181.55
HITM0002190,HORD000698,PRD0660,1,74.81,74.81
HITM0002191,HORD000698,PRD0085,1,195.1,195.1
HITM0002192,HORD000699,PRD0626,1,362.78,362.78
HITM0002193,HORD000699,PRD0189,2,815.73,1631.46
HITM0002194,HORD000700,PRD0865,1,691.66,691.66
HITM0002195,HORD000700,PRD0982,1,807.01,807.01
HITM0002196,HORD000701,PRD0371,1,2101.21,2101.21
HITM0002197,HORD000701,PRD0285,2,929.48,1858.96
HITM0002198,HORD000702,PRD0655,1,1072.3,1072.3
HITM0002199,HORD000702,PRD0700,2,164.38,328.76
HITM0002200,HORD000703,PRD0568,1,977.48,977.48
HITM0002201,HORD000703,PRD0717,1,825.84,825.84
HITM0002202,HORD000704,PRD0564,1,3993.14,3993.14
HITM0002203,HORD000704,PRD0005,2,171.8,343.6
HITM0002204,HORD000704,PRD0188,1,1032.34,1032.34
HITM0002205,HORD000705,PRD0530,2,338.05,676.1
HITM0002206,HORD000705,PRD0347,2,339.84,679.68
HITM0002207,HORD000706,PRD0248,1,204.13,204.13
HITM0002208,HORD000706,PRD0234,1,4040.17,4040.17
HITM0002209,HORD000706,PRD0729,1,348.79,348.79
HITM0002210,HORD000707,PRD0103,3,384.82,1154.46
HITM0002211,HORD000707,PRD0603,2,380.05,760.1
HITM0002212,HORD000707,PRD0857,1,1578.93,1578.93
HITM0002213,HORD000707,PRD0020,2,277.78,555.56
HITM0002214,HORD000708,PRD0512,2,853.67,1707.34
HITM0002215,HORD000708,PRD0728,1,1077.83,1077.83
HITM0002216,HORD000708,PRD0185,1,925.9,925.9
HITM0002217,HORD000709,PRD0995,1,1027.49,1027.49
HITM0002218,HORD000709,PRD0133,1,362.55,362.55
HITM0002219,HORD000709,PRD0864,1,618.97,618.97
HITM0002220,HORD000709,PRD0128,1,1013.54,1013.54
HITM0002221,HORD000710,PRD0237,2,1847.39,3694.78
HITM0002222,HORD000710,PRD0955,1,1036.25,1036.25
HITM0002223,HORD000711,PRD0480,1,79.31,79.31
HITM0002224,HORD000711,PRD0002,2,1804.26,3608.52
HITM0002225,HORD000711,PRD0198,1,1001.22,1001.22
HITM0002226,HORD000712,PRD0079,2,211.26,422.52
HITM0002227,HORD000712,PRD0234,1,4040.17,4040.17
HITM0002228,HORD000712,PRD0071,1,1793.74,1793.74
HITM0002229,HORD000712,PRD0679,1,399.42,399.42
HITM0002230,HORD000713,PRD0391,1,1988.32,1988.32
HITM0002231,HORD000713,PRD0812,2,1554.96,3109.92
HITM0002232,HORD000713,PRD0028,1,260.37,260.37
HITM0002233,HORD000713,PRD0362,1,301.32,301.32
HITM0002234,HORD000713,PRD0109,1,732.2,732.2
HITM0002235,HORD000714,PRD0140,1,211.53,211.53
HITM0002236,HORD000714,PRD0993,1,448.46,448.46
HITM0002237,HORD000714,PRD0431,1,2819.89,2819.89
HITM0002238,HORD000714,PRD0452,1,353.39,353.39
HITM0002239,HORD000715,PRD0960,1,17.08,17.08
HITM0002240,HORD000715,PRD0807,3,1028.5,3085.5
HITM0002241,HORD000715,PRD0556,1,279.39,279.39
HITM0002242,HORD000715,PRD0634,1,1993.72,1993.72
HITM0002243,HORD000715,PRD0663,2,990.2,1980.4
HITM0002244,HORD000716,PRD0068,1,980.14,980.14
HITM0002245,HORD000717,PRD0638,1,508.53,508.53
HITM0002246,HORD000718,PRD0660,2,74.81,149.62
HITM0002247,HORD000718,PRD0616,1,242.48,242.48
HITM0002248,HORD000719,PRD0088,3,994.41,2983.23
HITM0002249,HORD000719,PRD0730,2,147.29,294.58
HITM0002250,HORD000720,PRD0680,1,146.6,146.6
HITM0002251,HORD000720,PRD0185,1,925.9,925.9
HITM0002252,HORD000720,PRD0677,1,1475.57,1475.57
HITM0002253,HORD000721,PRD0366,1,111.28,111.28
HITM0002254,HORD000721,PRD0938,1,471.07,471.07
HITM0002255,HORD000721,PRD0755,1,842.98,842.98
HITM0002256,HORD000722,PRD0830,1,231.45,231.45
HITM0002257,HORD000722,PRD0994,2,2727.51,5455.02
HITM0002258,HORD000723,PRD0733,1,281.18,281.18
HITM0002259,HORD000723,PRD0602,1,409.98,409.98
HITM0002260,HORD000724,PRD0784,2,3166.81,6333.62
HITM0002261,HORD000724,PRD0503,1,892.6,892.6
HITM0002262,HORD000724,PRD0260,1,157.69,157.69
HITM0002263,HORD000724,PRD0546,1,180.12,180.12
HITM0002264,HORD000725,PRD0156,1,832.48,832.48
HITM0002265,HORD000725,PRD0865,1,691.66,691.66
HITM0002266,HORD000725,PRD0152,2,509.94,1019.88
HITM0002267,HORD000726,PRD0360,2,45.63,91.26
HITM0002268,HORD000726,PRD0126,1,290.8,290.8
HITM0002269,HORD000726,PRD0292,2,690.26,1380.52
HITM0002270,HORD000727,PRD0017,1,420.96,420.96
HITM0002271,HORD000728,PRD0366,1,111.28,111.28
HITM0002272,HORD000728,PRD0570,2,337.54,675.08
HITM0002273,HORD000728,PRD0739,1,345.91,345.91
HITM0002274,HORD000729,PRD0724,1,1568.29,1568.29
HITM0002275,HORD000729,PRD0816,1,211.9,211.9
HITM0002276,HORD000729,PRD0419,1,903.5,903.5
HITM0002277,HORD000729,PRD0186,1,386.44,386.44
HITM0002278,HORD000729,PRD0307,1,2188.41,2188.41
HITM0002279,HORD000730,PRD0283,1,1116.37,1116.37
HITM0002280,HORD000730,PRD0582,1,1229.26,1229.26
HITM0002281,HORD000730,PRD0026,1,720.56,720.56
HITM0002282,HORD000731,PRD0586,1,421.13,421.13
HITM0002283,HORD000731,PRD0703,1,1320.55,1320.55
HITM0002284,HORD000732,PRD0051,1,2503.01,2503.01
HITM0002285,HORD000732,PRD0458,1,224.27,224.27
HITM0002286,HORD000732,PRD0107,2,1356.63,2713.26
HITM0002287,HORD000733,PRD0845,1,355.13,355.13
HITM0002288,HORD000733,PRD0183,1,1343.02,1343.02
HITM0002289,HORD000734,PRD0428,2,353.32,706.64
HITM0002290,HORD000734,PRD0959,1,206.84,206.84
HITM0002291,HORD000734,PRD0061,3,1919.38,5758.14
HITM0002292,HORD000734,PRD0535,1,992.5,992.5
HITM0002293,HORD000735,PRD0152,1,509.94,509.94
HITM0002294,HORD000735,PRD0950,1,258.24,258.24
HITM0002295,HORD000735,PRD0550,3,224.46,673.38
HITM0002296,HORD000735,PRD0069,1,1254.78,1254.78
HITM0002297,HORD000735,PRD0035,3,1056.72,3170.16
HITM0002298,HORD000736,PRD0586,1,421.13,421.13
HITM0002299,HORD000736,PRD0485,1,381.77,381.77
HITM0002300,HORD000736,PRD0231,1,1403.44,1403.44
HITM0002301,HORD000737,PRD0633,1,763.72,763.72
HITM0002302,HORD000737,PRD0599,1,1008.74,1008.74
HITM0002303,HORD000737,PRD0038,2,553.02,1106.04
HITM0002304,HORD000737,PRD0210,1,206.42,206.42
HITM0002305,HORD000738,PRD0661,1,2207.93,2207.93
HITM0002306,HORD000738,PRD0592,2,1152.46,2304.92
HITM0002307,HORD000738,PRD0835,1,482.69,482.69
HITM0002308,HORD000738,PRD0282,2,521.34,1042.68
HITM0002309,HORD000739,PRD0036,2,115.89,231.78
HITM0002310,HORD000739,PRD0738,1,629.85,629.85
HITM0002311,HORD000739,PRD0272,2,888.86,1777.72
HITM0002312,HORD000739,PRD0649,1,879.59,879.59
HITM0002313,HORD000739,PRD0990,1,164.36,164.36
HITM0002314,HORD000740,PRD0939,1,67.43,67.43
HITM0002315,HORD000741,PRD0594,3,2621.32,7863.96
HITM0002316,HORD000741,PRD0482,2,1441.83,2883.66
HITM0002317,HORD000741,PRD0280,1,228.25,228.25
HITM0002318,HORD000741,PRD0168,1,663.91,663.91
HITM0002319,HORD000741,PRD0649,1,879.59,879.59
HITM0002320,HORD000742,PRD0318,1,656.01,656.01
HITM0002321,HORD000742,PRD0279,1,766.46,766.46
HITM0002322,HORD000743,PRD0500,2,137.18,274.36
HITM0002323,HORD000743,PRD0734,1,1461.44,1461.44
HITM0002324,HORD000744,PRD0827,1,1518.31,1518.31
HITM0002325,HORD000744,PRD0809,2,155.22,310.44
HITM0002326,HORD000744,PRD0166,1,462.05,462.05
HITM0002327,HORD000745,PRD0745,1,147.69,147.69
HITM0002328,HORD000745,PRD0427,1,1110.4,1110.4
HITM0002329,HORD000745,PRD0338,1,484.72,484.72
HITM0002330,HORD000746,PRD0079,1,211.26,211.26
HITM0002331,HORD000746,PRD0975,2,989.01,1978.02
HITM0002332,HORD000747,PRD0837,1,1658.39,1658.39
HITM0002333,HORD000747,PRD0929,1,114.2,114.2
HITM0002334,HORD000747,PRD0610,1,394.62,394.62
HITM0002335,HORD000748,PRD0612,1,319.23,319.23
HITM0002336,HORD000748,PRD0856,1,426.45,426.45
HITM0002337,HORD000748,PRD0548,1,858.63,858.63
HITM0002338,HORD000749,PRD0698,2,664.05,1328.1
HITM0002339,HORD000749,PRD0322,1,326.02,326.02
HITM0002340,HORD000749,PRD0123,2,501.46,1002.92
HITM0002341,HORD000749,PRD0333,1,741.56,741.56
HITM0002342,HORD000750,PRD0173,1,320.83,320.83
HITM0002343,HORD000751,PRD0196,1,525.15,525.15
HITM0002344,HORD000751,PRD0746,2,367.02,734.04
HITM0002345,HORD000751,PRD0100,1,252.99,252.99
HITM0002346,HORD000751,PRD0670,2,278.65,557.3
HITM0002347,HORD000752,PRD0247,1,55.39,55.39
HITM0002348,HORD000752,PRD0713,1,1024.28,1024.28
HITM0002349,HORD000753,PRD0642,1,1123.98,1123.98
HITM0002350,HORD000753,PRD0984,2,3015.12,6030.24
HITM0002351,HORD000753,PRD0031,1,2301.05,2301.05
HITM0002352,HORD000753,PRD0390,2,408.91,817.82
HITM0002353,HORD000754,PRD0616,2,242.48,484.96
HITM0002354,HORD000754,PRD0594,2,2621.32,5242.64
HITM0002355,HORD000754,PRD0644,1,940.11,940.11
HITM0002356,HORD000754,PRD0111,1,2559.72,2559.72
HITM0002357,HORD000755,PRD0663,1,990.2,990.2
HITM0002358,HORD000755,PRD0369,1,663.84,663.84
HITM0002359,HORD000755,PRD0960,1,17.08,17.08
HITM0002360,HORD000756,PRD0554,1,2579.35,2579.35
HITM0002361,HORD000756,PRD0615,1,925.7,925.7
HITM0002362,HORD000756,PRD0409,1,607.08,607.08
HITM0002363,HORD000757,PRD0873,2,448.66,897.32
HITM0002364,HORD000757,PRD0296,1,331.81,331.81
HITM0002365,HORD000757,PRD0707,1,1840.72,1840.72
HITM0002366,HORD000757,PRD0399,2,1304.71,2609.42
HITM0002367,HORD000758,PRD0653,1,1595.48,1595.48
HITM0002368,HORD000759,PRD0869,1,1315.16,1315.16
HITM0002369,HORD000759,PRD0970,1,192.16,192.16
HITM0002370,HORD000759,PRD0150,1,199.69,199.69
HITM0002371,HORD000759,PRD0435,1,1185.75,1185.75
HITM0002372,HORD000760,PRD0047,2,859.23,1718.46
HITM0002373,HORD000760,PRD0411,1,1497.57,1497.57
HITM0002374,HORD000761,PRD0950,1,258.24,258.24
HITM0002375,HORD000761,PRD0885,2,867.28,1734.56
HITM0002376,HORD000761,PRD0658,1,899.02,899.02
HITM0002377,HORD000762,PRD0100,1,252.99,252.99
HITM0002378,HORD000762,PRD0286,1,752.91,752.91
HITM0002379,HORD000762,PRD0477,1,610.76,610.76
HITM0002380,HORD000762,PRD0766,1,74.26,74.26
HITM0002381,HORD000763,PRD0380,1,340.9,340.9
HITM0002382,HORD000763,PRD0812,1,1554.96,1554.96
HITM0002383,HORD000763,PRD0079,1,211.26,211.26
HITM0002384,HORD000764,PRD0251,1,1750.4,1750.4
HITM0002385,HORD000764,PRD0006,1,520.51,520.51
HITM0002386,HORD000764,PRD0900,2,346.54,693.08
HITM0002387,HORD000764,PRD0716,2,744.09,1488.18
HITM0002388,HORD000765,PRD0628,1,586.24,586.24
HITM0002389,HORD000765,PRD0442,1,327.53,327.53
HITM0002390,HORD000765,PRD0430,2,54.36,108.72
HITM0002391,HORD000766,PRD0566,1,242.05,242.05
HITM0002392,HORD000766,PRD0669,1,736.46,736.46
HITM0002393,HORD000766,PRD0190,1,40.06,40.06
HITM0002394,HORD000766,PRD0391,1,1988.32,1988.32
HITM0002395,HORD000767,PRD0475,1,1066.51,1066.51
HITM0002396,HORD000767,PRD0429,3,618.41,1855.23
HITM0002397,HORD000768,PRD0005,1,171.8,171.8
HITM0002398,HORD000768,PRD0501,1,1843.99,1843.99
HITM0002399,HORD000768,PRD0225,1,749.78,749.78
HITM0002400,HORD000769,PRD0116,1,182.09,182.09
HITM0002401,HORD000769,PRD0099,1,1059.78,1059.78
HITM0002402,HORD000769,PRD0238,2,459.3,918.6
HITM0002403,HORD000769,PRD0561,2,1093.04,2186.08
HITM0002404,HORD000770,PRD0476,1,336.11,336.11
HITM0002405,HORD000770,PRD0653,3,1595.48,4786.44
HITM0002406,HORD000771,PRD0552,2,359.04,718.08
HITM0002407,HORD000771,PRD0196,1,525.15,525.15
HITM0002408,HORD000771,PRD0576,1,31.35,31.35
HITM0002409,HORD000772,PRD0763,1,863.1,863.1
HITM0002410,HORD000772,PRD0339,1,1125.45,1125.45
HITM0002411,HORD000772,PRD0627,2,931.65,1863.3
HITM0002412,HORD000773,PRD0126,1,290.8,290.8
HITM0002413,HORD000773,PRD0242,1,1247.04,1247.04
HITM0002414,HORD000774,PRD0948,2,849.18,1698.36
HITM0002415,HORD000774,PRD0730,1,147.29,147.29
HITM0002416,HORD000774,PRD0250,1,184.24,184.24
HITM0002417,HORD000774,PRD0880,1,330.2,330.2
HITM0002418,HORD000775,PRD0100,1,252.99,252.99
HITM0002419,HORD000775,PRD0470,1,149.63,149.63
HITM0002420,HORD000776,PRD0276,1,670.27,670.27
HITM0002421,HORD000777,PRD0133,1,362.55,362.55
HITM0002422,HORD000777,PRD0693,2,635.88,1271.76
HITM0002423,HORD000777,PRD0529,1,923.93,923.93
HITM0002424,HORD000777,PRD0917,1,1918.86,1918.86
HITM0002425,HORD000777,PRD0320,1,28.7,28.7
HITM0002426,HORD000778,PRD0963,1,541.41,541.41
HITM0002427,HORD000778,PRD0620,1,23.82,23.82
HITM0002428,HORD000778,PRD0769,1,633.25,633.25
HITM0002429,HORD000778,PRD0765,1,967.51,967.51
HITM0002430,HORD000779,PRD0275,1,1101.48,1101.48
HITM0002431,HORD000779,PRD0636,1,249.94,249.94
HITM0002432,HORD000779,PRD0949,1,810.82,810.82
HITM0002433,HORD000780,PRD0777,1,876.73,876.73
HITM0002434,HORD000780,PRD0038,1,553.02,553.02
HITM0002435,HORD000780,PRD0911,2,2410.39,4820.78
HITM0002436,HORD000780,PRD0685,3,755.89,2267.67
HITM0002437,HORD000780,PRD0236,1,353.9,353.9
HITM0002438,HORD000781,PRD0085,1,195.1,195.1
HITM0002439,HORD000781,PRD0705,1,369.85,369.85
HITM0002440,HORD000781,PRD0398,1,135.19,135.19
HITM0002441,HORD000782,PRD0676,1,523.37,523.37
HITM0002442,HORD000782,PRD0059,1,343.68,343.68
HITM0002443,HORD000782,PRD0071,1,1793.74,1793.74
HITM0002444,HORD000783,PRD0096,1,259.24,259.24
HITM0002445,HORD000783,PRD0925,1,1091.53,1091.53
HITM0002446,HORD000783,PRD0242,1,1247.04,1247.04
HITM0002447,HORD000783,PRD0436,1,839.37,839.37
HITM0002448,HORD000784,PRD0315,1,779.51,779.51
HITM0002449,HORD000784,PRD0029,3,853.57,2560.71
HITM0002450,HORD000784,PRD0567,1,69.51,69.51
HITM0002451,HORD000785,PRD0005,1,171.8,171.8
HITM0002452,HORD000786,PRD0087,1,1794.89,1794.89
HITM0002453,HORD000786,PRD0585,1,883.47,883.47
HITM0002454,HORD000786,PRD0680,1,146.6,146.6
HITM0002455,HORD000786,PRD0744,2,3214.18,6428.36
HITM0002456,HORD000787,PRD0111,2,2559.72,5119.44
HITM0002457,HORD000787,PRD0604,2,1091.2,2182.4
HITM0002458,HORD000788,PRD0395,1,843.62,843.62
HITM0002459,HORD000788,PRD0627,1,931.65,931.65
HITM0002460,HORD000789,PRD0549,2,1345.32,2690.64
HITM0002461,HORD000789,PRD0072,1,1587.43,1587.43
HITM0002462,HORD000789,PRD0071,1,1793.74,1793.74
HITM0002463,HORD000790,PRD0041,1,1567.72,1567.72
HITM0002464,HORD000790,PRD0768,1,149.86,149.86
HITM0002465,HORD000790,PRD0960,1,17.08,17.08
HITM0002466,HORD000791,PRD0161,1,1639.58,1639.58
HITM0002467,HORD000791,PRD0705,1,369.85,369.85
HITM0002468,HORD000792,PRD0124,2,2062.78,4125.56
HITM0002469,HORD000792,PRD0669,2,736.46,1472.92
HITM0002470,HORD000792,PRD0788,2,862.04,1724.08
HITM0002471,HORD000793,PRD0106,1,203.27,203.27
HITM0002472,HORD000793,PRD0750,1,315.03,315.03
HITM0002473,HORD000793,PRD0223,1,946.31,946.31
HITM0002474,HORD000793,PRD0947,1,1591.22,1591.22
HITM0002475,HORD000794,PRD0530,1,338.05,338.05
HITM0002476,HORD000795,PRD0958,1,128.04,128.04
HITM0002477,HORD000795,PRD0549,2,1345.32,2690.64
HITM0002478,HORD000795,PRD0542,2,1005.69,2011.38
HITM0002479,HORD000796,PRD0150,1,199.69,199.69
HITM0002480,HORD000796,PRD0340,1,315.67,315.67
HITM0002481,HORD000796,PRD0459,1,261.43,261.43
HITM0002482,HORD000797,PRD0636,1,249.94,249.94
HITM0002483,HORD000797,PRD0074,2,899.01,1798.02
HITM0002484,HORD000797,PRD0928,3,732.49,2197.47
HITM0002485,HORD000797,PRD0094,1,2315.3,2315.3
HITM0002486,HORD000798,PRD0429,1,618.41,618.41
HITM0002487,HORD000798,PRD0471,1,985.84,985.84
HITM0002488,HORD000798,PRD0740,1,235.84,235.84
HITM0002489,HORD000798,PRD0110,1,392.12,392.12
HITM0002490,HORD000799,PRD0940,1,127.15,127.15
HITM0002491,HORD000800,PRD0048,1,533.35,533.35
HITM0002492,HORD000800,PRD0190,1,40.06,40.06
HITM0002493,HORD000800,PRD0258,1,114.0,114.0
HITM0002494,HORD000800,PRD0239,1,1388.63,1388.63
HITM0002495,HORD000801,PRD0445,1,151.88,151.88
HITM0002496,HORD000801,PRD0530,2,338.05,676.1
HITM0002497,HORD000802,PRD0963,1,541.41,541.41
HITM0002498,HORD000802,PRD0418,1,735.73,735.73
HITM0002499,HORD000802,PRD0464,1,3796.9,3796.9
HITM0002500,HORD000802,PRD0977,1,2565.59,2565.59
HITM0002501,HORD000803,PRD0351,1,2766.45,2766.45
HITM0002502,HORD000803,PRD0616,1,242.48,242.48
HITM0002503,HORD000803,PRD0207,1,143.7,143.7
HITM0002504,HORD000804,PRD0523,2,837.7,1675.4
HITM0002505,HORD000804,PRD0579,1,842.98,842.98
HITM0002506,HORD000805,PRD0765,1,967.51,967.51
HITM0002507,HORD000806,PRD0739,1,345.91,345.91
HITM0002508,HORD000807,PRD0798,3,901.72,2705.16
HITM0002509,HORD000807,PRD0574,1,1591.27,1591.27
HITM0002510,HORD000807,PRD0506,1,669.77,669.77
HITM0002511,HORD000808,PRD0758,2,261.9,523.8
HITM0002512,HORD000808,PRD0302,1,987.84,987.84
HITM0002513,HORD000808,PRD0379,1,212.81,212.81
HITM0002514,HORD000809,PRD0017,2,420.96,841.92
HITM0002515,HORD000809,PRD0748,1,1008.17,1008.17
HITM0002516,HORD000809,PRD0818,1,184.36,184.36
HITM0002517,HORD000809,PRD0101,1,1370.24,1370.24
HITM0002518,HORD000810,PRD0941,1,1693.86,1693.86
HITM0002519,HORD000810,PRD0935,1,1012.52,1012.52
HITM0002520,HORD000810,PRD0646,1,525.73,525.73
HITM0002521,HORD000810,PRD0445,1,151.88,151.88
HITM0002522,HORD000811,PRD0883,1,1321.14,1321.14
HITM0002523,HORD000811,PRD0520,1,404.65,404.65
HITM0002524,HORD000811,PRD0136,1,279.93,279.93
HITM0002525,HORD000811,PRD0272,1,888.86,888.86
HITM0002526,HORD000812,PRD0737,3,194.63,583.89
HITM0002527,HORD000812,PRD0318,2,656.01,1312.02
HITM0002528,HORD000813,PRD0650,1,46.68,46.68
HITM0002529,HORD000813,PRD0993,1,448.46,448.46
HITM0002530,HORD000813,PRD0460,1,354.28,354.28
HITM0002531,HORD000813,PRD0348,1,312.21,312.21
HITM0002532,HORD000814,PRD0761,2,1492.1,2984.2
HITM0002533,HORD000814,PRD0075,3,417.39,1252.17
HITM0002534,HORD000814,PRD0153,3,1119.38,3358.14
HITM0002535,HORD000815,PRD0590,1,197.67,197.67
HITM0002536,HORD000815,PRD0573,1,850.28,850.28
HITM0002537,HORD000815,PRD0574,1,1591.27,1591.27
HITM0002538,HORD000815,PRD0907,2,60.75,121.5
HITM0002539,HORD000816,PRD0567,1,69.51,69.51
HITM0002540,HORD000816,PRD0797,1,1054.08,1054.08
HITM0002541,HORD000816,PRD0775,1,152.04,152.04
HITM0002542,HORD000816,PRD0423,1,371.68,371.68
HITM0002543,HORD000817,PRD0429,1,618.41,618.41
HITM0002544,HORD000817,PRD0296,1,331.81,331.81
HITM0002545,HORD000818,PRD0328,1,911.22,911.22
HITM0002546,HORD000818,PRD0494,1,1355.96,1355.96
HITM0002547,HORD000819,PRD0445,1,151.88,151.88
HITM0002548,HORD000819,PRD0089,1,462.29,462.29
HITM0002549,HORD000820,PRD0870,2,96.68,193.36
HITM0002550,HORD000820,PRD0327,1,1138.43,1138.43
HITM0002551,HORD000820,PRD0269,2,754.3,1508.6
HITM0002552,HORD000820,PRD0265,1,697.49,697.49
HITM0002553,HORD000821,PRD0639,1,537.34,537.34
HITM0002554,HORD000821,PRD0759,1,106.0,106.0
HITM0002555,HORD000821,PRD0568,1,977.48,977.48
HITM0002556,HORD000822,PRD0554,1,2579.35,2579.35
HITM0002557,HORD000823,PRD0968,1,213.37,213.37
HITM0002558,HORD000823,PRD0240,1,73.63,73.63
HITM0002559,HORD000823,PRD0760,1,322.74,322.74
HITM0002560,HORD000824,PRD0188,1,1032.34,1032.34
HITM0002561,HORD000824,PRD0865,1,691.66,691.66
HITM0002562,HORD000824,PRD0190,1,40.06,40.06
HITM0002563,HORD000824,PRD0650,1,46.68,46.68
HITM0002564,HORD000825,PRD0337,1,2481.18,2481.18
HITM0002565,HORD000825,PRD0479,1,361.79,361.79
HITM0002566,HORD000825,PRD0306,2,98.74,197.48
HITM0002567,HORD000825,PRD0788,1,862.04,862.04
HITM0002568,HORD000826,PRD0635,2,475.82,951.64
HITM0002569,HORD000826,PRD0550,1,224.46,224.46
HITM0002570,HORD000826,PRD0538,1,734.7,734.7
HITM0002571,HORD000827,PRD0230,1,112.24,112.24
HITM0002572,HORD000828,PRD0056,2,204.63,409.26
HITM0002573,HORD000828,PRD0459,1,261.43,261.43
HITM0002574,HORD000829,PRD0688,2,814.49,1628.98
HITM0002575,HORD000829,PRD0246,1,799.39,799.39
HITM0002576,HORD000829,PRD0645,1,295.19,295.19
HITM0002577,HORD000830,PRD0137,1,814.4,814.4
HITM0002578,HORD000830,PRD0036,1,115.89,115.89
HITM0002579,HORD000830,PRD0429,1,618.41,618.41
HITM0002580,HORD000830,PRD0245,1,834.16,834.16
HITM0002581,HORD000830,PRD0930,3,307.61,922.83
HITM0002582,HORD000831,PRD0230,1,112.24,112.24
HITM0002583,HORD000831,PRD0254,2,980.48,1960.96
HITM0002584,HORD000832,PRD0582,1,1229.26,1229.26
HITM0002585,HORD000833,PRD0588,1,914.0,914.0
HITM0002586,HORD000833,PRD0453,1,1439.62,1439.62
HITM0002587,HORD000834,PRD0189,1,815.73,815.73
HITM0002588,HORD000834,PRD0194,2,3461.26,6922.52
HITM0002589,HORD000835,PRD0869,1,1315.16,1315.16
HITM0002590,HORD000835,PRD0990,1,164.36,164.36
HITM0002591,HORD000835,PRD0580,1,50.37,50.37
HITM0002592,HORD000836,PRD0887,1,447.24,447.24
HITM0002593,HORD000836,PRD0550,2,224.46,448.92
HITM0002594,HORD000837,PRD0580,1,50.37,50.37
HITM0002595,HORD000837,PRD0880,1,330.2,330.2
HITM0002596,HORD000837,PRD0390,3,408.91,1226.73
HITM0002597,HORD000837,PRD0239,1,1388.63,1388.63
HITM0002598,HORD000838,PRD0969,1,185.9,185.9
HITM0002599,HORD000838,PRD0250,1,184.24,184.24
HITM0002600,HORD000838,PRD0572,1,1663.78,1663.78
HITM0002601,HORD000839,PRD0909,2,1280.89,2561.78
HITM0002602,HORD000839,PRD0570,1,337.54,337.54
HITM0002603,HORD000839,PRD0378,1,751.56,751.56
HITM0002604,HORD000839,PRD0118,3,184.23,552.69
HITM0002605,HORD000840,PRD0860,1,386.3,386.3
HITM0002606,HORD000840,PRD0965,1,889.37,889.37
HITM0002607,HORD000841,PRD0688,1,814.49,814.49
HITM0002608,HORD000841,PRD0810,2,140.27,280.54
HITM0002609,HORD000841,PRD0857,1,1578.93,1578.93
HITM0002610,HORD000841,PRD0112,1,1848.06,1848.06
HITM0002611,HORD000841,PRD0121,1,1415.78,1415.78
HITM0002612,HORD000842,PRD0037,3,953.09,2859.27
HITM0002613,HORD000842,PRD0306,2,98.74,197.48
HITM0002614,HORD000842,PRD0513,1,412.83,412.83
HITM0002615,HORD000843,PRD0401,1,2595.7,2595.7
HITM0002616,HORD000843,PRD0208,1,481.08,481.08
HITM0002617,HORD000843,PRD0145,1,439.24,439.24
HITM0002618,HORD000844,PRD0688,1,814.49,814.49
HITM0002619,HORD000844,PRD0306,1,98.74,98.74
HITM0002620,HORD000845,PRD0203,3,724.48,2173.44
HITM0002621,HORD000845,PRD0839,1,511.61,511.61
HITM0002622,HORD000845,PRD0278,1,105.64,105.64
HITM0002623,HORD000845,PRD0816,1,211.9,211.9
HITM0002624,HORD000845,PRD0272,1,888.86,888.86
HITM0002625,HORD000846,PRD0547,1,2322.41,2322.41
HITM0002626,HORD000847,PRD0850,1,216.39,216.39
HITM0002627,HORD000847,PRD0360,1,45.63,45.63
HITM0002628,HORD000847,PRD0852,1,869.97,869.97
HITM0002629,HORD000847,PRD0522,1,496.11,496.11
HITM0002630,HORD000848,PRD0243,1,734.66,734.66
HITM0002631,HORD000848,PRD0196,1,525.15,525.15
HITM0002632,HORD000848,PRD0218,2,872.61,1745.22
HITM0002633,HORD000848,PRD0764,1,1624.39,1624.39
HITM0002634,HORD000849,PRD0582,1,1229.26,1229.26
HITM0002635,HORD000849,PRD0433,1,641.45,641.45
HITM0002636,HORD000850,PRD0566,2,242.05,484.1
HITM0002637,HORD000850,PRD0357,1,1301.71,1301.71
HITM0002638,HORD000851,PRD0522,1,496.11,496.11
HITM0002639,HORD000851,PRD0279,3,766.46,2299.38
HITM0002640,HORD000851,PRD0873,1,448.66,448.66
HITM0002641,HORD000852,PRD0274,1,1282.28,1282.28
HITM0002642,HORD000852,PRD0118,1,184.23,184.23
HITM0002643,HORD000852,PRD0106,1,203.27,203.27
HITM0002644,HORD000852,PRD0618,1,409.5,409.5
HITM0002645,HORD000852,PRD0480,2,79.31,158.62
HITM0002646,HORD000853,PRD0759,1,106.0,106.0
HITM0002647,HORD000853,PRD0835,2,482.69,965.38
HITM0002648,HORD000853,PRD0436,2,839.37,1678.74
HITM0002649,HORD000853,PRD0840,2,125.66,251.32
HITM0002650,HORD000854,PRD0737,1,194.63,194.63
HITM0002651,HORD000855,PRD0768,1,149.86,149.86
HITM0002652,HORD000855,PRD0565,1,124.28,124.28
HITM0002653,HORD000855,PRD0190,1,40.06,40.06
HITM0002654,HORD000856,PRD0223,1,946.31,946.31
HITM0002655,HORD000856,PRD0823,1,1007.18,1007.18
HITM0002656,HORD000856,PRD0950,1,258.24,258.24
HITM0002657,HORD000856,PRD0939,1,67.43,67.43
HITM0002658,HORD000857,PRD0769,1,633.25,633.25
HITM0002659,HORD000858,PRD0094,2,2315.3,4630.6
HITM0002660,HORD000858,PRD0389,1,473.56,473.56
HITM0002661,HORD000858,PRD0162,1,767.91,767.91
HITM0002662,HORD000858,PRD0235,2,331.23,662.46
HITM0002663,HORD000859,PRD0648,1,450.1,450.1
HITM0002664,HORD000859,PRD0186,1,386.44,386.44
HITM0002665,HORD000859,PRD0152,2,509.94,1019.88
HITM0002666,HORD000860,PRD0129,1,763.45,763.45
HITM0002667,HORD000860,PRD0612,1,319.23,319.23
HITM0002668,HORD000860,PRD0349,1,1289.14,1289.14
HITM0002669,HORD000861,PRD0470,1,149.63,149.63
HITM0002670,HORD000861,PRD0467,1,2210.83,2210.83
HITM0002671,HORD000862,PRD0622,1,1760.81,1760.81
HITM0002672,HORD000862,PRD0759,1,106.0,106.0
HITM0002673,HORD000862,PRD0248,1,204.13,204.13
HITM0002674,HORD000863,PRD0844,1,2177.73,2177.73
HITM0002675,HORD000863,PRD0475,1,1066.51,1066.51
HITM0002676,HORD000864,PRD0127,1,477.02,477.02
HITM0002677,HORD000864,PRD0731,1,1123.57,1123.57
HITM0002678,HORD000864,PRD0957,1,108.95,108.95
HITM0002679,HORD000865,PRD0642,2,1123.98,2247.96
HITM0002680,HORD000865,PRD0735,1,549.71,549.71
HITM0002681,HORD000866,PRD0869,1,1315.16,1315.16
HITM0002682,HORD000866,PRD0281,1,1116.42,1116.42
HITM0002683,HORD000866,PRD0301,1,1468.04,1468.04
HITM0002684,HORD000866,PRD0682,1,1036.2,1036.2
HITM0002685,HORD000867,PRD0576,1,31.35,31.35
HITM0002686,HORD000867,PRD0114,2,3188.59,6377.18
HITM0002687,HORD000867,PRD0379,1,212.81,212.81
HITM0002688,HORD000867,PRD0382,1,680.83,680.83
HITM0002689,HORD000867,PRD0317,1,641.82,641.82
HITM0002690,HORD000868,PRD0642,1,1123.98,1123.98
HITM0002691,HORD000868,PRD0495,1,1168.15,1168.15
HITM0002692,HORD000868,PRD0922,1,1230.33,1230.33
HITM0002693,HORD000868,PRD0150,1,199.69,199.69
HITM0002694,HORD000868,PRD0330,2,96.82,193.64
HITM0002695,HORD000869,PRD0130,1,167.84,167.84
HITM0002696,HORD000869,PRD0180,2,256.4,512.8
HITM0002697,HORD000869,PRD0310,1,125.16,125.16
HITM0002698,HORD000869,PRD0524,2,405.7,811.4
HITM0002699,HORD000870,PRD0821,1,1210.81,1210.81
HITM0002700,HORD000870,PRD0889,1,743.48,743.48
HITM0002701,HORD000871,PRD0146,1,807.31,807.31
HITM0002702,HORD000871,PRD0387,1,1127.53,1127.53
HITM0002703,HORD000871,PRD0929,2,114.2,228.4
HITM0002704,HORD000871,PRD0998,1,544.17,544.17
HITM0002705,HORD000871,PRD0596,1,792.27,792.27
HITM0002706,HORD000872,PRD0758,1,261.9,261.9
HITM0002707,HORD000873,PRD0877,1,2091.32,2091.32
HITM0002708,HORD000873,PRD0857,1,1578.93,1578.93
HITM0002709,HORD000873,PRD0448,1,455.26,455.26
HITM0002710,HORD000874,PRD0477,1,610.76,610.76
HITM0002711,HORD000874,PRD0291,1,1210.2,1210.2
HITM0002712,HORD000874,PRD0802,1,914.18,914.18
HITM0002713,HORD000875,PRD0180,3,256.4,769.2
HITM0002714,HORD000875,PRD0449,2,884.72,1769.44
HITM0002715,HORD000875,PRD0994,1,2727.51,2727.51
HITM0002716,HORD000875,PRD0290,2,246.93,493.86
HITM0002717,HORD000876,PRD0073,1,674.71,674.71
HITM0002718,HORD000876,PRD0290,2,246.93,493.86
HITM0002719,HORD000877,PRD0143,2,689.45,1378.9
HITM0002720,HORD000877,PRD0123,1,501.46,501.46
HITM0002721,HORD000878,PRD0886,1,194.21,194.21
HITM0002722,HORD000878,PRD0137,2,814.4,1628.8
HITM0002723,HORD000878,PRD0126,1,290.8,290.8
HITM0002724,HORD000879,PRD0514,1,3221.3,3221.3
HITM0002725,HORD000879,PRD0130,1,167.84,167.84
HITM0002726,HORD000879,PRD0276,1,670.27,670.27
HITM0002727,HORD000879,PRD0468,1,714.1,714.1
HITM0002728,HORD000880,PRD0115,1,630.18,630.18
HITM0002729,HORD000880,PRD0117,1,654.86,654.86
HITM0002730,HORD000880,PRD0029,3,853.57,2560.71
HITM0002731,HORD000880,PRD0874,2,940.07,1880.14
HITM0002732,HORD000880,PRD0278,3,105.64,316.92
HITM0002733,HORD000881,PRD0265,3,697.49,2092.47
HITM0002734,HORD000881,PRD0570,1,337.54,337.54
HITM0002735,HORD000881,PRD0452,1,353.39,353.39
HITM0002736,HORD000881,PRD0118,1,184.23,184.23
HITM0002737,HORD000882,PRD0695,1,1012.45,1012.45
HITM0002738,HORD000882,PRD0276,1,670.27,670.27
HITM0002739,HORD000882,PRD0308,2,798.16,1596.32
HITM0002740,HORD000883,PRD0724,2,1568.29,3136.58
HITM0002741,HORD000883,PRD0006,1,520.51,520.51
HITM0002742,HORD000884,PRD0741,1,1342.0,1342.0
HITM0002743,HORD000884,PRD0166,1,462.05,462.05
HITM0002744,HORD000884,PRD0878,2,453.25,906.5
HITM0002745,HORD000884,PRD0789,1,1032.76,1032.76
HITM0002746,HORD000885,PRD0271,1,2739.77,2739.77
HITM0002747,HORD000885,PRD0865,1,691.66,691.66
HITM0002748,HORD000886,PRD0236,2,353.9,707.8
HITM0002749,HORD000887,PRD0872,1,1197.21,1197.21
HITM0002750,HORD000888,PRD0066,1,307.12,307.12
HITM0002751,HORD000888,PRD0777,1,876.73,876.73
HITM0002752,HORD000888,PRD0900,3,346.54,1039.62
HITM0002753,HORD000889,PRD0700,2,164.38,328.76
HITM0002754,HORD000889,PRD0518,1,69.83,69.83
HITM0002755,HORD000889,PRD0607,1,73.33,73.33
HITM0002756,HORD000890,PRD0902,1,1853.74,1853.74
HITM0002757,HORD000890,PRD0971,2,1081.7,2163.4
HITM0002758,HORD000890,PRD0506,1,669.77,669.77
HITM0002759,HORD000890,PRD0516,1,478.24,478.24
HITM0002760,HORD000891,PRD0486,1,188.03,188.03
HITM0002761,HORD000891,PRD0576,2,31.35,62.7
HITM0002762,HORD000891,PRD0789,2,1032.76,2065.52
HITM0002763,HORD000891,PRD0277,2,2331.99,4663.98
HITM0002764,HORD000891,PRD0844,1,2177.73,2177.73
HITM0002765,HORD000892,PRD0320,1,28.7,28.7
HITM0002766,HORD000892,PRD0298,1,727.39,727.39
HITM0002767,HORD000892,PRD0848,1,227.53,227.53
HITM0002768,HORD000892,PRD0283,1,1116.37,1116.37
HITM0002769,HORD000893,PRD0260,2,157.69,315.38
HITM0002770,HORD000893,PRD0693,2,635.88,1271.76
HITM0002771,HORD000894,PRD0365,1,454.18,454.18
HITM0002772,HORD000894,PRD0526,1,567.06,567.06
HITM0002773,HORD000894,PRD0944,2,1503.06,3006.12
HITM0002774,HORD000895,PRD0971,1,1081.7,1081.7
HITM0002775,HORD000895,PRD0980,1,171.73,171.73
HITM0002776,HORD000895,PRD0259,1,983.93,983.93
HITM0002777,HORD000895,PRD0124,1,2062.78,2062.78
HITM0002778,HORD000896,PRD0322,1,326.02,326.02
HITM0002779,HORD000896,PRD0126,1,290.8,290.8
HITM0002780,HORD000896,PRD0852,1,869.97,869.97
HITM0002781,HORD000897,PRD0320,1,28.7,28.7
HITM0002782,HORD000897,PRD0193,1,890.72,890.72
HITM0002783,HORD000897,PRD0756,1,389.58,389.58
HITM0002784,HORD000898,PRD0593,1,826.29,826.29
HITM0002785,HORD000898,PRD0989,2,71.59,143.18
HITM0002786,HORD000898,PRD0624,2,565.88,1131.76
HITM0002787,HORD000898,PRD0982,1,807.01,807.01
HITM0002788,HORD000899,PRD0378,1,751.56,751.56
HITM0002789,HORD000899,PRD0509,1,849.35,849.35
HITM0002790,HORD000899,PRD0836,1,836.56,836.56
HITM0002791,HORD000900,PRD0672,1,1815.6,1815.6
HITM0002792,HORD000900,PRD0320,1,28.7,28.7
HITM0002793,HORD000900,PRD0766,1,74.26,74.26
HITM0002794,HORD000901,PRD0374,1,517.56,517.56
HITM0002795,HORD000901,PRD0091,2,1365.66,2731.32
HITM0002796,HORD000901,PRD0689,2,195.5,391.0
HITM0002797,HORD000901,PRD0786,3,664.7,1994.1
HITM0002798,HORD000902,PRD0528,2,1044.78,2089.56
HITM0002799,HORD000902,PRD0276,1,670.27,670.27
HITM0002800,HORD000903,PRD0430,1,54.36,54.36
HITM0002801,HORD000903,PRD0262,1,1531.6,1531.6
HITM0002802,HORD000903,PRD0066,2,307.12,614.24
HITM0002803,HORD000904,PRD0856,1,426.45,426.45
HITM0002804,HORD000904,PRD0599,1,1008.74,1008.74
HITM0002805,HORD000905,PRD0876,2,844.64,1689.28
HITM0002806,HORD000905,PRD0124,1,2062.78,2062.78
HITM0002807,HORD000905,PRD0788,1,862.04,862.04
HITM0002808,HORD000906,PRD0546,1,180.12,180.12
HITM0002809,HORD000906,PRD0793,1,1315.85,1315.85
HITM0002810,HORD000906,PRD0151,1,3129.69,3129.69
HITM0002811,HORD000906,PRD0166,1,462.05,462.05
HITM0002812,HORD000907,PRD0791,1,2893.2,2893.2
HITM0002813,HORD000907,PRD0964,1,3887.56,3887.56
HITM0002814,HORD000907,PRD0026,1,720.56,720.56
HITM0002815,HORD000907,PRD0177,1,2318.68,2318.68
HITM0002816,HORD000907,PRD0765,1,967.51,967.51
HITM0002817,HORD000908,PRD0370,1,418.27,418.27
HITM0002818,HORD000908,PRD0954,2,766.53,1533.06
HITM0002819,HORD000909,PRD0429,1,618.41,618.41
HITM0002820,HORD000909,PRD0939,1,67.43,67.43
HITM0002821,HORD000910,PRD0458,1,224.27,224.27
HITM0002822,HORD000910,PRD0838,1,771.2,771.2
HITM0002823,HORD000911,PRD0426,1,708.75,708.75
HITM0002824,HORD000911,PRD0304,1,969.28,969.28
HITM0002825,HORD000911,PRD0356,1,610.16,610.16
HITM0002826,HORD000911,PRD0734,1,1461.44,1461.44
HITM0002827,HORD000912,PRD0493,1,760.85,760.85
HITM0002828,HORD000913,PRD0542,1,1005.69,1005.69
HITM0002829,HORD000913,PRD0575,2,711.89,1423.78
HITM0002830,HORD000913,PRD0839,1,511.61,511.61
HITM0002831,HORD000914,PRD0952,1,864.9,864.9
HITM0002832,HORD000914,PRD0562,1,1169.37,1169.37
HITM0002833,HORD000915,PRD0076,1,602.32,602.32
HITM0002834,HORD000915,PRD0790,1,67.36,67.36
HITM0002835,HORD000915,PRD0963,1,541.41,541.41
HITM0002836,HORD000915,PRD0753,2,720.25,1440.5
HITM0002837,HORD000915,PRD0881,1,2201.99,2201.99
HITM0002838,HORD000916,PRD0800,2,400.13,800.26
HITM0002839,HORD000916,PRD0690,1,344.6,344.6
HITM0002840,HORD000917,PRD0910,1,334.83,334.83
HITM0002841,HORD000917,PRD0390,1,408.91,408.91
HITM0002842,HORD000917,PRD0959,1,206.84,206.84
HITM0002843,HORD000917,PRD0356,1,610.16,610.16
HITM0002844,HORD000918,PRD0233,1,942.53,942.53
HITM0002845,HORD000918,PRD0603,1,380.05,380.05
HITM0002846,HORD000918,PRD0257,2,210.79,421.58
HITM0002847,HORD000919,PRD0650,2,46.68,93.36
HITM0002848,HORD000919,PRD0677,3,1475.57,4426.71
HITM0002849,HORD000919,PRD0425,2,477.89,955.78
HITM0002850,HORD000920,PRD0543,1,1522.55,1522.55
HITM0002851,HORD000920,PRD0336,1,745.18,745.18
HITM0002852,HORD000920,PRD0382,1,680.83,680.83
HITM0002853,HORD000920,PRD0362,1,301.32,301.32
HITM0002854,HORD000921,PRD0809,1,155.22,155.22
HITM0002855,HORD000921,PRD0301,1,1468.04,1468.04
HITM0002856,HORD000922,PRD0911,1,2410.39,2410.39
HITM0002857,HORD000922,PRD0226,1,549.99,549.99
HITM0002858,HORD000922,PRD0678,2,133.66,267.32
HITM0002859,HORD000923,PRD0743,1,718.63,718.63
HITM0002860,HORD000923,PRD0150,2,199.69,399.38
HITM0002861,HORD000923,PRD0268,1,876.82,876.82
HITM0002862,HORD000923,PRD0490,2,82.32,164.64
HITM0002863,HORD000923,PRD0655,1,1072.3,1072.3
HITM0002864,HORD000924,PRD0199,3,1326.1,3978.3
HITM0002865,HORD000924,PRD0254,1,980.48,980.48
HITM0002866,HORD000924,PRD0706,3,626.5,1879.5
HITM0002867,HORD000924,PRD0824,1,3837.62,3837.62
HITM0002868,HORD000925,PRD0240,1,73.63,73.63
HITM0002869,HORD000925,PRD0452,2,353.39,706.78
HITM0002870,HORD000926,PRD0130,1,167.84,167.84
HITM0002871,HORD000926,PRD0195,1,540.55,540.55
HITM0002872,HORD000926,PRD0980,1,171.73,171.73
HITM0002873,HORD000927,PRD0631,1,943.11,943.11
HITM0002874,HORD000927,PRD0107,1,1356.63,1356.63
HITM0002875,HORD000927,PRD0718,1,880.28,880.28
HITM0002876,HORD000927,PRD0953,1,534.1,534.1
HITM0002877,HORD000928,PRD0277,1,2331.99,2331.99
HITM0002878,HORD000928,PRD0768,1,149.86,149.86
HITM0002879,HORD000929,PRD0561,1,1093.04,1093.04
HITM0002880,HORD000929,PRD0535,1,992.5,992.5
HITM0002881,HORD000930,PRD0288,1,114.25,114.25
HITM0002882,HORD000930,PRD0880,1,330.2,330.2
HITM0002883,HORD000930,PRD0744,2,3214.18,6428.36
HITM0002884,HORD000931,PRD0189,2,815.73,1631.46
HITM0002885,HORD000931,PRD0526,1,567.06,567.06
HITM0002886,HORD000931,PRD0890,1,293.06,293.06
HITM0002887,HORD000931,PRD0848,2,227.53,455.06
HITM0002888,HORD000932,PRD0465,1,614.27,614.27
HITM0002889,HORD000932,PRD0811,1,1819.95,1819.95
HITM0002890,HORD000933,PRD0507,1,2383.22,2383.22
HITM0002891,HORD000933,PRD0300,2,51.94,103.88
HITM0002892,HORD000934,PRD0149,1,504.76,504.76
HITM0002893,HORD000934,PRD0072,1,1587.43,1587.43
HITM0002894,HORD000934,PRD0470,1,149.63,149.63
HITM0002895,HORD000935,PRD0939,1,67.43,67.43
HITM0002896,HORD000935,PRD0859,1,883.33,883.33
HITM0002897,HORD000935,PRD0882,1,492.86,492.86
HITM0002898,HORD000935,PRD0540,1,343.79,343.79
HITM0002899,HORD000935,PRD0110,1,392.12,392.12
HITM0002900,HORD000936,PRD0603,1,380.05,380.05
HITM0002901,HORD000937,PRD0099,1,1059.78,1059.78
HITM0002902,HORD000937,PRD0430,1,54.36,54.36
HITM0002903,HORD000937,PRD0407,1,1240.23,1240.23
HITM0002904,HORD000938,PRD0490,2,82.32,164.64
HITM0002905,HORD000938,PRD0458,2,224.27,448.54
HITM0002906,HORD000938,PRD0992,1,309.63,309.63
HITM0002907,HORD000938,PRD0160,1,332.63,332.63
HITM0002908,HORD000939,PRD0474,1,2324.49,2324.49
HITM0002909,HORD000939,PRD0983,2,1481.15,2962.3
HITM0002910,HORD000940,PRD0710,1,397.66,397.66
HITM0002911,HORD000940,PRD0235,1,331.23,331.23
HITM0002912,HORD000941,PRD0120,1,249.64,249.64
HITM0002913,HORD000942,PRD0705,1,369.85,369.85
HITM0002914,HORD000942,PRD0457,2,269.37,538.74
HITM0002915,HORD000942,PRD0491,1,2151.39,2151.39
HITM0002916,HORD000942,PRD0412,1,1351.05,1351.05
HITM0002917,HORD000943,PRD0346,2,296.52,593.04
HITM0002918,HORD000943,PRD0720,1,391.11,391.11
HITM0002919,HORD000943,PRD0500,1,137.18,137.18
HITM0002920,HORD000943,PRD0384,1,830.01,830.01
HITM0002921,HORD000943,PRD0650,1,46.68,46.68
HITM0002922,HORD000944,PRD0855,1,641.38,641.38
HITM0002923,HORD000944,PRD0603,1,380.05,380.05
HITM0002924,HORD000945,PRD0428,2,353.32,706.64
HITM0002925,HORD000945,PRD0059,1,343.68,343.68
HITM0002926,HORD000945,PRD0717,1,825.84,825.84
HITM0002927,HORD000946,PRD0816,1,211.9,211.9
HITM0002928,HORD000946,PRD0196,1,525.15,525.15
HITM0002929,HORD000946,PRD0483,1,1169.19,1169.19
HITM0002930,HORD000946,PRD0280,1,228.25,228.25
HITM0002931,HORD000947,PRD0888,1,240.68,240.68
HITM0002932,HORD000947,PRD0581,1,1656.04,1656.04
HITM0002933,HORD000947,PRD0475,2,1066.51,2133.02
HITM0002934,HORD000948,PRD0395,1,843.62,843.62
HITM0002935,HORD000948,PRD0447,1,640.94,640.94
HITM0002936,HORD000948,PRD0842,1,1443.81,1443.81
HITM0002937,HORD000948,PRD0563,2,957.85,1915.7
HITM0002938,HORD000948,PRD0977,2,2565.59,5131.18
HITM0002939,HORD000949,PRD0960,1,17.08,17.08
HITM0002940,HORD000950,PRD0510,2,225.6,451.2
HITM0002941,HORD000950,PRD0957,1,108.95,108.95
HITM0002942,HORD000950,PRD0635,1,475.82,475.82
HITM0002943,HORD000951,PRD0196,1,525.15,525.15
HITM0002944,HORD000951,PRD0600,1,200.67,200.67
HITM0002945,HORD000951,PRD0660,1,74.81,74.81
HITM0002946,HORD000951,PRD0738,2,629.85,1259.7
HITM0002947,HORD000952,PRD0457,1,269.37,269.37
HITM0002948,HORD000952,PRD0716,1,744.09,744.09
HITM0002949,HORD000952,PRD0969,1,185.9,185.9
HITM0002950,HORD000953,PRD0440,1,306.74,306.74
HITM0002951,HORD000953,PRD0576,1,31.35,31.35
HITM0002952,HORD000953,PRD0794,1,3939.25,3939.25
HITM0002953,HORD000953,PRD0490,1,82.32,82.32
HITM0002954,HORD000953,PRD0302,2,987.84,1975.68
HITM0002955,HORD000954,PRD0616,3,242.48,727.44
HITM0002956,HORD000954,PRD0146,2,807.31,1614.62
HITM0002957,HORD000954,PRD0246,1,799.39,799.39
HITM0002958,HORD000955,PRD0852,2,869.97,1739.94
HITM0002959,HORD000955,PRD0042,2,1767.57,3535.14
HITM0002960,HORD000955,PRD0798,1,901.72,901.72
HITM0002961,HORD000955,PRD0310,2,125.16,250.32
HITM0002962,HORD000956,PRD0463,1,1555.83,1555.83
HITM0002963,HORD000956,PRD0051,1,2503.01,2503.01
HITM0002964,HORD000956,PRD0042,1,1767.57,1767.57
HITM0002965,HORD000956,PRD0003,1,857.07,857.07
HITM0002966,HORD000956,PRD0831,1,2116.77,2116.77
HITM0002967,HORD000957,PRD0431,2,2819.89,5639.78
HITM0002968,HORD000957,PRD0303,1,922.23,922.23
HITM0002969,HORD000957,PRD0678,1,133.66,133.66
HITM0002970,HORD000958,PRD0449,1,884.72,884.72
HITM0002971,HORD000958,PRD0704,1,2898.48,2898.48
HITM0002972,HORD000958,PRD0966,2,272.72,545.44
HITM0002973,HORD000959,PRD0173,1,320.83,320.83
HITM0002974,HORD000959,PRD0133,1,362.55,362.55
HITM0002975,HORD000959,PRD0874,1,940.07,940.07
HITM0002976,HORD000959,PRD0833,1,1527.84,1527.84
HITM0002977,HORD000959,PRD0056,1,204.63,204.63
HITM0002978,HORD000960,PRD0470,1,149.63,149.63
HITM0002979,HORD000960,PRD0412,1,1351.05,1351.05
HITM0002980,HORD000961,PRD0993,1,448.46,448.46
HITM0002981,HORD000961,PRD0421,1,2357.2,2357.2
HITM0002982,HORD000961,PRD0198,2,1001.22,2002.44
HITM0002983,HORD000961,PRD0355,1,703.23,703.23
HITM0002984,HORD000962,PRD0900,3,346.54,1039.62
HITM0002985,HORD000962,PRD0284,2,4114.93,8229.86
HITM0002986,HORD000962,PRD0685,1,755.89,755.89
HITM0002987,HORD000963,PRD0497,1,2286.18,2286.18
HITM0002988,HORD000963,PRD0484,2,2872.29,5744.58
HITM0002989,HORD000963,PRD0940,2,127.15,254.3
HITM0002990,HORD000964,PRD0487,1,2539.52,2539.52
HITM0002991,HORD000964,PRD0328,1,911.22,911.22
HITM0002992,HORD000964,PRD0719,2,1107.84,2215.68
HITM0002993,HORD000965,PRD0239,1,1388.63,1388.63
HITM0002994,HORD000965,PRD0716,1,744.09,744.09
HITM0002995,HORD000966,PRD0571,1,2591.37,2591.37
HITM0002996,HORD000966,PRD0624,2,565.88,1131.76
HITM0002997,HORD000966,PRD0937,1,1473.98,1473.98
HITM0002998,HORD000966,PRD0173,2,320.83,641.66
HITM0002999,HORD000967,PRD0341,1,2089.96,2089.96
HITM0003000,HORD000968,PRD0370,1,418.27,418.27
HITM0003001,HORD000968,PRD0186,2,386.44,772.88
HITM0003002,HORD000968,PRD0245,1,834.16,834.16
HITM0003003,HORD000968,PRD0236,1,353.9,353.9
HITM0003004,HORD000969,PRD0659,1,1177.04,1177.04
HITM0003005,HORD000969,PRD0258,1,114.0,114.0
HITM0003006,HORD000969,PRD0319,1,361.0,361.0
HITM0003007,HORD000970,PRD0286,1,752.91,752.91
HITM0003008,HORD000970,PRD0796,2,559.87,1119.74
HITM0003009,HORD000970,PRD0193,1,890.72,890.72
HITM0003010,HORD000970,PRD0360,1,45.63,45.63
HITM0003011,HORD000971,PRD0918,2,697.62,1395.24
HITM0003012,HORD000971,PRD0375,2,1092.09,2184.18
HITM0003013,HORD000971,PRD0110,1,392.12,392.12
HITM0003014,HORD000972,PRD0522,2,496.11,992.22
HITM0003015,HORD000972,PRD0796,2,559.87,1119.74
HITM0003016,HORD000972,PRD0320,1,28.7,28.7
HITM0003017,HORD000973,PRD0257,1,210.79,210.79
HITM0003018,HORD000973,PRD0230,1,112.24,112.24
HITM0003019,HORD000973,PRD0420,1,409.7,409.7
HITM0003020,HORD000973,PRD0008,1,751.87,751.87
HITM0003021,HORD000973,PRD0219,2,450.54,901.08
HITM0003022,HORD000974,PRD0326,1,639.28,639.28
HITM0003023,HORD000974,PRD0512,1,853.67,853.67
HITM0003024,HORD000974,PRD0091,1,1365.66,1365.66
HITM0003025,HORD000974,PRD0578,1,307.89,307.89
HITM0003026,HORD000974,PRD0528,1,1044.78,1044.78
HITM0003027,HORD000975,PRD0840,1,125.66,125.66
HITM0003028,HORD000975,PRD0742,1,1768.06,1768.06
HITM0003029,HORD000976,PRD0630,1,167.94,167.94
HITM0003030,HORD000976,PRD0053,1,1382.46,1382.46
HITM0003031,HORD000976,PRD0017,1,420.96,420.96
HITM0003032,HORD000976,PRD0233,1,942.53,942.53
HITM0003033,HORD000977,PRD0981,2,1483.54,2967.08
HITM0003034,HORD000977,PRD0507,1,2383.22,2383.22
HITM0003035,HORD000977,PRD0021,1,1354.38,1354.38
HITM0003036,HORD000978,PRD0869,1,1315.16,1315.16
HITM0003037,HORD000978,PRD0639,1,537.34,537.34
HITM0003038,HORD000978,PRD0505,1,268.59,268.59
HITM0003039,HORD000979,PRD0433,2,641.45,1282.9
HITM0003040,HORD000979,PRD0762,1,1723.61,1723.61
HITM0003041,HORD000979,PRD0862,1,750.64,750.64
HITM0003042,HORD000979,PRD0192,1,491.21,491.21
HITM0003043,HORD000980,PRD0859,1,883.33,883.33
HITM0003044,HORD000980,PRD0398,1,135.19,135.19
HITM0003045,HORD000980,PRD0010,2,253.38,506.76
HITM0003046,HORD000980,PRD0913,1,1112.44,1112.44
HITM0003047,HORD000981,PRD0205,1,645.51,645.51
HITM0003048,HORD000981,PRD0884,2,1284.0,2568.0
HITM0003049,HORD000981,PRD0678,1,133.66,133.66
HITM0003050,HORD000982,PRD0429,1,618.41,618.41
HITM0003051,HORD000982,PRD0457,1,269.37,269.37
HITM0003052,HORD000982,PRD0248,2,204.13,408.26
HITM0003053,HORD000983,PRD0439,1,236.05,236.05
HITM0003054,HORD000983,PRD0058,1,774.04,774.04
HITM0003055,HORD000983,PRD0013,1,291.07,291.07
HITM0003056,HORD000983,PRD0625,2,458.46,916.92
HITM0003057,HORD000983,PRD0271,2,2739.77,5479.54
HITM0003058,HORD000984,PRD0465,1,614.27,614.27
HITM0003059,HORD000984,PRD0589,1,222.62,222.62
HITM0003060,HORD000985,PRD0739,2,345.91,691.82
HITM0003061,HORD000985,PRD0065,1,806.18,806.18
HITM0003062,HORD000985,PRD0565,1,124.28,124.28
HITM0003063,HORD000986,PRD0030,1,278.37,278.37
HITM0003064,HORD000986,PRD0484,1,2872.29,2872.29
HITM0003065,HORD000986,PRD0682,1,1036.2,1036.2
HITM0003066,HORD000987,PRD0509,2,849.35,1698.7
HITM0003067,HORD000988,PRD0960,1,17.08,17.08
HITM0003068,HORD000988,PRD0505,3,268.59,805.77
HITM0003069,HORD000988,PRD0558,1,399.27,399.27
HITM0003070,HORD000988,PRD0546,2,180.12,360.24
HITM0003071,HORD000989,PRD0762,1,1723.61,1723.61
HITM0003072,HORD000990,PRD0756,1,389.58,389.58
HITM0003073,HORD000990,PRD0078,1,991.52,991.52
HITM0003074,HORD000990,PRD0266,1,439.49,439.49
HITM0003075,HORD000990,PRD0572,1,1663.78,1663.78
HITM0003076,HORD000990,PRD0704,1,2898.48,2898.48
HITM0003077,HORD000991,PRD0004,2,4084.76,8169.52
HITM0003078,HORD000991,PRD0159,1,852.41,852.41
HITM0003079,HORD000991,PRD0804,1,3851.02,3851.02
HITM0003080,HORD000991,PRD0388,3,191.0,573.0
HITM0003081,HORD000992,PRD0258,1,114.0,114.0
HITM0003082,HORD000992,PRD0648,1,450.1,450.1
HITM0003083,HORD000992,PRD0436,1,839.37,839.37
HITM0003084,HORD000992,PRD0549,2,1345.32,2690.64
HITM0003085,HORD000992,PRD0427,2,1110.4,2220.8
HITM0003086,HORD000993,PRD0826,1,774.78,774.78
HITM0003087,HORD000994,PRD0737,1,194.63,194.63
HITM0003088,HORD000995,PRD0361,1,2952.43,2952.43
HITM0003089,HORD000995,PRD0445,1,151.88,151.88
HITM0003090,HORD000995,PRD0839,1,511.61,511.61
HITM0003091,HORD000995,PRD0055,2,1019.33,2038.66
HITM0003092,HORD000996,PRD0057,1,2000.1,2000.1
HITM0003093,HORD000996,PRD0307,1,2188.41,2188.41
HITM0003094,HORD000996,PRD0493,1,760.85,760.85
HITM0003095,HORD000997,PRD0326,2,639.28,1278.56
HITM0003096,HORD000998,PRD0485,2,381.77,763.54
HITM0003097,HORD000998,PRD0856,1,426.45,426.45
HITM0003098,HORD000998,PRD0956,1,339.76,339.76
HITM0003099,HORD000999,PRD0922,1,1230.33,1230.33
HITM0003100,HORD000999,PRD0764,2,1624.39,3248.78
HITM0003101,HORD000999,PRD0680,1,146.6,146.6
HITM0003102,HORD000999,PRD0778,1,271.67,271.67
HITM0003103,HORD000999,PRD0427,1,1110.4,1110.4
HITM0003104,HORD001000,PRD0731,1,1123.57,1123.57
HITM0003105,HORD001000,PRD0116,1,182.09,182.09
HITM0003106,HORD001001,PRD0637,2,2406.77,4813.54
HITM0003107,HORD001001,PRD0165,2,808.77,1617.54
HITM0003108,HORD001001,PRD0147,1,172.97,172.97
HITM0003109,HORD001001,PRD0354,1,2839.63,2839.63
HITM0003110,HORD001002,PRD0460,2,354.28,708.56
HITM0003111,HORD001002,PRD0447,1,640.94,640.94
HITM0003112,HORD001003,PRD0882,1,492.86,492.86
HITM0003113,HORD001003,PRD0902,1,1853.74,1853.74
HITM0003114,HORD001003,PRD0478,1,1005.98,1005.98
HITM0003115,HORD001004,PRD0496,1,92.5,92.5
HITM0003116,HORD001004,PRD0772,1,356.92,356.92
HITM0003117,HORD001004,PRD0881,3,2201.99,6605.97
HITM0003118,HORD001005,PRD0806,1,541.85,541.85
HITM0003119,HORD001005,PRD0952,1,864.9,864.9
HITM0003120,HORD001006,PRD0401,1,2595.7,2595.7
HITM0003121,HORD001006,PRD0696,1,548.07,548.07
HITM0003122,HORD001006,PRD0937,1,1473.98,1473.98
HITM0003123,HORD001006,PRD0123,1,501.46,501.46
HITM0003124,HORD001006,PRD0185,1,925.9,925.9
HITM0003125,HORD001007,PRD0652,1,1247.24,1247.24
HITM0003126,HORD001007,PRD0354,1,2839.63,2839.63
HITM0003127,HORD001008,PRD0442,1,327.53,327.53
HITM0003128,HORD001008,PRD0941,2,1693.86,3387.72
HITM0003129,HORD001008,PRD0754,1,588.75,588.75
HITM0003130,HORD001008,PRD0545,1,456.26,456.26
HITM0003131,HORD001009,PRD0718,1,880.28,880.28
HITM0003132,HORD001009,PRD0675,1,1138.38,1138.38
HITM0003133,HORD001010,PRD0458,1,224.27,224.27
HITM0003134,HORD001010,PRD0830,1,231.45,231.45
HITM0003135,HORD001010,PRD0283,1,1116.37,1116.37
HITM0003136,HORD001010,PRD0980,1,171.73,171.73
HITM0003137,HORD001010,PRD0853,1,1074.57,1074.57
HITM0003138,HORD001011,PRD0001,1,2686.14,2686.14
HITM0003139,HORD001011,PRD0445,1,151.88,151.88
HITM0003140,HORD001012,PRD0784,1,3166.81,3166.81
HITM0003141,HORD001012,PRD0216,1,833.75,833.75
HITM0003142,HORD001012,PRD0941,1,1693.86,1693.86
HITM0003143,HORD001013,PRD0458,1,224.27,224.27
HITM0003144,HORD001013,PRD0456,2,700.91,1401.82
HITM0003145,HORD001013,PRD0969,1,185.9,185.9
HITM0003146,HORD001014,PRD0111,2,2559.72,5119.44
HITM0003147,HORD001014,PRD0986,1,318.21,318.21
HITM0003148,HORD001014,PRD0509,1,849.35,849.35
HITM0003149,HORD001015,PRD0524,1,405.7,405.7
HITM0003150,HORD001015,PRD0258,1,114.0,114.0
HITM0003151,HORD001015,PRD0462,1,1478.68,1478.68
HITM0003152,HORD001015,PRD0162,1,767.91,767.91
HITM0003153,HORD001016,PRD0256,1,42.53,42.53
HITM0003154,HORD001016,PRD0386,1,663.23,663.23
HITM0003155,HORD001016,PRD0390,1,408.91,408.91
HITM0003156,HORD001016,PRD0884,1,1284.0,1284.0
HITM0003157,HORD001016,PRD0818,1,184.36,184.36
HITM0003158,HORD001017,PRD0086,2,372.14,744.28
HITM0003159,HORD001017,PRD0353,1,1448.25,1448.25
HITM0003160,HORD001017,PRD0363,1,1343.45,1343.45
HITM0003161,HORD001018,PRD0179,1,428.63,428.63
HITM0003162,HORD001018,PRD0321,1,1311.96,1311.96
HITM0003163,HORD001018,PRD0262,1,1531.6,1531.6
HITM0003164,HORD001019,PRD0363,1,1343.45,1343.45
HITM0003165,HORD001019,PRD0793,1,1315.85,1315.85
HITM0003166,HORD001019,PRD0348,1,312.21,312.21
HITM0003167,HORD001020,PRD0898,1,450.61,450.61
HITM0003168,HORD001020,PRD0768,2,149.86,299.72
HITM0003169,HORD001020,PRD0890,1,293.06,293.06
HITM0003170,HORD001020,PRD0240,1,73.63,73.63
HITM0003171,HORD001020,PRD0345,1,257.9,257.9
HITM0003172,HORD001021,PRD0812,1,1554.96,1554.96
HITM0003173,HORD001021,PRD0320,1,28.7,28.7
HITM0003174,HORD001021,PRD0492,1,1140.56,1140.56
HITM0003175,HORD001021,PRD0182,2,908.42,1816.84
HITM0003176,HORD001022,PRD0768,1,149.86,149.86
HITM0003177,HORD001022,PRD0299,1,1412.32,1412.32
HITM0003178,HORD001022,PRD0173,1,320.83,320.83
HITM0003179,HORD001022,PRD0766,2,74.26,148.52
HITM0003180,HORD001023,PRD0266,1,439.49,439.49
HITM0003181,HORD001023,PRD0326,1,639.28,639.28
HITM0003182,HORD001024,PRD0048,1,533.35,533.35
HITM0003183,HORD001024,PRD0947,1,1591.22,1591.22
HITM0003184,HORD001025,PRD0048,2,533.35,1066.7
HITM0003185,HORD001025,PRD0140,1,211.53,211.53
HITM0003186,HORD001025,PRD0773,2,497.83,995.66
HITM0003187,HORD001026,PRD0065,1,806.18,806.18
HITM0003188,HORD001026,PRD0899,1,1454.64,1454.64
HITM0003189,HORD001026,PRD0610,1,394.62,394.62
HITM0003190,HORD001027,PRD0648,1,450.1,450.1
HITM0003191,HORD001027,PRD0662,1,1356.37,1356.37
HITM0003192,HORD001028,PRD0946,1,180.12,180.12
HITM0003193,HORD001028,PRD0430,1,54.36,54.36
HITM0003194,HORD001028,PRD0856,3,426.45,1279.35
HITM0003195,HORD001028,PRD0444,2,2746.34,5492.68
HITM0003196,HORD001028,PRD0255,1,690.05,690.05
HITM0003197,HORD001029,PRD0479,1,361.79,361.79
HITM0003198,HORD001029,PRD0327,2,1138.43,2276.86
HITM0003199,HORD001029,PRD0534,1,459.7,459.7
HITM0003200,HORD001030,PRD0976,1,554.65,554.65
HITM0003201,HORD001030,PRD0942,1,1446.32,1446.32
HITM0003202,HORD001030,PRD0972,1,1644.08,1644.08
HITM0003203,HORD001031,PRD0757,1,1982.25,1982.25
HITM0003204,HORD001031,PRD0979,1,96.35,96.35
HITM0003205,HORD001031,PRD0798,2,901.72,1803.44
HITM0003206,HORD001032,PRD0650,1,46.68,46.68
HITM0003207,HORD001032,PRD0856,1,426.45,426.45
HITM0003208,HORD001032,PRD0809,1,155.22,155.22
HITM0003209,HORD001033,PRD0519,1,700.92,700.92
HITM0003210,HORD001033,PRD0019,1,708.96,708.96
HITM0003211,HORD001033,PRD0040,1,348.21,348.21
HITM0003212,HORD001034,PRD0408,2,297.69,595.38
HITM0003213,HORD001034,PRD0748,1,1008.17,1008.17
HITM0003214,HORD001034,PRD0775,1,152.04,152.04
HITM0003215,HORD001034,PRD0950,2,258.24,516.48
HITM0003216,HORD001034,PRD0224,1,3987.47,3987.47
HITM0003217,HORD001035,PRD0485,1,381.77,381.77
HITM0003218,HORD001035,PRD0728,1,1077.83,1077.83
HITM0003219,HORD001035,PRD0923,2,771.16,1542.32
HITM0003220,HORD001036,PRD0925,1,1091.53,1091.53
HITM0003221,HORD001036,PRD0739,2,345.91,691.82
HITM0003222,HORD001036,PRD0915,1,741.57,741.57
HITM0003223,HORD001036,PRD0082,2,411.13,822.26
HITM0003224,HORD001037,PRD0190,1,40.06,40.06
HITM0003225,HORD001038,PRD0239,3,1388.63,4165.89
HITM0003226,HORD001039,PRD0830,1,231.45,231.45
HITM0003227,HORD001039,PRD0410,1,331.6,331.6
HITM0003228,HORD001039,PRD0886,1,194.21,194.21
HITM0003229,HORD001039,PRD0968,2,213.37,426.74
HITM0003230,HORD001040,PRD0576,1,31.35,31.35
HITM0003231,HORD001040,PRD0173,1,320.83,320.83
HITM0003232,HORD001040,PRD0517,1,898.69,898.69
HITM0003233,HORD001041,PRD0636,1,249.94,249.94
HITM0003234,HORD001042,PRD0737,3,194.63,583.89
HITM0003235,HORD001042,PRD0652,1,1247.24,1247.24
HITM0003236,HORD001042,PRD0886,2,194.21,388.42
HITM0003237,HORD001042,PRD0588,1,914.0,914.0
HITM0003238,HORD001043,PRD0252,2,1339.74,2679.48
HITM0003239,HORD001043,PRD0281,1,1116.42,1116.42
HITM0003240,HORD001044,PRD0134,1,1553.3,1553.3
HITM0003241,HORD001044,PRD0008,1,751.87,751.87
HITM0003242,HORD001044,PRD0671,1,1959.57,1959.57
HITM0003243,HORD001045,PRD0961,1,1247.08,1247.08
HITM0003244,HORD001045,PRD0705,2,369.85,739.7
HITM0003245,HORD001045,PRD0640,1,362.06,362.06
HITM0003246,HORD001045,PRD0434,1,1657.3,1657.3
HITM0003247,HORD001046,PRD0947,1,1591.22,1591.22
HITM0003248,HORD001046,PRD0833,1,1527.84,1527.84
HITM0003249,HORD001046,PRD0946,1,180.12,180.12
HITM0003250,HORD001047,PRD0509,1,849.35,849.35
HITM0003251,HORD001047,PRD0374,1,517.56,517.56
HITM0003252,HORD001047,PRD0188,2,1032.34,2064.68
HITM0003253,HORD001048,PRD0107,1,1356.63,1356.63
HITM0003254,HORD001048,PRD0396,1,147.51,147.51
HITM0003255,HORD001048,PRD0179,2,428.63,857.26
HITM0003256,HORD001049,PRD0976,3,554.65,1663.95
HITM0003257,HORD001049,PRD0240,2,73.63,147.26
HITM0003258,HORD001049,PRD0899,1,1454.64,1454.64
HITM0003259,HORD001050,PRD0376,1,294.68,294.68
HITM0003260,HORD001050,PRD0746,1,367.02,367.02
HITM0003261,HORD001051,PRD0873,1,448.66,448.66
HITM0003262,HORD001051,PRD0329,1,716.82,716.82
HITM0003263,HORD001051,PRD0502,1,1155.49,1155.49
HITM0003264,HORD001052,PRD0349,2,1289.14,2578.28
HITM0003265,HORD001052,PRD0483,1,1169.19,1169.19
HITM0003266,HORD001053,PRD0220,1,261.65,261.65
HITM0003267,HORD001053,PRD0793,2,1315.85,2631.7
HITM0003268,HORD001053,PRD0670,2,278.65,557.3
HITM0003269,HORD001053,PRD0017,1,420.96,420.96
HITM0003270,HORD001053,PRD0157,2,93.87,187.74
HITM0003271,HORD001054,PRD0585,1,883.47,883.47
HITM0003272,HORD001054,PRD0414,1,3331.8,3331.8
HITM0003273,HORD001054,PRD0398,1,135.19,135.19
HITM0003274,HORD001055,PRD0419,1,903.5,903.5
HITM0003275,HORD001056,PRD0089,2,462.29,924.58
HITM0003276,HORD001056,PRD0527,1,934.45,934.45
HITM0003277,HORD001056,PRD0804,2,3851.02,7702.04
HITM0003278,HORD001057,PRD0291,1,1210.2,1210.2
HITM0003279,HORD001057,PRD0510,1,225.6,225.6
HITM0003280,HORD001058,PRD0390,1,408.91,408.91
HITM0003281,HORD001058,PRD0138,1,889.51,889.51
HITM0003282,HORD001059,PRD0434,1,1657.3,1657.3
HITM0003283,HORD001059,PRD0442,1,327.53,327.53
HITM0003284,HORD001059,PRD0410,1,331.6,331.6
HITM0003285,HORD001059,PRD0300,1,51.94,51.94
HITM0003286,HORD001060,PRD0436,1,839.37,839.37
HITM0003287,HORD001060,PRD0598,1,73.8,73.8
HITM0003288,HORD001060,PRD0072,1,1587.43,1587.43
HITM0003289,HORD001061,PRD0717,1,825.84,825.84
HITM0003290,HORD001062,PRD0656,1,748.82,748.82
HITM0003291,HORD001062,PRD0207,1,143.7,143.7
HITM0003292,HORD001062,PRD0476,1,336.11,336.11
HITM0003293,HORD001062,PRD0139,1,323.99,323.99
HITM0003294,HORD001063,PRD0096,1,259.24,259.24
HITM0003295,HORD001063,PRD0207,1,143.7,143.7
HITM0003296,HORD001063,PRD0442,1,327.53,327.53
HITM0003297,HORD001063,PRD0345,1,257.9,257.9
HITM0003298,HORD001064,PRD0907,1,60.75,60.75
HITM0003299,HORD001064,PRD0404,1,2624.06,2624.06
HITM0003300,HORD001064,PRD0078,1,991.52,991.52
HITM0003301,HORD001064,PRD0126,2,290.8,581.6
HITM0003302,HORD001064,PRD0948,2,849.18,1698.36
HITM0003303,HORD001065,PRD0436,1,839.37,839.37
HITM0003304,HORD001065,PRD0994,1,2727.51,2727.51
HITM0003305,HORD001066,PRD0706,1,626.5,626.5
HITM0003306,HORD001066,PRD0681,1,2318.05,2318.05
HITM0003307,HORD001066,PRD0327,1,1138.43,1138.43
HITM0003308,HORD001066,PRD0959,2,206.84,413.68
HITM0003309,HORD001067,PRD0185,2,925.9,1851.8
HITM0003310,HORD001067,PRD0877,1,2091.32,2091.32
HITM0003311,HORD001067,PRD0462,2,1478.68,2957.36
HITM0003312,HORD001068,PRD0823,1,1007.18,1007.18
HITM0003313,HORD001068,PRD0960,2,17.08,34.16
HITM0003314,HORD001068,PRD0536,1,430.74,430.74
HITM0003315,HORD001069,PRD0230,1,112.24,112.24
HITM0003316,HORD001069,PRD0694,1,721.36,721.36
HITM0003317,HORD001070,PRD0061,1,1919.38,1919.38
HITM0003318,HORD001070,PRD0925,1,1091.53,1091.53
HITM0003319,HORD001070,PRD0272,1,888.86,888.86
HITM0003320,HORD001070,PRD0013,2,291.07,582.14
HITM0003321,HORD001071,PRD0121,2,1415.78,2831.56
HITM0003322,HORD001071,PRD0137,1,814.4,814.4
HITM0003323,HORD001071,PRD0592,1,1152.46,1152.46
HITM0003324,HORD001071,PRD0247,1,55.39,55.39
HITM0003325,HORD001072,PRD1000,1,175.0,175.0
HITM0003326,HORD001072,PRD0386,1,663.23,663.23
HITM0003327,HORD001072,PRD0270,1,237.62,237.62
HITM0003328,HORD001073,PRD0390,1,408.91,408.91
HITM0003329,HORD001073,PRD0102,1,1782.17,1782.17
HITM0003330,HORD001073,PRD0888,1,240.68,240.68
HITM0003331,HORD001074,PRD0376,1,294.68,294.68
HITM0003332,HORD001074,PRD0080,1,302.02,302.02
HITM0003333,HORD001074,PRD0774,2,1438.07,2876.14
HITM0003334,HORD001074,PRD0129,1,763.45,763.45
HITM0003335,HORD001074,PRD0907,1,60.75,60.75
HITM0003336,HORD001075,PRD0843,1,527.91,527.91
HITM0003337,HORD001076,PRD0186,1,386.44,386.44
HITM0003338,HORD001076,PRD0930,1,307.61,307.61
HITM0003339,HORD001076,PRD0818,1,184.36,184.36
HITM0003340,HORD001076,PRD0532,1,837.86,837.86
HITM0003341,HORD001076,PRD0576,1,31.35,31.35
HITM0003342,HORD001077,PRD0127,1,477.02,477.02
HITM0003343,HORD001078,PRD0021,1,1354.38,1354.38
HITM0003344,HORD001078,PRD0595,1,126.92,126.92
HITM0003345,HORD001078,PRD0258,1,114.0,114.0
HITM0003346,HORD001079,PRD0566,2,242.05,484.1
HITM0003347,HORD001079,PRD0211,1,2751.59,2751.59
HITM0003348,HORD001079,PRD0148,1,319.75,319.75
HITM0003349,HORD001079,PRD0556,3,279.39,838.17
HITM0003350,HORD001080,PRD0534,1,459.7,459.7
HITM0003351,HORD001080,PRD0659,1,1177.04,1177.04
HITM0003352,HORD001080,PRD0730,1,147.29,147.29
HITM0003353,HORD001081,PRD0662,1,1356.37,1356.37
HITM0003354,HORD001082,PRD0584,1,2405.29,2405.29
HITM0003355,HORD001082,PRD0826,1,774.78,774.78
HITM0003356,HORD001082,PRD0369,2,663.84,1327.68
HITM0003357,HORD001083,PRD0073,2,674.71,1349.42
HITM0003358,HORD001083,PRD0389,1,473.56,473.56
HITM0003359,HORD001083,PRD0288,1,114.25,114.25
HITM0003360,HORD001084,PRD0256,1,42.53,42.53
HITM0003361,HORD001084,PRD0329,1,716.82,716.82
HITM0003362,HORD001085,PRD0524,1,405.7,405.7
HITM0003363,HORD001085,PRD0160,1,332.63,332.63
HITM0003364,HORD001085,PRD0887,1,447.24,447.24
HITM0003365,HORD001085,PRD0552,1,359.04,359.04
HITM0003366,HORD001086,PRD0662,1,1356.37,1356.37
HITM0003367,HORD001086,PRD0300,1,51.94,51.94
HITM0003368,HORD001086,PRD0998,2,544.17,1088.34
HITM0003369,HORD001087,PRD0260,1,157.69,157.69
HITM0003370,HORD001087,PRD0026,1,720.56,720.56
HITM0003371,HORD001088,PRD0690,1,344.6,344.6
HITM0003372,HORD001088,PRD0293,2,663.82,1327.64
HITM0003373,HORD001088,PRD0186,1,386.44,386.44
HITM0003374,HORD001089,PRD0342,1,1575.88,1575.88
HITM0003375,HORD001090,PRD0433,1,641.45,641.45
HITM0003376,HORD001090,PRD0421,1,2357.2,2357.2
HITM0003377,HORD001090,PRD0808,1,444.53,444.53
HITM0003378,HORD001090,PRD1000,1,175.0,175.0
HITM0003379,HORD001091,PRD0540,1,343.79,343.79
HITM0003380,HORD001091,PRD0227,1,2409.78,2409.78
HITM0003381,HORD001092,PRD0913,2,1112.44,2224.88
HITM0003382,HORD001092,PRD0868,1,421.43,421.43
HITM0003383,HORD001092,PRD0966,2,272.72,545.44
HITM0003384,HORD001093,PRD0243,1,734.66,734.66
HITM0003385,HORD001093,PRD0387,1,1127.53,1127.53
HITM0003386,HORD001094,PRD0716,2,744.09,1488.18
HITM0003387,HORD001094,PRD0120,2,249.64,499.28
HITM0003388,HORD001094,PRD0802,2,914.18,1828.36
HITM0003389,HORD001094,PRD0385,1,602.62,602.62
HITM0003390,HORD001095,PRD0181,1,1299.25,1299.25
HITM0003391,HORD001095,PRD0586,2,421.13,842.26
HITM0003392,HORD001095,PRD0476,1,336.11,336.11
HITM0003393,HORD001095,PRD0565,2,124.28,248.56
HITM0003394,HORD001096,PRD0330,2,96.82,193.64
HITM0003395,HORD001096,PRD0550,1,224.46,224.46
HITM0003396,HORD001096,PRD0106,1,203.27,203.27
HITM0003397,HORD001097,PRD0904,1,2754.33,2754.33
HITM0003398,HORD001097,PRD0679,1,399.42,399.42
HITM0003399,HORD001097,PRD0710,1,397.66,397.66
HITM0003400,HORD001098,PRD0870,1,96.68,96.68
HITM0003401,HORD001098,PRD0176,1,259.71,259.71
HITM0003402,HORD001098,PRD0766,1,74.26,74.26
HITM0003403,HORD001098,PRD0342,1,1575.88,1575.88
HITM0003404,HORD001099,PRD0881,1,2201.99,2201.99
HITM0003405,HORD001100,PRD0766,1,74.26,74.26
HITM0003406,HORD001100,PRD0728,1,1077.83,1077.83
HITM0003407,HORD001101,PRD0200,1,317.39,317.39
HITM0003408,HORD001101,PRD0293,1,663.82,663.82
HITM0003409,HORD001102,PRD0096,1,259.24,259.24
HITM0003410,HORD001102,PRD0320,1,28.7,28.7
HITM0003411,HORD001102,PRD0975,1,989.01,989.01
HITM0003412,HORD001102,PRD0503,1,892.6,892.6
HITM0003413,HORD001102,PRD0730,2,147.29,294.58
HITM0003414,HORD001103,PRD0790,2,67.36,134.72
HITM0003415,HORD001103,PRD0457,1,269.37,269.37
HITM0003416,HORD001104,PRD0731,1,1123.57,1123.57
HITM0003417,HORD001105,PRD0460,2,354.28,708.56
HITM0003418,HORD001105,PRD0960,1,17.08,17.08
HITM0003419,HORD001105,PRD0311,1,2276.13,2276.13
HITM0003420,HORD001105,PRD0372,1,748.02,748.02
HITM0003421,HORD001106,PRD0470,2,149.63,299.26
HITM0003422,HORD001106,PRD0897,1,1151.44,1151.44
HITM0003423,HORD001106,PRD0500,1,137.18,137.18
HITM0003424,HORD001106,PRD0159,1,852.41,852.41
HITM0003425,HORD001106,PRD0059,1,343.68,343.68
HITM0003426,HORD001107,PRD0071,1,1793.74,1793.74
HITM0003427,HORD001107,PRD0819,1,1070.76,1070.76
HITM0003428,HORD001107,PRD0119,1,752.72,752.72
HITM0003429,HORD001108,PRD0946,1,180.12,180.12
HITM0003430,HORD001108,PRD0978,1,617.29,617.29
HITM0003431,HORD001109,PRD0032,1,332.03,332.03
HITM0003432,HORD001109,PRD0259,1,983.93,983.93
HITM0003433,HORD001109,PRD0072,2,1587.43,3174.86
HITM0003434,HORD001109,PRD0776,1,133.13,133.13
HITM0003435,HORD001110,PRD0917,1,1918.86,1918.86
HITM0003436,HORD001110,PRD0786,2,664.7,1329.4
HITM0003437,HORD001111,PRD0782,1,743.41,743.41
HITM0003438,HORD001111,PRD0585,1,883.47,883.47
HITM0003439,HORD001111,PRD0082,1,411.13,411.13
HITM0003440,HORD001112,PRD0526,1,567.06,567.06
HITM0003441,HORD001112,PRD0253,1,1519.1,1519.1
HITM0003442,HORD001112,PRD0575,1,711.89,711.89
HITM0003443,HORD001112,PRD0950,1,258.24,258.24
HITM0003444,HORD001113,PRD0953,1,534.1,534.1
HITM0003445,HORD001113,PRD0611,3,2190.89,6572.67
HITM0003446,HORD001113,PRD0758,3,261.9,785.7
HITM0003447,HORD001114,PRD0162,1,767.91,767.91
HITM0003448,HORD001114,PRD0643,1,614.82,614.82
HITM0003449,HORD001114,PRD0258,1,114.0,114.0
HITM0003450,HORD001115,PRD0398,1,135.19,135.19
HITM0003451,HORD001115,PRD0116,1,182.09,182.09
HITM0003452,HORD001115,PRD0918,1,697.62,697.62
HITM0003453,HORD001115,PRD0687,1,1192.37,1192.37
HITM0003454,HORD001115,PRD0989,1,71.59,71.59
HITM0003455,HORD001116,PRD0576,1,31.35,31.35
HITM0003456,HORD001116,PRD0755,1,842.98,842.98
HITM0003457,HORD001116,PRD0223,1,946.31,946.31
HITM0003458,HORD001116,PRD0616,2,242.48,484.96
HITM0003459,HORD001116,PRD0016,1,802.46,802.46
HITM0003460,HORD001117,PRD0429,2,618.41,1236.82
HITM0003461,HORD001117,PRD0301,1,1468.04,1468.04
HITM0003462,HORD001117,PRD0823,1,1007.18,1007.18
HITM0003463,HORD001117,PRD0013,2,291.07,582.14
HITM0003464,HORD001117,PRD0260,1,157.69,157.69
HITM0003465,HORD001118,PRD0513,1,412.83,412.83
HITM0003466,HORD001118,PRD0223,1,946.31,946.31
HITM0003467,HORD001118,PRD0622,1,1760.81,1760.81
HITM0003468,HORD001118,PRD0893,1,792.02,792.02
HITM0003469,HORD001118,PRD0496,1,92.5,92.5
HITM0003470,HORD001119,PRD0025,1,689.68,689.68
HITM0003471,HORD001119,PRD0307,2,2188.41,4376.82
HITM0003472,HORD001119,PRD0382,1,680.83,680.83
HITM0003473,HORD001120,PRD0171,2,993.07,1986.14
HITM0003474,HORD001120,PRD0809,1,155.22,155.22
HITM0003475,HORD001120,PRD0910,1,334.83,334.83
HITM0003476,HORD001120,PRD0602,2,409.98,819.96
HITM0003477,HORD001121,PRD0333,1,741.56,741.56
HITM0003478,HORD001121,PRD0668,1,598.5,598.5
HITM0003479,HORD001121,PRD0103,1,384.82,384.82
HITM0003480,HORD001122,PRD0747,1,1759.9,1759.9
HITM0003481,HORD001122,PRD0696,1,548.07,548.07
HITM0003482,HORD001122,PRD0759,1,106.0,106.0
HITM0003483,HORD001122,PRD0470,1,149.63,149.63
HITM0003484,HORD001122,PRD0790,1,67.36,67.36
HITM0003485,HORD001123,PRD0889,1,743.48,743.48
HITM0003486,HORD001123,PRD0689,1,195.5,195.5
HITM0003487,HORD001123,PRD0713,1,1024.28,1024.28
HITM0003488,HORD001123,PRD0787,1,1661.26,1661.26
HITM0003489,HORD001124,PRD0957,1,108.95,108.95
HITM0003490,HORD001124,PRD0255,1,690.05,690.05
HITM0003491,HORD001124,PRD0689,2,195.5,391.0
HITM0003492,HORD001125,PRD0607,1,73.33,73.33
HITM0003493,HORD001125,PRD0060,1,412.3,412.3
HITM0003494,HORD001126,PRD0973,2,1197.47,2394.94
HITM0003495,HORD001126,PRD0850,2,216.39,432.78
HITM0003496,HORD001126,PRD0430,1,54.36,54.36
HITM0003497,HORD001126,PRD0960,1,17.08,17.08
HITM0003498,HORD001127,PRD0377,1,1537.07,1537.07
HITM0003499,HORD001127,PRD0557,1,669.73,669.73
HITM0003500,HORD001127,PRD0150,1,199.69,199.69
HITM0003501,HORD001127,PRD0598,1,73.8,73.8
HITM0003502,HORD001128,PRD0077,1,1534.37,1534.37
HITM0003503,HORD001128,PRD0765,1,967.51,967.51
HITM0003504,HORD001128,PRD0586,3,421.13,1263.39
HITM0003505,HORD001128,PRD0295,1,284.65,284.65
HITM0003506,HORD001129,PRD0753,1,720.25,720.25
HITM0003507,HORD001129,PRD0780,1,307.98,307.98
HITM0003508,HORD001129,PRD0458,2,224.27,448.54
HITM0003509,HORD001130,PRD0593,1,826.29,826.29
HITM0003510,HORD001130,PRD0201,1,2590.06,2590.06
HITM0003511,HORD001130,PRD0756,1,389.58,389.58
HITM0003512,HORD001131,PRD0560,1,114.38,114.38
HITM0003513,HORD001131,PRD0009,2,72.9,145.8
HITM0003514,HORD001131,PRD0496,3,92.5,277.5
HITM0003515,HORD001131,PRD0452,1,353.39,353.39
HITM0003516,HORD001131,PRD0258,1,114.0,114.0
HITM0003517,HORD001132,PRD0386,1,663.23,663.23
HITM0003518,HORD001132,PRD0874,2,940.07,1880.14
HITM0003519,HORD001133,PRD0662,1,1356.37,1356.37
HITM0003520,HORD001133,PRD0830,1,231.45,231.45
HITM0003521,HORD001133,PRD0574,2,1591.27,3182.54
HITM0003522,HORD001133,PRD0196,1,525.15,525.15
HITM0003523,HORD001134,PRD0112,1,1848.06,1848.06
HITM0003524,HORD001134,PRD0214,1,3361.08,3361.08
HITM0003525,HORD001134,PRD0813,2,372.89,745.78
HITM0003526,HORD001134,PRD0742,2,1768.06,3536.12
HITM0003527,HORD001134,PRD0473,1,296.86,296.86
HITM0003528,HORD001135,PRD0738,2,629.85,1259.7
HITM0003529,HORD001136,PRD0125,1,1026.87,1026.87
HITM0003530,HORD001136,PRD0568,2,977.48,1954.96
HITM0003531,HORD001136,PRD0630,1,167.94,167.94
HITM0003532,HORD001137,PRD0436,1,839.37,839.37
HITM0003533,HORD001137,PRD0420,1,409.7,409.7
HITM0003534,HORD001137,PRD0693,2,635.88,1271.76
HITM0003535,HORD001138,PRD0698,2,664.05,1328.1
HITM0003536,HORD001138,PRD0174,1,442.41,442.41
HITM0003537,HORD001138,PRD0533,1,1416.06,1416.06
HITM0003538,HORD001138,PRD0204,1,759.0,759.0
HITM0003539,HORD001138,PRD0490,1,82.32,82.32
HITM0003540,HORD001139,PRD0957,1,108.95,108.95
HITM0003541,HORD001139,PRD0546,1,180.12,180.12
HITM0003542,HORD001139,PRD0774,1,1438.07,1438.07
HITM0003543,HORD001140,PRD0577,1,1838.58,1838.58
HITM0003544,HORD001140,PRD0765,1,967.51,967.51
HITM0003545,HORD001140,PRD0060,1,412.3,412.3
HITM0003546,HORD001140,PRD0950,1,258.24,258.24
HITM0003547,HORD001141,PRD0851,1,955.38,955.38
HITM0003548,HORD001141,PRD0981,1,1483.54,1483.54
HITM0003549,HORD001142,PRD0730,1,147.29,147.29
HITM0003550,HORD001142,PRD0770,1,376.65,376.65
HITM0003551,HORD001142,PRD0671,1,1959.57,1959.57
HITM0003552,HORD001143,PRD0671,1,1959.57,1959.57
HITM0003553,HORD001143,PRD0468,1,714.1,714.1
HITM0003554,HORD001144,PRD0466,2,276.92,553.84
HITM0003555,HORD001144,PRD0705,1,369.85,369.85
HITM0003556,HORD001145,PRD0580,1,50.37,50.37
HITM0003557,HORD001145,PRD0830,1,231.45,231.45
HITM0003558,HORD001145,PRD0017,1,420.96,420.96
HITM0003559,HORD001146,PRD0395,1,843.62,843.62
HITM0003560,HORD001146,PRD0515,2,957.39,1914.78
HITM0003561,HORD001146,PRD0552,1,359.04,359.04
HITM0003562,HORD001147,PRD0288,1,114.25,114.25
HITM0003563,HORD001147,PRD0090,2,306.45,612.9
HITM0003564,HORD001147,PRD0428,1,353.32,353.32
HITM0003565,HORD001148,PRD0470,1,149.63,149.63
HITM0003566,HORD001148,PRD0993,1,448.46,448.46
HITM0003567,HORD001149,PRD0369,2,663.84,1327.68
HITM0003568,HORD001149,PRD0380,1,340.9,340.9
HITM0003569,HORD001150,PRD0025,1,689.68,689.68
HITM0003570,HORD001150,PRD0520,3,404.65,1213.95
HITM0003571,HORD001150,PRD0405,2,406.75,813.5
HITM0003572,HORD001151,PRD0940,1,127.15,127.15
HITM0003573,HORD001151,PRD0988,1,461.62,461.62
HITM0003574,HORD001151,PRD0470,1,149.63,149.63
HITM0003575,HORD001152,PRD0033,1,1345.52,1345.52
HITM0003576,HORD001152,PRD0871,3,920.12,2760.36
HITM0003577,HORD001152,PRD0043,1,634.32,634.32
HITM0003578,HORD001152,PRD0737,1,194.63,194.63
HITM0003579,HORD001153,PRD0069,1,1254.78,1254.78
HITM0003580,HORD001154,PRD0989,1,71.59,71.59
HITM0003581,HORD001154,PRD0968,1,213.37,213.37
HITM0003582,HORD001155,PRD0252,2,1339.74,2679.48
HITM0003583,HORD001155,PRD0538,2,734.7,1469.4
HITM0003584,HORD001155,PRD0065,1,806.18,806.18
HITM0003585,HORD001155,PRD0943,2,1009.3,2018.6
HITM0003586,HORD001156,PRD0586,1,421.13,421.13
HITM0003587,HORD001156,PRD0331,1,2268.14,2268.14
HITM0003588,HORD001157,PRD0195,1,540.55,540.55
HITM0003589,HORD001157,PRD0834,1,702.11,702.11
HITM0003590,HORD001157,PRD0318,2,656.01,1312.02
HITM0003591,HORD001157,PRD0518,1,69.83,69.83
HITM0003592,HORD001158,PRD0472,1,819.03,819.03
HITM0003593,HORD001158,PRD0173,2,320.83,641.66
HITM0003594,HORD001159,PRD0390,2,408.91,817.82
HITM0003595,HORD001159,PRD0281,1,1116.42,1116.42
HITM0003596,HORD001159,PRD0096,3,259.24,777.72
HITM0003597,HORD001159,PRD0921,1,2922.43,2922.43
HITM0003598,HORD001159,PRD0789,1,1032.76,1032.76
HITM0003599,HORD001160,PRD0194,2,3461.26,6922.52
HITM0003600,HORD001160,PRD0989,1,71.59,71.59
HITM0003601,HORD001160,PRD0474,1,2324.49,2324.49
HITM0003602,HORD001161,PRD0070,1,168.22,168.22
HITM0003603,HORD001161,PRD0607,1,73.33,73.33
HITM0003604,HORD001162,PRD0455,1,858.23,858.23
HITM0003605,HORD001162,PRD0265,1,697.49,697.49
HITM0003606,HORD001162,PRD0776,1,133.13,133.13
HITM0003607,HORD001162,PRD0950,1,258.24,258.24
HITM0003608,HORD001162,PRD0401,1,2595.7,2595.7
HITM0003609,HORD001163,PRD0021,1,1354.38,1354.38
HITM0003610,HORD001163,PRD0565,1,124.28,124.28
HITM0003611,HORD001163,PRD0852,2,869.97,1739.94
HITM0003612,HORD001163,PRD0110,1,392.12,392.12
HITM0003613,HORD001164,PRD0219,1,450.54,450.54
HITM0003614,HORD001164,PRD0722,2,1628.14,3256.28
HITM0003615,HORD001164,PRD0679,1,399.42,399.42
HITM0003616,HORD001165,PRD0320,2,28.7,57.4
HITM0003617,HORD001165,PRD0410,3,331.6,994.8
HITM0003618,HORD001165,PRD0307,1,2188.41,2188.41
HITM0003619,HORD001165,PRD0589,1,222.62,222.62
HITM0003620,HORD001165,PRD0648,2,450.1,900.2
HITM0003621,HORD001166,PRD0029,1,853.57,853.57
HITM0003622,HORD001166,PRD0803,1,395.35,395.35
HITM0003623,HORD001166,PRD0276,1,670.27,670.27
HITM0003624,HORD001166,PRD0509,1,849.35,849.35
HITM0003625,HORD001167,PRD0318,2,656.01,1312.02
HITM0003626,HORD001167,PRD0505,2,268.59,537.18
HITM0003627,HORD001168,PRD0879,1,329.13,329.13
HITM0003628,HORD001169,PRD0247,2,55.39,110.78
HITM0003629,HORD001169,PRD0921,1,2922.43,2922.43
HITM0003630,HORD001169,PRD0303,1,922.23,922.23
HITM0003631,HORD001169,PRD0467,1,2210.83,2210.83
HITM0003632,HORD001170,PRD0075,1,417.39,417.39
HITM0003633,HORD001170,PRD0249,1,682.98,682.98
HITM0003634,HORD001170,PRD0460,1,354.28,354.28
HITM0003635,HORD001170,PRD0500,2,137.18,274.36
HITM0003636,HORD001171,PRD0270,2,237.62,475.24
HITM0003637,HORD001171,PRD0245,2,834.16,1668.32
HITM0003638,HORD001171,PRD0457,1,269.37,269.37
HITM0003639,HORD001172,PRD0395,1,843.62,843.62
HITM0003640,HORD001172,PRD0450,3,162.55,487.65
HITM0003641,HORD001172,PRD0327,1,1138.43,1138.43
HITM0003642,HORD001173,PRD0928,1,732.49,732.49
HITM0003643,HORD001174,PRD0175,1,740.04,740.04
HITM0003644,HORD001174,PRD1000,2,175.0,350.0
HITM0003645,HORD001174,PRD0360,1,45.63,45.63
HITM0003646,HORD001175,PRD0924,1,938.45,938.45
HITM0003647,HORD001175,PRD0657,1,582.44,582.44
HITM0003648,HORD001175,PRD0528,1,1044.78,1044.78
HITM0003649,HORD001176,PRD0951,2,2970.31,5940.62
HITM0003650,HORD001176,PRD0168,1,663.91,663.91
HITM0003651,HORD001176,PRD0974,1,2731.32,2731.32
HITM0003652,HORD001176,PRD0190,1,40.06,40.06
HITM0003653,HORD001176,PRD0886,2,194.21,388.42
HITM0003654,HORD001177,PRD0544,1,3608.38,3608.38
HITM0003655,HORD001177,PRD0902,2,1853.74,3707.48
HITM0003656,HORD001177,PRD0475,1,1066.51,1066.51
HITM0003657,HORD001177,PRD0572,1,1663.78,1663.78
HITM0003658,HORD001178,PRD0293,1,663.82,663.82
HITM0003659,HORD001178,PRD0502,2,1155.49,2310.98
HITM0003660,HORD001178,PRD0130,3,167.84,503.52
HITM0003661,HORD001178,PRD0913,1,1112.44,1112.44
HITM0003662,HORD001179,PRD0001,1,2686.14,2686.14
HITM0003663,HORD001179,PRD0860,2,386.3,772.6
HITM0003664,HORD001179,PRD0391,1,1988.32,1988.32
HITM0003665,HORD001179,PRD0388,3,191.0,573.0
HITM0003666,HORD001180,PRD0878,2,453.25,906.5
HITM0003667,HORD001180,PRD0882,2,492.86,985.72
HITM0003668,HORD001180,PRD0379,1,212.81,212.81
HITM0003669,HORD001181,PRD0708,2,119.42,238.84
HITM0003670,HORD001181,PRD0607,1,73.33,73.33
HITM0003671,HORD001182,PRD0352,1,1288.41,1288.41
HITM0003672,HORD001182,PRD0750,2,315.03,630.06
HITM0003673,HORD001183,PRD0817,1,1148.51,1148.51
HITM0003674,HORD001183,PRD0879,1,329.13,329.13
HITM0003675,HORD001183,PRD0347,2,339.84,679.68
HITM0003676,HORD001183,PRD0521,2,2988.2,5976.4
HITM0003677,HORD001183,PRD0841,1,1754.04,1754.04
HITM0003678,HORD001184,PRD0130,1,167.84,167.84
HITM0003679,HORD001184,PRD0291,2,1210.2,2420.4
HITM0003680,HORD001184,PRD0604,1,1091.2,1091.2
HITM0003681,HORD001184,PRD0733,2,281.18,562.36
HITM0003682,HORD001185,PRD0437,1,662.34,662.34
HITM0003683,HORD001185,PRD0261,2,2556.63,5113.26
HITM0003684,HORD001186,PRD0858,1,421.26,421.26
HITM0003685,HORD001186,PRD0979,1,96.35,96.35
HITM0003686,HORD001186,PRD0223,1,946.31,946.31
HITM0003687,HORD001186,PRD0169,2,585.79,1171.58
HITM0003688,HORD001187,PRD0391,2,1988.32,3976.64
HITM0003689,HORD001187,PRD0568,1,977.48,977.48
HITM0003690,HORD001188,PRD0669,1,736.46,736.46
HITM0003691,HORD001188,PRD0687,1,1192.37,1192.37
HITM0003692,HORD001188,PRD0709,1,1432.58,1432.58
HITM0003693,HORD001188,PRD0707,1,1840.72,1840.72
HITM0003694,HORD001189,PRD0003,2,857.07,1714.14
HITM0003695,HORD001189,PRD0880,1,330.2,330.2
HITM0003696,HORD001189,PRD0520,1,404.65,404.65
HITM0003697,HORD001190,PRD0005,1,171.8,171.8
HITM0003698,HORD001191,PRD0238,1,459.3,459.3
HITM0003699,HORD001191,PRD0009,1,72.9,72.9
HITM0003700,HORD001191,PRD0924,1,938.45,938.45
HITM0003701,HORD001191,PRD0325,1,325.22,325.22
HITM0003702,HORD001191,PRD0962,1,676.85,676.85
HITM0003703,HORD001192,PRD0179,1,428.63,428.63
HITM0003704,HORD001192,PRD0460,1,354.28,354.28
HITM0003705,HORD001192,PRD0641,1,1767.13,1767.13
HITM0003706,HORD001193,PRD0073,1,674.71,674.71
HITM0003707,HORD001193,PRD0241,2,1492.13,2984.26
HITM0003708,HORD001194,PRD0844,1,2177.73,2177.73
HITM0003709,HORD001194,PRD0410,1,331.6,331.6
HITM0003710,HORD001194,PRD0209,2,456.39,912.78
HITM0003711,HORD001194,PRD0616,1,242.48,242.48
HITM0003712,HORD001194,PRD0652,1,1247.24,1247.24
HITM0003713,HORD001195,PRD0613,1,698.67,698.67
HITM0003714,HORD001195,PRD0362,1,301.32,301.32
HITM0003715,HORD001196,PRD0117,1,654.86,654.86
HITM0003716,HORD001196,PRD0911,1,2410.39,2410.39
HITM0003717,HORD001196,PRD0079,1,211.26,211.26
HITM0003718,HORD001197,PRD0530,2,338.05,676.1
HITM0003719,HORD001197,PRD0166,1,462.05,462.05
HITM0003720,HORD001197,PRD0345,1,257.9,257.9
HITM0003721,HORD001197,PRD0296,2,331.81,663.62
HITM0003722,HORD001197,PRD0416,1,463.25,463.25
HITM0003723,HORD001198,PRD0902,1,1853.74,1853.74
HITM0003724,HORD001198,PRD0954,2,766.53,1533.06
HITM0003725,HORD001198,PRD0662,2,1356.37,2712.74
HITM0003726,HORD001199,PRD0126,1,290.8,290.8
HITM0003727,HORD001199,PRD0433,1,641.45,641.45
HITM0003728,HORD001199,PRD0151,1,3129.69,3129.69
HITM0003729,HORD001199,PRD0866,1,492.83,492.83
HITM0003730,HORD001200,PRD0222,2,761.26,1522.52
HITM0003731,HORD001200,PRD0416,2,463.25,926.5
HITM0003732,HORD001200,PRD0929,2,114.2,228.4
HITM0003733,HORD001201,PRD0311,1,2276.13,2276.13
HITM0003734,HORD001201,PRD0670,1,278.65,278.65
HITM0003735,HORD001201,PRD0838,2,771.2,1542.4
HITM0003736,HORD001202,PRD0959,1,206.84,206.84
HITM0003737,HORD001203,PRD0840,1,125.66,125.66
HITM0003738,HORD001203,PRD0175,1,740.04,740.04
HITM0003739,HORD001203,PRD0296,1,331.81,331.81
HITM0003740,HORD001203,PRD0429,1,618.41,618.41
HITM0003741,HORD001204,PRD0088,1,994.41,994.41
HITM0003742,HORD001204,PRD0629,2,1480.27,2960.54
HITM0003743,HORD001205,PRD0380,1,340.9,340.9
HITM0003744,HORD001205,PRD0775,1,152.04,152.04
HITM0003745,HORD001205,PRD0056,1,204.63,204.63
HITM0003746,HORD001206,PRD0918,1,697.62,697.62
HITM0003747,HORD001207,PRD0143,1,689.45,689.45
HITM0003748,HORD001207,PRD0678,1,133.66,133.66
HITM0003749,HORD001207,PRD0703,1,1320.55,1320.55
HITM0003750,HORD001207,PRD0898,1,450.61,450.61
HITM0003751,HORD001207,PRD0247,1,55.39,55.39
HITM0003752,HORD001208,PRD0616,1,242.48,242.48
HITM0003753,HORD001208,PRD0415,1,626.8,626.8
HITM0003754,HORD001209,PRD0898,1,450.61,450.61
HITM0003755,HORD001209,PRD0698,2,664.05,1328.1
HITM0003756,HORD001210,PRD0443,1,684.87,684.87
HITM0003757,HORD001210,PRD0710,1,397.66,397.66
HITM0003758,HORD001210,PRD0733,1,281.18,281.18
HITM0003759,HORD001210,PRD0251,2,1750.4,3500.8
HITM0003760,HORD001210,PRD0640,2,362.06,724.12
HITM0003761,HORD001211,PRD0620,3,23.82,71.46
HITM0003762,HORD001211,PRD0003,1,857.07,857.07
HITM0003763,HORD001211,PRD0882,1,492.86,492.86
HITM0003764,HORD001212,PRD0915,1,741.57,741.57
HITM0003765,HORD001213,PRD0613,2,698.67,1397.34
HITM0003766,HORD001213,PRD0082,1,411.13,411.13
HITM0003767,HORD001213,PRD0545,1,456.26,456.26
HITM0003768,HORD001214,PRD0865,1,691.66,691.66
HITM0003769,HORD001214,PRD0533,1,1416.06,1416.06
HITM0003770,HORD001214,PRD0600,3,200.67,602.01
HITM0003771,HORD001215,PRD0542,2,1005.69,2011.38
HITM0003772,HORD001215,PRD0030,1,278.37,278.37
HITM0003773,HORD001215,PRD0036,1,115.89,115.89
HITM0003774,HORD001216,PRD0498,1,373.64,373.64
HITM0003775,HORD001216,PRD0182,1,908.42,908.42
HITM0003776,HORD001216,PRD0907,2,60.75,121.5
HITM0003777,HORD001216,PRD0440,1,306.74,306.74
HITM0003778,HORD001217,PRD0457,1,269.37,269.37
HITM0003779,HORD001217,PRD0500,3,137.18,411.54
HITM0003780,HORD001217,PRD0799,2,629.39,1258.78
HITM0003781,HORD001218,PRD0835,1,482.69,482.69
HITM0003782,HORD001218,PRD0678,1,133.66,133.66
HITM0003783,HORD001218,PRD0039,1,1008.92,1008.92
HITM0003784,HORD001218,PRD0319,1,361.0,361.0
HITM0003785,HORD001219,PRD0068,1,980.14,980.14
HITM0003786,HORD001219,PRD0190,1,40.06,40.06
HITM0003787,HORD001219,PRD0647,1,1716.02,1716.02
HITM0003788,HORD001220,PRD0568,1,977.48,977.48
HITM0003789,HORD001220,PRD0993,1,448.46,448.46
HITM0003790,HORD001220,PRD0716,3,744.09,2232.27
HITM0003791,HORD001221,PRD0068,1,980.14,980.14
HITM0003792,HORD001221,PRD0555,1,380.47,380.47
HITM0003793,HORD001221,PRD0793,1,1315.85,1315.85
HITM0003794,HORD001221,PRD0979,2,96.35,192.7
HITM0003795,HORD001222,PRD0683,1,736.53,736.53
HITM0003796,HORD001222,PRD0616,1,242.48,242.48
HITM0003797,HORD001223,PRD0801,1,3111.15,3111.15
HITM0003798,HORD001223,PRD0195,2,540.55,1081.1
HITM0003799,HORD001224,PRD0363,2,1343.45,2686.9
HITM0003800,HORD001224,PRD0019,1,708.96,708.96
HITM0003801,HORD001224,PRD0195,1,540.55,540.55
HITM0003802,HORD001224,PRD0683,1,736.53,736.53
HITM0003803,HORD001225,PRD0998,2,544.17,1088.34
HITM0003804,HORD001225,PRD0123,1,501.46,501.46
HITM0003805,HORD001225,PRD0360,1,45.63,45.63
HITM0003806,HORD001226,PRD0186,2,386.44,772.88
HITM0003807,HORD001226,PRD0834,3,702.11,2106.33
HITM0003808,HORD001227,PRD0261,1,2556.63,2556.63
HITM0003809,HORD001227,PRD0641,1,1767.13,1767.13
HITM0003810,HORD001228,PRD0964,1,3887.56,3887.56
HITM0003811,HORD001228,PRD0721,1,1687.59,1687.59
HITM0003812,HORD001228,PRD0224,1,3987.47,3987.47
HITM0003813,HORD001228,PRD0276,2,670.27,1340.54
HITM0003814,HORD001229,PRD0950,1,258.24,258.24
HITM0003815,HORD001229,PRD0028,1,260.37,260.37
HITM0003816,HORD001229,PRD0136,2,279.93,559.86
HITM0003817,HORD001230,PRD0498,1,373.64,373.64
HITM0003818,HORD001230,PRD0048,2,533.35,1066.7
HITM0003819,HORD001230,PRD0670,1,278.65,278.65
HITM0003820,HORD001230,PRD0696,1,548.07,548.07
HITM0003821,HORD001230,PRD0265,3,697.49,2092.47
HITM0003822,HORD001231,PRD0569,1,928.26,928.26
HITM0003823,HORD001231,PRD0821,2,1210.81,2421.62
HITM0003824,HORD001231,PRD0332,1,1700.56,1700.56
HITM0003825,HORD001231,PRD0656,1,748.82,748.82
HITM0003826,HORD001232,PRD0416,2,463.25,926.5
HITM0003827,HORD001232,PRD0327,1,1138.43,1138.43
HITM0003828,HORD001232,PRD0111,1,2559.72,2559.72
HITM0003829,HORD001233,PRD0753,1,720.25,720.25
HITM0003830,HORD001233,PRD0268,1,876.82,876.82
HITM0003831,HORD001233,PRD0739,1,345.91,345.91
HITM0003832,HORD001233,PRD0770,1,376.65,376.65
HITM0003833,HORD001233,PRD0703,1,1320.55,1320.55
HITM0003834,HORD001234,PRD0191,2,3198.59,6397.18
HITM0003835,HORD001234,PRD0573,1,850.28,850.28
HITM0003836,HORD001235,PRD0987,2,1715.57,3431.14
HITM0003837,HORD001235,PRD0752,2,1432.08,2864.16
HITM0003838,HORD001235,PRD0616,1,242.48,242.48
HITM0003839,HORD001236,PRD0169,1,585.79,585.79
HITM0003840,HORD001236,PRD0695,1,1012.45,1012.45
HITM0003841,HORD001236,PRD0759,1,106.0,106.0
HITM0003842,HORD001237,PRD0232,1,321.21,321.21
HITM0003843,HORD001237,PRD0882,1,492.86,492.86
HITM0003844,HORD001237,PRD0033,2,1345.52,2691.04
HITM0003845,HORD001237,PRD0210,3,206.42,619.26
HITM0003846,HORD001238,PRD0052,1,502.9,502.9
HITM0003847,HORD001238,PRD0667,3,1613.98,4841.94
HITM0003848,HORD001238,PRD0889,1,743.48,743.48
HITM0003849,HORD001238,PRD0022,1,473.77,473.77
HITM0003850,HORD001239,PRD0364,1,789.55,789.55
HITM0003851,HORD001239,PRD0269,2,754.3,1508.6
HITM0003852,HORD001239,PRD0069,1,1254.78,1254.78
HITM0003853,HORD001240,PRD0202,1,1161.02,1161.02
HITM0003854,HORD001240,PRD0499,1,782.47,782.47
HITM0003855,HORD001241,PRD0784,1,3166.81,3166.81
HITM0003856,HORD001241,PRD0956,1,339.76,339.76
HITM0003857,HORD001241,PRD0551,1,3156.44,3156.44
HITM0003858,HORD001241,PRD0056,1,204.63,204.63
HITM0003859,HORD001241,PRD0610,1,394.62,394.62
HITM0003860,HORD001242,PRD0283,1,1116.37,1116.37
HITM0003861,HORD001242,PRD0295,2,284.65,569.3
HITM0003862,HORD001242,PRD0403,1,1470.68,1470.68
HITM0003863,HORD001242,PRD0648,1,450.1,450.1
HITM0003864,HORD001243,PRD0808,1,444.53,444.53
HITM0003865,HORD001243,PRD0470,1,149.63,149.63
HITM0003866,HORD001243,PRD0256,1,42.53,42.53
HITM0003867,HORD001244,PRD0740,1,235.84,235.84
HITM0003868,HORD001244,PRD0431,1,2819.89,2819.89
HITM0003869,HORD001244,PRD0678,1,133.66,133.66
HITM0003870,HORD001244,PRD0426,2,708.75,1417.5
HITM0003871,HORD001245,PRD0639,1,537.34,537.34
HITM0003872,HORD001246,PRD0866,1,492.83,492.83
HITM0003873,HORD001246,PRD0409,1,607.08,607.08
HITM0003874,HORD001246,PRD0440,3,306.74,920.22
HITM0003875,HORD001246,PRD0597,1,1808.07,1808.07
HITM0003876,HORD001246,PRD0514,2,3221.3,6442.6
HITM0003877,HORD001247,PRD0005,1,171.8,171.8
HITM0003878,HORD001247,PRD0737,1,194.63,194.63
HITM0003879,HORD001248,PRD0592,1,1152.46,1152.46
HITM0003880,HORD001248,PRD0638,1,508.53,508.53
HITM0003881,HORD001248,PRD0260,2,157.69,315.38
HITM0003882,HORD001249,PRD0620,1,23.82,23.82
HITM0003883,HORD001249,PRD0820,2,149.51,299.02
HITM0003884,HORD001249,PRD0952,1,864.9,864.9
HITM0003885,HORD001250,PRD0190,1,40.06,40.06
HITM0003886,HORD001250,PRD0101,1,1370.24,1370.24
HITM0003887,HORD001250,PRD0405,2,406.75,813.5
HITM0003888,HORD001251,PRD0852,1,869.97,869.97
HITM0003889,HORD001251,PRD0046,1,789.29,789.29
HITM0003890,HORD001251,PRD0094,1,2315.3,2315.3
HITM0003891,HORD001251,PRD0979,1,96.35,96.35
HITM0003892,HORD001252,PRD0180,1,256.4,256.4
HITM0003893,HORD001252,PRD0281,1,1116.42,1116.42
HITM0003894,HORD001253,PRD0846,2,428.47,856.94
HITM0003895,HORD001253,PRD0546,1,180.12,180.12
HITM0003896,HORD001253,PRD0319,1,361.0,361.0
HITM0003897,HORD001253,PRD0166,1,462.05,462.05
HITM0003898,HORD001254,PRD0600,2,200.67,401.34
HITM0003899,HORD001254,PRD0345,1,257.9,257.9
HITM0003900,HORD001254,PRD0351,1,2766.45,2766.45
HITM0003901,HORD001255,PRD0040,1,348.21,348.21
HITM0003902,HORD001255,PRD0420,1,409.7,409.7
HITM0003903,HORD001255,PRD0233,1,942.53,942.53
HITM0003904,HORD001256,PRD0682,1,1036.2,1036.2
HITM0003905,HORD001256,PRD0522,1,496.11,496.11
HITM0003906,HORD001256,PRD0458,1,224.27,224.27
HITM0003907,HORD001257,PRD0036,1,115.89,115.89
HITM0003908,HORD001257,PRD0322,1,326.02,326.02
HITM0003909,HORD001257,PRD0425,1,477.89,477.89
HITM0003910,HORD001258,PRD0336,1,745.18,745.18
HITM0003911,HORD001258,PRD0616,1,242.48,242.48
HITM0003912,HORD001258,PRD0281,1,1116.42,1116.42
HITM0003913,HORD001259,PRD0405,2,406.75,813.5
HITM0003914,HORD001259,PRD0694,2,721.36,1442.72
HITM0003915,HORD001259,PRD0310,1,125.16,125.16
HITM0003916,HORD001260,PRD0318,1,656.01,656.01
HITM0003917,HORD001260,PRD0050,1,409.65,409.65
HITM0003918,HORD001261,PRD0326,1,639.28,639.28
HITM0003919,HORD001261,PRD0503,2,892.6,1785.2
HITM0003920,HORD001261,PRD0068,2,980.14,1960.28
HITM0003921,HORD001261,PRD0727,1,1950.79,1950.79
HITM0003922,HORD001262,PRD0082,2,411.13,822.26
HITM0003923,HORD001262,PRD0161,2,1639.58,3279.16
HITM0003924,HORD001262,PRD0556,3,279.39,838.17
HITM0003925,HORD001262,PRD0749,1,285.2,285.2
HITM0003926,HORD001262,PRD0803,1,395.35,395.35
HITM0003927,HORD001263,PRD0852,2,869.97,1739.94
HITM0003928,HORD001263,PRD0239,1,1388.63,1388.63
HITM0003929,HORD001263,PRD0855,1,641.38,641.38
HITM0003930,HORD001263,PRD0016,1,802.46,802.46
HITM0003931,HORD001264,PRD0014,1,2216.59,2216.59
HITM0003932,HORD001265,PRD0459,1,261.43,261.43
HITM0003933,HORD001265,PRD0384,2,830.01,1660.02
HITM0003934,HORD001265,PRD0083,1,1520.68,1520.68
HITM0003935,HORD001265,PRD0282,2,521.34,1042.68
HITM0003936,HORD001265,PRD0891,1,1468.42,1468.42
HITM0003937,HORD001266,PRD0986,1,318.21,318.21
HITM0003938,HORD001266,PRD0325,2,325.22,650.44
HITM0003939,HORD001266,PRD0067,1,974.43,974.43
HITM0003940,HORD001267,PRD0403,1,1470.68,1470.68
HITM0003941,HORD001267,PRD0750,1,315.03,315.03
HITM0003942,HORD001268,PRD0975,3,989.01,2967.03
HITM0003943,HORD001268,PRD0270,1,237.62,237.62
HITM0003944,HORD001268,PRD0957,1,108.95,108.95
HITM0003945,HORD001269,PRD0767,1,1276.85,1276.85
HITM0003946,HORD001269,PRD0560,1,114.38,114.38
HITM0003947,HORD001269,PRD0430,1,54.36,54.36
HITM0003948,HORD001270,PRD0059,1,343.68,343.68
HITM0003949,HORD001270,PRD0855,1,641.38,641.38
HITM0003950,HORD001271,PRD0688,1,814.49,814.49
HITM0003951,HORD001271,PRD0932,1,1326.04,1326.04
HITM0003952,HORD001272,PRD0460,2,354.28,708.56
HITM0003953,HORD001272,PRD0817,2,1148.51,2297.02
HITM0003954,HORD001273,PRD0282,1,521.34,521.34
HITM0003955,HORD001273,PRD0317,1,641.82,641.82
HITM0003956,HORD001273,PRD0409,2,607.08,1214.16
HITM0003957,HORD001273,PRD0768,2,149.86,299.72
HITM0003958,HORD001274,PRD0743,1,718.63,718.63
HITM0003959,HORD001275,PRD0984,1,3015.12,3015.12
HITM0003960,HORD001275,PRD0117,1,654.86,654.86
HITM0003961,HORD001276,PRD0785,2,1024.27,2048.54
HITM0003962,HORD001276,PRD0426,1,708.75,708.75
HITM0003963,HORD001276,PRD0730,1,147.29,147.29
HITM0003964,HORD001277,PRD0138,1,889.51,889.51
HITM0003965,HORD001277,PRD0646,2,525.73,1051.46
HITM0003966,HORD001277,PRD0854,1,1723.49,1723.49
HITM0003967,HORD001278,PRD0940,1,127.15,127.15
HITM0003968,HORD001278,PRD0583,2,268.64,537.28
HITM0003969,HORD001278,PRD0567,2,69.51,139.02
HITM0003970,HORD001279,PRD0396,1,147.51,147.51
HITM0003971,HORD001279,PRD0791,2,2893.2,5786.4
HITM0003972,HORD001279,PRD0098,1,968.99,968.99
HITM0003973,HORD001280,PRD0620,1,23.82,23.82
HITM0003974,HORD001280,PRD0331,2,2268.14,4536.28
HITM0003975,HORD001281,PRD0645,1,295.19,295.19
HITM0003976,HORD001281,PRD0689,1,195.5,195.5
HITM0003977,HORD001281,PRD0453,1,1439.62,1439.62
HITM0003978,HORD001282,PRD0872,1,1197.21,1197.21
HITM0003979,HORD001282,PRD0495,1,1168.15,1168.15
HITM0003980,HORD001283,PRD0067,1,974.43,974.43
HITM0003981,HORD001283,PRD0970,3,192.16,576.48
HITM0003982,HORD001283,PRD0572,3,1663.78,4991.34
HITM0003983,HORD001284,PRD0191,1,3198.59,3198.59
HITM0003984,HORD001284,PRD0760,1,322.74,322.74
HITM0003985,HORD001285,PRD0314,1,611.18,611.18
HITM0003986,HORD001285,PRD0636,1,249.94,249.94
HITM0003987,HORD001286,PRD0773,1,497.83,497.83
HITM0003988,HORD001286,PRD0017,1,420.96,420.96
HITM0003989,HORD001286,PRD0543,2,1522.55,3045.1
HITM0003990,HORD001287,PRD0287,1,1267.48,1267.48
HITM0003991,HORD001287,PRD0552,1,359.04,359.04
HITM0003992,HORD001287,PRD0774,1,1438.07,1438.07
HITM0003993,HORD001287,PRD0836,1,836.56,836.56
HITM0003994,HORD001288,PRD0680,1,146.6,146.6
HITM0003995,HORD001288,PRD0052,1,502.9,502.9
HITM0003996,HORD001289,PRD0934,1,1797.41,1797.41
HITM0003997,HORD001289,PRD0856,1,426.45,426.45
HITM0003998,HORD001289,PRD0204,1,759.0,759.0
HITM0003999,HORD001289,PRD0161,2,1639.58,3279.16
HITM0004000,HORD001289,PRD0524,2,405.7,811.4
HITM0004001,HORD001290,PRD0008,1,751.87,751.87
HITM0004002,HORD001290,PRD0151,2,3129.69,6259.38
HITM0004003,HORD001290,PRD0398,1,135.19,135.19
HITM0004004,HORD001291,PRD0260,2,157.69,315.38
HITM0004005,HORD001291,PRD0596,1,792.27,792.27
HITM0004006,HORD001292,PRD0066,1,307.12,307.12
HITM0004007,HORD001292,PRD0111,2,2559.72,5119.44
HITM0004008,HORD001292,PRD0529,1,923.93,923.93
HITM0004009,HORD001293,PRD0760,1,322.74,322.74
HITM0004010,HORD001293,PRD0670,1,278.65,278.65
HITM0004011,HORD001294,PRD0515,1,957.39,957.39
HITM0004012,HORD001294,PRD0600,1,200.67,200.67
HITM0004013,HORD001294,PRD0608,1,200.97,200.97
HITM0004014,HORD001295,PRD0423,3,371.68,1115.04
HITM0004015,HORD001295,PRD0710,2,397.66,795.32
HITM0004016,HORD001295,PRD0222,1,761.26,761.26
HITM0004017,HORD001295,PRD0203,1,724.48,724.48
HITM0004018,HORD001296,PRD0269,1,754.3,754.3
HITM0004019,HORD001296,PRD0913,1,1112.44,1112.44
HITM0004020,HORD001296,PRD0990,1,164.36,164.36
HITM0004021,HORD001297,PRD0457,1,269.37,269.37
HITM0004022,HORD001297,PRD0527,2,934.45,1868.9
HITM0004023,HORD001297,PRD0513,1,412.83,412.83
HITM0004024,HORD001298,PRD0616,1,242.48,242.48
HITM0004025,HORD001298,PRD0936,1,825.41,825.41
HITM0004026,HORD001299,PRD0831,2,2116.77,4233.54
HITM0004027,HORD001299,PRD0934,1,1797.41,1797.41
HITM0004028,HORD001300,PRD0882,1,492.86,492.86
HITM0004029,HORD001300,PRD0648,1,450.1,450.1
HITM0004030,HORD001300,PRD0031,2,2301.05,4602.1
HITM0004031,HORD001300,PRD0826,2,774.78,1549.56
HITM0004032,HORD001301,PRD0583,1,268.64,268.64
HITM0004033,HORD001301,PRD0268,1,876.82,876.82
HITM0004034,HORD001301,PRD0766,3,74.26,222.78
HITM0004035,HORD001301,PRD0097,2,2213.08,4426.16
HITM0004036,HORD001302,PRD0822,1,324.31,324.31
HITM0004037,HORD001302,PRD0160,1,332.63,332.63
HITM0004038,HORD001302,PRD0966,1,272.72,272.72
HITM0004039,HORD001302,PRD0074,1,899.01,899.01
HITM0004040,HORD001303,PRD0311,3,2276.13,6828.39
HITM0004041,HORD001303,PRD0738,1,629.85,629.85
HITM0004042,HORD001304,PRD0330,1,96.82,96.82
HITM0004043,HORD001304,PRD0580,2,50.37,100.74
HITM0004044,HORD001304,PRD0134,1,1553.3,1553.3
HITM0004045,HORD001304,PRD0648,1,450.1,450.1
HITM0004046,HORD001304,PRD0388,1,191.0,191.0
HITM0004047,HORD001305,PRD0805,1,503.71,503.71
HITM0004048,HORD001305,PRD0200,1,317.39,317.39
HITM0004049,HORD001305,PRD0810,1,140.27,140.27
HITM0004050,HORD001306,PRD0359,1,329.3,329.3
HITM0004051,HORD001306,PRD0791,2,2893.2,5786.4
HITM0004052,HORD001306,PRD0923,1,771.16,771.16
HITM0004053,HORD001306,PRD0846,1,428.47,428.47
HITM0004054,HORD001307,PRD0523,1,837.7,837.7
HITM0004055,HORD001307,PRD0764,1,1624.39,1624.39
HITM0004056,HORD001307,PRD0447,1,640.94,640.94
HITM0004057,HORD001308,PRD0614,1,2476.54,2476.54
HITM0004058,HORD001308,PRD0144,1,434.98,434.98
HITM0004059,HORD001309,PRD0169,1,585.79,585.79
HITM0004060,HORD001309,PRD0685,1,755.89,755.89
HITM0004061,HORD001309,PRD0040,1,348.21,348.21
HITM0004062,HORD001310,PRD0850,1,216.39,216.39
HITM0004063,HORD001310,PRD0568,2,977.48,1954.96
HITM0004064,HORD001310,PRD0643,2,614.82,1229.64
HITM0004065,HORD001310,PRD0953,1,534.1,534.1
HITM0004066,HORD001311,PRD0624,2,565.88,1131.76
HITM0004067,HORD001311,PRD0819,2,1070.76,2141.52
HITM0004068,HORD001311,PRD0609,1,266.46,266.46
HITM0004069,HORD001311,PRD0606,1,838.55,838.55
HITM0004070,HORD001312,PRD0504,1,3728.54,3728.54
HITM0004071,HORD001312,PRD0068,1,980.14,980.14
HITM0004072,HORD001312,PRD0557,2,669.73,1339.46
HITM0004073,HORD001312,PRD0431,1,2819.89,2819.89
HITM0004074,HORD001312,PRD0013,1,291.07,291.07
HITM0004075,HORD001313,PRD0776,2,133.13,266.26
HITM0004076,HORD001313,PRD0911,1,2410.39,2410.39
HITM0004077,HORD001313,PRD0439,1,236.05,236.05
HITM0004078,HORD001314,PRD0169,1,585.79,585.79
HITM0004079,HORD001314,PRD0380,1,340.9,340.9
HITM0004080,HORD001314,PRD0669,1,736.46,736.46
HITM0004081,HORD001314,PRD0593,2,826.29,1652.58
HITM0004082,HORD001315,PRD0428,1,353.32,353.32
HITM0004083,HORD001315,PRD0741,1,1342.0,1342.0
HITM0004084,HORD001315,PRD0782,1,743.41,743.41
HITM0004085,HORD001316,PRD0320,2,28.7,57.4
HITM0004086,HORD001316,PRD0851,1,955.38,955.38
HITM0004087,HORD001316,PRD0008,1,751.87,751.87
HITM0004088,HORD001316,PRD0525,1,360.27,360.27
HITM0004089,HORD001317,PRD0650,2,46.68,93.36
HITM0004090,HORD001317,PRD0524,1,405.7,405.7
HITM0004091,HORD001318,PRD0539,2,642.49,1284.98
HITM0004092,HORD001318,PRD0517,1,898.69,898.69
HITM0004093,HORD001318,PRD0748,2,1008.17,2016.34
HITM0004094,HORD001318,PRD0180,1,256.4,256.4
HITM0004095,HORD001318,PRD0992,1,309.63,309.63
HITM0004096,HORD001319,PRD0205,1,645.51,645.51
HITM0004097,HORD001319,PRD0152,1,509.94,509.94
HITM0004098,HORD001319,PRD0708,1,119.42,119.42
HITM0004099,HORD001320,PRD0648,2,450.1,900.2
HITM0004100,HORD001320,PRD0763,1,863.1,863.1
HITM0004101,HORD001320,PRD0227,1,2409.78,2409.78
HITM0004102,HORD001321,PRD0913,1,1112.44,1112.44
HITM0004103,HORD001321,PRD0655,1,1072.3,1072.3
HITM0004104,HORD001321,PRD0109,1,732.2,732.2
HITM0004105,HORD001322,PRD0555,2,380.47,760.94
HITM0004106,HORD001323,PRD0731,1,1123.57,1123.57
HITM0004107,HORD001323,PRD0620,1,23.82,23.82
HITM0004108,HORD001323,PRD0280,1,228.25,228.25
HITM0004109,HORD001323,PRD0939,1,67.43,67.43
HITM0004110,HORD001323,PRD0654,2,2104.89,4209.78
HITM0004111,HORD001324,PRD0860,2,386.3,772.6
HITM0004112,HORD001324,PRD0042,1,1767.57,1767.57
HITM0004113,HORD001325,PRD0017,1,420.96,420.96
HITM0004114,HORD001325,PRD0406,2,533.79,1067.58
HITM0004115,HORD001325,PRD0082,1,411.13,411.13
HITM0004116,HORD001326,PRD0090,1,306.45,306.45
HITM0004117,HORD001326,PRD0930,1,307.61,307.61
HITM0004118,HORD001326,PRD0248,1,204.13,204.13
HITM0004119,HORD001326,PRD0607,2,73.33,146.66
HITM0004120,HORD001326,PRD0143,1,689.45,689.45
HITM0004121,HORD001327,PRD0056,1,204.63,204.63
HITM0004122,HORD001327,PRD0743,1,718.63,718.63
HITM0004123,HORD001327,PRD0513,1,412.83,412.83
HITM0004124,HORD001327,PRD0045,2,368.84,737.68
HITM0004125,HORD001328,PRD0957,2,108.95,217.9
HITM0004126,HORD001329,PRD0635,2,475.82,951.64
HITM0004127,HORD001329,PRD0483,3,1169.19,3507.57
HITM0004128,HORD001329,PRD0072,1,1587.43,1587.43
HITM0004129,HORD001329,PRD0546,1,180.12,180.12
HITM0004130,HORD001330,PRD0658,1,899.02,899.02
HITM0004131,HORD001331,PRD0570,1,337.54,337.54
HITM0004132,HORD001331,PRD0316,1,653.66,653.66
HITM0004133,HORD001331,PRD0252,1,1339.74,1339.74
HITM0004134,HORD001332,PRD0301,1,1468.04,1468.04
HITM0004135,HORD001332,PRD0669,2,736.46,1472.92
HITM0004136,HORD001333,PRD0598,1,73.8,73.8
HITM0004137,HORD001333,PRD0131,1,1079.8,1079.8
HITM0004138,HORD001333,PRD0300,1,51.94,51.94
HITM0004139,HORD001333,PRD0526,1,567.06,567.06
HITM0004140,HORD001334,PRD0123,1,501.46,501.46
HITM0004141,HORD001334,PRD0753,1,720.25,720.25
HITM0004142,HORD001334,PRD0899,1,1454.64,1454.64
HITM0004143,HORD001334,PRD0460,1,354.28,354.28
HITM0004144,HORD001334,PRD0574,1,1591.27,1591.27
HITM0004145,HORD001335,PRD0603,1,380.05,380.05
HITM0004146,HORD001335,PRD0249,1,682.98,682.98
HITM0004147,HORD001335,PRD0014,1,2216.59,2216.59
HITM0004148,HORD001336,PRD0677,1,1475.57,1475.57
HITM0004149,HORD001336,PRD0381,1,1136.28,1136.28
HITM0004150,HORD001337,PRD0391,1,1988.32,1988.32
HITM0004151,HORD001337,PRD0819,1,1070.76,1070.76
HITM0004152,HORD001338,PRD0219,1,450.54,450.54
HITM0004153,HORD001338,PRD0979,1,96.35,96.35
HITM0004154,HORD001338,PRD0740,1,235.84,235.84
HITM0004155,HORD001338,PRD0096,1,259.24,259.24
HITM0004156,HORD001338,PRD0777,2,876.73,1753.46
HITM0004157,HORD001339,PRD0918,2,697.62,1395.24
HITM0004158,HORD001339,PRD0863,1,916.89,916.89
HITM0004159,HORD001339,PRD0330,1,96.82,96.82
HITM0004160,HORD001339,PRD0677,2,1475.57,2951.14
HITM0004161,HORD001340,PRD0567,1,69.51,69.51
HITM0004162,HORD001340,PRD0586,1,421.13,421.13
HITM0004163,HORD001340,PRD0196,2,525.15,1050.3
HITM0004164,HORD001340,PRD0716,1,744.09,744.09
HITM0004165,HORD001341,PRD0121,1,1415.78,1415.78
HITM0004166,HORD001341,PRD0637,1,2406.77,2406.77
HITM0004167,HORD001342,PRD0123,1,501.46,501.46
HITM0004168,HORD001342,PRD0055,2,1019.33,2038.66
HITM0004169,HORD001342,PRD0425,1,477.89,477.89
HITM0004170,HORD001343,PRD0307,1,2188.41,2188.41
HITM0004171,HORD001343,PRD0551,1,3156.44,3156.44
HITM0004172,HORD001343,PRD0759,2,106.0,212.0
HITM0004173,HORD001344,PRD0165,2,808.77,1617.54
HITM0004174,HORD001344,PRD0433,1,641.45,641.45
HITM0004175,HORD001344,PRD0577,1,1838.58,1838.58
HITM0004176,HORD001345,PRD0086,1,372.14,372.14
HITM0004177,HORD001345,PRD0348,3,312.21,936.63
HITM0004178,HORD001346,PRD0576,1,31.35,31.35
HITM0004179,HORD001347,PRD0535,2,992.5,1985.0
HITM0004180,HORD001347,PRD0360,1,45.63,45.63
HITM0004181,HORD001347,PRD0834,1,702.11,702.11
HITM0004182,HORD001348,PRD0174,1,442.41,442.41
HITM0004183,HORD001349,PRD0230,2,112.24,224.48
HITM0004184,HORD001349,PRD0680,1,146.6,146.6
HITM0004185,HORD001349,PRD0450,2,162.55,325.1
HITM0004186,HORD001349,PRD0659,1,1177.04,1177.04
HITM0004187,HORD001349,PRD0496,1,92.5,92.5
HITM0004188,HORD001350,PRD0192,1,491.21,491.21
HITM0004189,HORD001350,PRD0270,1,237.62,237.62
HITM0004190,HORD001350,PRD0915,1,741.57,741.57
HITM0004191,HORD001351,PRD0379,3,212.81,638.43
HITM0004192,HORD001351,PRD0841,1,1754.04,1754.04
HITM0004193,HORD001352,PRD0485,2,381.77,763.54
HITM0004194,HORD001352,PRD0445,2,151.88,303.76
HITM0004195,HORD001353,PRD0247,1,55.39,55.39
HITM0004196,HORD001353,PRD0810,1,140.27,140.27
HITM0004197,HORD001354,PRD0228,1,575.39,575.39
HITM0004198,HORD001354,PRD0180,1,256.4,256.4
HITM0004199,HORD001354,PRD0560,2,114.38,228.76
HITM0004200,HORD001354,PRD0396,1,147.51,147.51
HITM0004201,HORD001354,PRD0131,1,1079.8,1079.8
HITM0004202,HORD001355,PRD0070,1,168.22,168.22
HITM0004203,HORD001355,PRD0922,1,1230.33,1230.33
HITM0004204,HORD001355,PRD0659,1,1177.04,1177.04
HITM0004205,HORD001356,PRD0145,2,439.24,878.48
HITM0004206,HORD001356,PRD0932,1,1326.04,1326.04
HITM0004207,HORD001357,PRD0607,1,73.33,73.33
HITM0004208,HORD001357,PRD0285,1,929.48,929.48
HITM0004209,HORD001357,PRD0239,1,1388.63,1388.63
HITM0004210,HORD001358,PRD0070,1,168.22,168.22
HITM0004211,HORD001358,PRD0369,1,663.84,663.84
HITM0004212,HORD001359,PRD0703,1,1320.55,1320.55
HITM0004213,HORD001359,PRD0581,1,1656.04,1656.04
HITM0004214,HORD001359,PRD0620,1,23.82,23.82
HITM0004215,HORD001359,PRD0013,2,291.07,582.14
HITM0004216,HORD001359,PRD0021,2,1354.38,2708.76
HITM0004217,HORD001360,PRD0946,3,180.12,540.36
HITM0004218,HORD001360,PRD0878,1,453.25,453.25
HITM0004219,HORD001360,PRD0959,1,206.84,206.84
HITM0004220,HORD001360,PRD0197,2,925.36,1850.72
HITM0004221,HORD001360,PRD0990,1,164.36,164.36
HITM0004222,HORD001361,PRD0088,2,994.41,1988.82
HITM0004223,HORD001361,PRD0777,1,876.73,876.73
HITM0004224,HORD001361,PRD0308,1,798.16,798.16
HITM0004225,HORD001362,PRD0029,1,853.57,853.57
HITM0004226,HORD001362,PRD0882,1,492.86,492.86
HITM0004227,HORD001362,PRD0320,2,28.7,57.4
HITM0004228,HORD001363,PRD0333,1,741.56,741.56
HITM0004229,HORD001363,PRD0665,1,480.38,480.38
HITM0004230,HORD001363,PRD0453,1,1439.62,1439.62
HITM0004231,HORD001363,PRD0410,1,331.6,331.6
HITM0004232,HORD001364,PRD0414,2,3331.8,6663.6
HITM0004233,HORD001364,PRD0141,1,3104.91,3104.91
HITM0004234,HORD001364,PRD0988,1,461.62,461.62
HITM0004235,HORD001364,PRD0330,1,96.82,96.82
HITM0004236,HORD001365,PRD0937,2,1473.98,2947.96
HITM0004237,HORD001365,PRD0093,1,619.68,619.68
HITM0004238,HORD001365,PRD0230,1,112.24,112.24
HITM0004239,HORD001365,PRD0850,1,216.39,216.39
HITM0004240,HORD001366,PRD0938,1,471.07,471.07
HITM0004241,HORD001366,PRD0147,1,172.97,172.97
HITM0004242,HORD001366,PRD0266,1,439.49,439.49
HITM0004243,HORD001366,PRD0716,3,744.09,2232.27
HITM0004244,HORD001367,PRD0766,2,74.26,148.52
HITM0004245,HORD001367,PRD0084,1,854.14,854.14
HITM0004246,HORD001368,PRD0080,1,302.02,302.02
HITM0004247,HORD001368,PRD0830,1,231.45,231.45
HITM0004248,HORD001369,PRD0470,1,149.63,149.63
HITM0004249,HORD001369,PRD0091,1,1365.66,1365.66
HITM0004250,HORD001369,PRD0396,1,147.51,147.51
HITM0004251,HORD001370,PRD0006,1,520.51,520.51
HITM0004252,HORD001370,PRD0565,1,124.28,124.28
HITM0004253,HORD001370,PRD0908,1,738.84,738.84
HITM0004254,HORD001371,PRD0796,1,559.87,559.87
HITM0004255,HORD001371,PRD0050,1,409.65,409.65
HITM0004256,HORD001371,PRD0029,1,853.57,853.57
HITM0004257,HORD001371,PRD0364,1,789.55,789.55
HITM0004258,HORD001371,PRD0715,2,636.68,1273.36
HITM0004259,HORD001372,PRD0687,1,1192.37,1192.37
HITM0004260,HORD001372,PRD0292,1,690.26,690.26
HITM0004261,HORD001373,PRD0080,1,302.02,302.02
HITM0004262,HORD001373,PRD0769,1,633.25,633.25
HITM0004263,HORD001373,PRD0758,1,261.9,261.9
HITM0004264,HORD001373,PRD0990,2,164.36,328.72
HITM0004265,HORD001374,PRD0260,1,157.69,157.69
HITM0004266,HORD001374,PRD0636,2,249.94,499.88
HITM0004267,HORD001374,PRD0045,2,368.84,737.68
HITM0004268,HORD001374,PRD0300,1,51.94,51.94
HITM0004269,HORD001374,PRD0520,1,404.65,404.65
HITM0004270,HORD001375,PRD0740,1,235.84,235.84
HITM0004271,HORD001375,PRD0314,2,611.18,1222.36
HITM0004272,HORD001375,PRD0973,1,1197.47,1197.47
HITM0004273,HORD001375,PRD0525,3,360.27,1080.81
HITM0004274,HORD001375,PRD0059,1,343.68,343.68
HITM0004275,HORD001376,PRD0100,1,252.99,252.99
HITM0004276,HORD001377,PRD0287,1,1267.48,1267.48
HITM0004277,HORD001377,PRD0291,2,1210.2,2420.4
HITM0004278,HORD001377,PRD1000,1,175.0,175.0
HITM0004279,HORD001377,PRD0330,1,96.82,96.82
HITM0004280,HORD001378,PRD0359,2,329.3,658.6
HITM0004281,HORD001378,PRD0450,1,162.55,162.55
HITM0004282,HORD001379,PRD0041,2,1567.72,3135.44
HITM0004283,HORD001380,PRD0957,1,108.95,108.95
HITM0004284,HORD001380,PRD0810,2,140.27,280.54
HITM0004285,HORD001380,PRD0913,1,1112.44,1112.44
HITM0004286,HORD001380,PRD0158,1,289.48,289.48
HITM0004287,HORD001381,PRD0707,1,1840.72,1840.72
HITM0004288,HORD001381,PRD0316,1,653.66,653.66
HITM0004289,HORD001381,PRD0312,2,1542.36,3084.72
HITM0004290,HORD001381,PRD0621,1,1483.46,1483.46
HITM0004291,HORD001381,PRD0140,2,211.53,423.06
HITM0004292,HORD001382,PRD0810,1,140.27,140.27
HITM0004293,HORD001382,PRD0869,1,1315.16,1315.16
HITM0004294,HORD001382,PRD0362,1,301.32,301.32
HITM0004295,HORD001383,PRD0976,1,554.65,554.65
HITM0004296,HORD001383,PRD0412,1,1351.05,1351.05
HITM0004297,HORD001383,PRD0866,1,492.83,492.83
HITM0004298,HORD001383,PRD0516,1,478.24,478.24
HITM0004299,HORD001384,PRD0877,1,2091.32,2091.32
HITM0004300,HORD001384,PRD0277,1,2331.99,2331.99
HITM0004301,HORD001384,PRD0153,1,1119.38,1119.38
HITM0004302,HORD001384,PRD0441,1,2623.08,2623.08
HITM0004303,HORD001385,PRD0967,1,2391.09,2391.09
HITM0004304,HORD001385,PRD0598,1,73.8,73.8
HITM0004305,HORD001386,PRD0162,1,767.91,767.91
HITM0004306,HORD001386,PRD0320,1,28.7,28.7
HITM0004307,HORD001386,PRD0425,1,477.89,477.89
HITM0004308,HORD001387,PRD0707,2,1840.72,3681.44
HITM0004309,HORD001387,PRD0291,1,1210.2,1210.2
HITM0004310,HORD001387,PRD0830,1,231.45,231.45
HITM0004311,HORD001387,PRD0236,1,353.9,353.9
HITM0004312,HORD001387,PRD0005,2,171.8,343.6
HITM0004313,HORD001388,PRD0866,1,492.83,492.83
HITM0004314,HORD001388,PRD0353,2,1448.25,2896.5
HITM0004315,HORD001388,PRD0805,1,503.71,503.71
HITM0004316,HORD001388,PRD0192,1,491.21,491.21
HITM0004317,HORD001389,PRD0833,1,1527.84,1527.84
HITM0004318,HORD001389,PRD0152,2,509.94,1019.88
HITM0004319,HORD001389,PRD0336,3,745.18,2235.54
HITM0004320,HORD001390,PRD0915,2,741.57,1483.14
HITM0004321,HORD001390,PRD0550,1,224.46,224.46
HITM0004322,HORD001391,PRD0207,1,143.7,143.7
HITM0004323,HORD001391,PRD0157,2,93.87,187.74
HITM0004324,HORD001391,PRD0328,2,911.22,1822.44
HITM0004325,HORD001391,PRD0540,1,343.79,343.79
HITM0004326,HORD001392,PRD0907,1,60.75,60.75
HITM0004327,HORD001392,PRD0976,2,554.65,1109.3
HITM0004328,HORD001392,PRD0790,2,67.36,134.72
HITM0004329,HORD001393,PRD0492,1,1140.56,1140.56
HITM0004330,HORD001393,PRD0771,1,3066.74,3066.74
HITM0004331,HORD001393,PRD0469,1,767.67,767.67
HITM0004332,HORD001394,PRD0480,1,79.31,79.31
HITM0004333,HORD001394,PRD0276,1,670.27,670.27
HITM0004334,HORD001394,PRD0282,1,521.34,521.34
HITM0004335,HORD001395,PRD0088,1,994.41,994.41
HITM0004336,HORD001395,PRD0523,1,837.7,837.7
HITM0004337,HORD001396,PRD0345,1,257.9,257.9
HITM0004338,HORD001396,PRD0897,1,1151.44,1151.44
HITM0004339,HORD001396,PRD0444,1,2746.34,2746.34
HITM0004340,HORD001396,PRD0365,1,454.18,454.18
HITM0004341,HORD001397,PRD0279,2,766.46,1532.92
HITM0004342,HORD001397,PRD0457,1,269.37,269.37
HITM0004343,HORD001397,PRD0197,1,925.36,925.36
HITM0004344,HORD001398,PRD0147,1,172.97,172.97
HITM0004345,HORD001399,PRD0895,1,675.49,675.49
HITM0004346,HORD001400,PRD0624,1,565.88,565.88
HITM0004347,HORD001400,PRD0559,2,1310.74,2621.48
HITM0004348,HORD001400,PRD0618,1,409.5,409.5
HITM0004349,HORD001401,PRD0116,1,182.09,182.09
HITM0004350,HORD001401,PRD0121,2,1415.78,2831.56
HITM0004351,HORD001402,PRD0116,2,182.09,364.18
HITM0004352,HORD001402,PRD0256,1,42.53,42.53
HITM0004353,HORD001402,PRD0766,1,74.26,74.26
HITM0004354,HORD001402,PRD0054,1,821.51,821.51
HITM0004355,HORD001402,PRD0745,1,147.69,147.69
HITM0004356,HORD001403,PRD0550,1,224.46,224.46
HITM0004357,HORD001403,PRD0480,1,79.31,79.31
HITM0004358,HORD001403,PRD0190,1,40.06,40.06
HITM0004359,HORD001403,PRD0466,2,276.92,553.84
HITM0004360,HORD001404,PRD0080,1,302.02,302.02
HITM0004361,HORD001404,PRD0984,1,3015.12,3015.12
HITM0004362,HORD001404,PRD0419,1,903.5,903.5
HITM0004363,HORD001405,PRD0572,1,1663.78,1663.78
HITM0004364,HORD001405,PRD0283,1,1116.37,1116.37
HITM0004365,HORD001406,PRD0413,1,1181.55,1181.55
HITM0004366,HORD001406,PRD0169,1,585.79,585.79
HITM0004367,HORD001406,PRD0658,2,899.02,1798.04
HITM0004368,HORD001406,PRD0956,1,339.76,339.76
HITM0004369,HORD001407,PRD0407,2,1240.23,2480.46
HITM0004370,HORD001407,PRD0163,1,1233.05,1233.05
HITM0004371,HORD001407,PRD0676,1,523.37,523.37
HITM0004372,HORD001407,PRD0067,2,974.43,1948.86
HITM0004373,HORD001408,PRD0174,2,442.41,884.82
HITM0004374,HORD001408,PRD0576,1,31.35,31.35
HITM0004375,HORD001409,PRD0699,1,649.93,649.93
HITM0004376,HORD001409,PRD0808,1,444.53,444.53
HITM0004377,HORD001410,PRD0013,1,291.07,291.07
HITM0004378,HORD001410,PRD0666,1,343.92,343.92
HITM0004379,HORD001410,PRD0008,1,751.87,751.87
HITM0004380,HORD001410,PRD0929,2,114.2,228.4
HITM0004381,HORD001410,PRD0665,1,480.38,480.38
HITM0004382,HORD001411,PRD0310,2,125.16,250.32
HITM0004383,HORD001411,PRD0400,1,124.47,124.47
HITM0004384,HORD001411,PRD0464,1,3796.9,3796.9
HITM0004385,HORD001411,PRD0252,2,1339.74,2679.48
HITM0004386,HORD001412,PRD0430,1,54.36,54.36
HITM0004387,HORD001412,PRD0548,1,858.63,858.63
HITM0004388,HORD001412,PRD0311,1,2276.13,2276.13
HITM0004389,HORD001413,PRD0794,2,3939.25,7878.5
HITM0004390,HORD001413,PRD0138,2,889.51,1779.02
HITM0004391,HORD001413,PRD0929,1,114.2,114.2
HITM0004392,HORD001413,PRD0172,2,1723.75,3447.5
HITM0004393,HORD001414,PRD0239,1,1388.63,1388.63
HITM0004394,HORD001415,PRD0272,2,888.86,1777.72
HITM0004395,HORD001416,PRD0576,1,31.35,31.35
HITM0004396,HORD001417,PRD0542,1,1005.69,1005.69
HITM0004397,HORD001417,PRD0082,1,411.13,411.13
HITM0004398,HORD001417,PRD0629,1,1480.27,1480.27
HITM0004399,HORD001418,PRD0498,1,373.64,373.64
HITM0004400,HORD001418,PRD0675,1,1138.38,1138.38
HITM0004401,HORD001418,PRD0944,1,1503.06,1503.06
HITM0004402,HORD001419,PRD0640,2,362.06,724.12
HITM0004403,HORD001419,PRD0414,1,3331.8,3331.8
HITM0004404,HORD001419,PRD0615,1,925.7,925.7
HITM0004405,HORD001420,PRD0049,1,578.63,578.63
HITM0004406,HORD001421,PRD0543,1,1522.55,1522.55
HITM0004407,HORD001421,PRD0785,1,1024.27,1024.27
HITM0004408,HORD001422,PRD0105,1,655.02,655.02
HITM0004409,HORD001422,PRD0065,1,806.18,806.18
HITM0004410,HORD001422,PRD0271,1,2739.77,2739.77
HITM0004411,HORD001423,PRD0370,3,418.27,1254.81
HITM0004412,HORD001423,PRD0348,1,312.21,312.21
HITM0004413,HORD001423,PRD0113,2,1263.27,2526.54
HITM0004414,HORD001424,PRD0904,1,2754.33,2754.33
HITM0004415,HORD001424,PRD0662,1,1356.37,1356.37
HITM0004416,HORD001424,PRD0266,2,439.49,878.98
HITM0004417,HORD001425,PRD0130,1,167.84,167.84
HITM0004418,HORD001426,PRD0485,1,381.77,381.77
HITM0004419,HORD001426,PRD0968,1,213.37,213.37
HITM0004420,HORD001426,PRD0760,1,322.74,322.74
HITM0004421,HORD001427,PRD0429,1,618.41,618.41
HITM0004422,HORD001427,PRD0314,1,611.18,611.18
HITM0004423,HORD001427,PRD0240,1,73.63,73.63
HITM0004424,HORD001427,PRD0821,1,1210.81,1210.81
HITM0004425,HORD001428,PRD0666,2,343.92,687.84
HITM0004426,HORD001428,PRD0205,1,645.51,645.51
HITM0004427,HORD001428,PRD0935,1,1012.52,1012.52
HITM0004428,HORD001429,PRD0291,1,1210.2,1210.2
HITM0004429,HORD001429,PRD0198,1,1001.22,1001.22
HITM0004430,HORD001429,PRD0314,1,611.18,611.18
HITM0004431,HORD001429,PRD0609,1,266.46,266.46
HITM0004432,HORD001430,PRD0689,1,195.5,195.5
HITM0004433,HORD001430,PRD0929,1,114.2,114.2
HITM0004434,HORD001430,PRD0628,3,586.24,1758.72
HITM0004435,HORD001431,PRD0724,1,1568.29,1568.29
HITM0004436,HORD001431,PRD0710,3,397.66,1192.98
HITM0004437,HORD001431,PRD0886,3,194.21,582.63
HITM0004438,HORD001432,PRD0230,3,112.24,336.72
HITM0004439,HORD001432,PRD0295,1,284.65,284.65
HITM0004440,HORD001432,PRD0928,1,732.49,732.49
HITM0004441,HORD001433,PRD0454,1,3062.46,3062.46
HITM0004442,HORD001433,PRD0625,1,458.46,458.46
HITM0004443,HORD001433,PRD0219,1,450.54,450.54
HITM0004444,HORD001433,PRD0584,1,2405.29,2405.29
HITM0004445,HORD001434,PRD0375,1,1092.09,1092.09
HITM0004446,HORD001434,PRD0479,2,361.79,723.58
HITM0004447,HORD001434,PRD0235,1,331.23,331.23
HITM0004448,HORD001434,PRD0012,2,1136.26,2272.52
HITM0004449,HORD001435,PRD0138,1,889.51,889.51
HITM0004450,HORD001435,PRD0839,1,511.61,511.61
HITM0004451,HORD001436,PRD0256,2,42.53,85.06
HITM0004452,HORD001436,PRD0731,2,1123.57,2247.14
HITM0004453,HORD001436,PRD0239,1,1388.63,1388.63
HITM0004454,HORD001436,PRD0680,2,146.6,293.2
HITM0004455,HORD001437,PRD0116,1,182.09,182.09
HITM0004456,HORD001437,PRD0934,1,1797.41,1797.41
HITM0004457,HORD001437,PRD0776,2,133.13,266.26
HITM0004458,HORD001438,PRD0620,1,23.82,23.82
HITM0004459,HORD001438,PRD0258,1,114.0,114.0
HITM0004460,HORD001438,PRD0370,1,418.27,418.27
HITM0004461,HORD001439,PRD0854,1,1723.49,1723.49
HITM0004462,HORD001439,PRD0951,2,2970.31,5940.62
HITM0004463,HORD001440,PRD0478,1,1005.98,1005.98
HITM0004464,HORD001440,PRD0409,1,607.08,607.08
HITM0004465,HORD001440,PRD0954,1,766.53,766.53
HITM0004466,HORD001441,PRD0018,2,783.79,1567.58
HITM0004467,HORD001441,PRD0744,1,3214.18,3214.18
HITM0004468,HORD001441,PRD0291,1,1210.2,1210.2
HITM0004469,HORD001442,PRD0961,1,1247.08,1247.08
HITM0004470,HORD001442,PRD0098,1,968.99,968.99
HITM0004471,HORD001442,PRD0443,1,684.87,684.87
HITM0004472,HORD001443,PRD0144,1,434.98,434.98
HITM0004473,HORD001443,PRD0236,1,353.9,353.9
HITM0004474,HORD001443,PRD0988,2,461.62,923.24
HITM0004475,HORD001444,PRD0755,1,842.98,842.98
HITM0004476,HORD001444,PRD0190,1,40.06,40.06
HITM0004477,HORD001445,PRD0580,2,50.37,100.74
HITM0004478,HORD001445,PRD0332,2,1700.56,3401.12
HITM0004479,HORD001445,PRD0368,3,567.82,1703.46
HITM0004480,HORD001446,PRD0286,2,752.91,1505.82
HITM0004481,HORD001446,PRD0486,2,188.03,376.06
HITM0004482,HORD001446,PRD0525,2,360.27,720.54
HITM0004483,HORD001447,PRD0430,2,54.36,108.72
HITM0004484,HORD001447,PRD0648,1,450.1,450.1
HITM0004485,HORD001447,PRD0229,2,1480.27,2960.54
HITM0004486,HORD001447,PRD0256,1,42.53,42.53
HITM0004487,HORD001448,PRD0537,3,237.18,711.54
HITM0004488,HORD001448,PRD0776,1,133.13,133.13
HITM0004489,HORD001448,PRD0079,2,211.26,422.52
HITM0004490,HORD001449,PRD0082,3,411.13,1233.39
HITM0004491,HORD001449,PRD0506,2,669.77,1339.54
HITM0004492,HORD001449,PRD0768,1,149.86,149.86
HITM0004493,HORD001450,PRD0252,1,1339.74,1339.74
HITM0004494,HORD001450,PRD0567,1,69.51,69.51
HITM0004495,HORD001450,PRD0506,1,669.77,669.77
HITM0004496,HORD001450,PRD0022,1,473.77,473.77
HITM0004497,HORD001451,PRD0292,1,690.26,690.26
HITM0004498,HORD001451,PRD0337,1,2481.18,2481.18
HITM0004499,HORD001451,PRD0164,1,1335.24,1335.24
HITM0004500,HORD001451,PRD0367,3,2471.53,7414.59
HITM0004501,HORD001451,PRD0247,1,55.39,55.39
HITM0004502,HORD001452,PRD0008,1,751.87,751.87
HITM0004503,HORD001452,PRD0098,3,968.99,2906.97
HITM0004504,HORD001452,PRD0586,1,421.13,421.13
HITM0004505,HORD001453,PRD0540,1,343.79,343.79
HITM0004506,HORD001453,PRD0254,2,980.48,1960.96
HITM0004507,HORD001453,PRD0576,1,31.35,31.35
HITM0004508,HORD001454,PRD0424,1,3384.56,3384.56
HITM0004509,HORD001454,PRD0893,2,792.02,1584.04
HITM0004510,HORD001454,PRD0925,1,1091.53,1091.53
HITM0004511,HORD001454,PRD0898,1,450.61,450.61
HITM0004512,HORD001455,PRD0487,1,2539.52,2539.52
HITM0004513,HORD001455,PRD0612,1,319.23,319.23
HITM0004514,HORD001456,PRD0008,1,751.87,751.87
HITM0004515,HORD001456,PRD0171,2,993.07,1986.14
HITM0004516,HORD001457,PRD0190,2,40.06,80.12
HITM0004517,HORD001457,PRD0665,1,480.38,480.38
HITM0004518,HORD001457,PRD0868,1,421.43,421.43
HITM0004519,HORD001458,PRD0960,1,17.08,17.08
HITM0004520,HORD001458,PRD0218,2,872.61,1745.22
HITM0004521,HORD001458,PRD0491,2,2151.39,4302.78
HITM0004522,HORD001458,PRD0869,2,1315.16,2630.32
HITM0004523,HORD001458,PRD0014,1,2216.59,2216.59
HITM0004524,HORD001459,PRD0047,1,859.23,859.23
HITM0004525,HORD001459,PRD0535,3,992.5,2977.5
HITM0004526,HORD001459,PRD0908,1,738.84,738.84
HITM0004527,HORD001460,PRD0729,1,348.79,348.79
HITM0004528,HORD001461,PRD0500,1,137.18,137.18
HITM0004529,HORD001461,PRD0703,2,1320.55,2641.1
HITM0004530,HORD001462,PRD0003,2,857.07,1714.14
HITM0004531,HORD001462,PRD0276,1,670.27,670.27
HITM0004532,HORD001462,PRD0564,1,3993.14,3993.14
HITM0004533,HORD001463,PRD0697,1,1839.57,1839.57
HITM0004534,HORD001463,PRD0279,1,766.46,766.46
HITM0004535,HORD001463,PRD0472,1,819.03,819.03
HITM0004536,HORD001464,PRD0205,3,645.51,1936.53
HITM0004537,HORD001464,PRD0079,1,211.26,211.26
HITM0004538,HORD001464,PRD0464,1,3796.9,3796.9
HITM0004539,HORD001464,PRD0155,2,903.43,1806.86
HITM0004540,HORD001464,PRD0583,1,268.64,268.64
HITM0004541,HORD001465,PRD0939,1,67.43,67.43
HITM0004542,HORD001465,PRD0127,1,477.02,477.02
HITM0004543,HORD001465,PRD0460,1,354.28,354.28
HITM0004544,HORD001466,PRD0076,1,602.32,602.32
HITM0004545,HORD001466,PRD0929,1,114.2,114.2
HITM0004546,HORD001466,PRD0645,1,295.19,295.19
HITM0004547,HORD001466,PRD0631,2,943.11,1886.22
HITM0004548,HORD001466,PRD0546,2,180.12,360.24
HITM0004549,HORD001467,PRD0864,1,618.97,618.97
HITM0004550,HORD001468,PRD0279,1,766.46,766.46
HITM0004551,HORD001468,PRD0945,1,568.86,568.86
HITM0004552,HORD001468,PRD0775,1,152.04,152.04
HITM0004553,HORD001468,PRD0221,1,3086.03,3086.03
HITM0004554,HORD001469,PRD0470,1,149.63,149.63
HITM0004555,HORD001469,PRD0158,1,289.48,289.48
HITM0004556,HORD001470,PRD0310,1,125.16,125.16
HITM0004557,HORD001470,PRD0583,1,268.64,268.64
HITM0004558,HORD001471,PRD0735,3,549.71,1649.13
HITM0004559,HORD001471,PRD0125,1,1026.87,1026.87
HITM0004560,HORD001471,PRD0751,1,2375.48,2375.48
HITM0004561,HORD001471,PRD0812,1,1554.96,1554.96
HITM0004562,HORD001471,PRD0921,1,2922.43,2922.43
HITM0004563,HORD001472,PRD0440,1,306.74,306.74
HITM0004564,HORD001472,PRD0586,1,421.13,421.13
HITM0004565,HORD001473,PRD0716,1,744.09,744.09
HITM0004566,HORD001473,PRD0259,1,983.93,983.93
HITM0004567,HORD001473,PRD0992,1,309.63,309.63
HITM0004568,HORD001473,PRD0038,1,553.02,553.02
HITM0004569,HORD001474,PRD0873,3,448.66,1345.98
HITM0004570,HORD001474,PRD0857,1,1578.93,1578.93
HITM0004571,HORD001474,PRD0756,1,389.58,389.58
HITM0004572,HORD001474,PRD0197,1,925.36,925.36
HITM0004573,HORD001475,PRD0405,2,406.75,813.5
HITM0004574,HORD001475,PRD0211,1,2751.59,2751.59
HITM0004575,HORD001475,PRD0601,1,3067.12,3067.12
HITM0004576,HORD001475,PRD0020,2,277.78,555.56
HITM0004577,HORD001475,PRD0353,2,1448.25,2896.5
HITM0004578,HORD001476,PRD0589,1,222.62,222.62
HITM0004579,HORD001476,PRD0455,1,858.23,858.23
HITM0004580,HORD001476,PRD0719,2,1107.84,2215.68
HITM0004581,HORD001476,PRD0696,1,548.07,548.07
HITM0004582,HORD001476,PRD0841,2,1754.04,3508.08
HITM0004583,HORD001477,PRD0979,1,96.35,96.35
HITM0004584,HORD001477,PRD0190,1,40.06,40.06
HITM0004585,HORD001477,PRD0971,1,1081.7,1081.7
HITM0004586,HORD001477,PRD0780,2,307.98,615.96
HITM0004587,HORD001477,PRD0240,1,73.63,73.63
HITM0004588,HORD001478,PRD0460,1,354.28,354.28
HITM0004589,HORD001478,PRD0069,1,1254.78,1254.78
HITM0004590,HORD001478,PRD0196,1,525.15,525.15
HITM0004591,HORD001479,PRD0190,2,40.06,80.12
HITM0004592,HORD001479,PRD0023,1,394.6,394.6
HITM0004593,HORD001480,PRD0476,1,336.11,336.11
HITM0004594,HORD001481,PRD0376,1,294.68,294.68
HITM0004595,HORD001481,PRD0032,3,332.03,996.09
HITM0004596,HORD001481,PRD0180,1,256.4,256.4
HITM0004597,HORD001482,PRD0101,1,1370.24,1370.24
HITM0004598,HORD001482,PRD0232,1,321.21,321.21
HITM0004599,HORD001482,PRD0818,1,184.36,184.36
HITM0004600,HORD001483,PRD0982,1,807.01,807.01
HITM0004601,HORD001483,PRD0687,1,1192.37,1192.37
HITM0004602,HORD001484,PRD0104,1,2480.22,2480.22
HITM0004603,HORD001484,PRD0070,1,168.22,168.22
HITM0004604,HORD001484,PRD0660,1,74.81,74.81
HITM0004605,HORD001485,PRD0444,2,2746.34,5492.68
HITM0004606,HORD001485,PRD0900,1,346.54,346.54
HITM0004607,HORD001485,PRD0991,1,2495.08,2495.08
HITM0004608,HORD001485,PRD0881,1,2201.99,2201.99
HITM0004609,HORD001486,PRD0513,1,412.83,412.83
HITM0004610,HORD001486,PRD0178,1,963.54,963.54
HITM0004611,HORD001486,PRD0658,1,899.02,899.02
HITM0004612,HORD001486,PRD0399,3,1304.71,3914.13
HITM0004613,HORD001487,PRD0214,1,3361.08,3361.08
HITM0004614,HORD001487,PRD0923,1,771.16,771.16
HITM0004615,HORD001487,PRD0309,1,1241.8,1241.8
HITM0004616,HORD001487,PRD0605,1,584.43,584.43
HITM0004617,HORD001488,PRD0929,1,114.2,114.2
HITM0004618,HORD001488,PRD0917,1,1918.86,1918.86
HITM0004619,HORD001488,PRD0727,2,1950.79,3901.58
HITM0004620,HORD001488,PRD0138,1,889.51,889.51
HITM0004621,HORD001489,PRD0150,1,199.69,199.69
HITM0004622,HORD001489,PRD0690,1,344.6,344.6
HITM0004623,HORD001490,PRD0405,1,406.75,406.75
HITM0004624,HORD001490,PRD0865,1,691.66,691.66
HITM0004625,HORD001490,PRD0720,1,391.11,391.11
HITM0004626,HORD001490,PRD0637,1,2406.77,2406.77
HITM0004627,HORD001491,PRD0790,1,67.36,67.36
HITM0004628,HORD001491,PRD0029,1,853.57,853.57
HITM0004629,HORD001492,PRD0780,2,307.98,615.96
HITM0004630,HORD001492,PRD0873,1,448.66,448.66
HITM0004631,HORD001492,PRD0944,1,1503.06,1503.06
HITM0004632,HORD001493,PRD0600,1,200.67,200.67
HITM0004633,HORD001493,PRD0282,1,521.34,521.34
HITM0004634,HORD001493,PRD0240,1,73.63,73.63
HITM0004635,HORD001494,PRD0113,3,1263.27,3789.81
HITM0004636,HORD001494,PRD0999,1,719.67,719.67
HITM0004637,HORD001494,PRD0379,1,212.81,212.81
HITM0004638,HORD001495,PRD0738,1,629.85,629.85
HITM0004639,HORD001495,PRD0968,1,213.37,213.37
HITM0004640,HORD001495,PRD0203,1,724.48,724.48
HITM0004641,HORD001495,PRD0416,1,463.25,463.25
HITM0004642,HORD001496,PRD0174,1,442.41,442.41
HITM0004643,HORD001496,PRD0777,1,876.73,876.73
HITM0004644,HORD001497,PRD0333,1,741.56,741.56
HITM0004645,HORD001497,PRD0096,1,259.24,259.24
HITM0004646,HORD001497,PRD0963,1,541.41,541.41
HITM0004647,HORD001498,PRD0983,1,1481.15,1481.15
HITM0004648,HORD001499,PRD0349,1,1289.14,1289.14
HITM0004649,HORD001499,PRD0486,1,188.03,188.03
HITM0004650,HORD001499,PRD0455,1,858.23,858.23
HITM0004651,HORD001500,PRD0968,1,213.37,213.37
HITM0004652,HORD001500,PRD0964,1,3887.56,3887.56
HITM0004653,HORD001500,PRD0466,1,276.92,276.92
HITM0004654,HORD001501,PRD0157,1,93.87,93.87
HITM0004655,HORD001501,PRD0003,1,857.07,857.07
HITM0004656,HORD001501,PRD0500,1,137.18,137.18
HITM0004657,HORD001501,PRD0446,1,607.85,607.85
HITM0004658,HORD001502,PRD0594,1,2621.32,2621.32
HITM0004659,HORD001502,PRD0979,2,96.35,192.7
HITM0004660,HORD001502,PRD0616,1,242.48,242.48
HITM0004661,HORD001502,PRD0110,2,392.12,784.24
HITM0004662,HORD001503,PRD0728,1,1077.83,1077.83
HITM0004663,HORD001503,PRD0790,2,67.36,134.72
HITM0004664,HORD001504,PRD0531,1,1957.27,1957.27
HITM0004665,HORD001504,PRD0312,1,1542.36,1542.36
HITM0004666,HORD001504,PRD0442,1,327.53,327.53
HITM0004667,HORD001505,PRD0160,1,332.63,332.63
HITM0004668,HORD001505,PRD0203,2,724.48,1448.96
HITM0004669,HORD001505,PRD0052,1,502.9,502.9
HITM0004670,HORD001506,PRD0250,1,184.24,184.24
HITM0004671,HORD001506,PRD0945,1,568.86,568.86
HITM0004672,HORD001506,PRD0737,1,194.63,194.63
HITM0004673,HORD001507,PRD0107,1,1356.63,1356.63
HITM0004674,HORD001507,PRD0389,3,473.56,1420.68
HITM0004675,HORD001507,PRD0486,1,188.03,188.03
HITM0004676,HORD001508,PRD0302,1,987.84,987.84
HITM0004677,HORD001508,PRD0708,1,119.42,119.42
HITM0004678,HORD001508,PRD0858,1,421.26,421.26
HITM0004679,HORD001509,PRD0045,3,368.84,1106.52
HITM0004680,HORD001509,PRD0648,1,450.1,450.1
HITM0004681,HORD001509,PRD0818,1,184.36,184.36
HITM0004682,HORD001510,PRD0073,1,674.71,674.71
HITM0004683,HORD001510,PRD0432,1,571.62,571.62
HITM0004684,HORD001511,PRD0366,1,111.28,111.28
HITM0004685,HORD001511,PRD0459,1,261.43,261.43
HITM0004686,HORD001511,PRD0069,1,1254.78,1254.78
HITM0004687,HORD001512,PRD0127,2,477.02,954.04
HITM0004688,HORD001512,PRD0913,1,1112.44,1112.44
HITM0004689,HORD001512,PRD0134,2,1553.3,3106.6
HITM0004690,HORD001512,PRD0621,1,1483.46,1483.46
HITM0004691,HORD001513,PRD0129,1,763.45,763.45
HITM0004692,HORD001513,PRD0150,3,199.69,599.07
HITM0004693,HORD001514,PRD0415,1,626.8,626.8
HITM0004694,HORD001514,PRD0865,3,691.66,2074.98
HITM0004695,HORD001514,PRD0992,1,309.63,309.63
HITM0004696,HORD001514,PRD0917,2,1918.86,3837.72
HITM0004697,HORD001514,PRD0424,1,3384.56,3384.56
HITM0004698,HORD001515,PRD0960,2,17.08,34.16
HITM0004699,HORD001516,PRD0928,1,732.49,732.49
HITM0004700,HORD001516,PRD0178,1,963.54,963.54
HITM0004701,HORD001516,PRD0507,1,2383.22,2383.22
HITM0004702,HORD001517,PRD0110,1,392.12,392.12
HITM0004703,HORD001517,PRD0790,3,67.36,202.08
HITM0004704,HORD001517,PRD0010,2,253.38,506.76
HITM0004705,HORD001517,PRD0597,1,1808.07,1808.07
HITM0004706,HORD001518,PRD0764,1,1624.39,1624.39
HITM0004707,HORD001518,PRD0737,1,194.63,194.63
HITM0004708,HORD001519,PRD0597,1,1808.07,1808.07
HITM0004709,HORD001519,PRD0886,1,194.21,194.21
HITM0004710,HORD001519,PRD0329,1,716.82,716.82
HITM0004711,HORD001520,PRD0468,3,714.1,2142.3
HITM0004712,HORD001520,PRD0522,1,496.11,496.11
HITM0004713,HORD001520,PRD0066,2,307.12,614.24
HITM0004714,HORD001520,PRD0608,1,200.97,200.97
HITM0004715,HORD001520,PRD0700,2,164.38,328.76
HITM0004716,HORD001521,PRD0992,1,309.63,309.63
HITM0004717,HORD001521,PRD0380,1,340.9,340.9
HITM0004718,HORD001521,PRD0070,1,168.22,168.22
HITM0004719,HORD001522,PRD0070,2,168.22,336.44
HITM0004720,HORD001522,PRD0887,2,447.24,894.48
HITM0004721,HORD001522,PRD0775,2,152.04,304.08
HITM0004722,HORD001523,PRD0577,1,1838.58,1838.58
HITM0004723,HORD001523,PRD0258,1,114.0,114.0
HITM0004724,HORD001523,PRD0447,2,640.94,1281.88
HITM0004725,HORD001523,PRD0717,1,825.84,825.84
HITM0004726,HORD001523,PRD0980,2,171.73,343.46
HITM0004727,HORD001524,PRD0702,1,403.74,403.74
HITM0004728,HORD001524,PRD0573,1,850.28,850.28
HITM0004729,HORD001524,PRD0602,2,409.98,819.96
HITM0004730,HORD001524,PRD0126,1,290.8,290.8
HITM0004731,HORD001524,PRD0830,1,231.45,231.45
HITM0004732,HORD001525,PRD0067,1,974.43,974.43
HITM0004733,HORD001525,PRD0827,1,1518.31,1518.31
HITM0004734,HORD001526,PRD0048,1,533.35,533.35
HITM0004735,HORD001526,PRD0739,2,345.91,691.82
HITM0004736,HORD001527,PRD0430,1,54.36,54.36
HITM0004737,HORD001527,PRD0029,1,853.57,853.57
HITM0004738,HORD001527,PRD0084,1,854.14,854.14
HITM0004739,HORD001527,PRD0598,2,73.8,147.6
HITM0004740,HORD001527,PRD0298,1,727.39,727.39
HITM0004741,HORD001528,PRD0912,1,1802.22,1802.22
HITM0004742,HORD001528,PRD0776,1,133.13,133.13
HITM0004743,HORD001528,PRD0976,1,554.65,554.65
HITM0004744,HORD001529,PRD0970,1,192.16,192.16
HITM0004745,HORD001529,PRD0658,2,899.02,1798.04
HITM0004746,HORD001530,PRD0036,1,115.89,115.89
HITM0004747,HORD001530,PRD0830,1,231.45,231.45
HITM0004748,HORD001530,PRD0626,1,362.78,362.78
HITM0004749,HORD001530,PRD0879,1,329.13,329.13
HITM0004750,HORD001530,PRD0558,1,399.27,399.27
HITM0004751,HORD001531,PRD0619,1,889.11,889.11
HITM0004752,HORD001531,PRD0810,1,140.27,140.27
HITM0004753,HORD001531,PRD0970,1,192.16,192.16
HITM0004754,HORD001531,PRD0746,1,367.02,367.02
HITM0004755,HORD001531,PRD0036,1,115.89,115.89
HITM0004756,HORD001532,PRD0978,1,617.29,617.29
HITM0004757,HORD001532,PRD0873,1,448.66,448.66
HITM0004758,HORD001532,PRD0283,1,1116.37,1116.37
HITM0004759,HORD001532,PRD0607,1,73.33,73.33
HITM0004760,HORD001533,PRD0640,1,362.06,362.06
HITM0004761,HORD001533,PRD0650,1,46.68,46.68
HITM0004762,HORD001533,PRD0006,1,520.51,520.51
HITM0004763,HORD001534,PRD0262,1,1531.6,1531.6
HITM0004764,HORD001534,PRD0883,1,1321.14,1321.14
HITM0004765,HORD001534,PRD0635,2,475.82,951.64
HITM0004766,HORD001534,PRD0728,2,1077.83,2155.66
HITM0004767,HORD001535,PRD0913,1,1112.44,1112.44
HITM0004768,HORD001536,PRD0455,1,858.23,858.23
HITM0004769,HORD001536,PRD0051,1,2503.01,2503.01
HITM0004770,HORD001536,PRD0330,1,96.82,96.82
HITM0004771,HORD001536,PRD0756,2,389.58,779.16
HITM0004772,HORD001536,PRD0540,2,343.79,687.58
HITM0004773,HORD001537,PRD0846,2,428.47,856.94
HITM0004774,HORD001538,PRD0407,2,1240.23,2480.46
HITM0004775,HORD001538,PRD0758,1,261.9,261.9
HITM0004776,HORD001538,PRD0370,1,418.27,418.27
HITM0004777,HORD001538,PRD0969,1,185.9,185.9
HITM0004778,HORD001539,PRD0009,1,72.9,72.9
HITM0004779,HORD001539,PRD0580,1,50.37,50.37
HITM0004780,HORD001539,PRD0603,1,380.05,380.05
HITM0004781,HORD001540,PRD0132,1,1025.41,1025.41
HITM0004782,HORD001540,PRD0813,1,372.89,372.89
HITM0004783,HORD001540,PRD0808,1,444.53,444.53
HITM0004784,HORD001541,PRD0693,1,635.88,635.88
HITM0004785,HORD001541,PRD0280,1,228.25,228.25
HITM0004786,HORD001541,PRD0986,1,318.21,318.21
HITM0004787,HORD001542,PRD0932,1,1326.04,1326.04
HITM0004788,HORD001542,PRD0824,1,3837.62,3837.62
HITM0004789,HORD001542,PRD0218,1,872.61,872.61
HITM0004790,HORD001543,PRD0256,2,42.53,85.06
HITM0004791,HORD001544,PRD0638,1,508.53,508.53
HITM0004792,HORD001544,PRD0061,1,1919.38,1919.38
HITM0004793,HORD001544,PRD0962,2,676.85,1353.7
HITM0004794,HORD001545,PRD0650,1,46.68,46.68
HITM0004795,HORD001545,PRD0385,1,602.62,602.62
HITM0004796,HORD001546,PRD0512,2,853.67,1707.34
HITM0004797,HORD001546,PRD0730,1,147.29,147.29
HITM0004798,HORD001546,PRD0174,2,442.41,884.82
HITM0004799,HORD001546,PRD0618,1,409.5,409.5
HITM0004800,HORD001547,PRD0529,1,923.93,923.93
HITM0004801,HORD001548,PRD0870,1,96.68,96.68
HITM0004802,HORD001548,PRD0180,1,256.4,256.4
HITM0004803,HORD001548,PRD0097,2,2213.08,4426.16
HITM0004804,HORD001549,PRD0299,1,1412.32,1412.32
HITM0004805,HORD001549,PRD0300,1,51.94,51.94
HITM0004806,HORD001550,PRD0263,1,1358.3,1358.3
HITM0004807,HORD001550,PRD0882,1,492.86,492.86
HITM0004808,HORD001550,PRD0558,1,399.27,399.27
HITM0004809,HORD001551,PRD0455,2,858.23,1716.46
HITM0004810,HORD001551,PRD0830,1,231.45,231.45
HITM0004811,HORD001551,PRD0666,3,343.92,1031.76
HITM0004812,HORD001552,PRD0988,1,461.62,461.62
HITM0004813,HORD001552,PRD0502,3,1155.49,3466.47
HITM0004814,HORD001552,PRD0243,1,734.66,734.66
HITM0004815,HORD001552,PRD0317,1,641.82,641.82
HITM0004816,HORD001552,PRD0146,1,807.31,807.31
HITM0004817,HORD001553,PRD0023,1,394.6,394.6
HITM0004818,HORD001553,PRD0809,1,155.22,155.22
HITM0004819,HORD001553,PRD0822,1,324.31,324.31
HITM0004820,HORD001553,PRD0010,1,253.38,253.38
HITM0004821,HORD001554,PRD0629,3,1480.27,4440.81
HITM0004822,HORD001554,PRD0884,1,1284.0,1284.0
HITM0004823,HORD001554,PRD0430,1,54.36,54.36
HITM0004824,HORD001555,PRD0048,2,533.35,1066.7
HITM0004825,HORD001555,PRD0424,2,3384.56,6769.12
HITM0004826,HORD001556,PRD0155,1,903.43,903.43
HITM0004827,HORD001556,PRD0122,1,1857.69,1857.69
HITM0004828,HORD001556,PRD0470,1,149.63,149.63
HITM0004829,HORD001556,PRD0580,1,50.37,50.37
HITM0004830,HORD001557,PRD0701,1,2630.13,2630.13
HITM0004831,HORD001557,PRD0182,1,908.42,908.42
HITM0004832,HORD001558,PRD0080,3,302.02,906.06
HITM0004833,HORD001558,PRD0519,2,700.92,1401.84
HITM0004834,HORD001558,PRD0964,2,3887.56,7775.12
HITM0004835,HORD001559,PRD0395,1,843.62,843.62
HITM0004836,HORD001559,PRD0771,3,3066.74,9200.22
HITM0004837,HORD001559,PRD0280,2,228.25,456.5
HITM0004838,HORD001560,PRD0119,1,752.72,752.72
HITM0004839,HORD001560,PRD0705,2,369.85,739.7
HITM0004840,HORD001561,PRD0754,2,588.75,1177.5
HITM0004841,HORD001561,PRD0003,2,857.07,1714.14
HITM0004842,HORD001561,PRD1000,1,175.0,175.0
HITM0004843,HORD001562,PRD0797,1,1054.08,1054.08
HITM0004844,HORD001562,PRD0599,1,1008.74,1008.74
HITM0004845,HORD001562,PRD0009,1,72.9,72.9
HITM0004846,HORD001562,PRD0730,1,147.29,147.29
HITM0004847,HORD001563,PRD0129,1,763.45,763.45
HITM0004848,HORD001563,PRD0642,1,1123.98,1123.98
HITM0004849,HORD001563,PRD0518,1,69.83,69.83
HITM0004850,HORD001563,PRD0598,1,73.8,73.8
HITM0004851,HORD001564,PRD0277,1,2331.99,2331.99
HITM0004852,HORD001564,PRD0254,2,980.48,1960.96
HITM0004853,HORD001564,PRD0403,1,1470.68,1470.68
HITM0004854,HORD001564,PRD0690,1,344.6,344.6
HITM0004855,HORD001565,PRD0875,1,1038.39,1038.39
HITM0004856,HORD001565,PRD0208,1,481.08,481.08
HITM0004857,HORD001566,PRD0909,2,1280.89,2561.78
HITM0004858,HORD001566,PRD0161,1,1639.58,1639.58
HITM0004859,HORD001566,PRD0187,1,2240.42,2240.42
HITM0004860,HORD001567,PRD0192,1,491.21,491.21
HITM0004861,HORD001567,PRD0222,2,761.26,1522.52
HITM0004862,HORD001567,PRD0697,2,1839.57,3679.14
HITM0004863,HORD001568,PRD0889,1,743.48,743.48
HITM0004864,HORD001568,PRD0344,1,4097.8,4097.8
HITM0004865,HORD001568,PRD0897,2,1151.44,2302.88
HITM0004866,HORD001569,PRD0029,1,853.57,853.57
HITM0004867,HORD001569,PRD0081,1,1775.5,1775.5
HITM0004868,HORD001569,PRD0598,1,73.8,73.8
HITM0004869,HORD001570,PRD0240,1,73.63,73.63
HITM0004870,HORD001570,PRD0071,2,1793.74,3587.48
HITM0004871,HORD001570,PRD0862,3,750.64,2251.92
HITM0004872,HORD001571,PRD0884,1,1284.0,1284.0
HITM0004873,HORD001571,PRD0663,1,990.2,990.2
HITM0004874,HORD001571,PRD0524,2,405.7,811.4
HITM0004875,HORD001571,PRD0977,1,2565.59,2565.59
HITM0004876,HORD001572,PRD0366,2,111.28,222.56
HITM0004877,HORD001572,PRD0739,1,345.91,345.91
HITM0004878,HORD001572,PRD0907,1,60.75,60.75
HITM0004879,HORD001573,PRD0950,1,258.24,258.24
HITM0004880,HORD001573,PRD0924,3,938.45,2815.35
HITM0004881,HORD001573,PRD0391,1,1988.32,1988.32
HITM0004882,HORD001574,PRD0562,2,1169.37,2338.74
HITM0004883,HORD001574,PRD0509,1,849.35,849.35
HITM0004884,HORD001574,PRD0010,3,253.38,760.14
HITM0004885,HORD001575,PRD0137,1,814.4,814.4
HITM0004886,HORD001575,PRD0101,1,1370.24,1370.24
HITM0004887,HORD001575,PRD0432,1,571.62,571.62
HITM0004888,HORD001576,PRD0532,1,837.86,837.86
HITM0004889,HORD001576,PRD0381,1,1136.28,1136.28
HITM0004890,HORD001576,PRD0531,1,1957.27,1957.27
HITM0004891,HORD001577,PRD0292,1,690.26,690.26
HITM0004892,HORD001577,PRD0203,1,724.48,724.48
HITM0004893,HORD001577,PRD0727,1,1950.79,1950.79
HITM0004894,HORD001577,PRD0560,1,114.38,114.38
HITM0004895,HORD001577,PRD0237,2,1847.39,3694.78
HITM0004896,HORD001578,PRD0278,1,105.64,105.64
HITM0004897,HORD001578,PRD0788,1,862.04,862.04
HITM0004898,HORD001578,PRD0015,3,1188.56,3565.68
HITM0004899,HORD001578,PRD0190,1,40.06,40.06
HITM0004900,HORD001579,PRD0808,1,444.53,444.53
HITM0004901,HORD001579,PRD0683,2,736.53,1473.06
HITM0004902,HORD001579,PRD0055,1,1019.33,1019.33
HITM0004903,HORD001580,PRD0250,1,184.24,184.24
HITM0004904,HORD001580,PRD0101,2,1370.24,2740.48
HITM0004905,HORD001580,PRD0304,1,969.28,969.28
HITM0004906,HORD001581,PRD0100,2,252.99,505.98
HITM0004907,HORD001581,PRD0886,1,194.21,194.21
HITM0004908,HORD001581,PRD0926,1,532.72,532.72
HITM0004909,HORD001581,PRD0835,1,482.69,482.69
HITM0004910,HORD001582,PRD0781,1,2064.25,2064.25
HITM0004911,HORD001582,PRD0060,1,412.3,412.3
HITM0004912,HORD001583,PRD0310,2,125.16,250.32
HITM0004913,HORD001584,PRD0566,1,242.05,242.05
HITM0004914,HORD001584,PRD0436,1,839.37,839.37
HITM0004915,HORD001584,PRD0936,1,825.41,825.41
HITM0004916,HORD001584,PRD0948,1,849.18,849.18
HITM0004917,HORD001585,PRD0637,2,2406.77,4813.54
HITM0004918,HORD001585,PRD0163,2,1233.05,2466.1
HITM0004919,HORD001585,PRD0627,3,931.65,2794.95
HITM0004920,HORD001585,PRD0425,1,477.89,477.89
HITM0004921,HORD001586,PRD0905,2,992.9,1985.8
HITM0004922,HORD001586,PRD0680,1,146.6,146.6
HITM0004923,HORD001586,PRD0956,1,339.76,339.76
HITM0004924,HORD001586,PRD0736,1,773.17,773.17
HITM0004925,HORD001586,PRD0347,1,339.84,339.84
HITM0004926,HORD001587,PRD0391,1,1988.32,1988.32
HITM0004927,HORD001588,PRD0826,1,774.78,774.78
HITM0004928,HORD001588,PRD0286,2,752.91,1505.82
HITM0004929,HORD001589,PRD0248,2,204.13,408.26
HITM0004930,HORD001589,PRD0278,2,105.64,211.28
HITM0004931,HORD001589,PRD0320,1,28.7,28.7
HITM0004932,HORD001590,PRD0371,1,2101.21,2101.21
HITM0004933,HORD001590,PRD0765,2,967.51,1935.02
HITM0004934,HORD001590,PRD0369,1,663.84,663.84
HITM0004935,HORD001590,PRD0416,1,463.25,463.25
HITM0004936,HORD001591,PRD0110,1,392.12,392.12
HITM0004937,HORD001591,PRD0929,2,114.2,228.4
HITM0004938,HORD001591,PRD0694,1,721.36,721.36
HITM0004939,HORD001592,PRD0260,1,157.69,157.69
HITM0004940,HORD001592,PRD0886,1,194.21,194.21
HITM0004941,HORD001592,PRD0388,1,191.0,191.0
HITM0004942,HORD001593,PRD0756,1,389.58,389.58
HITM0004943,HORD001593,PRD0608,2,200.97,401.94
HITM0004944,HORD001594,PRD0867,1,1696.54,1696.54
HITM0004945,HORD001594,PRD0711,1,2153.38,2153.38
HITM0004946,HORD001594,PRD0488,2,1046.44,2092.88
HITM0004947,HORD001595,PRD0174,1,442.41,442.41
HITM0004948,HORD001595,PRD0120,1,249.64,249.64
HITM0004949,HORD001595,PRD0045,1,368.84,368.84
HITM0004950,HORD001595,PRD0389,2,473.56,947.12
HITM0004951,HORD001595,PRD0655,1,1072.3,1072.3
HITM0004952,HORD001596,PRD0502,1,1155.49,1155.49
HITM0004953,HORD001596,PRD0751,1,2375.48,2375.48
HITM0004954,HORD001597,PRD0113,2,1263.27,2526.54
HITM0004955,HORD001597,PRD0783,1,962.73,962.73
HITM0004956,HORD001597,PRD0935,1,1012.52,1012.52
HITM0004957,HORD001597,PRD0013,1,291.07,291.07
HITM0004958,HORD001598,PRD0613,1,698.67,698.67
HITM0004959,HORD001598,PRD0576,1,31.35,31.35
HITM0004960,HORD001598,PRD0815,1,735.95,735.95
HITM0004961,HORD001599,PRD0011,1,933.48,933.48
HITM0004962,HORD001599,PRD0312,1,1542.36,1542.36
HITM0004963,HORD001599,PRD0385,1,602.62,602.62
HITM0004964,HORD001599,PRD0057,3,2000.1,6000.3
HITM0004965,HORD001600,PRD0576,1,31.35,31.35
HITM0004966,HORD001600,PRD0276,1,670.27,670.27
HITM0004967,HORD001600,PRD0678,1,133.66,133.66
HITM0004968,HORD001601,PRD0147,1,172.97,172.97
HITM0004969,HORD001601,PRD0818,1,184.36,184.36
HITM0004970,HORD001601,PRD0613,1,698.67,698.67
HITM0004971,HORD001602,PRD0498,1,373.64,373.64
HITM0004972,HORD001602,PRD0053,3,1382.46,4147.38
HITM0004973,HORD001602,PRD0288,2,114.25,228.5
HITM0004974,HORD001602,PRD0104,1,2480.22,2480.22
HITM0004975,HORD001603,PRD0713,2,1024.28,2048.56
HITM0004976,HORD001603,PRD0273,1,1320.37,1320.37
HITM0004977,HORD001603,PRD0650,1,46.68,46.68
HITM0004978,HORD001604,PRD0192,1,491.21,491.21
HITM0004979,HORD001604,PRD0337,1,2481.18,2481.18
HITM0004980,HORD001604,PRD0082,1,411.13,411.13
HITM0004981,HORD001604,PRD0856,1,426.45,426.45
HITM0004982,HORD001605,PRD0762,2,1723.61,3447.22
HITM0004983,HORD001605,PRD0580,2,50.37,100.74
HITM0004984,HORD001606,PRD0011,2,933.48,1866.96
HITM0004985,HORD001606,PRD0022,1,473.77,473.77
HITM0004986,HORD001607,PRD0516,1,478.24,478.24
HITM0004987,HORD001607,PRD0614,2,2476.54,4953.08
HITM0004988,HORD001607,PRD0318,2,656.01,1312.02
HITM0004989,HORD001608,PRD0442,1,327.53,327.53
HITM0004990,HORD001608,PRD0217,2,2308.51,4617.02
HITM0004991,HORD001608,PRD0054,1,821.51,821.51
HITM0004992,HORD001609,PRD0513,3,412.83,1238.49
HITM0004993,HORD001609,PRD0278,2,105.64,211.28
HITM0004994,HORD001609,PRD0303,2,922.23,1844.46
HITM0004995,HORD001610,PRD0689,1,195.5,195.5
HITM0004996,HORD001610,PRD0460,1,354.28,354.28
HITM0004997,HORD001610,PRD0652,1,1247.24,1247.24
HITM0004998,HORD001611,PRD0029,1,853.57,853.57
HITM0004999,HORD001611,PRD0645,1,295.19,295.19
HITM0005000,HORD001611,PRD0517,1,898.69,898.69
HITM0005001,HORD001612,PRD0817,1,1148.51,1148.51
HITM0005002,HORD001612,PRD0572,2,1663.78,3327.56
HITM0005003,HORD001612,PRD0502,1,1155.49,1155.49
HITM0005004,HORD001613,PRD0374,1,517.56,517.56
HITM0005005,HORD001613,PRD0049,1,578.63,578.63
HITM0005006,HORD001613,PRD0609,1,266.46,266.46
HITM0005007,HORD001613,PRD0436,1,839.37,839.37
HITM0005008,HORD001613,PRD0599,1,1008.74,1008.74
HITM0005009,HORD001614,PRD0650,2,46.68,93.36
HITM0005010,HORD001615,PRD0957,1,108.95,108.95
HITM0005011,HORD001615,PRD0340,3,315.67,947.01
HITM0005012,HORD001615,PRD0060,1,412.3,412.3
HITM0005013,HORD001616,PRD0140,1,211.53,211.53
HITM0005014,HORD001616,PRD0320,1,28.7,28.7
HITM0005015,HORD001617,PRD0523,1,837.7,837.7
HITM0005016,HORD001617,PRD0463,2,1555.83,3111.66
HITM0005017,HORD001617,PRD0848,1,227.53,227.53
HITM0005018,HORD001618,PRD0283,1,1116.37,1116.37
HITM0005019,HORD001618,PRD0996,1,439.4,439.4
HITM0005020,HORD001618,PRD0154,1,1730.69,1730.69
HITM0005021,HORD001618,PRD0902,1,1853.74,1853.74
HITM0005022,HORD001619,PRD0606,1,838.55,838.55
HITM0005023,HORD001619,PRD0997,1,1521.51,1521.51
HITM0005024,HORD001619,PRD0755,1,842.98,842.98
HITM0005025,HORD001620,PRD0920,1,302.87,302.87
HITM0005026,HORD001620,PRD0473,1,296.86,296.86
HITM0005027,HORD001621,PRD0549,1,1345.32,1345.32
HITM0005028,HORD001621,PRD0850,1,216.39,216.39
HITM0005029,HORD001621,PRD0676,1,523.37,523.37
HITM0005030,HORD001622,PRD0825,1,522.15,522.15
HITM0005031,HORD001622,PRD0959,1,206.84,206.84
HITM0005032,HORD001622,PRD0966,1,272.72,272.72
HITM0005033,HORD001623,PRD0208,1,481.08,481.08
HITM0005034,HORD001623,PRD0698,1,664.05,664.05
HITM0005035,HORD001623,PRD0526,3,567.06,1701.18
HITM0005036,HORD001623,PRD0518,1,69.83,69.83
HITM0005037,HORD001624,PRD0485,1,381.77,381.77
HITM0005038,HORD001624,PRD0640,1,362.06,362.06
HITM0005039,HORD001624,PRD0660,1,74.81,74.81
HITM0005040,HORD001625,PRD0131,1,1079.8,1079.8
HITM0005041,HORD001625,PRD0366,1,111.28,111.28
HITM0005042,HORD001626,PRD0011,1,933.48,933.48
HITM0005043,HORD001626,PRD0145,2,439.24,878.48
HITM0005044,HORD001626,PRD0129,1,763.45,763.45
HITM0005045,HORD001627,PRD0809,1,155.22,155.22
HITM0005046,HORD001627,PRD0126,1,290.8,290.8
HITM0005047,HORD001628,PRD0518,1,69.83,69.83
HITM0005048,HORD001628,PRD0853,2,1074.57,2149.14
HITM0005049,HORD001629,PRD0432,1,571.62,571.62
HITM0005050,HORD001629,PRD0568,1,977.48,977.48
HITM0005051,HORD001630,PRD0613,1,698.67,698.67
HITM0005052,HORD001630,PRD0257,1,210.79,210.79
HITM0005053,HORD001630,PRD0343,1,1454.71,1454.71
HITM0005054,HORD001631,PRD0929,1,114.2,114.2
HITM0005055,HORD001631,PRD0888,1,240.68,240.68
HITM0005056,HORD001632,PRD0960,1,17.08,17.08
HITM0005057,HORD001632,PRD0218,2,872.61,1745.22
HITM0005058,HORD001632,PRD0140,1,211.53,211.53
HITM0005059,HORD001632,PRD0320,2,28.7,57.4
HITM0005060,HORD001633,PRD0320,1,28.7,28.7
HITM0005061,HORD001633,PRD0040,1,348.21,348.21
HITM0005062,HORD001633,PRD0387,2,1127.53,2255.06
HITM0005063,HORD001633,PRD0188,1,1032.34,1032.34
HITM0005064,HORD001633,PRD0922,1,1230.33,1230.33
HITM0005065,HORD001634,PRD0331,1,2268.14,2268.14
HITM0005066,HORD001634,PRD0640,1,362.06,362.06
HITM0005067,HORD001634,PRD0747,1,1759.9,1759.9
HITM0005068,HORD001634,PRD0735,1,549.71,549.71
HITM0005069,HORD001635,PRD0768,1,149.86,149.86
HITM0005070,HORD001635,PRD0671,1,1959.57,1959.57
HITM0005071,HORD001635,PRD0447,1,640.94,640.94
HITM0005072,HORD001635,PRD0772,1,356.92,356.92
HITM0005073,HORD001636,PRD0739,2,345.91,691.82
HITM0005074,HORD001636,PRD0607,1,73.33,73.33
HITM0005075,HORD001636,PRD0861,3,2778.32,8334.96
HITM0005076,HORD001637,PRD0768,1,149.86,149.86
HITM0005077,HORD001637,PRD0017,3,420.96,1262.88
HITM0005078,HORD001638,PRD0353,1,1448.25,1448.25
HITM0005079,HORD001638,PRD0976,1,554.65,554.65
HITM0005080,HORD001638,PRD0693,1,635.88,635.88
HITM0005081,HORD001639,PRD0522,3,496.11,1488.33
HITM0005082,HORD001639,PRD0310,1,125.16,125.16
HITM0005083,HORD001639,PRD0596,1,792.27,792.27
HITM0005084,HORD001639,PRD0993,2,448.46,896.92
HITM0005085,HORD001640,PRD0443,1,684.87,684.87
HITM0005086,HORD001640,PRD0117,1,654.86,654.86
HITM0005087,HORD001641,PRD0812,3,1554.96,4664.88
HITM0005088,HORD001641,PRD0774,1,1438.07,1438.07
HITM0005089,HORD001641,PRD0005,3,171.8,515.4
HITM0005090,HORD001641,PRD0007,1,670.94,670.94
HITM0005091,HORD001642,PRD0308,1,798.16,798.16
HITM0005092,HORD001642,PRD0006,1,520.51,520.51
HITM0005093,HORD001642,PRD0621,1,1483.46,1483.46
HITM0005094,HORD001642,PRD0565,1,124.28,124.28
HITM0005095,HORD001643,PRD0096,1,259.24,259.24
HITM0005096,HORD001643,PRD0620,1,23.82,23.82
HITM0005097,HORD001643,PRD0105,1,655.02,655.02
HITM0005098,HORD001644,PRD0589,1,222.62,222.62
HITM0005099,HORD001644,PRD0293,1,663.82,663.82
HITM0005100,HORD001644,PRD0092,1,1240.54,1240.54
HITM0005101,HORD001644,PRD0670,2,278.65,557.3
HITM0005102,HORD001644,PRD0759,1,106.0,106.0
HITM0005103,HORD001645,PRD0033,1,1345.52,1345.52
HITM0005104,HORD001645,PRD0449,1,884.72,884.72
HITM0005105,HORD001646,PRD0521,1,2988.2,2988.2
HITM0005106,HORD001646,PRD1000,1,175.0,175.0
HITM0005107,HORD001646,PRD0979,1,96.35,96.35
HITM0005108,HORD001646,PRD0537,1,237.18,237.18
HITM0005109,HORD001647,PRD0538,1,734.7,734.7
HITM0005110,HORD001647,PRD0801,2,3111.15,6222.3
HITM0005111,HORD001647,PRD0343,1,1454.71,1454.71
HITM0005112,HORD001648,PRD0556,1,279.39,279.39
HITM0005113,HORD001648,PRD0930,1,307.61,307.61
HITM0005114,HORD001648,PRD0488,1,1046.44,1046.44
HITM0005115,HORD001649,PRD0009,2,72.9,145.8
HITM0005116,HORD001649,PRD0606,1,838.55,838.55
HITM0005117,HORD001649,PRD0382,1,680.83,680.83
HITM0005118,HORD001650,PRD0676,1,523.37,523.37
HITM0005119,HORD001650,PRD0811,1,1819.95,1819.95
HITM0005120,HORD001650,PRD0500,1,137.18,137.18
HITM0005121,HORD001650,PRD0927,2,672.07,1344.14
HITM0005122,HORD001650,PRD0502,1,1155.49,1155.49
HITM0005123,HORD001651,PRD0570,1,337.54,337.54
HITM0005124,HORD001651,PRD0041,1,1567.72,1567.72
HITM0005125,HORD001651,PRD0449,1,884.72,884.72
HITM0005126,HORD001651,PRD0948,1,849.18,849.18
HITM0005127,HORD001652,PRD0450,1,162.55,162.55
HITM0005128,HORD001652,PRD0326,1,639.28,639.28
HITM0005129,HORD001652,PRD0613,1,698.67,698.67
HITM0005130,HORD001652,PRD0071,1,1793.74,1793.74
HITM0005131,HORD001653,PRD0157,3,93.87,281.61
HITM0005132,HORD001653,PRD0982,1,807.01,807.01
HITM0005133,HORD001654,PRD0895,2,675.49,1350.98
HITM0005134,HORD001654,PRD0225,1,749.78,749.78
HITM0005135,HORD001654,PRD0396,3,147.51,442.53
HITM0005136,HORD001654,PRD0170,1,419.43,419.43
HITM0005137,HORD001654,PRD0082,1,411.13,411.13
HITM0005138,HORD001655,PRD0775,1,152.04,152.04
HITM0005139,HORD001655,PRD0456,2,700.91,1401.82
HITM0005140,HORD001655,PRD0094,1,2315.3,2315.3
HITM0005141,HORD001655,PRD0962,1,676.85,676.85
HITM0005142,HORD001656,PRD0017,1,420.96,420.96
HITM0005143,HORD001656,PRD0591,1,2913.54,2913.54
HITM0005144,HORD001656,PRD0678,1,133.66,133.66
HITM0005145,HORD001656,PRD0785,1,1024.27,1024.27
HITM0005146,HORD001657,PRD0125,1,1026.87,1026.87
HITM0005147,HORD001657,PRD0145,1,439.24,439.24
HITM0005148,HORD001657,PRD0332,1,1700.56,1700.56
HITM0005149,HORD001657,PRD0342,1,1575.88,1575.88
HITM0005150,HORD001658,PRD0586,1,421.13,421.13
HITM0005151,HORD001658,PRD0101,2,1370.24,2740.48
HITM0005152,HORD001658,PRD0030,1,278.37,278.37
HITM0005153,HORD001659,PRD0635,2,475.82,951.64
HITM0005154,HORD001659,PRD0282,1,521.34,521.34
HITM0005155,HORD001660,PRD0122,1,1857.69,1857.69
HITM0005156,HORD001660,PRD0571,1,2591.37,2591.37
HITM0005157,HORD001661,PRD0861,1,2778.32,2778.32
HITM0005158,HORD001661,PRD0139,1,323.99,323.99
HITM0005159,HORD001661,PRD0505,1,268.59,268.59
HITM0005160,HORD001661,PRD0156,2,832.48,1664.96
HITM0005161,HORD001662,PRD0271,1,2739.77,2739.77
HITM0005162,HORD001662,PRD0834,2,702.11,1404.22
HITM0005163,HORD001662,PRD0672,3,1815.6,5446.8
HITM0005164,HORD001663,PRD0536,1,430.74,430.74
HITM0005165,HORD001663,PRD0693,1,635.88,635.88
HITM0005166,HORD001664,PRD0477,1,610.76,610.76
HITM0005167,HORD001664,PRD0006,2,520.51,1041.02
HITM0005168,HORD001664,PRD0145,1,439.24,439.24
HITM0005169,HORD001665,PRD0680,1,146.6,146.6
HITM0005170,HORD001665,PRD0428,1,353.32,353.32
HITM0005171,HORD001666,PRD0728,1,1077.83,1077.83
HITM0005172,HORD001666,PRD0828,1,1072.53,1072.53
HITM0005173,HORD001666,PRD0534,1,459.7,459.7
HITM0005174,HORD001666,PRD0618,1,409.5,409.5
HITM0005175,HORD001667,PRD0826,1,774.78,774.78
HITM0005176,HORD001667,PRD0335,1,826.82,826.82
HITM0005177,HORD001668,PRD0498,1,373.64,373.64
HITM0005178,HORD001668,PRD0992,2,309.63,619.26
HITM0005179,HORD001668,PRD0075,1,417.39,417.39
HITM0005180,HORD001669,PRD0751,1,2375.48,2375.48
HITM0005181,HORD001669,PRD0702,1,403.74,403.74
HITM0005182,HORD001669,PRD0990,1,164.36,164.36
HITM0005183,HORD001669,PRD0802,1,914.18,914.18
HITM0005184,HORD001670,PRD0330,1,96.82,96.82
HITM0005185,HORD001670,PRD0532,1,837.86,837.86
HITM0005186,HORD001670,PRD0422,1,1010.5,1010.5
HITM0005187,HORD001670,PRD0579,1,842.98,842.98
HITM0005188,HORD001670,PRD0217,1,2308.51,2308.51
HITM0005189,HORD001671,PRD0675,1,1138.38,1138.38
HITM0005190,HORD001671,PRD0359,1,329.3,329.3
HITM0005191,HORD001671,PRD0103,1,384.82,384.82
HITM0005192,HORD001671,PRD0078,1,991.52,991.52
HITM0005193,HORD001672,PRD0080,1,302.02,302.02
HITM0005194,HORD001672,PRD0021,1,1354.38,1354.38
HITM0005195,HORD001672,PRD0704,2,2898.48,5796.96
HITM0005196,HORD001672,PRD0040,2,348.21,696.42
HITM0005197,HORD001673,PRD0397,1,2107.06,2107.06
HITM0005198,HORD001673,PRD0825,1,522.15,522.15
HITM0005199,HORD001673,PRD0594,2,2621.32,5242.64
HITM0005200,HORD001674,PRD0304,1,969.28,969.28
HITM0005201,HORD001674,PRD0797,1,1054.08,1054.08
HITM0005202,HORD001675,PRD0471,1,985.84,985.84
HITM0005203,HORD001675,PRD0698,1,664.05,664.05
HITM0005204,HORD001675,PRD0868,1,421.43,421.43
HITM0005205,HORD001676,PRD0618,1,409.5,409.5
HITM0005206,HORD001676,PRD0635,3,475.82,1427.46
HITM0005207,HORD001676,PRD0430,2,54.36,108.72
HITM0005208,HORD001677,PRD0890,1,293.06,293.06
HITM0005209,HORD001677,PRD0112,1,1848.06,1848.06
HITM0005210,HORD001677,PRD0320,1,28.7,28.7
HITM0005211,HORD001677,PRD0877,1,2091.32,2091.32
HITM0005212,HORD001677,PRD0051,2,2503.01,5006.02
HITM0005213,HORD001678,PRD0085,1,195.1,195.1
HITM0005214,HORD001678,PRD0247,2,55.39,110.78
HITM0005215,HORD001679,PRD0843,1,527.91,527.91
HITM0005216,HORD001679,PRD0979,1,96.35,96.35
HITM0005217,HORD001680,PRD0617,1,540.8,540.8
HITM0005218,HORD001680,PRD0232,1,321.21,321.21
HITM0005219,HORD001680,PRD0206,1,691.31,691.31
HITM0005220,HORD001680,PRD0164,2,1335.24,2670.48
HITM0005221,HORD001681,PRD0338,1,484.72,484.72
HITM0005222,HORD001681,PRD0239,1,1388.63,1388.63
HITM0005223,HORD001681,PRD0842,1,1443.81,1443.81
HITM0005224,HORD001681,PRD0649,1,879.59,879.59
HITM0005225,HORD001682,PRD0097,3,2213.08,6639.24
HITM0005226,HORD001682,PRD0026,2,720.56,1441.12
HITM0005227,HORD001682,PRD0964,1,3887.56,3887.56
HITM0005228,HORD001682,PRD0826,2,774.78,1549.56
HITM0005229,HORD001683,PRD0155,1,903.43,903.43
HITM0005230,HORD001683,PRD0453,2,1439.62,2879.24
HITM0005231,HORD001684,PRD0635,1,475.82,475.82
HITM0005232,HORD001684,PRD0471,2,985.84,1971.68
HITM0005233,HORD001685,PRD0456,1,700.91,700.91
HITM0005234,HORD001685,PRD0546,2,180.12,360.24
HITM0005235,HORD001686,PRD0212,1,1664.12,1664.12
HITM0005236,HORD001686,PRD0773,1,497.83,497.83
HITM0005237,HORD001686,PRD0954,1,766.53,766.53
HITM0005238,HORD001687,PRD0855,1,641.38,641.38
HITM0005239,HORD001687,PRD0440,1,306.74,306.74
HITM0005240,HORD001687,PRD0410,1,331.6,331.6
HITM0005241,HORD001688,PRD0944,1,1503.06,1503.06
HITM0005242,HORD001688,PRD0419,2,903.5,1807.0
HITM0005243,HORD001688,PRD0320,1,28.7,28.7
HITM0005244,HORD001688,PRD0165,1,808.77,808.77
HITM0005245,HORD001688,PRD0018,1,783.79,783.79
HITM0005246,HORD001689,PRD0585,1,883.47,883.47
HITM0005247,HORD001689,PRD0678,1,133.66,133.66
HITM0005248,HORD001689,PRD0609,1,266.46,266.46
HITM0005249,HORD001689,PRD0737,2,194.63,389.26
HITM0005250,HORD001690,PRD0429,1,618.41,618.41
HITM0005251,HORD001690,PRD0576,1,31.35,31.35
HITM0005252,HORD001691,PRD0956,2,339.76,679.52
HITM0005253,HORD001691,PRD0278,1,105.64,105.64
HITM0005254,HORD001691,PRD0115,1,630.18,630.18
HITM0005255,HORD001691,PRD0019,1,708.96,708.96
HITM0005256,HORD001691,PRD0079,2,211.26,422.52
HITM0005257,HORD001692,PRD0778,1,271.67,271.67
HITM0005258,HORD001692,PRD0147,1,172.97,172.97
HITM0005259,HORD001693,PRD0053,1,1382.46,1382.46
HITM0005260,HORD001693,PRD0929,1,114.2,114.2
HITM0005261,HORD001693,PRD0555,2,380.47,760.94
HITM0005262,HORD001693,PRD0956,1,339.76,339.76
HITM0005263,HORD001694,PRD0178,1,963.54,963.54
HITM0005264,HORD001694,PRD0070,1,168.22,168.22
HITM0005265,HORD001694,PRD0751,1,2375.48,2375.48
HITM0005266,HORD001695,PRD0398,1,135.19,135.19
HITM0005267,HORD001695,PRD0448,1,455.26,455.26
HITM0005268,HORD001695,PRD0268,1,876.82,876.82
HITM0005269,HORD001695,PRD0936,1,825.41,825.41
HITM0005270,HORD001695,PRD0091,2,1365.66,2731.32
HITM0005271,HORD001696,PRD0985,1,865.22,865.22
HITM0005272,HORD001696,PRD0173,1,320.83,320.83
HITM0005273,HORD001696,PRD0291,2,1210.2,2420.4
HITM0005274,HORD001696,PRD0194,1,3461.26,3461.26
HITM0005275,HORD001697,PRD0197,1,925.36,925.36
HITM0005276,HORD001697,PRD0147,1,172.97,172.97
HITM0005277,HORD001697,PRD0369,2,663.84,1327.68
HITM0005278,HORD001697,PRD0352,1,1288.41,1288.41
HITM0005279,HORD001698,PRD0429,1,618.41,618.41
HITM0005280,HORD001698,PRD0036,1,115.89,115.89
HITM0005281,HORD001698,PRD0924,1,938.45,938.45
HITM0005282,HORD001699,PRD0960,1,17.08,17.08
HITM0005283,HORD001699,PRD0449,1,884.72,884.72
HITM0005284,HORD001700,PRD0739,1,345.91,345.91
HITM0005285,HORD001700,PRD0336,1,745.18,745.18
HITM0005286,HORD001700,PRD0139,2,323.99,647.98
HITM0005287,HORD001700,PRD0586,1,421.13,421.13
HITM0005288,HORD001700,PRD0405,1,406.75,406.75
HITM0005289,HORD001701,PRD0979,1,96.35,96.35
HITM0005290,HORD001701,PRD0768,1,149.86,149.86
HITM0005291,HORD001701,PRD0144,1,434.98,434.98
HITM0005292,HORD001701,PRD0550,1,224.46,224.46
HITM0005293,HORD001702,PRD0617,1,540.8,540.8
HITM0005294,HORD001702,PRD0246,1,799.39,799.39
HITM0005295,HORD001702,PRD0425,1,477.89,477.89
HITM0005296,HORD001702,PRD0803,2,395.35,790.7
HITM0005297,HORD001702,PRD0790,1,67.36,67.36
HITM0005298,HORD001703,PRD0186,1,386.44,386.44
HITM0005299,HORD001703,PRD0207,1,143.7,143.7
HITM0005300,HORD001703,PRD0017,1,420.96,420.96
HITM0005301,HORD001704,PRD0624,1,565.88,565.88
HITM0005302,HORD001704,PRD0134,2,1553.3,3106.6
HITM0005303,HORD001704,PRD0086,2,372.14,744.28
HITM0005304,HORD001705,PRD0439,2,236.05,472.1
HITM0005305,HORD001705,PRD0200,1,317.39,317.39
HITM0005306,HORD001705,PRD0548,2,858.63,1717.26
HITM0005307,HORD001705,PRD0978,1,617.29,617.29
HITM0005308,HORD001706,PRD0886,1,194.21,194.21
HITM0005309,HORD001706,PRD0557,2,669.73,1339.46
HITM0005310,HORD001706,PRD0208,1,481.08,481.08
HITM0005311,HORD001706,PRD0547,1,2322.41,2322.41
HITM0005312,HORD001706,PRD0804,1,3851.02,3851.02
HITM0005313,HORD001707,PRD0873,1,448.66,448.66
HITM0005314,HORD001707,PRD0274,1,1282.28,1282.28
HITM0005315,HORD001707,PRD0067,1,974.43,974.43
HITM0005316,HORD001707,PRD0158,1,289.48,289.48
HITM0005317,HORD001708,PRD0541,1,2828.87,2828.87
HITM0005318,HORD001708,PRD0794,1,3939.25,3939.25
HITM0005319,HORD001708,PRD0372,3,748.02,2244.06
HITM0005320,HORD001708,PRD0369,1,663.84,663.84
HITM0005321,HORD001709,PRD0695,2,1012.45,2024.9
HITM0005322,HORD001709,PRD0724,2,1568.29,3136.58
HITM0005323,HORD001709,PRD0790,1,67.36,67.36
HITM0005324,HORD001710,PRD0556,1,279.39,279.39
HITM0005325,HORD001710,PRD0385,2,602.62,1205.24
HITM0005326,HORD001710,PRD0433,1,641.45,641.45
HITM0005327,HORD001711,PRD0221,2,3086.03,6172.06
HITM0005328,HORD001711,PRD0097,1,2213.08,2213.08
HITM0005329,HORD001711,PRD0065,1,806.18,806.18
HITM0005330,HORD001712,PRD0098,1,968.99,968.99
HITM0005331,HORD001712,PRD0838,1,771.2,771.2
HITM0005332,HORD001712,PRD0550,1,224.46,224.46
HITM0005333,HORD001713,PRD0749,1,285.2,285.2
HITM0005334,HORD001713,PRD0180,2,256.4,512.8
HITM0005335,HORD001713,PRD0314,1,611.18,611.18
HITM0005336,HORD001713,PRD0379,3,212.81,638.43
HITM0005337,HORD001713,PRD0338,1,484.72,484.72
HITM0005338,HORD001714,PRD0385,1,602.62,602.62
HITM0005339,HORD001715,PRD0987,1,1715.57,1715.57
HITM0005340,HORD001715,PRD0460,1,354.28,354.28
HITM0005341,HORD001716,PRD0620,1,23.82,23.82
HITM0005342,HORD001716,PRD0683,1,736.53,736.53
HITM0005343,HORD001717,PRD0226,1,549.99,549.99
HITM0005344,HORD001717,PRD0864,1,618.97,618.97
HITM0005345,HORD001717,PRD0867,1,1696.54,1696.54
HITM0005346,HORD001718,PRD0748,3,1008.17,3024.51
HITM0005347,HORD001719,PRD0818,1,184.36,184.36
HITM0005348,HORD001719,PRD0915,1,741.57,741.57
HITM0005349,HORD001720,PRD0944,1,1503.06,1503.06
HITM0005350,HORD001720,PRD0953,1,534.1,534.1
HITM0005351,HORD001720,PRD0331,1,2268.14,2268.14
HITM0005352,HORD001721,PRD0432,1,571.62,571.62
HITM0005353,HORD001721,PRD0448,1,455.26,455.26
HITM0005354,HORD001721,PRD0885,1,867.28,867.28
HITM0005355,HORD001721,PRD0989,2,71.59,143.18
HITM0005356,HORD001722,PRD0226,1,549.99,549.99
HITM0005357,HORD001722,PRD0842,1,1443.81,1443.81
HITM0005358,HORD001722,PRD0116,1,182.09,182.09
HITM0005359,HORD001722,PRD0067,1,974.43,974.43
HITM0005360,HORD001723,PRD0604,1,1091.2,1091.2
HITM0005361,HORD001723,PRD0117,1,654.86,654.86
HITM0005362,HORD001723,PRD0161,1,1639.58,1639.58
HITM0005363,HORD001724,PRD0746,1,367.02,367.02
HITM0005364,HORD001724,PRD0915,2,741.57,1483.14
HITM0005365,HORD001724,PRD0579,1,842.98,842.98
HITM0005366,HORD001725,PRD0812,1,1554.96,1554.96
HITM0005367,HORD001725,PRD0023,1,394.6,394.6
HITM0005368,HORD001725,PRD0030,1,278.37,278.37
HITM0005369,HORD001726,PRD0636,1,249.94,249.94
HITM0005370,HORD001726,PRD0957,1,108.95,108.95
HITM0005371,HORD001726,PRD0616,1,242.48,242.48
HITM0005372,HORD001727,PRD0842,2,1443.81,2887.62
HITM0005373,HORD001727,PRD0786,1,664.7,664.7
HITM0005374,HORD001728,PRD0730,1,147.29,147.29
HITM0005375,HORD001728,PRD0908,1,738.84,738.84
HITM0005376,HORD001728,PRD0718,2,880.28,1760.56
HITM0005377,HORD001728,PRD0866,1,492.83,492.83
HITM0005378,HORD001728,PRD0055,2,1019.33,2038.66
HITM0005379,HORD001729,PRD0590,1,197.67,197.67
HITM0005380,HORD001729,PRD0475,1,1066.51,1066.51
HITM0005381,HORD001729,PRD0918,1,697.62,697.62
HITM0005382,HORD001730,PRD0960,1,17.08,17.08
HITM0005383,HORD001730,PRD0398,2,135.19,270.38
HITM0005384,HORD001731,PRD0324,1,4191.07,4191.07
HITM0005385,HORD001731,PRD0760,1,322.74,322.74
HITM0005386,HORD001732,PRD0897,2,1151.44,2302.88
HITM0005387,HORD001732,PRD0527,1,934.45,934.45
HITM0005388,HORD001732,PRD0800,1,400.13,400.13
HITM0005389,HORD001733,PRD0296,1,331.81,331.81
HITM0005390,HORD001733,PRD0100,2,252.99,505.98
HITM0005391,HORD001733,PRD0630,2,167.94,335.88
HITM0005392,HORD001733,PRD0988,2,461.62,923.24
HITM0005393,HORD001734,PRD0113,3,1263.27,3789.81
HITM0005394,HORD001734,PRD0990,1,164.36,164.36
HITM0005395,HORD001735,PRD0166,2,462.05,924.1
HITM0005396,HORD001735,PRD0425,1,477.89,477.89
HITM0005397,HORD001735,PRD0705,3,369.85,1109.55
HITM0005398,HORD001736,PRD0234,1,4040.17,4040.17
HITM0005399,HORD001736,PRD0875,1,1038.39,1038.39
HITM0005400,HORD001736,PRD0300,1,51.94,51.94
HITM0005401,HORD001737,PRD0566,1,242.05,242.05
HITM0005402,HORD001737,PRD0020,1,277.78,277.78
HITM0005403,HORD001737,PRD0456,1,700.91,700.91
HITM0005404,HORD001738,PRD0400,1,124.47,124.47
HITM0005405,HORD001738,PRD0124,1,2062.78,2062.78
HITM0005406,HORD001738,PRD0454,1,3062.46,3062.46
HITM0005407,HORD001738,PRD0800,1,400.13,400.13
HITM0005408,HORD001739,PRD0611,1,2190.89,2190.89
HITM0005409,HORD001739,PRD0120,1,249.64,249.64
HITM0005410,HORD001739,PRD0940,2,127.15,254.3
HITM0005411,HORD001739,PRD0202,1,1161.02,1161.02
HITM0005412,HORD001740,PRD0840,2,125.66,251.32
HITM0005413,HORD001740,PRD0521,1,2988.2,2988.2
HITM0005414,HORD001740,PRD0480,1,79.31,79.31
HITM0005415,HORD001741,PRD0674,1,3470.37,3470.37
HITM0005416,HORD001741,PRD0489,2,1110.68,2221.36
HITM0005417,HORD001741,PRD0875,1,1038.39,1038.39
HITM0005418,HORD001742,PRD0889,1,743.48,743.48
HITM0005419,HORD001742,PRD0857,2,1578.93,3157.86
HITM0005420,HORD001742,PRD0195,1,540.55,540.55
HITM0005421,HORD001743,PRD0785,1,1024.27,1024.27
HITM0005422,HORD001743,PRD1000,2,175.0,350.0
HITM0005423,HORD001743,PRD0609,1,266.46,266.46
HITM0005424,HORD001743,PRD0571,1,2591.37,2591.37
HITM0005425,HORD001744,PRD0765,1,967.51,967.51
HITM0005426,HORD001744,PRD0806,1,541.85,541.85
HITM0005427,HORD001744,PRD0812,1,1554.96,1554.96
HITM0005428,HORD001744,PRD0319,1,361.0,361.0
HITM0005429,HORD001745,PRD0249,1,682.98,682.98
HITM0005430,HORD001745,PRD0814,1,1627.99,1627.99
HITM0005431,HORD001745,PRD0654,1,2104.89,2104.89
HITM0005432,HORD001745,PRD0596,1,792.27,792.27
HITM0005433,HORD001746,PRD0202,1,1161.02,1161.02
HITM0005434,HORD001746,PRD0204,1,759.0,759.0
HITM0005435,HORD001746,PRD0983,1,1481.15,1481.15
HITM0005436,HORD001747,PRD0135,2,1050.45,2100.9
HITM0005437,HORD001747,PRD0576,3,31.35,94.05
HITM0005438,HORD001747,PRD0260,2,157.69,315.38
HITM0005439,HORD001747,PRD0111,1,2559.72,2559.72
HITM0005440,HORD001748,PRD0003,1,857.07,857.07
HITM0005441,HORD001748,PRD0147,1,172.97,172.97
HITM0005442,HORD001749,PRD0062,2,848.94,1697.88
HITM0005443,HORD001749,PRD0710,2,397.66,795.32
HITM0005444,HORD001749,PRD0131,3,1079.8,3239.4
HITM0005445,HORD001749,PRD0520,2,404.65,809.3
HITM0005446,HORD001749,PRD0500,1,137.18,137.18
HITM0005447,HORD001750,PRD0204,2,759.0,1518.0
HITM0005448,HORD001750,PRD0184,1,1417.97,1417.97
HITM0005449,HORD001750,PRD0263,1,1358.3,1358.3
HITM0005450,HORD001751,PRD0918,2,697.62,1395.24
HITM0005451,HORD001751,PRD0327,1,1138.43,1138.43
HITM0005452,HORD001752,PRD0388,1,191.0,191.0
HITM0005453,HORD001752,PRD0613,1,698.67,698.67
HITM0005454,HORD001752,PRD0849,2,1072.65,2145.3
HITM0005455,HORD001753,PRD0336,1,745.18,745.18
HITM0005456,HORD001753,PRD0250,1,184.24,184.24
HITM0005457,HORD001754,PRD0770,1,376.65,376.65
HITM0005458,HORD001754,PRD0586,1,421.13,421.13
HITM0005459,HORD001754,PRD0953,1,534.1,534.1
HITM0005460,HORD001754,PRD0185,2,925.9,1851.8
HITM0005461,HORD001754,PRD0579,2,842.98,1685.96
HITM0005462,HORD001755,PRD0460,1,354.28,354.28
HITM0005463,HORD001755,PRD0996,1,439.4,439.4
HITM0005464,HORD001755,PRD0790,2,67.36,134.72
HITM0005465,HORD001755,PRD0928,1,732.49,732.49
HITM0005466,HORD001756,PRD0102,1,1782.17,1782.17
HITM0005467,HORD001756,PRD0222,1,761.26,761.26
HITM0005468,HORD001756,PRD0523,2,837.7,1675.4
HITM0005469,HORD001757,PRD0981,1,1483.54,1483.54
HITM0005470,HORD001757,PRD0014,1,2216.59,2216.59
HITM0005471,HORD001758,PRD0959,2,206.84,413.68
HITM0005472,HORD001758,PRD0817,1,1148.51,1148.51
HITM0005473,HORD001758,PRD0247,1,55.39,55.39
HITM0005474,HORD001758,PRD0308,1,798.16,798.16
HITM0005475,HORD001758,PRD0929,1,114.2,114.2
HITM0005476,HORD001759,PRD0222,1,761.26,761.26
HITM0005477,HORD001759,PRD0031,1,2301.05,2301.05
HITM0005478,HORD001759,PRD0186,1,386.44,386.44
HITM0005479,HORD001760,PRD0895,2,675.49,1350.98
HITM0005480,HORD001760,PRD0846,1,428.47,428.47
HITM0005481,HORD001760,PRD0607,1,73.33,73.33
HITM0005482,HORD001761,PRD0704,2,2898.48,5796.96
HITM0005483,HORD001762,PRD0482,1,1441.83,1441.83
HITM0005484,HORD001763,PRD0258,2,114.0,228.0
HITM0005485,HORD001763,PRD0066,1,307.12,307.12
HITM0005486,HORD001763,PRD0278,1,105.64,105.64
HITM0005487,HORD001763,PRD0338,1,484.72,484.72
HITM0005488,HORD001763,PRD0418,2,735.73,1471.46
HITM0005489,HORD001764,PRD0971,1,1081.7,1081.7
HITM0005490,HORD001764,PRD0568,1,977.48,977.48
HITM0005491,HORD001765,PRD0836,1,836.56,836.56
HITM0005492,HORD001765,PRD0320,1,28.7,28.7
HITM0005493,HORD001765,PRD0891,1,1468.42,1468.42
HITM0005494,HORD001765,PRD0247,1,55.39,55.39
HITM0005495,HORD001766,PRD0102,1,1782.17,1782.17
HITM0005496,HORD001766,PRD0949,1,810.82,810.82
HITM0005497,HORD001766,PRD0312,2,1542.36,3084.72
HITM0005498,HORD001767,PRD0762,1,1723.61,1723.61
HITM0005499,HORD001767,PRD0772,1,356.92,356.92
HITM0005500,HORD001767,PRD0118,1,184.23,184.23
HITM0005501,HORD001768,PRD0221,1,3086.03,3086.03
HITM0005502,HORD001768,PRD0359,1,329.3,329.3
HITM0005503,HORD001768,PRD0738,1,629.85,629.85
HITM0005504,HORD001768,PRD0754,1,588.75,588.75
HITM0005505,HORD001768,PRD0183,1,1343.02,1343.02
HITM0005506,HORD001769,PRD0663,1,990.2,990.2
HITM0005507,HORD001769,PRD0556,1,279.39,279.39
HITM0005508,HORD001770,PRD0825,1,522.15,522.15
HITM0005509,HORD001770,PRD0425,2,477.89,955.78
HITM0005510,HORD001770,PRD0144,1,434.98,434.98
HITM0005511,HORD001770,PRD0580,1,50.37,50.37
HITM0005512,HORD001770,PRD0348,2,312.21,624.42
HITM0005513,HORD001771,PRD0108,1,937.98,937.98
HITM0005514,HORD001771,PRD0419,1,903.5,903.5
HITM0005515,HORD001771,PRD0281,1,1116.42,1116.42
HITM0005516,HORD001772,PRD0636,1,249.94,249.94
HITM0005517,HORD001772,PRD0643,1,614.82,614.82
HITM0005518,HORD001772,PRD0091,1,1365.66,1365.66
HITM0005519,HORD001772,PRD0465,1,614.27,614.27
HITM0005520,HORD001773,PRD0040,1,348.21,348.21
HITM0005521,HORD001773,PRD0705,1,369.85,369.85
HITM0005522,HORD001773,PRD0938,2,471.07,942.14
HITM0005523,HORD001773,PRD0762,1,1723.61,1723.61
HITM0005524,HORD001774,PRD0125,1,1026.87,1026.87
HITM0005525,HORD001774,PRD0502,1,1155.49,1155.49
HITM0005526,HORD001774,PRD0233,1,942.53,942.53
HITM0005527,HORD001775,PRD0862,1,750.64,750.64
HITM0005528,HORD001776,PRD0320,1,28.7,28.7
HITM0005529,HORD001776,PRD0159,2,852.41,1704.82
HITM0005530,HORD001776,PRD0716,1,744.09,744.09
HITM0005531,HORD001776,PRD0416,2,463.25,926.5
HITM0005532,HORD001777,PRD0253,1,1519.1,1519.1
HITM0005533,HORD001777,PRD0500,1,137.18,137.18
HITM0005534,HORD001777,PRD0260,1,157.69,157.69
HITM0005535,HORD001778,PRD0968,1,213.37,213.37
HITM0005536,HORD001778,PRD0115,2,630.18,1260.36
HITM0005537,HORD001778,PRD0359,1,329.3,329.3
HITM0005538,HORD001779,PRD0696,2,548.07,1096.14
HITM0005539,HORD001779,PRD0069,1,1254.78,1254.78
HITM0005540,HORD001779,PRD0501,1,1843.99,1843.99
HITM0005541,HORD001780,PRD0440,1,306.74,306.74
HITM0005542,HORD001780,PRD0147,2,172.97,345.94
HITM0005543,HORD001780,PRD0822,1,324.31,324.31
HITM0005544,HORD001781,PRD0180,2,256.4,512.8
HITM0005545,HORD001781,PRD0229,2,1480.27,2960.54
HITM0005546,HORD001782,PRD0001,1,2686.14,2686.14
HITM0005547,HORD001782,PRD0019,1,708.96,708.96
HITM0005548,HORD001782,PRD0175,1,740.04,740.04
HITM0005549,HORD001783,PRD0240,1,73.63,73.63
HITM0005550,HORD001783,PRD0206,1,691.31,691.31
HITM0005551,HORD001783,PRD0294,1,2664.13,2664.13
HITM0005552,HORD001783,PRD0333,1,741.56,741.56
HITM0005553,HORD001784,PRD0616,1,242.48,242.48
HITM0005554,HORD001784,PRD0610,2,394.62,789.24
HITM0005555,HORD001784,PRD0118,1,184.23,184.23
HITM0005556,HORD001785,PRD0367,1,2471.53,2471.53
HITM0005557,HORD001785,PRD0180,2,256.4,512.8
HITM0005558,HORD001785,PRD0972,1,1644.08,1644.08
HITM0005559,HORD001785,PRD0320,1,28.7,28.7
HITM0005560,HORD001786,PRD0766,1,74.26,74.26
HITM0005561,HORD001786,PRD0770,1,376.65,376.65
HITM0005562,HORD001786,PRD0407,1,1240.23,1240.23
HITM0005563,HORD001786,PRD0915,2,741.57,1483.14
HITM0005564,HORD001787,PRD0955,1,1036.25,1036.25
HITM0005565,HORD001787,PRD0957,1,108.95,108.95
HITM0005566,HORD001788,PRD0480,1,79.31,79.31
HITM0005567,HORD001788,PRD0792,1,1464.66,1464.66
HITM0005568,HORD001788,PRD0274,1,1282.28,1282.28
HITM0005569,HORD001788,PRD0616,1,242.48,242.48
HITM0005570,HORD001788,PRD0223,2,946.31,1892.62
HITM0005571,HORD001789,PRD0137,2,814.4,1628.8
HITM0005572,HORD001789,PRD0413,1,1181.55,1181.55
HITM0005573,HORD001789,PRD0397,1,2107.06,2107.06
HITM0005574,HORD001789,PRD0809,1,155.22,155.22
HITM0005575,HORD001790,PRD0419,1,903.5,903.5
HITM0005576,HORD001790,PRD0122,1,1857.69,1857.69
HITM0005577,HORD001791,PRD0195,2,540.55,1081.1
HITM0005578,HORD001791,PRD0110,1,392.12,392.12
HITM0005579,HORD001791,PRD0652,1,1247.24,1247.24
HITM0005580,HORD001792,PRD0063,1,951.82,951.82
HITM0005581,HORD001792,PRD0118,1,184.23,184.23
HITM0005582,HORD001792,PRD0542,1,1005.69,1005.69
HITM0005583,HORD001792,PRD0768,1,149.86,149.86
HITM0005584,HORD001792,PRD0158,1,289.48,289.48
HITM0005585,HORD001793,PRD0086,1,372.14,372.14
HITM0005586,HORD001793,PRD0295,2,284.65,569.3
HITM0005587,HORD001793,PRD0336,1,745.18,745.18
HITM0005588,HORD001793,PRD0903,2,1209.05,2418.1
HITM0005589,HORD001793,PRD0759,2,106.0,212.0
HITM0005590,HORD001794,PRD0616,3,242.48,727.44
HITM0005591,HORD001794,PRD0820,1,149.51,149.51
HITM0005592,HORD001794,PRD0132,1,1025.41,1025.41
HITM0005593,HORD001794,PRD0636,1,249.94,249.94
HITM0005594,HORD001795,PRD0754,1,588.75,588.75
HITM0005595,HORD001795,PRD0773,1,497.83,497.83
HITM0005596,HORD001795,PRD0139,1,323.99,323.99
HITM0005597,HORD001796,PRD0875,1,1038.39,1038.39
HITM0005598,HORD001796,PRD0248,1,204.13,204.13
HITM0005599,HORD001796,PRD0729,1,348.79,348.79
HITM0005600,HORD001796,PRD0957,1,108.95,108.95
HITM0005601,HORD001796,PRD0814,2,1627.99,3255.98
HITM0005602,HORD001797,PRD0085,1,195.1,195.1
HITM0005603,HORD001797,PRD0558,1,399.27,399.27
HITM0005604,HORD001797,PRD0327,1,1138.43,1138.43
HITM0005605,HORD001798,PRD0895,1,675.49,675.49
HITM0005606,HORD001798,PRD0824,1,3837.62,3837.62
HITM0005607,HORD001798,PRD0777,1,876.73,876.73
HITM0005608,HORD001798,PRD0156,1,832.48,832.48
HITM0005609,HORD001798,PRD0013,1,291.07,291.07
HITM0005610,HORD001799,PRD0552,1,359.04,359.04
HITM0005611,HORD001800,PRD0388,2,191.0,382.0
HITM0005612,HORD001800,PRD0857,1,1578.93,1578.93
HITM0005613,HORD001800,PRD0608,2,200.97,401.94
HITM0005614,HORD001800,PRD0379,2,212.81,425.62
HITM0005615,HORD001801,PRD0934,1,1797.41,1797.41
HITM0005616,HORD001801,PRD0562,1,1169.37,1169.37
HITM0005617,HORD001802,PRD0609,1,266.46,266.46
HITM0005618,HORD001803,PRD0945,1,568.86,568.86
HITM0005619,HORD001803,PRD0393,1,1454.74,1454.74
HITM0005620,HORD001803,PRD0373,1,1247.39,1247.39
HITM0005621,HORD001803,PRD0280,1,228.25,228.25
HITM0005622,HORD001804,PRD0922,1,1230.33,1230.33
HITM0005623,HORD001804,PRD0169,1,585.79,585.79
HITM0005624,HORD001804,PRD0108,2,937.98,1875.96
HITM0005625,HORD001804,PRD0595,2,126.92,253.84
HITM0005626,HORD001804,PRD0023,1,394.6,394.6
HITM0005627,HORD001805,PRD0012,1,1136.26,1136.26
HITM0005628,HORD001805,PRD0851,1,955.38,955.38
HITM0005629,HORD001805,PRD0860,1,386.3,386.3
HITM0005630,HORD001805,PRD0195,1,540.55,540.55
HITM0005631,HORD001806,PRD0636,3,249.94,749.82
HITM0005632,HORD001806,PRD0387,1,1127.53,1127.53
HITM0005633,HORD001806,PRD0635,1,475.82,475.82
HITM0005634,HORD001806,PRD0965,2,889.37,1778.74
HITM0005635,HORD001806,PRD0958,1,128.04,128.04
HITM0005636,HORD001807,PRD0917,2,1918.86,3837.72
HITM0005637,HORD001807,PRD0317,1,641.82,641.82
HITM0005638,HORD001808,PRD0939,1,67.43,67.43
HITM0005639,HORD001808,PRD0784,1,3166.81,3166.81
HITM0005640,HORD001809,PRD0844,1,2177.73,2177.73
HITM0005641,HORD001809,PRD0930,1,307.61,307.61
HITM0005642,HORD001809,PRD0465,1,614.27,614.27
HITM0005643,HORD001810,PRD0679,1,399.42,399.42
HITM0005644,HORD001810,PRD0476,1,336.11,336.11
HITM0005645,HORD001811,PRD0320,1,28.7,28.7
HITM0005646,HORD001811,PRD0379,1,212.81,212.81
HITM0005647,HORD001812,PRD0369,1,663.84,663.84
HITM0005648,HORD001812,PRD0749,1,285.2,285.2
HITM0005649,HORD001812,PRD0972,1,1644.08,1644.08
HITM0005650,HORD001812,PRD0980,3,171.73,515.19
HITM0005651,HORD001812,PRD0236,1,353.9,353.9
HITM0005652,HORD001813,PRD0522,1,496.11,496.11
HITM0005653,HORD001814,PRD0985,1,865.22,865.22
HITM0005654,HORD001814,PRD0185,1,925.9,925.9
HITM0005655,HORD001814,PRD0965,1,889.37,889.37
HITM0005656,HORD001815,PRD0291,2,1210.2,2420.4
HITM0005657,HORD001815,PRD0489,1,1110.68,1110.68
HITM0005658,HORD001815,PRD0223,1,946.31,946.31
HITM0005659,HORD001816,PRD0573,1,850.28,850.28
HITM0005660,HORD001816,PRD0614,1,2476.54,2476.54
HITM0005661,HORD001816,PRD0589,1,222.62,222.62
HITM0005662,HORD001816,PRD0389,2,473.56,947.12
HITM0005663,HORD001817,PRD0315,1,779.51,779.51
HITM0005664,HORD001817,PRD0454,1,3062.46,3062.46
HITM0005665,HORD001817,PRD0650,1,46.68,46.68
HITM0005666,HORD001818,PRD0783,1,962.73,962.73
HITM0005667,HORD001818,PRD0819,1,1070.76,1070.76
HITM0005668,HORD001818,PRD0891,2,1468.42,2936.84
HITM0005669,HORD001819,PRD0790,1,67.36,67.36
HITM0005670,HORD001819,PRD0835,2,482.69,965.38
HITM0005671,HORD001820,PRD0719,2,1107.84,2215.68
HITM0005672,HORD001820,PRD0338,1,484.72,484.72
HITM0005673,HORD001820,PRD0123,1,501.46,501.46
HITM0005674,HORD001820,PRD0631,2,943.11,1886.22
HITM0005675,HORD001821,PRD0045,2,368.84,737.68
HITM0005676,HORD001821,PRD0171,1,993.07,993.07
HITM0005677,HORD001822,PRD0896,1,466.99,466.99
HITM0005678,HORD001822,PRD0604,1,1091.2,1091.2
HITM0005679,HORD001822,PRD0386,1,663.23,663.23
HITM0005680,HORD001823,PRD0010,1,253.38,253.38
HITM0005681,HORD001824,PRD0196,1,525.15,525.15
HITM0005682,HORD001824,PRD0476,2,336.11,672.22
HITM0005683,HORD001824,PRD0346,1,296.52,296.52
HITM0005684,HORD001824,PRD0980,1,171.73,171.73
HITM0005685,HORD001824,PRD0713,1,1024.28,1024.28
HITM0005686,HORD001825,PRD0805,2,503.71,1007.42
HITM0005687,HORD001825,PRD0425,1,477.89,477.89
HITM0005688,HORD001826,PRD0275,1,1101.48,1101.48
HITM0005689,HORD001826,PRD0080,1,302.02,302.02
HITM0005690,HORD001826,PRD0518,2,69.83,139.66
HITM0005691,HORD001827,PRD0911,2,2410.39,4820.78
HITM0005692,HORD001827,PRD0017,1,420.96,420.96
HITM0005693,HORD001827,PRD0356,1,610.16,610.16
HITM0005694,HORD001828,PRD0739,1,345.91,345.91
HITM0005695,HORD001828,PRD0782,1,743.41,743.41
HITM0005696,HORD001828,PRD0393,1,1454.74,1454.74
HITM0005697,HORD001828,PRD0115,1,630.18,630.18
HITM0005698,HORD001829,PRD0705,1,369.85,369.85
HITM0005699,HORD001829,PRD0359,3,329.3,987.9
HITM0005700,HORD001829,PRD0310,1,125.16,125.16
HITM0005701,HORD001830,PRD0135,1,1050.45,1050.45
HITM0005702,HORD001830,PRD0027,1,2295.22,2295.22
HITM0005703,HORD001830,PRD0639,2,537.34,1074.68
HITM0005704,HORD001830,PRD0875,1,1038.39,1038.39
HITM0005705,HORD001831,PRD0450,1,162.55,162.55
HITM0005706,HORD001831,PRD0925,2,1091.53,2183.06
HITM0005707,HORD001831,PRD0817,1,1148.51,1148.51
HITM0005708,HORD001831,PRD0473,1,296.86,296.86
HITM0005709,HORD001832,PRD0958,1,128.04,128.04
HITM0005710,HORD001832,PRD0742,2,1768.06,3536.12
HITM0005711,HORD001832,PRD0844,1,2177.73,2177.73
HITM0005712,HORD001832,PRD0170,1,419.43,419.43
HITM0005713,HORD001833,PRD0023,1,394.6,394.6
HITM0005714,HORD001833,PRD0656,2,748.82,1497.64
HITM0005715,HORD001833,PRD0680,2,146.6,293.2
HITM0005716,HORD001834,PRD0957,1,108.95,108.95
HITM0005717,HORD001834,PRD0490,2,82.32,164.64
HITM0005718,HORD001835,PRD0913,1,1112.44,1112.44
HITM0005719,HORD001835,PRD0915,2,741.57,1483.14
HITM0005720,HORD001835,PRD0823,1,1007.18,1007.18
HITM0005721,HORD001835,PRD0224,2,3987.47,7974.94
HITM0005722,HORD001835,PRD0707,2,1840.72,3681.44
HITM0005723,HORD001836,PRD0797,1,1054.08,1054.08
HITM0005724,HORD001836,PRD0426,2,708.75,1417.5
HITM0005725,HORD001837,PRD0540,2,343.79,687.58
HITM0005726,HORD001837,PRD0082,1,411.13,411.13
HITM0005727,HORD001837,PRD0346,1,296.52,296.52
HITM0005728,HORD001838,PRD0370,1,418.27,418.27
HITM0005729,HORD001838,PRD0980,2,171.73,343.46
HITM0005730,HORD001838,PRD0513,1,412.83,412.83
HITM0005731,HORD001838,PRD0704,2,2898.48,5796.96
HITM0005732,HORD001839,PRD0379,1,212.81,212.81
HITM0005733,HORD001839,PRD0538,2,734.7,1469.4
HITM0005734,HORD001840,PRD0545,1,456.26,456.26
HITM0005735,HORD001840,PRD0521,1,2988.2,2988.2
HITM0005736,HORD001840,PRD0966,1,272.72,272.72
HITM0005737,HORD001840,PRD0175,2,740.04,1480.08
HITM0005738,HORD001840,PRD0343,1,1454.71,1454.71
HITM0005739,HORD001841,PRD0923,1,771.16,771.16
HITM0005740,HORD001842,PRD0950,1,258.24,258.24
HITM0005741,HORD001843,PRD0790,1,67.36,67.36
HITM0005742,HORD001843,PRD0608,1,200.97,200.97
HITM0005743,HORD001843,PRD0545,1,456.26,456.26
HITM0005744,HORD001843,PRD0620,1,23.82,23.82
HITM0005745,HORD001844,PRD0624,1,565.88,565.88
HITM0005746,HORD001844,PRD0776,1,133.13,133.13
HITM0005747,HORD001844,PRD0388,2,191.0,382.0
HITM0005748,HORD001845,PRD0657,2,582.44,1164.88
HITM0005749,HORD001845,PRD0719,1,1107.84,1107.84
HITM0005750,HORD001845,PRD0303,2,922.23,1844.46
HITM0005751,HORD001845,PRD0130,2,167.84,335.68
HITM0005752,HORD001846,PRD0100,1,252.99,252.99
HITM0005753,HORD001846,PRD0420,1,409.7,409.7
HITM0005754,HORD001846,PRD0999,1,719.67,719.67
HITM0005755,HORD001847,PRD0481,1,1590.61,1590.61
HITM0005756,HORD001847,PRD0181,1,1299.25,1299.25
HITM0005757,HORD001848,PRD0805,2,503.71,1007.42
HITM0005758,HORD001849,PRD0100,2,252.99,505.98
HITM0005759,HORD001849,PRD0092,2,1240.54,2481.08
HITM0005760,HORD001849,PRD0562,2,1169.37,2338.74
HITM0005761,HORD001850,PRD0562,1,1169.37,1169.37
HITM0005762,HORD001850,PRD0950,2,258.24,516.48
HITM0005763,HORD001850,PRD0330,1,96.82,96.82
HITM0005764,HORD001851,PRD0969,2,185.9,371.8
HITM0005765,HORD001851,PRD0890,1,293.06,293.06
HITM0005766,HORD001851,PRD0367,2,2471.53,4943.06
HITM0005767,HORD001852,PRD0096,1,259.24,259.24
HITM0005768,HORD001852,PRD0906,1,755.23,755.23
HITM0005769,HORD001852,PRD0756,2,389.58,779.16
HITM0005770,HORD001853,PRD0025,1,689.68,689.68
HITM0005771,HORD001853,PRD0949,1,810.82,810.82
HITM0005772,HORD001853,PRD0403,1,1470.68,1470.68
HITM0005773,HORD001853,PRD0148,1,319.75,319.75
HITM0005774,HORD001854,PRD0223,1,946.31,946.31
HITM0005775,HORD001854,PRD0533,1,1416.06,1416.06
HITM0005776,HORD001855,PRD0396,1,147.51,147.51
HITM0005777,HORD001855,PRD0517,1,898.69,898.69
HITM0005778,HORD001856,PRD0846,1,428.47,428.47
HITM0005779,HORD001856,PRD0369,1,663.84,663.84
HITM0005780,HORD001856,PRD0994,1,2727.51,2727.51
HITM0005781,HORD001856,PRD0772,1,356.92,356.92
HITM0005782,HORD001857,PRD0776,2,133.13,266.26
HITM0005783,HORD001857,PRD0940,1,127.15,127.15
HITM0005784,HORD001857,PRD0574,2,1591.27,3182.54
HITM0005785,HORD001857,PRD0624,1,565.88,565.88
HITM0005786,HORD001858,PRD0040,1,348.21,348.21
HITM0005787,HORD001858,PRD0043,1,634.32,634.32
HITM0005788,HORD001858,PRD0352,1,1288.41,1288.41
HITM0005789,HORD001859,PRD0792,2,1464.66,2929.32
HITM0005790,HORD001859,PRD1000,2,175.0,350.0
HITM0005791,HORD001859,PRD0059,1,343.68,343.68
HITM0005792,HORD001860,PRD0657,1,582.44,582.44
HITM0005793,HORD001860,PRD0823,1,1007.18,1007.18
HITM0005794,HORD001860,PRD0933,1,296.95,296.95
HITM0005795,HORD001861,PRD0143,1,689.45,689.45
HITM0005796,HORD001861,PRD0304,1,969.28,969.28
HITM0005797,HORD001861,PRD0142,1,1146.72,1146.72
HITM0005798,HORD001861,PRD0650,1,46.68,46.68
HITM0005799,HORD001862,PRD0144,1,434.98,434.98
HITM0005800,HORD001862,PRD0349,1,1289.14,1289.14
HITM0005801,HORD001862,PRD0989,1,71.59,71.59
HITM0005802,HORD001862,PRD0962,1,676.85,676.85
HITM0005803,HORD001863,PRD0194,1,3461.26,3461.26
HITM0005804,HORD001863,PRD0214,1,3361.08,3361.08
HITM0005805,HORD001863,PRD0949,1,810.82,810.82
HITM0005806,HORD001863,PRD0900,1,346.54,346.54
HITM0005807,HORD001864,PRD0428,1,353.32,353.32
HITM0005808,HORD001864,PRD0906,1,755.23,755.23
HITM0005809,HORD001864,PRD0781,2,2064.25,4128.5
HITM0005810,HORD001864,PRD0826,1,774.78,774.78
HITM0005811,HORD001865,PRD0491,1,2151.39,2151.39
HITM0005812,HORD001865,PRD0591,1,2913.54,2913.54
HITM0005813,HORD001865,PRD0276,1,670.27,670.27
HITM0005814,HORD001865,PRD0158,1,289.48,289.48
HITM0005815,HORD001865,PRD0950,2,258.24,516.48
HITM0005816,HORD001866,PRD0688,1,814.49,814.49
HITM0005817,HORD001866,PRD0590,1,197.67,197.67
HITM0005818,HORD001866,PRD0490,1,82.32,82.32
HITM0005819,HORD001867,PRD0305,1,924.51,924.51
HITM0005820,HORD001867,PRD0757,1,1982.25,1982.25
HITM0005821,HORD001867,PRD0078,1,991.52,991.52
HITM0005822,HORD001867,PRD0903,1,1209.05,1209.05
HITM0005823,HORD001867,PRD0623,3,857.91,2573.73
HITM0005824,HORD001868,PRD0288,1,114.25,114.25
HITM0005825,HORD001868,PRD0189,1,815.73,815.73
HITM0005826,HORD001868,PRD0387,1,1127.53,1127.53
HITM0005827,HORD001868,PRD0209,1,456.39,456.39
HITM0005828,HORD001869,PRD0118,1,184.23,184.23
HITM0005829,HORD001869,PRD0905,1,992.9,992.9
HITM0005830,HORD001870,PRD0648,1,450.1,450.1
HITM0005831,HORD001870,PRD0710,2,397.66,795.32
HITM0005832,HORD001870,PRD0040,1,348.21,348.21
HITM0005833,HORD001870,PRD0173,1,320.83,320.83
HITM0005834,HORD001871,PRD0907,2,60.75,121.5
HITM0005835,HORD001871,PRD0702,1,403.74,403.74
HITM0005836,HORD001871,PRD0045,1,368.84,368.84
HITM0005837,HORD001871,PRD0288,1,114.25,114.25
HITM0005838,HORD001872,PRD0953,1,534.1,534.1
HITM0005839,HORD001872,PRD0482,1,1441.83,1441.83
HITM0005840,HORD001872,PRD0670,1,278.65,278.65
HITM0005841,HORD001873,PRD0061,1,1919.38,1919.38
HITM0005842,HORD001873,PRD0485,1,381.77,381.77
HITM0005843,HORD001873,PRD0979,1,96.35,96.35
HITM0005844,HORD001873,PRD0425,1,477.89,477.89
HITM0005845,HORD001874,PRD0680,1,146.6,146.6
HITM0005846,HORD001875,PRD0120,1,249.64,249.64
HITM0005847,HORD001875,PRD0909,2,1280.89,2561.78
HITM0005848,HORD001875,PRD0212,1,1664.12,1664.12
HITM0005849,HORD001875,PRD0278,1,105.64,105.64
HITM0005850,HORD001876,PRD0100,1,252.99,252.99
HITM0005851,HORD001876,PRD0568,1,977.48,977.48
HITM0005852,HORD001876,PRD0650,1,46.68,46.68
HITM0005853,HORD001877,PRD0859,1,883.33,883.33
HITM0005854,HORD001878,PRD0147,1,172.97,172.97
HITM0005855,HORD001878,PRD0756,1,389.58,389.58
HITM0005856,HORD001878,PRD0375,1,1092.09,1092.09
HITM0005857,HORD001879,PRD0152,1,509.94,509.94
HITM0005858,HORD001879,PRD0969,1,185.9,185.9
HITM0005859,HORD001879,PRD0011,2,933.48,1866.96
HITM0005860,HORD001880,PRD0685,1,755.89,755.89
HITM0005861,HORD001880,PRD0620,1,23.82,23.82
HITM0005862,HORD001880,PRD0320,1,28.7,28.7
HITM0005863,HORD001881,PRD0142,3,1146.72,3440.16
HITM0005864,HORD001881,PRD0722,1,1628.14,1628.14
HITM0005865,HORD001881,PRD0614,1,2476.54,2476.54
HITM0005866,HORD001882,PRD0931,1,1264.51,1264.51
HITM0005867,HORD001883,PRD0005,2,171.8,343.6
HITM0005868,HORD001883,PRD0680,2,146.6,293.2
HITM0005869,HORD001883,PRD0371,1,2101.21,2101.21
HITM0005870,HORD001883,PRD0850,1,216.39,216.39
HITM0005871,HORD001883,PRD0503,1,892.6,892.6
HITM0005872,HORD001884,PRD0049,1,578.63,578.63
HITM0005873,HORD001884,PRD0264,1,998.11,998.11
HITM0005874,HORD001884,PRD0825,1,522.15,522.15
HITM0005875,HORD001885,PRD0345,1,257.9,257.9
HITM0005876,HORD001885,PRD0080,1,302.02,302.02
HITM0005877,HORD001885,PRD0975,1,989.01,989.01
HITM0005878,HORD001885,PRD0220,1,261.65,261.65
HITM0005879,HORD001886,PRD0304,2,969.28,1938.56
HITM0005880,HORD001886,PRD0083,1,1520.68,1520.68
HITM0005881,HORD001886,PRD0492,1,1140.56,1140.56
HITM0005882,HORD001886,PRD0108,1,937.98,937.98
HITM0005883,HORD001887,PRD0442,3,327.53,982.59
HITM0005884,HORD001887,PRD0403,1,1470.68,1470.68
HITM0005885,HORD001887,PRD0360,1,45.63,45.63
HITM0005886,HORD001887,PRD0560,1,114.38,114.38
HITM0005887,HORD001887,PRD0517,1,898.69,898.69
HITM0005888,HORD001888,PRD0631,3,943.11,2829.33
HITM0005889,HORD001888,PRD0500,1,137.18,137.18
HITM0005890,HORD001888,PRD0069,1,1254.78,1254.78
HITM0005891,HORD001889,PRD0763,3,863.1,2589.3
HITM0005892,HORD001889,PRD0650,1,46.68,46.68
HITM0005893,HORD001889,PRD0812,1,1554.96,1554.96
HITM0005894,HORD001889,PRD0689,1,195.5,195.5
HITM0005895,HORD001890,PRD0136,1,279.93,279.93
HITM0005896,HORD001890,PRD0347,1,339.84,339.84
HITM0005897,HORD001891,PRD0479,1,361.79,361.79
HITM0005898,HORD001891,PRD0090,2,306.45,612.9
HITM0005899,HORD001892,PRD0303,1,922.23,922.23
HITM0005900,HORD001893,PRD0100,1,252.99,252.99
HITM0005901,HORD001893,PRD0454,1,3062.46,3062.46
HITM0005902,HORD001893,PRD0312,1,1542.36,1542.36
HITM0005903,HORD001893,PRD0992,1,309.63,309.63
HITM0005904,HORD001893,PRD0347,1,339.84,339.84
HITM0005905,HORD001894,PRD0536,1,430.74,430.74
HITM0005906,HORD001894,PRD0620,2,23.82,47.64
HITM0005907,HORD001894,PRD0705,1,369.85,369.85
HITM0005908,HORD001895,PRD0041,2,1567.72,3135.44
HITM0005909,HORD001895,PRD0576,1,31.35,31.35
HITM0005910,HORD001895,PRD0307,1,2188.41,2188.41
HITM0005911,HORD001896,PRD0588,1,914.0,914.0
HITM0005912,HORD001897,PRD0532,1,837.86,837.86
HITM0005913,HORD001897,PRD0093,2,619.68,1239.36
HITM0005914,HORD001897,PRD0168,1,663.91,663.91
HITM0005915,HORD001898,PRD0953,1,534.1,534.1
HITM0005916,HORD001898,PRD0144,2,434.98,869.96
HITM0005917,HORD001899,PRD0994,1,2727.51,2727.51
HITM0005918,HORD001899,PRD0727,1,1950.79,1950.79
HITM0005919,HORD001900,PRD0224,1,3987.47,3987.47
HITM0005920,HORD001900,PRD0970,2,192.16,384.32
HITM0005921,HORD001900,PRD0650,1,46.68,46.68
HITM0005922,HORD001901,PRD0160,3,332.63,997.89
HITM0005923,HORD001901,PRD0278,2,105.64,211.28
HITM0005924,HORD001902,PRD0666,1,343.92,343.92
HITM0005925,HORD001902,PRD0198,2,1001.22,2002.44
HITM0005926,HORD001902,PRD0962,1,676.85,676.85
HITM0005927,HORD001902,PRD0230,1,112.24,112.24
HITM0005928,HORD001903,PRD0007,1,670.94,670.94
HITM0005929,HORD001903,PRD0281,1,1116.42,1116.42
HITM0005930,HORD001904,PRD0163,1,1233.05,1233.05
HITM0005931,HORD001904,PRD0894,2,1997.25,3994.5
HITM0005932,HORD001904,PRD0930,1,307.61,307.61
HITM0005933,HORD001905,PRD0318,1,656.01,656.01
HITM0005934,HORD001905,PRD0012,1,1136.26,1136.26
HITM0005935,HORD001905,PRD0257,3,210.79,632.37
HITM0005936,HORD001905,PRD0609,1,266.46,266.46
HITM0005937,HORD001905,PRD0480,1,79.31,79.31
HITM0005938,HORD001906,PRD0850,2,216.39,432.78
HITM0005939,HORD001906,PRD0718,1,880.28,880.28
HITM0005940,HORD001906,PRD0337,2,2481.18,4962.36
HITM0005941,HORD001907,PRD0326,1,639.28,639.28
HITM0005942,HORD001908,PRD0717,1,825.84,825.84
HITM0005943,HORD001908,PRD0512,1,853.67,853.67
HITM0005944,HORD001908,PRD0301,1,1468.04,1468.04
HITM0005945,HORD001908,PRD0957,2,108.95,217.9
HITM0005946,HORD001909,PRD0172,2,1723.75,3447.5
HITM0005947,HORD001909,PRD0689,1,195.5,195.5
HITM0005948,HORD001909,PRD0240,1,73.63,73.63
HITM0005949,HORD001910,PRD0716,1,744.09,744.09
HITM0005950,HORD001910,PRD0930,1,307.61,307.61
HITM0005951,HORD001910,PRD0963,1,541.41,541.41
HITM0005952,HORD001910,PRD0936,2,825.41,1650.82
HITM0005953,HORD001910,PRD0688,1,814.49,814.49
HITM0005954,HORD001911,PRD0678,1,133.66,133.66
HITM0005955,HORD001911,PRD0148,2,319.75,639.5
HITM0005956,HORD001911,PRD0476,1,336.11,336.11
HITM0005957,HORD001912,PRD0036,1,115.89,115.89
HITM0005958,HORD001912,PRD0835,2,482.69,965.38
HITM0005959,HORD001912,PRD0667,1,1613.98,1613.98
HITM0005960,HORD001912,PRD0675,1,1138.38,1138.38
HITM0005961,HORD001913,PRD0460,2,354.28,708.56
HITM0005962,HORD001913,PRD0600,1,200.67,200.67
HITM0005963,HORD001913,PRD0139,1,323.99,323.99
HITM0005964,HORD001913,PRD0370,2,418.27,836.54
HITM0005965,HORD001913,PRD0313,1,1347.84,1347.84
HITM0005966,HORD001914,PRD0645,1,295.19,295.19
HITM0005967,HORD001914,PRD0056,1,204.63,204.63
HITM0005968,HORD001914,PRD0074,2,899.01,1798.02
HITM0005969,HORD001914,PRD0840,2,125.66,251.32
HITM0005970,HORD001915,PRD0711,2,2153.38,4306.76
HITM0005971,HORD001915,PRD0219,2,450.54,901.08
HITM0005972,HORD001915,PRD0830,1,231.45,231.45
HITM0005973,HORD001915,PRD0265,2,697.49,1394.98
HITM0005974,HORD001915,PRD0258,1,114.0,114.0
HITM0005975,HORD001916,PRD0699,1,649.93,649.93
HITM0005976,HORD001916,PRD0586,1,421.13,421.13
HITM0005977,HORD001916,PRD0655,1,1072.3,1072.3
HITM0005978,HORD001916,PRD0093,3,619.68,1859.04
HITM0005979,HORD001917,PRD0666,2,343.92,687.84
HITM0005980,HORD001917,PRD0550,2,224.46,448.92
HITM0005981,HORD001917,PRD0460,2,354.28,708.56
HITM0005982,HORD001918,PRD0528,1,1044.78,1044.78
HITM0005983,HORD001918,PRD0509,1,849.35,849.35
HITM0005984,HORD001918,PRD0388,1,191.0,191.0
HITM0005985,HORD001918,PRD0338,1,484.72,484.72
HITM0005986,HORD001919,PRD0765,1,967.51,967.51
HITM0005987,HORD001919,PRD0058,2,774.04,1548.08
HITM0005988,HORD001919,PRD0546,1,180.12,180.12
HITM0005989,HORD001919,PRD0923,1,771.16,771.16
HITM0005990,HORD001920,PRD0246,2,799.39,1598.78
HITM0005991,HORD001920,PRD0739,1,345.91,345.91
HITM0005992,HORD001920,PRD0931,1,1264.51,1264.51
HITM0005993,HORD001920,PRD0908,1,738.84,738.84
HITM0005994,HORD001920,PRD0707,2,1840.72,3681.44
HITM0005995,HORD001921,PRD0708,1,119.42,119.42
HITM0005996,HORD001921,PRD0296,1,331.81,331.81
HITM0005997,HORD001922,PRD0314,1,611.18,611.18
HITM0005998,HORD001922,PRD0542,1,1005.69,1005.69
HITM0005999,HORD001922,PRD0057,1,2000.1,2000.1
HITM0006000,HORD001922,PRD0705,2,369.85,739.7
HITM0006001,HORD001923,PRD0586,1,421.13,421.13
HITM0006002,HORD001923,PRD0658,1,899.02,899.02
HITM0006003,HORD001923,PRD0579,1,842.98,842.98
HITM0006004,HORD001924,PRD0532,2,837.86,1675.72
HITM0006005,HORD001925,PRD0626,2,362.78,725.56
HITM0006006,HORD001925,PRD0032,1,332.03,332.03
HITM0006007,HORD001925,PRD0232,1,321.21,321.21
HITM0006008,HORD001925,PRD0093,1,619.68,619.68
HITM0006009,HORD001926,PRD0238,1,459.3,459.3
HITM0006010,HORD001926,PRD0626,1,362.78,362.78
HITM0006011,HORD001926,PRD0044,2,4145.78,8291.56
HITM0006012,HORD001926,PRD0843,1,527.91,527.91
HITM0006013,HORD001927,PRD0507,1,2383.22,2383.22
HITM0006014,HORD001927,PRD0128,1,1013.54,1013.54
HITM0006015,HORD001927,PRD0960,1,17.08,17.08
HITM0006016,HORD001927,PRD0773,1,497.83,497.83
HITM0006017,HORD001927,PRD0119,2,752.72,1505.44
HITM0006018,HORD001928,PRD1000,1,175.0,175.0
HITM0006019,HORD001929,PRD0367,1,2471.53,2471.53
HITM0006020,HORD001929,PRD0223,1,946.31,946.31
HITM0006021,HORD001930,PRD0036,1,115.89,115.89
HITM0006022,HORD001930,PRD0230,1,112.24,112.24
HITM0006023,HORD001930,PRD0552,1,359.04,359.04
HITM0006024,HORD001931,PRD0346,3,296.52,889.56
HITM0006025,HORD001931,PRD0447,3,640.94,1922.82
HITM0006026,HORD001931,PRD0581,1,1656.04,1656.04
HITM0006027,HORD001932,PRD0348,1,312.21,312.21
HITM0006028,HORD001933,PRD0691,1,1463.28,1463.28
HITM0006029,HORD001933,PRD0534,1,459.7,459.7
HITM0006030,HORD001933,PRD0496,1,92.5,92.5
HITM0006031,HORD001934,PRD0839,1,511.61,511.61
HITM0006032,HORD001934,PRD0877,2,2091.32,4182.64
HITM0006033,HORD001934,PRD0314,1,611.18,611.18
HITM0006034,HORD001934,PRD0029,1,853.57,853.57
HITM0006035,HORD001935,PRD0362,1,301.32,301.32
HITM0006036,HORD001935,PRD0120,3,249.64,748.92
HITM0006037,HORD001935,PRD0198,1,1001.22,1001.22
HITM0006038,HORD001935,PRD0400,1,124.47,124.47
HITM0006039,HORD001936,PRD0790,1,67.36,67.36
HITM0006040,HORD001936,PRD0128,1,1013.54,1013.54
HITM0006041,HORD001936,PRD0635,2,475.82,951.64
HITM0006042,HORD001937,PRD0250,2,184.24,368.48
HITM0006043,HORD001937,PRD0990,1,164.36,164.36
HITM0006044,HORD001937,PRD0775,1,152.04,152.04
HITM0006045,HORD001937,PRD0021,2,1354.38,2708.76
HITM0006046,HORD001938,PRD0220,1,261.65,261.65
HITM0006047,HORD001938,PRD0055,1,1019.33,1019.33
HITM0006048,HORD001938,PRD0022,1,473.77,473.77
HITM0006049,HORD001938,PRD0525,2,360.27,720.54
HITM0006050,HORD001938,PRD0150,2,199.69,399.38
HITM0006051,HORD001939,PRD0684,1,3311.29,3311.29
HITM0006052,HORD001939,PRD0075,1,417.39,417.39
HITM0006053,HORD001939,PRD0020,1,277.78,277.78
HITM0006054,HORD001940,PRD0641,1,1767.13,1767.13
HITM0006055,HORD001940,PRD0231,1,1403.44,1403.44
HITM0006056,HORD001940,PRD0936,2,825.41,1650.82
HITM0006057,HORD001940,PRD0180,1,256.4,256.4
HITM0006058,HORD001940,PRD0650,1,46.68,46.68
HITM0006059,HORD001941,PRD0466,2,276.92,553.84
HITM0006060,HORD001941,PRD0066,1,307.12,307.12
HITM0006061,HORD001942,PRD0443,1,684.87,684.87
HITM0006062,HORD001942,PRD0603,1,380.05,380.05
HITM0006063,HORD001942,PRD0770,3,376.65,1129.95
HITM0006064,HORD001942,PRD0537,2,237.18,474.36
HITM0006065,HORD001943,PRD0790,1,67.36,67.36
HITM0006066,HORD001943,PRD0059,1,343.68,343.68
HITM0006067,HORD001943,PRD0459,1,261.43,261.43
HITM0006068,HORD001943,PRD0817,1,1148.51,1148.51
HITM0006069,HORD001944,PRD0486,1,188.03,188.03
HITM0006070,HORD001944,PRD0132,1,1025.41,1025.41
HITM0006071,HORD001944,PRD0256,1,42.53,42.53
HITM0006072,HORD001945,PRD0615,3,925.7,2777.1
HITM0006073,HORD001945,PRD0630,1,167.94,167.94
HITM0006074,HORD001945,PRD0386,1,663.23,663.23
HITM0006075,HORD001946,PRD0324,2,4191.07,8382.14
HITM0006076,HORD001946,PRD0829,1,1219.49,1219.49
HITM0006077,HORD001946,PRD1000,1,175.0,175.0
HITM0006078,HORD001947,PRD0361,1,2952.43,2952.43
HITM0006079,HORD001947,PRD0380,1,340.9,340.9
HITM0006080,HORD001947,PRD0598,1,73.8,73.8
HITM0006081,HORD001947,PRD0492,2,1140.56,2281.12
HITM0006082,HORD001948,PRD0512,1,853.67,853.67
HITM0006083,HORD001948,PRD0204,1,759.0,759.0
HITM0006084,HORD001948,PRD0938,1,471.07,471.07
HITM0006085,HORD001948,PRD0937,2,1473.98,2947.96
HITM0006086,HORD001948,PRD0239,1,1388.63,1388.63
HITM0006087,HORD001949,PRD0015,1,1188.56,1188.56
HITM0006088,HORD001949,PRD0822,1,324.31,324.31
HITM0006089,HORD001949,PRD0575,1,711.89,711.89
HITM0006090,HORD001950,PRD0980,2,171.73,343.46
HITM0006091,HORD001950,PRD0738,2,629.85,1259.7
HITM0006092,HORD001951,PRD0955,1,1036.25,1036.25
HITM0006093,HORD001951,PRD0278,1,105.64,105.64
HITM0006094,HORD001951,PRD0318,1,656.01,656.01
HITM0006095,HORD001951,PRD0271,2,2739.77,5479.54
HITM0006096,HORD001952,PRD0679,1,399.42,399.42
HITM0006097,HORD001952,PRD0456,1,700.91,700.91
HITM0006098,HORD001952,PRD0785,1,1024.27,1024.27
HITM0006099,HORD001952,PRD0862,1,750.64,750.64
HITM0006100,HORD001953,PRD0338,1,484.72,484.72
HITM0006101,HORD001953,PRD0481,1,1590.61,1590.61
HITM0006102,HORD001954,PRD0195,1,540.55,540.55
HITM0006103,HORD001954,PRD0390,2,408.91,817.82
HITM0006104,HORD001954,PRD0537,1,237.18,237.18
HITM0006105,HORD001955,PRD0734,1,1461.44,1461.44
HITM0006106,HORD001955,PRD0803,2,395.35,790.7
HITM0006107,HORD001956,PRD0558,1,399.27,399.27
HITM0006108,HORD001956,PRD0557,2,669.73,1339.46
HITM0006109,HORD001956,PRD0713,1,1024.28,1024.28
HITM0006110,HORD001956,PRD0680,1,146.6,146.6
HITM0006111,HORD001957,PRD0984,1,3015.12,3015.12
HITM0006112,HORD001958,PRD0278,1,105.64,105.64
HITM0006113,HORD001958,PRD0048,1,533.35,533.35
HITM0006114,HORD001958,PRD0925,2,1091.53,2183.06
HITM0006115,HORD001959,PRD0056,1,204.63,204.63
HITM0006116,HORD001959,PRD0856,2,426.45,852.9
HITM0006117,HORD001959,PRD0016,3,802.46,2407.38
HITM0006118,HORD001960,PRD0174,1,442.41,442.41
HITM0006119,HORD001960,PRD0915,1,741.57,741.57
HITM0006120,HORD001960,PRD0525,1,360.27,360.27
HITM0006121,HORD001961,PRD0635,2,475.82,951.64
HITM0006122,HORD001961,PRD0733,2,281.18,562.36
HITM0006123,HORD001961,PRD0550,1,224.46,224.46
HITM0006124,HORD001962,PRD0957,1,108.95,108.95
HITM0006125,HORD001962,PRD0813,1,372.89,372.89
HITM0006126,HORD001962,PRD0361,1,2952.43,2952.43
HITM0006127,HORD001963,PRD0065,2,806.18,1612.36
HITM0006128,HORD001964,PRD0648,1,450.1,450.1
HITM0006129,HORD001964,PRD0918,1,697.62,697.62
HITM0006130,HORD001965,PRD0463,2,1555.83,3111.66
HITM0006131,HORD001965,PRD0580,1,50.37,50.37
HITM0006132,HORD001965,PRD0047,2,859.23,1718.46
HITM0006133,HORD001965,PRD0629,1,1480.27,1480.27
HITM0006134,HORD001966,PRD0330,2,96.82,193.64
HITM0006135,HORD001966,PRD0923,2,771.16,1542.32
HITM0006136,HORD001966,PRD0637,1,2406.77,2406.77
HITM0006137,HORD001966,PRD0571,2,2591.37,5182.74
HITM0006138,HORD001967,PRD0839,1,511.61,511.61
HITM0006139,HORD001967,PRD0643,1,614.82,614.82
HITM0006140,HORD001967,PRD0701,1,2630.13,2630.13
HITM0006141,HORD001968,PRD0934,1,1797.41,1797.41
HITM0006142,HORD001968,PRD0097,1,2213.08,2213.08
HITM0006143,HORD001969,PRD0286,1,752.91,752.91
HITM0006144,HORD001969,PRD0798,1,901.72,901.72
HITM0006145,HORD001969,PRD0809,2,155.22,310.44
HITM0006146,HORD001969,PRD0022,3,473.77,1421.31
HITM0006147,HORD001969,PRD0724,1,1568.29,1568.29
HITM0006148,HORD001970,PRD0850,2,216.39,432.78
HITM0006149,HORD001970,PRD0979,1,96.35,96.35
HITM0006150,HORD001971,PRD0650,2,46.68,93.36
HITM0006151,HORD001972,PRD0694,1,721.36,721.36
HITM0006152,HORD001973,PRD0707,1,1840.72,1840.72
HITM0006153,HORD001973,PRD0785,1,1024.27,1024.27
HITM0006154,HORD001973,PRD0636,2,249.94,499.88
HITM0006155,HORD001974,PRD0650,1,46.68,46.68
HITM0006156,HORD001974,PRD0395,1,843.62,843.62
HITM0006157,HORD001974,PRD0306,1,98.74,98.74
HITM0006158,HORD001975,PRD0759,1,106.0,106.0
HITM0006159,HORD001975,PRD0280,1,228.25,228.25
HITM0006160,HORD001975,PRD0299,1,1412.32,1412.32
HITM0006161,HORD001976,PRD0707,1,1840.72,1840.72
HITM0006162,HORD001976,PRD0283,3,1116.37,3349.11
HITM0006163,HORD001976,PRD0236,2,353.9,707.8
HITM0006164,HORD001977,PRD0415,1,626.8,626.8
HITM0006165,HORD001977,PRD0790,1,67.36,67.36
HITM0006166,HORD001978,PRD0822,1,324.31,324.31
HITM0006167,HORD001978,PRD0266,1,439.49,439.49
HITM0006168,HORD001978,PRD0452,2,353.39,706.78
HITM0006169,HORD001979,PRD0542,2,1005.69,2011.38
HITM0006170,HORD001979,PRD0761,1,1492.1,1492.1
HITM0006171,HORD001979,PRD0950,1,258.24,258.24
HITM0006172,HORD001979,PRD0660,1,74.81,74.81
HITM0006173,HORD001980,PRD0205,1,645.51,645.51
HITM0006174,HORD001980,PRD0466,2,276.92,553.84
HITM0006175,HORD001980,PRD0638,1,508.53,508.53
HITM0006176,HORD001980,PRD0507,1,2383.22,2383.22
HITM0006177,HORD001980,PRD0554,2,2579.35,5158.7
HITM0006178,HORD001981,PRD0094,1,2315.3,2315.3
HITM0006179,HORD001981,PRD0212,1,1664.12,1664.12
HITM0006180,HORD001982,PRD0078,1,991.52,991.52
HITM0006181,HORD001982,PRD0639,2,537.34,1074.68
HITM0006182,HORD001982,PRD0563,1,957.85,957.85
HITM0006183,HORD001982,PRD0282,1,521.34,521.34
HITM0006184,HORD001983,PRD0380,1,340.9,340.9
HITM0006185,HORD001983,PRD0892,1,1539.6,1539.6
HITM0006186,HORD001984,PRD0035,1,1056.72,1056.72
HITM0006187,HORD001984,PRD0020,1,277.78,277.78
HITM0006188,HORD001985,PRD0992,1,309.63,309.63
HITM0006189,HORD001985,PRD0599,2,1008.74,2017.48
HITM0006190,HORD001985,PRD0978,2,617.29,1234.58
HITM0006191,HORD001985,PRD0445,1,151.88,151.88
HITM0006192,HORD001986,PRD0063,2,951.82,1903.64
HITM0006193,HORD001986,PRD0462,1,1478.68,1478.68
HITM0006194,HORD001986,PRD0616,1,242.48,242.48
HITM0006195,HORD001986,PRD0204,1,759.0,759.0
HITM0006196,HORD001986,PRD0379,1,212.81,212.81
HITM0006197,HORD001987,PRD0411,1,1497.57,1497.57
HITM0006198,HORD001987,PRD0861,2,2778.32,5556.64
HITM0006199,HORD001987,PRD0138,3,889.51,2668.53
HITM0006200,HORD001987,PRD0192,1,491.21,491.21
HITM0006201,HORD001987,PRD0540,1,343.79,343.79
HITM0006202,HORD001988,PRD0408,1,297.69,297.69
HITM0006203,HORD001988,PRD0482,2,1441.83,2883.66
HITM0006204,HORD001989,PRD0845,1,355.13,355.13
HITM0006205,HORD001989,PRD0919,2,1414.1,2828.2
HITM0006206,HORD001989,PRD0466,1,276.92,276.92
HITM0006207,HORD001990,PRD0796,1,559.87,559.87
HITM0006208,HORD001990,PRD0328,1,911.22,911.22
HITM0006209,HORD001991,PRD0592,1,1152.46,1152.46
HITM0006210,HORD001991,PRD0403,1,1470.68,1470.68
HITM0006211,HORD001991,PRD0603,1,380.05,380.05
HITM0006212,HORD001991,PRD0366,1,111.28,111.28
HITM0006213,HORD001992,PRD0839,1,511.61,511.61
HITM0006214,HORD001992,PRD0396,1,147.51,147.51
HITM0006215,HORD001992,PRD0030,1,278.37,278.37
HITM0006216,HORD001993,PRD0959,1,206.84,206.84
HITM0006217,HORD001993,PRD0116,1,182.09,182.09
HITM0006218,HORD001993,PRD0039,2,1008.92,2017.84
HITM0006219,HORD001993,PRD0678,1,133.66,133.66
HITM0006220,HORD001993,PRD0713,1,1024.28,1024.28
HITM0006221,HORD001994,PRD0980,1,171.73,171.73
HITM0006222,HORD001994,PRD0344,1,4097.8,4097.8
HITM0006223,HORD001994,PRD0220,1,261.65,261.65
HITM0006224,HORD001995,PRD0628,1,586.24,586.24
HITM0006225,HORD001995,PRD0005,1,171.8,171.8
HITM0006226,HORD001996,PRD0986,1,318.21,318.21
HITM0006227,HORD001996,PRD0811,1,1819.95,1819.95
HITM0006228,HORD001996,PRD0114,1,3188.59,3188.59
HITM0006229,HORD001997,PRD0512,1,853.67,853.67
HITM0006230,HORD001997,PRD0421,1,2357.2,2357.2
HITM0006231,HORD001997,PRD0425,2,477.89,955.78
HITM0006232,HORD001997,PRD0725,1,1096.49,1096.49
HITM0006233,HORD001998,PRD0851,1,955.38,955.38
HITM0006234,HORD001998,PRD0407,2,1240.23,2480.46
HITM0006235,HORD001998,PRD0783,1,962.73,962.73
HITM0006236,HORD001998,PRD0525,2,360.27,720.54
HITM0006237,HORD001999,PRD0900,1,346.54,346.54
HITM0006238,HORD001999,PRD0096,2,259.24,518.48
HITM0006239,HORD001999,PRD0744,1,3214.18,3214.18
HITM0006240,HORD001999,PRD0282,1,521.34,521.34
HITM0006241,HORD002000,PRD0061,1,1919.38,1919.38
HITM0006242,HORD002000,PRD0978,1,617.29,617.29
HITM0006243,HORD002001,PRD0603,2,380.05,760.1
HITM0006244,HORD002001,PRD0207,1,143.7,143.7
HITM0006245,HORD002001,PRD0640,1,362.06,362.06
HITM0006246,HORD002001,PRD0357,1,1301.71,1301.71
HITM0006247,HORD002002,PRD0605,2,584.43,1168.86
HITM0006248,HORD002002,PRD0422,2,1010.5,2021.0
HITM0006249,HORD002003,PRD0679,1,399.42,399.42
HITM0006250,HORD002003,PRD0435,1,1185.75,1185.75
HITM0006251,HORD002003,PRD0365,2,454.18,908.36
HITM0006252,HORD002004,PRD0529,1,923.93,923.93
HITM0006253,HORD002004,PRD0960,1,17.08,17.08
HITM0006254,HORD002004,PRD0208,1,481.08,481.08
HITM0006255,HORD002005,PRD0929,1,114.2,114.2
HITM0006256,HORD002005,PRD0101,1,1370.24,1370.24
HITM0006257,HORD002005,PRD0732,1,1724.37,1724.37
HITM0006258,HORD002005,PRD0826,1,774.78,774.78
HITM0006259,HORD002005,PRD0861,1,2778.32,2778.32
HITM0006260,HORD002006,PRD0048,1,533.35,533.35
HITM0006261,HORD002006,PRD0400,1,124.47,124.47
HITM0006262,HORD002007,PRD0970,1,192.16,192.16
HITM0006263,HORD002007,PRD0487,1,2539.52,2539.52
HITM0006264,HORD002007,PRD0066,1,307.12,307.12
HITM0006265,HORD002008,PRD0867,1,1696.54,1696.54
HITM0006266,HORD002008,PRD0878,1,453.25,453.25
HITM0006267,HORD002008,PRD0594,1,2621.32,2621.32
HITM0006268,HORD002008,PRD0017,1,420.96,420.96
HITM0006269,HORD002009,PRD0502,1,1155.49,1155.49
HITM0006270,HORD002009,PRD0897,1,1151.44,1151.44
HITM0006271,HORD002009,PRD0945,2,568.86,1137.72
HITM0006272,HORD002009,PRD0310,1,125.16,125.16
HITM0006273,HORD002010,PRD0868,1,421.43,421.43
HITM0006274,HORD002011,PRD0275,2,1101.48,2202.96
HITM0006275,HORD002011,PRD0100,2,252.99,505.98
HITM0006276,HORD002011,PRD0380,1,340.9,340.9
HITM0006277,HORD002012,PRD0098,1,968.99,968.99
HITM0006278,HORD002012,PRD0173,1,320.83,320.83
HITM0006279,HORD002012,PRD0630,1,167.94,167.94
HITM0006280,HORD002013,PRD0727,2,1950.79,3901.58
HITM0006281,HORD002013,PRD0347,1,339.84,339.84
HITM0006282,HORD002014,PRD0797,1,1054.08,1054.08
HITM0006283,HORD002014,PRD0617,1,540.8,540.8
HITM0006284,HORD002015,PRD0792,1,1464.66,1464.66
HITM0006285,HORD002015,PRD0984,1,3015.12,3015.12
HITM0006286,HORD002015,PRD0024,1,3206.81,3206.81
HITM0006287,HORD002016,PRD0409,1,607.08,607.08
HITM0006288,HORD002016,PRD0620,1,23.82,23.82
HITM0006289,HORD002016,PRD0029,1,853.57,853.57
HITM0006290,HORD002017,PRD0245,1,834.16,834.16
HITM0006291,HORD002017,PRD0218,1,872.61,872.61
HITM0006292,HORD002018,PRD0605,1,584.43,584.43
HITM0006293,HORD002018,PRD0705,1,369.85,369.85
HITM0006294,HORD002018,PRD0756,1,389.58,389.58
HITM0006295,HORD002018,PRD0205,2,645.51,1291.02
HITM0006296,HORD002018,PRD0207,1,143.7,143.7
HITM0006297,HORD002019,PRD0316,1,653.66,653.66
HITM0006298,HORD002019,PRD0053,1,1382.46,1382.46
HITM0006299,HORD002019,PRD0265,2,697.49,1394.98
HITM0006300,HORD002019,PRD0201,1,2590.06,2590.06
HITM0006301,HORD002020,PRD0898,1,450.61,450.61
HITM0006302,HORD002020,PRD0408,2,297.69,595.38
HITM0006303,HORD002021,PRD0903,1,1209.05,1209.05
HITM0006304,HORD002022,PRD0676,1,523.37,523.37
HITM0006305,HORD002022,PRD0270,1,237.62,237.62
HITM0006306,HORD002022,PRD0561,1,1093.04,1093.04
HITM0006307,HORD002023,PRD0349,1,1289.14,1289.14
HITM0006308,HORD002023,PRD0195,1,540.55,540.55
HITM0006309,HORD002024,PRD0643,1,614.82,614.82
HITM0006310,HORD002024,PRD0217,1,2308.51,2308.51
HITM0006311,HORD002024,PRD0960,1,17.08,17.08
HITM0006312,HORD002025,PRD0580,2,50.37,100.74
HITM0006313,HORD002025,PRD0713,2,1024.28,2048.56
HITM0006314,HORD002025,PRD0835,1,482.69,482.69
HITM0006315,HORD002026,PRD0079,1,211.26,211.26
HITM0006316,HORD002026,PRD0164,1,1335.24,1335.24
HITM0006317,HORD002026,PRD0095,1,894.84,894.84
HITM0006318,HORD002026,PRD0661,1,2207.93,2207.93
HITM0006319,HORD002027,PRD0326,1,639.28,639.28
HITM0006320,HORD002027,PRD0280,1,228.25,228.25
HITM0006321,HORD002027,PRD0422,2,1010.5,2021.0
HITM0006322,HORD002028,PRD0638,2,508.53,1017.06
HITM0006323,HORD002028,PRD0490,2,82.32,164.64
HITM0006324,HORD002028,PRD0814,1,1627.99,1627.99
HITM0006325,HORD002028,PRD0369,1,663.84,663.84
HITM0006326,HORD002028,PRD0256,1,42.53,42.53
HITM0006327,HORD002029,PRD0158,1,289.48,289.48
HITM0006328,HORD002029,PRD0903,2,1209.05,2418.1
HITM0006329,HORD002030,PRD0254,1,980.48,980.48
HITM0006330,HORD002030,PRD0862,1,750.64,750.64
HITM0006331,HORD002031,PRD0319,1,361.0,361.0
HITM0006332,HORD002031,PRD0705,1,369.85,369.85
HITM0006333,HORD002031,PRD0178,1,963.54,963.54
HITM0006334,HORD002031,PRD0268,1,876.82,876.82
HITM0006335,HORD002031,PRD0272,3,888.86,2666.58
HITM0006336,HORD002032,PRD0049,1,578.63,578.63
HITM0006337,HORD002032,PRD0176,1,259.71,259.71
HITM0006338,HORD002032,PRD0330,1,96.82,96.82
HITM0006339,HORD002033,PRD0450,1,162.55,162.55
HITM0006340,HORD002034,PRD0036,1,115.89,115.89
HITM0006341,HORD002034,PRD0147,2,172.97,345.94
HITM0006342,HORD002034,PRD0200,1,317.39,317.39
HITM0006343,HORD002035,PRD0680,1,146.6,146.6
HITM0006344,HORD002035,PRD0733,1,281.18,281.18
HITM0006345,HORD002035,PRD0791,1,2893.2,2893.2
HITM0006346,HORD002035,PRD0405,1,406.75,406.75
HITM0006347,HORD002036,PRD0845,1,355.13,355.13
HITM0006348,HORD002036,PRD0157,1,93.87,93.87
HITM0006349,HORD002036,PRD0782,1,743.41,743.41
HITM0006350,HORD002036,PRD0193,1,890.72,890.72
HITM0006351,HORD002037,PRD0567,1,69.51,69.51
HITM0006352,HORD002037,PRD0425,2,477.89,955.78
HITM0006353,HORD002037,PRD0550,1,224.46,224.46
HITM0006354,HORD002037,PRD0580,1,50.37,50.37
HITM0006355,HORD002038,PRD0792,1,1464.66,1464.66
HITM0006356,HORD002038,PRD0830,2,231.45,462.9
HITM0006357,HORD002038,PRD0533,1,1416.06,1416.06
HITM0006358,HORD002039,PRD0596,2,792.27,1584.54
HITM0006359,HORD002039,PRD0115,1,630.18,630.18
HITM0006360,HORD002039,PRD0317,1,641.82,641.82
HITM0006361,HORD002039,PRD0009,1,72.9,72.9
HITM0006362,HORD002040,PRD0463,1,1555.83,1555.83
HITM0006363,HORD002040,PRD0307,1,2188.41,2188.41
HITM0006364,HORD002041,PRD0724,3,1568.29,4704.87
HITM0006365,HORD002041,PRD0560,1,114.38,114.38
HITM0006366,HORD002042,PRD0388,1,191.0,191.0
HITM0006367,HORD002042,PRD0202,1,1161.02,1161.02
HITM0006368,HORD002042,PRD0350,1,351.6,351.6
HITM0006369,HORD002042,PRD0172,1,1723.75,1723.75
HITM0006370,HORD002042,PRD0264,2,998.11,1996.22
HITM0006371,HORD002043,PRD0963,1,541.41,541.41
HITM0006372,HORD002043,PRD0147,1,172.97,172.97
HITM0006373,HORD002044,PRD0400,1,124.47,124.47
HITM0006374,HORD002044,PRD0519,1,700.92,700.92
HITM0006375,HORD002044,PRD0960,1,17.08,17.08
HITM0006376,HORD002044,PRD0408,2,297.69,595.38
HITM0006377,HORD002045,PRD0657,1,582.44,582.44
HITM0006378,HORD002045,PRD0760,2,322.74,645.48
HITM0006379,HORD002045,PRD0590,1,197.67,197.67
HITM0006380,HORD002045,PRD0340,1,315.67,315.67
HITM0006381,HORD002045,PRD0500,1,137.18,137.18
HITM0006382,HORD002046,PRD0252,1,1339.74,1339.74
HITM0006383,HORD002046,PRD0502,1,1155.49,1155.49
HITM0006384,HORD002046,PRD0003,2,857.07,1714.14
HITM0006385,HORD002046,PRD0075,1,417.39,417.39
HITM0006386,HORD002046,PRD0228,1,575.39,575.39
HITM0006387,HORD002047,PRD0527,2,934.45,1868.9
HITM0006388,HORD002047,PRD0454,1,3062.46,3062.46
HITM0006389,HORD002047,PRD0567,1,69.51,69.51
HITM0006390,HORD002047,PRD0615,1,925.7,925.7
HITM0006391,HORD002048,PRD0623,1,857.91,857.91
HITM0006392,HORD002049,PRD0840,2,125.66,251.32
HITM0006393,HORD002049,PRD0768,3,149.86,449.58
HITM0006394,HORD002049,PRD0873,1,448.66,448.66
HITM0006395,HORD002050,PRD0750,1,315.03,315.03
HITM0006396,HORD002050,PRD0745,2,147.69,295.38
HITM0006397,HORD002050,PRD0760,1,322.74,322.74
HITM0006398,HORD002051,PRD0701,1,2630.13,2630.13
HITM0006399,HORD002051,PRD0899,2,1454.64,2909.28
HITM0006400,HORD002052,PRD0803,1,395.35,395.35
HITM0006401,HORD002052,PRD0705,1,369.85,369.85
HITM0006402,HORD002052,PRD0783,1,962.73,962.73
HITM0006403,HORD002053,PRD0123,1,501.46,501.46
HITM0006404,HORD002053,PRD0098,1,968.99,968.99
HITM0006405,HORD002053,PRD0665,1,480.38,480.38
HITM0006406,HORD002054,PRD0850,2,216.39,432.78
HITM0006407,HORD002054,PRD0798,1,901.72,901.72
HITM0006408,HORD002054,PRD0567,2,69.51,139.02
HITM0006409,HORD002054,PRD0172,1,1723.75,1723.75
HITM0006410,HORD002055,PRD0306,1,98.74,98.74
HITM0006411,HORD002055,PRD0776,1,133.13,133.13
HITM0006412,HORD002055,PRD0658,2,899.02,1798.04
HITM0006413,HORD002056,PRD0536,2,430.74,861.48
HITM0006414,HORD002056,PRD0017,3,420.96,1262.88
HITM0006415,HORD002057,PRD0048,1,533.35,533.35
HITM0006416,HORD002058,PRD0529,2,923.93,1847.86
HITM0006417,HORD002058,PRD0694,2,721.36,1442.72
HITM0006418,HORD002058,PRD0247,1,55.39,55.39
HITM0006419,HORD002058,PRD0285,1,929.48,929.48
HITM0006420,HORD002058,PRD0296,2,331.81,663.62
HITM0006421,HORD002059,PRD0247,2,55.39,110.78
HITM0006422,HORD002060,PRD0817,1,1148.51,1148.51
HITM0006423,HORD002060,PRD0992,1,309.63,309.63
HITM0006424,HORD002060,PRD0213,2,1050.73,2101.46
HITM0006425,HORD002060,PRD0495,1,1168.15,1168.15
HITM0006426,HORD002061,PRD0647,1,1716.02,1716.02
HITM0006427,HORD002061,PRD0157,1,93.87,93.87
HITM0006428,HORD002061,PRD0015,1,1188.56,1188.56
HITM0006429,HORD002061,PRD0675,1,1138.38,1138.38
HITM0006430,HORD002062,PRD0791,1,2893.2,2893.2
HITM0006431,HORD002062,PRD0302,1,987.84,987.84
HITM0006432,HORD002062,PRD0347,1,339.84,339.84
HITM0006433,HORD002062,PRD0496,2,92.5,185.0
HITM0006434,HORD002062,PRD0325,3,325.22,975.66
HITM0006435,HORD002063,PRD0273,1,1320.37,1320.37
HITM0006436,HORD002063,PRD0789,1,1032.76,1032.76
HITM0006437,HORD002064,PRD0974,1,2731.32,2731.32
HITM0006438,HORD002064,PRD0230,1,112.24,112.24
HITM0006439,HORD002064,PRD0126,1,290.8,290.8
HITM0006440,HORD002065,PRD0396,2,147.51,295.02
HITM0006441,HORD002065,PRD0427,1,1110.4,1110.4
HITM0006442,HORD002065,PRD0972,2,1644.08,3288.16
HITM0006443,HORD002066,PRD0053,1,1382.46,1382.46
HITM0006444,HORD002066,PRD0650,1,46.68,46.68
HITM0006445,HORD002066,PRD0049,1,578.63,578.63
HITM0006446,HORD002067,PRD0620,1,23.82,23.82
HITM0006447,HORD002067,PRD0523,1,837.7,837.7
HITM0006448,HORD002068,PRD0128,1,1013.54,1013.54
HITM0006449,HORD002068,PRD0270,1,237.62,237.62
HITM0006450,HORD002068,PRD0058,1,774.04,774.04
HITM0006451,HORD002068,PRD0812,1,1554.96,1554.96
HITM0006452,HORD002068,PRD0860,2,386.3,772.6
HITM0006453,HORD002069,PRD0108,1,937.98,937.98
HITM0006454,HORD002069,PRD0830,2,231.45,462.9
HITM0006455,HORD002069,PRD0166,2,462.05,924.1
HITM0006456,HORD002070,PRD0576,1,31.35,31.35
HITM0006457,HORD002070,PRD0470,1,149.63,149.63
HITM0006458,HORD002071,PRD0517,2,898.69,1797.38
HITM0006459,HORD002071,PRD0643,1,614.82,614.82
HITM0006460,HORD002071,PRD0453,1,1439.62,1439.62
HITM0006461,HORD002071,PRD0496,2,92.5,185.0
HITM0006462,HORD002072,PRD0929,1,114.2,114.2
HITM0006463,HORD002072,PRD0906,2,755.23,1510.46
HITM0006464,HORD002072,PRD0962,1,676.85,676.85
HITM0006465,HORD002072,PRD0477,1,610.76,610.76
HITM0006466,HORD002073,PRD0929,2,114.2,228.4
HITM0006467,HORD002073,PRD0048,1,533.35,533.35
HITM0006468,HORD002073,PRD0023,1,394.6,394.6
HITM0006469,HORD002074,PRD0370,1,418.27,418.27
HITM0006470,HORD002074,PRD0992,1,309.63,309.63
HITM0006471,HORD002075,PRD0602,1,409.98,409.98
HITM0006472,HORD002075,PRD0206,1,691.31,691.31
HITM0006473,HORD002076,PRD0796,1,559.87,559.87
HITM0006474,HORD002076,PRD0714,2,1819.26,3638.52
HITM0006475,HORD002077,PRD0196,1,525.15,525.15
HITM0006476,HORD002077,PRD0960,3,17.08,51.24
HITM0006477,HORD002077,PRD0685,3,755.89,2267.67
HITM0006478,HORD002077,PRD0689,2,195.5,391.0
HITM0006479,HORD002078,PRD0230,1,112.24,112.24
HITM0006480,HORD002078,PRD0043,1,634.32,634.32
HITM0006481,HORD002078,PRD0939,1,67.43,67.43
HITM0006482,HORD002078,PRD0264,1,998.11,998.11
HITM0006483,HORD002079,PRD0666,1,343.92,343.92
HITM0006484,HORD002079,PRD0148,1,319.75,319.75
HITM0006485,HORD002079,PRD0858,2,421.26,842.52
HITM0006486,HORD002079,PRD0139,3,323.99,971.97
HITM0006487,HORD002080,PRD0197,1,925.36,925.36
HITM0006488,HORD002080,PRD0870,1,96.68,96.68
HITM0006489,HORD002081,PRD0611,2,2190.89,4381.78
HITM0006490,HORD002081,PRD0036,1,115.89,115.89
HITM0006491,HORD002082,PRD0220,1,261.65,261.65
HITM0006492,HORD002082,PRD0335,1,826.82,826.82
HITM0006493,HORD002082,PRD0805,2,503.71,1007.42
HITM0006494,HORD002082,PRD0503,1,892.6,892.6
HITM0006495,HORD002083,PRD0597,1,1808.07,1808.07
HITM0006496,HORD002083,PRD0880,2,330.2,660.4
HITM0006497,HORD002083,PRD0300,2,51.94,103.88
HITM0006498,HORD002083,PRD0502,1,1155.49,1155.49
HITM0006499,HORD002083,PRD0720,1,391.11,391.11
HITM0006500,HORD002084,PRD0520,1,404.65,404.65
HITM0006501,HORD002084,PRD0207,2,143.7,287.4
HITM0006502,HORD002084,PRD0616,1,242.48,242.48
HITM0006503,HORD002084,PRD0572,2,1663.78,3327.56
HITM0006504,HORD002085,PRD0350,2,351.6,703.2
HITM0006505,HORD002085,PRD0779,1,736.32,736.32
HITM0006506,HORD002085,PRD0465,2,614.27,1228.54
HITM0006507,HORD002086,PRD0362,1,301.32,301.32
HITM0006508,HORD002086,PRD0989,2,71.59,143.18
HITM0006509,HORD002086,PRD0949,1,810.82,810.82
HITM0006510,HORD002087,PRD0648,1,450.1,450.1
HITM0006511,HORD002088,PRD0118,1,184.23,184.23
HITM0006512,HORD002088,PRD0320,1,28.7,28.7
HITM0006513,HORD002088,PRD0246,1,799.39,799.39
HITM0006514,HORD002089,PRD0680,2,146.6,293.2
HITM0006515,HORD002089,PRD0971,1,1081.7,1081.7
HITM0006516,HORD002089,PRD0450,1,162.55,162.55
HITM0006517,HORD002090,PRD0261,2,2556.63,5113.26
HITM0006518,HORD002091,PRD0605,1,584.43,584.43
HITM0006519,HORD002091,PRD0701,1,2630.13,2630.13
HITM0006520,HORD002092,PRD0159,1,852.41,852.41
HITM0006521,HORD002092,PRD0745,1,147.69,147.69
HITM0006522,HORD002092,PRD0861,2,2778.32,5556.64
HITM0006523,HORD002092,PRD0990,2,164.36,328.72
HITM0006524,HORD002093,PRD0366,1,111.28,111.28
HITM0006525,HORD002093,PRD0466,1,276.92,276.92
HITM0006526,HORD002094,PRD0152,1,509.94,509.94
HITM0006527,HORD002094,PRD0202,2,1161.02,2322.04
HITM0006528,HORD002094,PRD0703,1,1320.55,1320.55
HITM0006529,HORD002095,PRD0213,1,1050.73,1050.73
HITM0006530,HORD002095,PRD0972,2,1644.08,3288.16
HITM0006531,HORD002095,PRD0316,3,653.66,1960.98
HITM0006532,HORD002095,PRD0469,1,767.67,767.67
HITM0006533,HORD002096,PRD0598,1,73.8,73.8
HITM0006534,HORD002096,PRD0167,1,2152.29,2152.29
HITM0006535,HORD002097,PRD0242,2,1247.04,2494.08
HITM0006536,HORD002097,PRD0406,1,533.79,533.79
HITM0006537,HORD002097,PRD0179,2,428.63,857.26
HITM0006538,HORD002098,PRD0243,1,734.66,734.66
HITM0006539,HORD002098,PRD0418,1,735.73,735.73
HITM0006540,HORD002098,PRD0828,1,1072.53,1072.53
HITM0006541,HORD002098,PRD0577,2,1838.58,3677.16
HITM0006542,HORD002099,PRD0251,2,1750.4,3500.8
HITM0006543,HORD002099,PRD0385,1,602.62,602.62
HITM0006544,HORD002099,PRD0140,2,211.53,423.06
HITM0006545,HORD002099,PRD0952,2,864.9,1729.8
HITM0006546,HORD002100,PRD0878,1,453.25,453.25
HITM0006547,HORD002100,PRD0846,1,428.47,428.47
HITM0006548,HORD002100,PRD0814,1,1627.99,1627.99
HITM0006549,HORD002101,PRD0798,1,901.72,901.72
HITM0006550,HORD002101,PRD0219,2,450.54,901.08
HITM0006551,HORD002101,PRD0671,2,1959.57,3919.14
HITM0006552,HORD002102,PRD0711,2,2153.38,4306.76
HITM0006553,HORD002102,PRD0023,1,394.6,394.6
HITM0006554,HORD002102,PRD0488,1,1046.44,1046.44
HITM0006555,HORD002102,PRD0157,1,93.87,93.87
HITM0006556,HORD002102,PRD0817,1,1148.51,1148.51
HITM0006557,HORD002103,PRD0166,3,462.05,1386.15
HITM0006558,HORD002103,PRD0893,2,792.02,1584.04
HITM0006559,HORD002103,PRD0022,2,473.77,947.54
HITM0006560,HORD002104,PRD0745,1,147.69,147.69
HITM0006561,HORD002104,PRD0147,1,172.97,172.97
HITM0006562,HORD002104,PRD0567,1,69.51,69.51
HITM0006563,HORD002104,PRD0810,3,140.27,420.81
HITM0006564,HORD002105,PRD0581,1,1656.04,1656.04
HITM0006565,HORD002105,PRD0067,1,974.43,974.43
HITM0006566,HORD002105,PRD0341,1,2089.96,2089.96
HITM0006567,HORD002105,PRD0746,1,367.02,367.02
HITM0006568,HORD002106,PRD0550,1,224.46,224.46
HITM0006569,HORD002106,PRD0102,1,1782.17,1782.17
HITM0006570,HORD002106,PRD0618,3,409.5,1228.5
HITM0006571,HORD002106,PRD0066,2,307.12,614.24
HITM0006572,HORD002107,PRD0057,1,2000.1,2000.1
HITM0006573,HORD002107,PRD0636,3,249.94,749.82
HITM0006574,HORD002107,PRD0747,1,1759.9,1759.9
HITM0006575,HORD002107,PRD0518,1,69.83,69.83
HITM0006576,HORD002108,PRD0990,1,164.36,164.36
HITM0006577,HORD002108,PRD0056,2,204.63,409.26
HITM0006578,HORD002108,PRD0249,2,682.98,1365.96
HITM0006579,HORD002109,PRD0128,1,1013.54,1013.54
HITM0006580,HORD002109,PRD0530,1,338.05,338.05
HITM0006581,HORD002109,PRD0689,1,195.5,195.5
HITM0006582,HORD002109,PRD0398,3,135.19,405.57
HITM0006583,HORD002110,PRD0307,1,2188.41,2188.41
HITM0006584,HORD002110,PRD0196,1,525.15,525.15
HITM0006585,HORD002110,PRD0367,1,2471.53,2471.53
HITM0006586,HORD002110,PRD0496,2,92.5,185.0
HITM0006587,HORD002110,PRD0962,1,676.85,676.85
HITM0006588,HORD002111,PRD0078,1,991.52,991.52
HITM0006589,HORD002111,PRD0303,1,922.23,922.23
HITM0006590,HORD002111,PRD0745,1,147.69,147.69
HITM0006591,HORD002112,PRD0759,1,106.0,106.0
HITM0006592,HORD002113,PRD0010,1,253.38,253.38
HITM0006593,HORD002113,PRD0159,3,852.41,2557.23
HITM0006594,HORD002113,PRD0491,1,2151.39,2151.39
HITM0006595,HORD002113,PRD0830,1,231.45,231.45
HITM0006596,HORD002114,PRD0915,1,741.57,741.57
HITM0006597,HORD002114,PRD0325,1,325.22,325.22
HITM0006598,HORD002114,PRD0810,1,140.27,140.27
HITM0006599,HORD002115,PRD0573,2,850.28,1700.56
HITM0006600,HORD002115,PRD0799,1,629.39,629.39
HITM0006601,HORD002116,PRD0071,1,1793.74,1793.74
HITM0006602,HORD002116,PRD0310,1,125.16,125.16
HITM0006603,HORD002117,PRD0009,1,72.9,72.9
HITM0006604,HORD002117,PRD0065,1,806.18,806.18
HITM0006605,HORD002117,PRD0067,1,974.43,974.43
HITM0006606,HORD002117,PRD0897,2,1151.44,2302.88
HITM0006607,HORD002117,PRD0483,1,1169.19,1169.19
HITM0006608,HORD002118,PRD0778,1,271.67,271.67
HITM0006609,HORD002118,PRD0944,1,1503.06,1503.06
HITM0006610,HORD002118,PRD0110,1,392.12,392.12
HITM0006611,HORD002118,PRD0352,1,1288.41,1288.41
HITM0006612,HORD002118,PRD0036,1,115.89,115.89
HITM0006613,HORD002119,PRD0583,1,268.64,268.64
HITM0006614,HORD002119,PRD0929,1,114.2,114.2
HITM0006615,HORD002119,PRD0790,1,67.36,67.36
HITM0006616,HORD002119,PRD0470,1,149.63,149.63
HITM0006617,HORD002120,PRD0425,1,477.89,477.89
HITM0006618,HORD002120,PRD0419,2,903.5,1807.0
HITM0006619,HORD002120,PRD0626,1,362.78,362.78
HITM0006620,HORD002120,PRD0185,1,925.9,925.9
HITM0006621,HORD002121,PRD0112,2,1848.06,3696.12
HITM0006622,HORD002121,PRD0115,1,630.18,630.18
HITM0006623,HORD002121,PRD0857,1,1578.93,1578.93
HITM0006624,HORD002121,PRD0463,1,1555.83,1555.83
HITM0006625,HORD002121,PRD0162,1,767.91,767.91
HITM0006626,HORD002122,PRD0816,1,211.9,211.9
HITM0006627,HORD002122,PRD0586,3,421.13,1263.39
HITM0006628,HORD002122,PRD0180,1,256.4,256.4
HITM0006629,HORD002122,PRD0345,2,257.9,515.8
HITM0006630,HORD002123,PRD0650,2,46.68,93.36
HITM0006631,HORD002123,PRD0254,1,980.48,980.48
HITM0006632,HORD002123,PRD0897,2,1151.44,2302.88
HITM0006633,HORD002124,PRD0320,1,28.7,28.7
HITM0006634,HORD002124,PRD0702,1,403.74,403.74
HITM0006635,HORD002125,PRD0886,2,194.21,388.42
HITM0006636,HORD002125,PRD0940,1,127.15,127.15
HITM0006637,HORD002125,PRD0822,1,324.31,324.31
HITM0006638,HORD002126,PRD0372,1,748.02,748.02
HITM0006639,HORD002126,PRD0891,1,1468.42,1468.42
HITM0006640,HORD002127,PRD0678,1,133.66,133.66
HITM0006641,HORD002127,PRD0806,1,541.85,541.85
HITM0006642,HORD002127,PRD0665,1,480.38,480.38
HITM0006643,HORD002128,PRD0296,2,331.81,663.62
HITM0006644,HORD002128,PRD0758,1,261.9,261.9
HITM0006645,HORD002128,PRD0149,1,504.76,504.76
HITM0006646,HORD002129,PRD0806,1,541.85,541.85
HITM0006647,HORD002129,PRD0618,1,409.5,409.5
HITM0006648,HORD002130,PRD0920,1,302.87,302.87
HITM0006649,HORD002130,PRD0263,2,1358.3,2716.6
HITM0006650,HORD002130,PRD0616,1,242.48,242.48
HITM0006651,HORD002131,PRD0718,2,880.28,1760.56
HITM0006652,HORD002131,PRD0916,2,515.65,1031.3
HITM0006653,HORD002131,PRD0100,2,252.99,505.98
HITM0006654,HORD002131,PRD0205,2,645.51,1291.02
HITM0006655,HORD002132,PRD0848,1,227.53,227.53
HITM0006656,HORD002133,PRD0360,3,45.63,136.89
HITM0006657,HORD002133,PRD0890,1,293.06,293.06
HITM0006658,HORD002133,PRD0319,1,361.0,361.0
HITM0006659,HORD002133,PRD0518,1,69.83,69.83
HITM0006660,HORD002134,PRD0718,1,880.28,880.28
HITM0006661,HORD002134,PRD0960,1,17.08,17.08
HITM0006662,HORD002134,PRD0616,1,242.48,242.48
HITM0006663,HORD002135,PRD0714,2,1819.26,3638.52
HITM0006664,HORD002135,PRD0728,1,1077.83,1077.83
HITM0006665,HORD002135,PRD0492,1,1140.56,1140.56
HITM0006666,HORD002135,PRD0970,1,192.16,192.16
HITM0006667,HORD002136,PRD0508,1,713.33,713.33
HITM0006668,HORD002136,PRD0099,2,1059.78,2119.56
HITM0006669,HORD002136,PRD0518,1,69.83,69.83
HITM0006670,HORD002136,PRD0107,1,1356.63,1356.63
HITM0006671,HORD002137,PRD0300,1,51.94,51.94
HITM0006672,HORD002137,PRD0431,1,2819.89,2819.89
HITM0006673,HORD002137,PRD0982,2,807.01,1614.02
HITM0006674,HORD002138,PRD0857,1,1578.93,1578.93
HITM0006675,HORD002138,PRD0766,1,74.26,74.26
HITM0006676,HORD002138,PRD0193,1,890.72,890.72
HITM0006677,HORD002139,PRD0509,1,849.35,849.35
HITM0006678,HORD002139,PRD0834,2,702.11,1404.22
HITM0006679,HORD002139,PRD0861,1,2778.32,2778.32
HITM0006680,HORD002140,PRD0630,2,167.94,335.88
HITM0006681,HORD002140,PRD0205,2,645.51,1291.02
HITM0006682,HORD002141,PRD0710,1,397.66,397.66
HITM0006683,HORD002141,PRD0320,1,28.7,28.7
HITM0006684,HORD002141,PRD0636,2,249.94,499.88
HITM0006685,HORD002142,PRD0231,1,1403.44,1403.44
HITM0006686,HORD002142,PRD0642,1,1123.98,1123.98
HITM0006687,HORD002142,PRD0470,3,149.63,448.89
HITM0006688,HORD002142,PRD0258,2,114.0,228.0
HITM0006689,HORD002142,PRD0855,1,641.38,641.38
HITM0006690,HORD002143,PRD0539,1,642.49,642.49
HITM0006691,HORD002143,PRD0992,2,309.63,619.26
HITM0006692,HORD002144,PRD0598,2,73.8,147.6
HITM0006693,HORD002144,PRD0200,1,317.39,317.39
HITM0006694,HORD002144,PRD0093,2,619.68,1239.36
HITM0006695,HORD002145,PRD0220,1,261.65,261.65
HITM0006696,HORD002146,PRD0586,1,421.13,421.13
HITM0006697,HORD002146,PRD0940,1,127.15,127.15
HITM0006698,HORD002146,PRD0808,1,444.53,444.53
HITM0006699,HORD002146,PRD0759,1,106.0,106.0
HITM0006700,HORD002147,PRD0070,1,168.22,168.22
HITM0006701,HORD002147,PRD0723,1,550.47,550.47
HITM0006702,HORD002148,PRD0985,1,865.22,865.22
HITM0006703,HORD002148,PRD0630,2,167.94,335.88
HITM0006704,HORD002148,PRD0986,1,318.21,318.21
HITM0006705,HORD002149,PRD0650,1,46.68,46.68
HITM0006706,HORD002149,PRD0215,1,665.12,665.12
HITM0006707,HORD002149,PRD0774,1,1438.07,1438.07
HITM0006708,HORD002150,PRD0430,1,54.36,54.36
HITM0006709,HORD002150,PRD0302,1,987.84,987.84
HITM0006710,HORD002151,PRD0756,2,389.58,779.16
HITM0006711,HORD002151,PRD0290,1,246.93,246.93
HITM0006712,HORD002151,PRD0480,1,79.31,79.31
HITM0006713,HORD002151,PRD0778,1,271.67,271.67
HITM0006714,HORD002152,PRD0251,3,1750.4,5251.2
HITM0006715,HORD002152,PRD0459,2,261.43,522.86
HITM0006716,HORD002152,PRD0957,2,108.95,217.9
HITM0006717,HORD002153,PRD0098,1,968.99,968.99
HITM0006718,HORD002153,PRD0256,1,42.53,42.53
HITM0006719,HORD002153,PRD0577,2,1838.58,3677.16
HITM0006720,HORD002153,PRD0611,1,2190.89,2190.89
HITM0006721,HORD002154,PRD0295,1,284.65,284.65
HITM0006722,HORD002154,PRD0186,1,386.44,386.44
HITM0006723,HORD002154,PRD0415,1,626.8,626.8
HITM0006724,HORD002155,PRD0539,1,642.49,642.49
HITM0006725,HORD002155,PRD0550,1,224.46,224.46
HITM0006726,HORD002155,PRD0919,1,1414.1,1414.1
HITM0006727,HORD002156,PRD0881,1,2201.99,2201.99
HITM0006728,HORD002156,PRD0632,1,878.95,878.95
HITM0006729,HORD002156,PRD0887,1,447.24,447.24
HITM0006730,HORD002156,PRD0234,1,4040.17,4040.17
HITM0006731,HORD002157,PRD0157,1,93.87,93.87
HITM0006732,HORD002157,PRD0161,1,1639.58,1639.58
HITM0006733,HORD002158,PRD0304,1,969.28,969.28
HITM0006734,HORD002158,PRD0278,1,105.64,105.64
HITM0006735,HORD002158,PRD0960,2,17.08,34.16
HITM0006736,HORD002158,PRD0447,1,640.94,640.94
HITM0006737,HORD002158,PRD0152,1,509.94,509.94
HITM0006738,HORD002159,PRD0384,1,830.01,830.01
HITM0006739,HORD002159,PRD0868,1,421.43,421.43
HITM0006740,HORD002159,PRD0625,1,458.46,458.46
HITM0006741,HORD002159,PRD0909,1,1280.89,1280.89
HITM0006742,HORD002160,PRD0020,1,277.78,277.78
HITM0006743,HORD002161,PRD0560,1,114.38,114.38
HITM0006744,HORD002161,PRD0659,2,1177.04,2354.08
HITM0006745,HORD002161,PRD0984,1,3015.12,3015.12
HITM0006746,HORD002162,PRD0187,1,2240.42,2240.42
HITM0006747,HORD002162,PRD0958,1,128.04,128.04
HITM0006748,HORD002162,PRD0313,1,1347.84,1347.84
HITM0006749,HORD002162,PRD0427,2,1110.4,2220.8
HITM0006750,HORD002162,PRD0271,1,2739.77,2739.77
HITM0006751,HORD002163,PRD0989,1,71.59,71.59
HITM0006752,HORD002163,PRD0565,1,124.28,124.28
HITM0006753,HORD002164,PRD0653,1,1595.48,1595.48
HITM0006754,HORD002164,PRD0100,1,252.99,252.99
HITM0006755,HORD002164,PRD0392,1,1830.74,1830.74
HITM0006756,HORD002165,PRD0754,1,588.75,588.75
HITM0006757,HORD002165,PRD0082,3,411.13,1233.39
HITM0006758,HORD002165,PRD0249,1,682.98,682.98
HITM0006759,HORD002166,PRD0312,2,1542.36,3084.72
HITM0006760,HORD002166,PRD0511,1,1567.37,1567.37
HITM0006761,HORD002166,PRD0425,1,477.89,477.89
HITM0006762,HORD002166,PRD0851,1,955.38,955.38
HITM0006763,HORD002167,PRD0233,3,942.53,2827.59
HITM0006764,HORD002167,PRD0146,1,807.31,807.31
HITM0006765,HORD002167,PRD0623,1,857.91,857.91
HITM0006766,HORD002168,PRD0678,2,133.66,267.32
HITM0006767,HORD002168,PRD0966,1,272.72,272.72
HITM0006768,HORD002168,PRD0446,1,607.85,607.85
HITM0006769,HORD002169,PRD0689,3,195.5,586.5
HITM0006770,HORD002169,PRD0874,2,940.07,1880.14
HITM0006771,HORD002169,PRD0466,1,276.92,276.92
HITM0006772,HORD002170,PRD0335,1,826.82,826.82
HITM0006773,HORD002170,PRD0120,1,249.64,249.64
HITM0006774,HORD002171,PRD0388,1,191.0,191.0
HITM0006775,HORD002171,PRD0650,1,46.68,46.68
HITM0006776,HORD002171,PRD0962,1,676.85,676.85
HITM0006777,HORD002172,PRD0205,1,645.51,645.51
HITM0006778,HORD002172,PRD0645,2,295.19,590.38
HITM0006779,HORD002172,PRD0811,2,1819.95,3639.9
HITM0006780,HORD002173,PRD0164,2,1335.24,2670.48
HITM0006781,HORD002173,PRD0473,1,296.86,296.86
HITM0006782,HORD002173,PRD0784,1,3166.81,3166.81
HITM0006783,HORD002173,PRD0007,1,670.94,670.94
HITM0006784,HORD002173,PRD0341,1,2089.96,2089.96
HITM0006785,HORD002174,PRD0069,1,1254.78,1254.78
HITM0006786,HORD002174,PRD0797,1,1054.08,1054.08
HITM0006787,HORD002174,PRD0055,1,1019.33,1019.33
HITM0006788,HORD002174,PRD0588,1,914.0,914.0
HITM0006789,HORD002175,PRD0832,1,1674.37,1674.37
HITM0006790,HORD002175,PRD0488,1,1046.44,1046.44
HITM0006791,HORD002175,PRD0429,1,618.41,618.41
HITM0006792,HORD002176,PRD0706,1,626.5,626.5
HITM0006793,HORD002176,PRD0099,2,1059.78,2119.56
HITM0006794,HORD002176,PRD0703,1,1320.55,1320.55
HITM0006795,HORD002176,PRD0155,1,903.43,903.43
HITM0006796,HORD002177,PRD0565,1,124.28,124.28
HITM0006797,HORD002177,PRD0677,1,1475.57,1475.57
HITM0006798,HORD002177,PRD0136,1,279.93,279.93
HITM0006799,HORD002177,PRD0613,1,698.67,698.67
HITM0006800,HORD002178,PRD0648,1,450.1,450.1
HITM0006801,HORD002178,PRD0306,1,98.74,98.74
HITM0006802,HORD002178,PRD0842,1,1443.81,1443.81
HITM0006803,HORD002179,PRD0869,2,1315.16,2630.32
HITM0006804,HORD002179,PRD0460,1,354.28,354.28
HITM0006805,HORD002180,PRD0576,1,31.35,31.35
HITM0006806,HORD002180,PRD0215,2,665.12,1330.24
HITM0006807,HORD002180,PRD0337,1,2481.18,2481.18
HITM0006808,HORD002180,PRD0616,1,242.48,242.48
HITM0006809,HORD002181,PRD0047,1,859.23,859.23
HITM0006810,HORD002181,PRD0450,1,162.55,162.55
HITM0006811,HORD002181,PRD0669,1,736.46,736.46
HITM0006812,HORD002181,PRD0739,1,345.91,345.91
HITM0006813,HORD002182,PRD0423,1,371.68,371.68
HITM0006814,HORD002182,PRD0593,1,826.29,826.29
HITM0006815,HORD002183,PRD0298,1,727.39,727.39
HITM0006816,HORD002183,PRD0583,1,268.64,268.64
HITM0006817,HORD002184,PRD0674,1,3470.37,3470.37
HITM0006818,HORD002184,PRD0845,1,355.13,355.13
HITM0006819,HORD002184,PRD1000,1,175.0,175.0
HITM0006820,HORD002185,PRD0512,2,853.67,1707.34
HITM0006821,HORD002185,PRD0985,2,865.22,1730.44
HITM0006822,HORD002185,PRD0986,2,318.21,636.42
HITM0006823,HORD002185,PRD0779,1,736.32,736.32
HITM0006824,HORD002186,PRD0805,1,503.71,503.71
HITM0006825,HORD002186,PRD0861,2,2778.32,5556.64
HITM0006826,HORD002186,PRD0068,1,980.14,980.14
HITM0006827,HORD002186,PRD0137,1,814.4,814.4
HITM0006828,HORD002186,PRD0936,1,825.41,825.41
HITM0006829,HORD002187,PRD0566,1,242.05,242.05
HITM0006830,HORD002188,PRD0760,1,322.74,322.74
HITM0006831,HORD002188,PRD0593,1,826.29,826.29
HITM0006832,HORD002188,PRD0603,1,380.05,380.05
HITM0006833,HORD002189,PRD0825,1,522.15,522.15
HITM0006834,HORD002189,PRD0230,3,112.24,336.72
HITM0006835,HORD002189,PRD0859,1,883.33,883.33
HITM0006836,HORD002190,PRD0019,1,708.96,708.96
HITM0006837,HORD002190,PRD0963,1,541.41,541.41
HITM0006838,HORD002190,PRD0415,1,626.8,626.8
HITM0006839,HORD002191,PRD0114,1,3188.59,3188.59
HITM0006840,HORD002192,PRD0427,1,1110.4,1110.4
HITM0006841,HORD002192,PRD0439,1,236.05,236.05
HITM0006842,HORD002192,PRD0525,1,360.27,360.27
HITM0006843,HORD002192,PRD0692,1,1364.52,1364.52
HITM0006844,HORD002193,PRD0470,1,149.63,149.63
HITM0006845,HORD002193,PRD0512,1,853.67,853.67
HITM0006846,HORD002193,PRD0447,1,640.94,640.94
HITM0006847,HORD002193,PRD0665,1,480.38,480.38
HITM0006848,HORD002194,PRD0556,1,279.39,279.39
HITM0006849,HORD002194,PRD0143,1,689.45,689.45
HITM0006850,HORD002194,PRD0063,2,951.82,1903.64
HITM0006851,HORD002195,PRD0138,1,889.51,889.51
HITM0006852,HORD002196,PRD0635,3,475.82,1427.46
HITM0006853,HORD002196,PRD0288,1,114.25,114.25
HITM0006854,HORD002197,PRD0715,1,636.68,636.68
HITM0006855,HORD002197,PRD0289,2,1238.69,2477.38
HITM0006856,HORD002197,PRD0836,1,836.56,836.56
HITM0006857,HORD002197,PRD0587,1,1075.68,1075.68
HITM0006858,HORD002198,PRD0617,1,540.8,540.8
HITM0006859,HORD002198,PRD0607,2,73.33,146.66
HITM0006860,HORD002198,PRD0364,2,789.55,1579.1
HITM0006861,HORD002198,PRD0783,1,962.73,962.73
HITM0006862,HORD002199,PRD0855,1,641.38,641.38
HITM0006863,HORD002199,PRD0116,1,182.09,182.09
HITM0006864,HORD002199,PRD0583,1,268.64,268.64
HITM0006865,HORD002199,PRD0782,2,743.41,1486.82
HITM0006866,HORD002200,PRD0987,1,1715.57,1715.57
HITM0006867,HORD002200,PRD0856,1,426.45,426.45
HITM0006868,HORD002200,PRD0095,1,894.84,894.84
HITM0006869,HORD002200,PRD0662,1,1356.37,1356.37
HITM0006870,HORD002201,PRD0454,1,3062.46,3062.46
HITM0006871,HORD002201,PRD0743,1,718.63,718.63
HITM0006872,HORD002201,PRD0474,1,2324.49,2324.49
HITM0006873,HORD002201,PRD0383,3,1554.0,4662.0
HITM0006874,HORD002202,PRD0822,1,324.31,324.31
HITM0006875,HORD002202,PRD0293,1,663.82,663.82
HITM0006876,HORD002202,PRD0195,2,540.55,1081.1
HITM0006877,HORD002203,PRD0584,1,2405.29,2405.29
HITM0006878,HORD002203,PRD0486,1,188.03,188.03
HITM0006879,HORD002203,PRD0763,1,863.1,863.1
HITM0006880,HORD002204,PRD0934,1,1797.41,1797.41
HITM0006881,HORD002204,PRD0325,2,325.22,650.44
HITM0006882,HORD002205,PRD0748,1,1008.17,1008.17
HITM0006883,HORD002205,PRD0389,1,473.56,473.56
HITM0006884,HORD002205,PRD0041,1,1567.72,1567.72
HITM0006885,HORD002206,PRD0290,1,246.93,246.93
HITM0006886,HORD002206,PRD0070,1,168.22,168.22
HITM0006887,HORD002206,PRD0740,1,235.84,235.84
HITM0006888,HORD002206,PRD0565,2,124.28,248.56
HITM0006889,HORD002207,PRD0476,2,336.11,672.22
HITM0006890,HORD002207,PRD0606,1,838.55,838.55
HITM0006891,HORD002207,PRD0253,2,1519.1,3038.2
HITM0006892,HORD002208,PRD0939,1,67.43,67.43
HITM0006893,HORD002209,PRD0323,1,1295.86,1295.86
HITM0006894,HORD002209,PRD0797,1,1054.08,1054.08
HITM0006895,HORD002209,PRD0910,1,334.83,334.83
HITM0006896,HORD002209,PRD0167,1,2152.29,2152.29
HITM0006897,HORD002210,PRD0101,1,1370.24,1370.24
HITM0006898,HORD002210,PRD0264,1,998.11,998.11
HITM0006899,HORD002210,PRD0348,1,312.21,312.21
HITM0006900,HORD002211,PRD0955,1,1036.25,1036.25
HITM0006901,HORD002211,PRD0757,1,1982.25,1982.25
HITM0006902,HORD002211,PRD0023,1,394.6,394.6
HITM0006903,HORD002212,PRD0982,1,807.01,807.01
HITM0006904,HORD002213,PRD0699,1,649.93,649.93
HITM0006905,HORD002213,PRD0941,1,1693.86,1693.86
HITM0006906,HORD002213,PRD0056,1,204.63,204.63
HITM0006907,HORD002213,PRD0733,1,281.18,281.18
HITM0006908,HORD002213,PRD0106,1,203.27,203.27
HITM0006909,HORD002214,PRD0047,1,859.23,859.23
HITM0006910,HORD002214,PRD0248,3,204.13,612.39
HITM0006911,HORD002215,PRD0793,2,1315.85,2631.7
HITM0006912,HORD002215,PRD0240,1,73.63,73.63
HITM0006913,HORD002215,PRD0012,3,1136.26,3408.78
HITM0006914,HORD002216,PRD0503,1,892.6,892.6
HITM0006915,HORD002216,PRD0616,1,242.48,242.48
HITM0006916,HORD002216,PRD0657,1,582.44,582.44
HITM0006917,HORD002217,PRD0434,3,1657.3,4971.9
HITM0006918,HORD002217,PRD0104,1,2480.22,2480.22
HITM0006919,HORD002217,PRD0612,1,319.23,319.23
HITM0006920,HORD002217,PRD0851,2,955.38,1910.76
HITM0006921,HORD002218,PRD0322,3,326.02,978.06
HITM0006922,HORD002218,PRD0196,1,525.15,525.15
HITM0006923,HORD002218,PRD0288,1,114.25,114.25
HITM0006924,HORD002219,PRD0456,2,700.91,1401.82
HITM0006925,HORD002219,PRD0773,1,497.83,497.83
HITM0006926,HORD002220,PRD0405,2,406.75,813.5
HITM0006927,HORD002220,PRD0940,1,127.15,127.15
HITM0006928,HORD002221,PRD0430,1,54.36,54.36
HITM0006929,HORD002221,PRD0458,1,224.27,224.27
HITM0006930,HORD002221,PRD0959,1,206.84,206.84
HITM0006931,HORD002221,PRD0446,1,607.85,607.85
HITM0006932,HORD002222,PRD0461,1,1412.1,1412.1
HITM0006933,HORD002223,PRD0162,2,767.91,1535.82
HITM0006934,HORD002223,PRD0263,1,1358.3,1358.3
HITM0006935,HORD002223,PRD0295,2,284.65,569.3
HITM0006936,HORD002224,PRD0837,3,1658.39,4975.17
HITM0006937,HORD002225,PRD0606,1,838.55,838.55
HITM0006938,HORD002225,PRD0708,1,119.42,119.42
HITM0006939,HORD002225,PRD0727,1,1950.79,1950.79
HITM0006940,HORD002226,PRD0116,1,182.09,182.09
HITM0006941,HORD002226,PRD0575,2,711.89,1423.78
HITM0006942,HORD002226,PRD0165,2,808.77,1617.54
HITM0006943,HORD002226,PRD0545,1,456.26,456.26
HITM0006944,HORD002226,PRD0857,1,1578.93,1578.93
HITM0006945,HORD002227,PRD0895,1,675.49,675.49
HITM0006946,HORD002228,PRD0236,2,353.9,707.8
HITM0006947,HORD002228,PRD0940,2,127.15,254.3
HITM0006948,HORD002228,PRD0423,1,371.68,371.68
HITM0006949,HORD002228,PRD0337,1,2481.18,2481.18
HITM0006950,HORD002229,PRD0281,1,1116.42,1116.42
HITM0006951,HORD002229,PRD0929,1,114.2,114.2
HITM0006952,HORD002229,PRD0430,1,54.36,54.36
HITM0006953,HORD002230,PRD0426,1,708.75,708.75
HITM0006954,HORD002231,PRD0616,1,242.48,242.48
HITM0006955,HORD002231,PRD0558,1,399.27,399.27
HITM0006956,HORD002231,PRD0277,1,2331.99,2331.99
HITM0006957,HORD002231,PRD0570,1,337.54,337.54
HITM0006958,HORD002232,PRD0650,1,46.68,46.68
HITM0006959,HORD002232,PRD0154,1,1730.69,1730.69
HITM0006960,HORD002233,PRD0011,2,933.48,1866.96
HITM0006961,HORD002233,PRD0985,1,865.22,865.22
HITM0006962,HORD002233,PRD0708,2,119.42,238.84
HITM0006963,HORD002234,PRD0011,1,933.48,933.48
HITM0006964,HORD002234,PRD0418,1,735.73,735.73
HITM0006965,HORD002234,PRD0336,1,745.18,745.18
HITM0006966,HORD002235,PRD0533,1,1416.06,1416.06
HITM0006967,HORD002235,PRD0413,1,1181.55,1181.55
HITM0006968,HORD002235,PRD0200,1,317.39,317.39
HITM0006969,HORD002235,PRD0352,1,1288.41,1288.41
HITM0006970,HORD002236,PRD0371,1,2101.21,2101.21
HITM0006971,HORD002236,PRD0938,1,471.07,471.07
HITM0006972,HORD002236,PRD0503,2,892.6,1785.2
HITM0006973,HORD002236,PRD0172,1,1723.75,1723.75
HITM0006974,HORD002236,PRD0160,1,332.63,332.63
HITM0006975,HORD002237,PRD0009,1,72.9,72.9
HITM0006976,HORD002237,PRD0481,2,1590.61,3181.22
HITM0006977,HORD002237,PRD0350,2,351.6,703.2
HITM0006978,HORD002238,PRD0899,1,1454.64,1454.64
HITM0006979,HORD002238,PRD0898,1,450.61,450.61
HITM0006980,HORD002238,PRD0870,2,96.68,193.36
HITM0006981,HORD002238,PRD0443,1,684.87,684.87
HITM0006982,HORD002239,PRD0640,1,362.06,362.06
HITM0006983,HORD002239,PRD0675,1,1138.38,1138.38
HITM0006984,HORD002239,PRD0569,1,928.26,928.26
HITM0006985,HORD002240,PRD0182,3,908.42,2725.26
HITM0006986,HORD002240,PRD0267,1,2497.14,2497.14
HITM0006987,HORD002240,PRD0207,3,143.7,431.1
HITM0006988,HORD002240,PRD0751,2,2375.48,4750.96
HITM0006989,HORD002241,PRD0042,1,1767.57,1767.57
HITM0006990,HORD002241,PRD0775,1,152.04,152.04
HITM0006991,HORD002241,PRD0748,1,1008.17,1008.17
HITM0006992,HORD002241,PRD0180,1,256.4,256.4
HITM0006993,HORD002241,PRD0968,1,213.37,213.37
HITM0006994,HORD002242,PRD0860,1,386.3,386.3
HITM0006995,HORD002242,PRD0782,1,743.41,743.41
HITM0006996,HORD002243,PRD0520,1,404.65,404.65
HITM0006997,HORD002243,PRD0447,2,640.94,1281.88
HITM0006998,HORD002243,PRD0496,3,92.5,277.5
HITM0006999,HORD002243,PRD0445,1,151.88,151.88
HITM0007000,HORD002244,PRD0470,1,149.63,149.63
HITM0007001,HORD002244,PRD0317,1,641.82,641.82
HITM0007002,HORD002244,PRD0346,1,296.52,296.52
HITM0007003,HORD002244,PRD0548,2,858.63,1717.26
HITM0007004,HORD002244,PRD0621,1,1483.46,1483.46
HITM0007005,HORD002245,PRD0183,1,1343.02,1343.02
HITM0007006,HORD002245,PRD0089,1,462.29,462.29
HITM0007007,HORD002245,PRD0645,1,295.19,295.19
HITM0007008,HORD002245,PRD0036,1,115.89,115.89
HITM0007009,HORD002245,PRD0600,1,200.67,200.67
HITM0007010,HORD002246,PRD0281,1,1116.42,1116.42
HITM0007011,HORD002247,PRD0368,2,567.82,1135.64
HITM0007012,HORD002247,PRD0850,2,216.39,432.78
HITM0007013,HORD002248,PRD0384,1,830.01,830.01
HITM0007014,HORD002248,PRD0054,1,821.51,821.51
HITM0007015,HORD002248,PRD0502,1,1155.49,1155.49
HITM0007016,HORD002249,PRD0486,3,188.03,564.09
HITM0007017,HORD002249,PRD0127,3,477.02,1431.06
HITM0007018,HORD002249,PRD0796,1,559.87,559.87
HITM0007019,HORD002250,PRD0130,2,167.84,335.68
HITM0007020,HORD002250,PRD0737,1,194.63,194.63
HITM0007021,HORD002250,PRD0616,1,242.48,242.48
HITM0007022,HORD002251,PRD0699,1,649.93,649.93
HITM0007023,HORD002251,PRD0021,1,1354.38,1354.38
HITM0007024,HORD002251,PRD0997,1,1521.51,1521.51
HITM0007025,HORD002251,PRD0950,2,258.24,516.48
HITM0007026,HORD002252,PRD0982,1,807.01,807.01
HITM0007027,HORD002252,PRD0339,2,1125.45,2250.9
HITM0007028,HORD002252,PRD0282,1,521.34,521.34
HITM0007029,HORD002253,PRD0970,1,192.16,192.16
HITM0007030,HORD002253,PRD0960,1,17.08,17.08
HITM0007031,HORD002253,PRD0657,1,582.44,582.44
HITM0007032,HORD002254,PRD0691,1,1463.28,1463.28
HITM0007033,HORD002254,PRD0878,1,453.25,453.25
HITM0007034,HORD002254,PRD0166,3,462.05,1386.15
HITM0007035,HORD002255,PRD0388,1,191.0,191.0
HITM0007036,HORD002255,PRD0735,1,549.71,549.71
HITM0007037,HORD002256,PRD0145,1,439.24,439.24
HITM0007038,HORD002256,PRD0593,1,826.29,826.29
HITM0007039,HORD002256,PRD0213,1,1050.73,1050.73
HITM0007040,HORD002257,PRD0109,1,732.2,732.2
HITM0007041,HORD002258,PRD0915,1,741.57,741.57
HITM0007042,HORD002259,PRD0795,1,1162.94,1162.94
HITM0007043,HORD002259,PRD0756,1,389.58,389.58
HITM0007044,HORD002259,PRD0500,2,137.18,274.36
HITM0007045,HORD002260,PRD0406,1,533.79,533.79
HITM0007046,HORD002260,PRD0960,2,17.08,34.16
HITM0007047,HORD002260,PRD0300,1,51.94,51.94
HITM0007048,HORD002260,PRD0616,1,242.48,242.48
HITM0007049,HORD002261,PRD0218,2,872.61,1745.22
HITM0007050,HORD002262,PRD0983,1,1481.15,1481.15
HITM0007051,HORD002262,PRD0746,1,367.02,367.02
HITM0007052,HORD002262,PRD0651,2,1704.13,3408.26
HITM0007053,HORD002263,PRD0995,1,1027.49,1027.49
HITM0007054,HORD002263,PRD1000,1,175.0,175.0
HITM0007055,HORD002264,PRD0245,1,834.16,834.16
HITM0007056,HORD002264,PRD0430,1,54.36,54.36
HITM0007057,HORD002264,PRD0199,1,1326.1,1326.1
HITM0007058,HORD002264,PRD0195,1,540.55,540.55
HITM0007059,HORD002265,PRD0211,2,2751.59,5503.18
HITM0007060,HORD002265,PRD0765,2,967.51,1935.02
HITM0007061,HORD002265,PRD0740,1,235.84,235.84
HITM0007062,HORD002265,PRD0107,1,1356.63,1356.63
HITM0007063,HORD002265,PRD0115,1,630.18,630.18
HITM0007064,HORD002266,PRD0353,1,1448.25,1448.25
HITM0007065,HORD002266,PRD0467,1,2210.83,2210.83
HITM0007066,HORD002266,PRD0958,1,128.04,128.04
HITM0007067,HORD002266,PRD0756,1,389.58,389.58
HITM0007068,HORD002267,PRD0371,1,2101.21,2101.21
HITM0007069,HORD002267,PRD0143,2,689.45,1378.9
HITM0007070,HORD002267,PRD0722,1,1628.14,1628.14
HITM0007071,HORD002268,PRD0050,1,409.65,409.65
HITM0007072,HORD002268,PRD0332,1,1700.56,1700.56
HITM0007073,HORD002268,PRD0777,2,876.73,1753.46
HITM0007074,HORD002268,PRD0856,1,426.45,426.45
HITM0007075,HORD002269,PRD0320,1,28.7,28.7
HITM0007076,HORD002269,PRD0676,1,523.37,523.37
HITM0007077,HORD002269,PRD0747,1,1759.9,1759.9
HITM0007078,HORD002269,PRD0508,1,713.33,713.33
HITM0007079,HORD002270,PRD0610,3,394.62,1183.86
HITM0007080,HORD002271,PRD0979,1,96.35,96.35
HITM0007081,HORD002271,PRD0330,1,96.82,96.82
HITM0007082,HORD002271,PRD0630,1,167.94,167.94
HITM0007083,HORD002271,PRD0206,1,691.31,691.31
HITM0007084,HORD002271,PRD0057,1,2000.1,2000.1
HITM0007085,HORD002272,PRD0510,1,225.6,225.6
HITM0007086,HORD002272,PRD0288,3,114.25,342.75
HITM0007087,HORD002273,PRD0737,3,194.63,583.89
HITM0007088,HORD002273,PRD0340,1,315.67,315.67
HITM0007089,HORD002273,PRD0698,2,664.05,1328.1
HITM0007090,HORD002274,PRD0518,2,69.83,139.66
HITM0007091,HORD002274,PRD0473,1,296.86,296.86
HITM0007092,HORD002275,PRD0864,1,618.97,618.97
HITM0007093,HORD002275,PRD0607,1,73.33,73.33
HITM0007094,HORD002275,PRD0199,1,1326.1,1326.1
HITM0007095,HORD002275,PRD0460,2,354.28,708.56
HITM0007096,HORD002276,PRD0590,1,197.67,197.67
HITM0007097,HORD002276,PRD0380,1,340.9,340.9
HITM0007098,HORD002276,PRD0338,2,484.72,969.44
HITM0007099,HORD002277,PRD0858,1,421.26,421.26
HITM0007100,HORD002277,PRD0845,1,355.13,355.13
HITM0007101,HORD002278,PRD0716,1,744.09,744.09
HITM0007102,HORD002278,PRD0873,2,448.66,897.32
HITM0007103,HORD002279,PRD0665,1,480.38,480.38
HITM0007104,HORD002279,PRD0881,1,2201.99,2201.99
HITM0007105,HORD002279,PRD0553,3,1559.12,4677.36
HITM0007106,HORD002280,PRD0598,1,73.8,73.8
HITM0007107,HORD002280,PRD0602,1,409.98,409.98
HITM0007108,HORD002280,PRD0729,1,348.79,348.79
HITM0007109,HORD002281,PRD0360,1,45.63,45.63
HITM0007110,HORD002281,PRD0081,1,1775.5,1775.5
HITM0007111,HORD002281,PRD0274,1,1282.28,1282.28
HITM0007112,HORD002281,PRD0160,2,332.63,665.26
HITM0007113,HORD002281,PRD0401,1,2595.7,2595.7
HITM0007114,HORD002282,PRD0928,2,732.49,1464.98
HITM0007115,HORD002282,PRD0408,2,297.69,595.38
HITM0007116,HORD002282,PRD0396,2,147.51,295.02
HITM0007117,HORD002282,PRD0646,2,525.73,1051.46
HITM0007118,HORD002283,PRD0929,1,114.2,114.2
HITM0007119,HORD002283,PRD0908,2,738.84,1477.68
HITM0007120,HORD002283,PRD0665,1,480.38,480.38
HITM0007121,HORD002284,PRD0020,2,277.78,555.56
HITM0007122,HORD002284,PRD0542,3,1005.69,3017.07
HITM0007123,HORD002284,PRD0130,1,167.84,167.84
HITM0007124,HORD002285,PRD0355,1,703.23,703.23
HITM0007125,HORD002285,PRD0960,1,17.08,17.08
HITM0007126,HORD002285,PRD0084,1,854.14,854.14
HITM0007127,HORD002286,PRD0287,2,1267.48,2534.96
HITM0007128,HORD002286,PRD0573,2,850.28,1700.56
HITM0007129,HORD002286,PRD0928,1,732.49,732.49
HITM0007130,HORD002287,PRD0102,1,1782.17,1782.17
HITM0007131,HORD002287,PRD0616,1,242.48,242.48
HITM0007132,HORD002287,PRD0769,2,633.25,1266.5
HITM0007133,HORD002288,PRD0017,1,420.96,420.96
HITM0007134,HORD002289,PRD0258,1,114.0,114.0
HITM0007135,HORD002289,PRD0283,2,1116.37,2232.74
HITM0007136,HORD002289,PRD0055,2,1019.33,2038.66
HITM0007137,HORD002289,PRD0680,1,146.6,146.6
HITM0007138,HORD002290,PRD0372,1,748.02,748.02
HITM0007139,HORD002290,PRD0886,1,194.21,194.21
HITM0007140,HORD002291,PRD0997,2,1521.51,3043.02
HITM0007141,HORD002291,PRD0523,1,837.7,837.7
HITM0007142,HORD002291,PRD0708,1,119.42,119.42
HITM0007143,HORD002292,PRD0192,1,491.21,491.21
HITM0007144,HORD002292,PRD0598,1,73.8,73.8
HITM0007145,HORD002292,PRD0642,1,1123.98,1123.98
HITM0007146,HORD002293,PRD0552,1,359.04,359.04
HITM0007147,HORD002293,PRD0215,2,665.12,1330.24
HITM0007148,HORD002293,PRD0033,1,1345.52,1345.52
HITM0007149,HORD002293,PRD0848,1,227.53,227.53
HITM0007150,HORD002294,PRD0485,1,381.77,381.77
HITM0007151,HORD002294,PRD0423,1,371.68,371.68
HITM0007152,HORD002295,PRD0709,2,1432.58,2865.16
HITM0007153,HORD002295,PRD0976,2,554.65,1109.3
HITM0007154,HORD002296,PRD0327,1,1138.43,1138.43
HITM0007155,HORD002296,PRD0880,2,330.2,660.4
HITM0007156,HORD002296,PRD0625,1,458.46,458.46
HITM0007157,HORD002297,PRD0930,1,307.61,307.61
HITM0007158,HORD002297,PRD0023,2,394.6,789.2
HITM0007159,HORD002298,PRD0756,2,389.58,779.16
HITM0007160,HORD002298,PRD0759,2,106.0,212.0
HITM0007161,HORD002298,PRD0515,1,957.39,957.39
HITM0007162,HORD002299,PRD0123,2,501.46,1002.92
HITM0007163,HORD002299,PRD0529,1,923.93,923.93
HITM0007164,HORD002300,PRD0291,2,1210.2,2420.4
HITM0007165,HORD002301,PRD0405,1,406.75,406.75
HITM0007166,HORD002301,PRD0906,3,755.23,2265.69
HITM0007167,HORD002302,PRD0608,2,200.97,401.94
HITM0007168,HORD002302,PRD0723,1,550.47,550.47
HITM0007169,HORD002302,PRD0747,1,1759.9,1759.9
HITM0007170,HORD002303,PRD0546,2,180.12,360.24
HITM0007171,HORD002303,PRD0899,1,1454.64,1454.64
HITM0007172,HORD002303,PRD0595,1,126.92,126.92
HITM0007173,HORD002303,PRD0478,1,1005.98,1005.98
HITM0007174,HORD002304,PRD0190,1,40.06,40.06
HITM0007175,HORD002304,PRD0906,1,755.23,755.23
HITM0007176,HORD002304,PRD0149,1,504.76,504.76
HITM0007177,HORD002304,PRD0100,1,252.99,252.99
HITM0007178,HORD002305,PRD0048,1,533.35,533.35
HITM0007179,HORD002305,PRD0841,1,1754.04,1754.04
HITM0007180,HORD002305,PRD0140,1,211.53,211.53
HITM0007181,HORD002306,PRD0160,1,332.63,332.63
HITM0007182,HORD002306,PRD0470,1,149.63,149.63
HITM0007183,HORD002306,PRD0350,1,351.6,351.6
HITM0007184,HORD002307,PRD0362,3,301.32,903.96
HITM0007185,HORD002307,PRD0741,1,1342.0,1342.0
HITM0007186,HORD002307,PRD0218,2,872.61,1745.22
HITM0007187,HORD002308,PRD0765,1,967.51,967.51
HITM0007188,HORD002308,PRD0810,1,140.27,140.27
HITM0007189,HORD002308,PRD0513,2,412.83,825.66
HITM0007190,HORD002308,PRD0760,1,322.74,322.74
HITM0007191,HORD002309,PRD0832,2,1674.37,3348.74
HITM0007192,HORD002309,PRD0788,1,862.04,862.04
HITM0007193,HORD002309,PRD0107,1,1356.63,1356.63
HITM0007194,HORD002310,PRD0069,3,1254.78,3764.34
HITM0007195,HORD002310,PRD0452,1,353.39,353.39
HITM0007196,HORD002310,PRD0550,1,224.46,224.46
HITM0007197,HORD002311,PRD0687,2,1192.37,2384.74
HITM0007198,HORD002311,PRD0330,1,96.82,96.82
HITM0007199,HORD002311,PRD0929,2,114.2,228.4
HITM0007200,HORD002312,PRD0405,1,406.75,406.75
HITM0007201,HORD002312,PRD0981,1,1483.54,1483.54
HITM0007202,HORD002312,PRD0619,1,889.11,889.11
HITM0007203,HORD002312,PRD0557,1,669.73,669.73
HITM0007204,HORD002313,PRD0634,1,1993.72,1993.72
HITM0007205,HORD002313,PRD0265,1,697.49,697.49
HITM0007206,HORD002313,PRD0883,1,1321.14,1321.14
HITM0007207,HORD002314,PRD0552,1,359.04,359.04
HITM0007208,HORD002314,PRD0790,1,67.36,67.36
HITM0007209,HORD002314,PRD0200,1,317.39,317.39
HITM0007210,HORD002315,PRD0339,1,1125.45,1125.45
HITM0007211,HORD002315,PRD0840,1,125.66,125.66
HITM0007212,HORD002316,PRD0576,1,31.35,31.35
HITM0007213,HORD002316,PRD0223,1,946.31,946.31
HITM0007214,HORD002316,PRD0022,1,473.77,473.77
HITM0007215,HORD002316,PRD0197,2,925.36,1850.72
HITM0007216,HORD002317,PRD0157,3,93.87,281.61
HITM0007217,HORD002317,PRD0271,1,2739.77,2739.77
HITM0007218,HORD002318,PRD1000,2,175.0,350.0
HITM0007219,HORD002318,PRD0944,1,1503.06,1503.06
HITM0007220,HORD002318,PRD0002,1,1804.26,1804.26
HITM0007221,HORD002318,PRD0836,1,836.56,836.56
HITM0007222,HORD002319,PRD0543,1,1522.55,1522.55
HITM0007223,HORD002319,PRD0670,1,278.65,278.65
HITM0007224,HORD002319,PRD0960,1,17.08,17.08
HITM0007225,HORD002319,PRD0412,1,1351.05,1351.05
HITM0007226,HORD002320,PRD0300,2,51.94,103.88
HITM0007227,HORD002320,PRD0847,2,553.63,1107.26
HITM0007228,HORD002320,PRD0545,1,456.26,456.26
HITM0007229,HORD002320,PRD0405,1,406.75,406.75
HITM0007230,HORD002320,PRD0669,2,736.46,1472.92
HITM0007231,HORD002321,PRD0850,1,216.39,216.39
HITM0007232,HORD002322,PRD0536,2,430.74,861.48
HITM0007233,HORD002323,PRD0819,1,1070.76,1070.76
HITM0007234,HORD002323,PRD0811,2,1819.95,3639.9
HITM0007235,HORD002324,PRD0160,1,332.63,332.63
HITM0007236,HORD002324,PRD0187,1,2240.42,2240.42
HITM0007237,HORD002325,PRD0333,1,741.56,741.56
HITM0007238,HORD002325,PRD0329,1,716.82,716.82
HITM0007239,HORD002325,PRD0361,1,2952.43,2952.43
HITM0007240,HORD002326,PRD0084,1,854.14,854.14
HITM0007241,HORD002326,PRD0451,1,2999.57,2999.57
HITM0007242,HORD002326,PRD0360,1,45.63,45.63
HITM0007243,HORD002326,PRD0100,2,252.99,505.98
HITM0007244,HORD002327,PRD0300,1,51.94,51.94
HITM0007245,HORD002328,PRD0427,1,1110.4,1110.4
HITM0007246,HORD002329,PRD0356,1,610.16,610.16
HITM0007247,HORD002329,PRD0020,1,277.78,277.78
HITM0007248,HORD002329,PRD0306,2,98.74,197.48
HITM0007249,HORD002330,PRD0482,1,1441.83,1441.83
HITM0007250,HORD002330,PRD0349,2,1289.14,2578.28
HITM0007251,HORD002330,PRD0654,1,2104.89,2104.89
HITM0007252,HORD002331,PRD0230,1,112.24,112.24
HITM0007253,HORD002331,PRD0151,1,3129.69,3129.69
HITM0007254,HORD002331,PRD0271,1,2739.77,2739.77
HITM0007255,HORD002332,PRD0645,2,295.19,590.38
HITM0007256,HORD002332,PRD0559,2,1310.74,2621.48
HITM0007257,HORD002332,PRD0065,1,806.18,806.18
HITM0007258,HORD002333,PRD0738,1,629.85,629.85
HITM0007259,HORD002333,PRD0530,1,338.05,338.05
HITM0007260,HORD002333,PRD0191,1,3198.59,3198.59
HITM0007261,HORD002333,PRD0827,2,1518.31,3036.62
HITM0007262,HORD002334,PRD0222,1,761.26,761.26
HITM0007263,HORD002334,PRD0127,1,477.02,477.02
HITM0007264,HORD002334,PRD0977,1,2565.59,2565.59
HITM0007265,HORD002335,PRD0116,1,182.09,182.09
HITM0007266,HORD002336,PRD0813,1,372.89,372.89
HITM0007267,HORD002336,PRD0311,2,2276.13,4552.26
HITM0007268,HORD002336,PRD0893,1,792.02,792.02
HITM0007269,HORD002336,PRD0135,1,1050.45,1050.45
HITM0007270,HORD002337,PRD0415,2,626.8,1253.6
HITM0007271,HORD002337,PRD0494,1,1355.96,1355.96
HITM0007272,HORD002337,PRD0977,1,2565.59,2565.59
HITM0007273,HORD002337,PRD0348,1,312.21,312.21
HITM0007274,HORD002337,PRD0378,1,751.56,751.56
HITM0007275,HORD002338,PRD0598,1,73.8,73.8
HITM0007276,HORD002338,PRD0444,1,2746.34,2746.34
HITM0007277,HORD002339,PRD0247,2,55.39,110.78
HITM0007278,HORD002339,PRD0306,1,98.74,98.74
HITM0007279,HORD002339,PRD0290,1,246.93,246.93
HITM0007280,HORD002340,PRD0482,1,1441.83,1441.83
HITM0007281,HORD002340,PRD0773,1,497.83,497.83
HITM0007282,HORD002340,PRD0270,1,237.62,237.62
HITM0007283,HORD002341,PRD0008,1,751.87,751.87
HITM0007284,HORD002341,PRD0137,1,814.4,814.4
HITM0007285,HORD002341,PRD0359,1,329.3,329.3
HITM0007286,HORD002342,PRD0875,1,1038.39,1038.39
HITM0007287,HORD002342,PRD0880,1,330.2,330.2
HITM0007288,HORD002342,PRD0870,1,96.68,96.68
HITM0007289,HORD002342,PRD0335,1,826.82,826.82
HITM0007290,HORD002343,PRD0276,1,670.27,670.27
HITM0007291,HORD002343,PRD0320,3,28.7,86.1
HITM0007292,HORD002343,PRD0786,1,664.7,664.7
HITM0007293,HORD002343,PRD0430,2,54.36,108.72
HITM0007294,HORD002344,PRD0756,1,389.58,389.58
HITM0007295,HORD002344,PRD0817,1,1148.51,1148.51
HITM0007296,HORD002345,PRD0078,1,991.52,991.52
HITM0007297,HORD002345,PRD0848,1,227.53,227.53
HITM0007298,HORD002345,PRD0927,1,672.07,672.07
HITM0007299,HORD002346,PRD0087,2,1794.89,3589.78
HITM0007300,HORD002346,PRD0203,1,724.48,724.48
HITM0007301,HORD002347,PRD0293,2,663.82,1327.64
HITM0007302,HORD002347,PRD0719,2,1107.84,2215.68
HITM0007303,HORD002347,PRD0841,1,1754.04,1754.04
HITM0007304,HORD002347,PRD0007,2,670.94,1341.88
HITM0007305,HORD002348,PRD0441,1,2623.08,2623.08
HITM0007306,HORD002349,PRD0526,1,567.06,567.06
HITM0007307,HORD002349,PRD0608,1,200.97,200.97
HITM0007308,HORD002350,PRD0138,2,889.51,1779.02
HITM0007309,HORD002350,PRD0030,1,278.37,278.37
HITM0007310,HORD002350,PRD0459,2,261.43,522.86
HITM0007311,HORD002351,PRD0174,1,442.41,442.41
HITM0007312,HORD002351,PRD0238,1,459.3,459.3
HITM0007313,HORD002352,PRD0476,1,336.11,336.11
HITM0007314,HORD002352,PRD0099,1,1059.78,1059.78
HITM0007315,HORD002352,PRD0917,1,1918.86,1918.86
HITM0007316,HORD002353,PRD0033,1,1345.52,1345.52
HITM0007317,HORD002353,PRD0074,1,899.01,899.01
HITM0007318,HORD002354,PRD0960,2,17.08,34.16
HITM0007319,HORD002354,PRD0118,1,184.23,184.23
HITM0007320,HORD002354,PRD0923,2,771.16,1542.32
HITM0007321,HORD002355,PRD0133,1,362.55,362.55
HITM0007322,HORD002355,PRD0209,1,456.39,456.39
HITM0007323,HORD002355,PRD0543,2,1522.55,3045.1
HITM0007324,HORD002356,PRD0939,2,67.43,134.86
HITM0007325,HORD002356,PRD0230,1,112.24,112.24
HITM0007326,HORD002357,PRD0482,1,1441.83,1441.83
HITM0007327,HORD002357,PRD0703,1,1320.55,1320.55
HITM0007328,HORD002357,PRD0683,1,736.53,736.53
HITM0007329,HORD002357,PRD0338,1,484.72,484.72
HITM0007330,HORD002357,PRD0580,1,50.37,50.37
HITM0007331,HORD002358,PRD0946,1,180.12,180.12
HITM0007332,HORD002358,PRD0638,2,508.53,1017.06
HITM0007333,HORD002358,PRD0469,1,767.67,767.67
HITM0007334,HORD002359,PRD0992,1,309.63,309.63
HITM0007335,HORD002359,PRD0680,2,146.6,293.2
HITM0007336,HORD002359,PRD0890,1,293.06,293.06
HITM0007337,HORD002360,PRD0177,1,2318.68,2318.68
HITM0007338,HORD002360,PRD0112,1,1848.06,1848.06
HITM0007339,HORD002360,PRD0091,1,1365.66,1365.66
HITM0007340,HORD002360,PRD0980,2,171.73,343.46
HITM0007341,HORD002361,PRD0860,3,386.3,1158.9
HITM0007342,HORD002361,PRD0316,1,653.66,653.66
HITM0007343,HORD002361,PRD0230,1,112.24,112.24
HITM0007344,HORD002362,PRD0429,1,618.41,618.41
HITM0007345,HORD002362,PRD0571,1,2591.37,2591.37
HITM0007346,HORD002363,PRD0318,1,656.01,656.01
HITM0007347,HORD002363,PRD0563,1,957.85,957.85
HITM0007348,HORD002363,PRD0576,1,31.35,31.35
HITM0007349,HORD002363,PRD0831,2,2116.77,4233.54
HITM0007350,HORD002364,PRD0301,2,1468.04,2936.08
HITM0007351,HORD002364,PRD0790,1,67.36,67.36
HITM0007352,HORD002364,PRD0548,1,858.63,858.63
HITM0007353,HORD002365,PRD0108,2,937.98,1875.96
HITM0007354,HORD002365,PRD0439,1,236.05,236.05
HITM0007355,HORD002365,PRD0145,1,439.24,439.24
HITM0007356,HORD002365,PRD0989,2,71.59,143.18
HITM0007357,HORD002366,PRD1000,1,175.0,175.0
HITM0007358,HORD002366,PRD0660,1,74.81,74.81
HITM0007359,HORD002366,PRD0055,1,1019.33,1019.33
HITM0007360,HORD002367,PRD0598,2,73.8,147.6
HITM0007361,HORD002367,PRD0566,1,242.05,242.05
HITM0007362,HORD002367,PRD0438,3,504.83,1514.49
HITM0007363,HORD002367,PRD0739,2,345.91,691.82
HITM0007364,HORD002368,PRD0229,1,1480.27,1480.27
HITM0007365,HORD002368,PRD0599,1,1008.74,1008.74
HITM0007366,HORD002368,PRD0268,1,876.82,876.82
HITM0007367,HORD002368,PRD0666,1,343.92,343.92
HITM0007368,HORD002369,PRD0798,2,901.72,1803.44
HITM0007369,HORD002369,PRD0382,1,680.83,680.83
HITM0007370,HORD002370,PRD0575,1,711.89,711.89
HITM0007371,HORD002370,PRD0733,1,281.18,281.18
HITM0007372,HORD002371,PRD0792,1,1464.66,1464.66
HITM0007373,HORD002371,PRD0193,1,890.72,890.72
HITM0007374,HORD002371,PRD0116,1,182.09,182.09
HITM0007375,HORD002371,PRD0259,1,983.93,983.93
HITM0007376,HORD002372,PRD0992,1,309.63,309.63
HITM0007377,HORD002372,PRD0772,1,356.92,356.92
HITM0007378,HORD002372,PRD0927,1,672.07,672.07
HITM0007379,HORD002372,PRD0276,1,670.27,670.27
HITM0007380,HORD002373,PRD0068,1,980.14,980.14
HITM0007381,HORD002373,PRD0379,1,212.81,212.81
HITM0007382,HORD002373,PRD0148,2,319.75,639.5
HITM0007383,HORD002374,PRD0257,1,210.79,210.79
HITM0007384,HORD002374,PRD0632,2,878.95,1757.9
HITM0007385,HORD002374,PRD0036,2,115.89,231.78
HITM0007386,HORD002375,PRD0926,2,532.72,1065.44
HITM0007387,HORD002375,PRD0413,2,1181.55,2363.1
HITM0007388,HORD002375,PRD0624,1,565.88,565.88
HITM0007389,HORD002375,PRD0509,1,849.35,849.35
HITM0007390,HORD002376,PRD0440,1,306.74,306.74
HITM0007391,HORD002376,PRD0362,1,301.32,301.32
HITM0007392,HORD002377,PRD0391,1,1988.32,1988.32
HITM0007393,HORD002377,PRD0068,1,980.14,980.14
HITM0007394,HORD002377,PRD0558,3,399.27,1197.81
HITM0007395,HORD002378,PRD0820,1,149.51,149.51
HITM0007396,HORD002378,PRD0812,1,1554.96,1554.96
HITM0007397,HORD002379,PRD0528,2,1044.78,2089.56
HITM0007398,HORD002379,PRD0871,2,920.12,1840.24
HITM0007399,HORD002380,PRD0571,2,2591.37,5182.74
HITM0007400,HORD002380,PRD0509,1,849.35,849.35
HITM0007401,HORD002380,PRD0229,2,1480.27,2960.54
HITM0007402,HORD002380,PRD0529,1,923.93,923.93
HITM0007403,HORD002381,PRD0115,2,630.18,1260.36
HITM0007404,HORD002381,PRD0753,1,720.25,720.25
HITM0007405,HORD002381,PRD0052,1,502.9,502.9
HITM0007406,HORD002381,PRD0909,1,1280.89,1280.89
HITM0007407,HORD002382,PRD0503,2,892.6,1785.2
HITM0007408,HORD002382,PRD0581,1,1656.04,1656.04
HITM0007409,HORD002382,PRD0955,1,1036.25,1036.25
HITM0007410,HORD002383,PRD0359,2,329.3,658.6
HITM0007411,HORD002383,PRD0848,1,227.53,227.53
HITM0007412,HORD002383,PRD0126,1,290.8,290.8
HITM0007413,HORD002383,PRD0833,1,1527.84,1527.84
HITM0007414,HORD002383,PRD0992,1,309.63,309.63
HITM0007415,HORD002384,PRD0745,1,147.69,147.69
HITM0007416,HORD002384,PRD0393,1,1454.74,1454.74
HITM0007417,HORD002384,PRD0015,1,1188.56,1188.56
HITM0007418,HORD002384,PRD0129,1,763.45,763.45
HITM0007419,HORD002385,PRD0772,2,356.92,713.84
HITM0007420,HORD002385,PRD0142,2,1146.72,2293.44
HITM0007421,HORD002385,PRD0940,1,127.15,127.15
HITM0007422,HORD002386,PRD0825,1,522.15,522.15
HITM0007423,HORD002386,PRD0861,1,2778.32,2778.32
HITM0007424,HORD002386,PRD0268,1,876.82,876.82
HITM0007425,HORD002387,PRD0910,1,334.83,334.83
HITM0007426,HORD002387,PRD0585,1,883.47,883.47
HITM0007427,HORD002388,PRD0252,1,1339.74,1339.74
HITM0007428,HORD002388,PRD0916,2,515.65,1031.3
HITM0007429,HORD002388,PRD0217,1,2308.51,2308.51
HITM0007430,HORD002389,PRD0117,1,654.86,654.86
HITM0007431,HORD002389,PRD0775,2,152.04,304.08
HITM0007432,HORD002390,PRD0745,1,147.69,147.69
HITM0007433,HORD002390,PRD0450,1,162.55,162.55
HITM0007434,HORD002390,PRD0173,1,320.83,320.83
HITM0007435,HORD002390,PRD0040,2,348.21,696.42
HITM0007436,HORD002391,PRD0337,1,2481.18,2481.18
HITM0007437,HORD002391,PRD0652,1,1247.24,1247.24
HITM0007438,HORD002392,PRD0925,1,1091.53,1091.53
HITM0007439,HORD002392,PRD0660,1,74.81,74.81
HITM0007440,HORD002392,PRD0306,1,98.74,98.74
HITM0007441,HORD002393,PRD0969,1,185.9,185.9
HITM0007442,HORD002393,PRD0590,1,197.67,197.67
HITM0007443,HORD002393,PRD0603,2,380.05,760.1
HITM0007444,HORD002393,PRD0274,2,1282.28,2564.56
HITM0007445,HORD002394,PRD0982,1,807.01,807.01
HITM0007446,HORD002394,PRD0840,1,125.66,125.66
HITM0007447,HORD002394,PRD0903,1,1209.05,1209.05
HITM0007448,HORD002395,PRD0013,1,291.07,291.07
HITM0007449,HORD002395,PRD0655,1,1072.3,1072.3
HITM0007450,HORD002395,PRD0846,1,428.47,428.47
HITM0007451,HORD002395,PRD0155,1,903.43,903.43
HITM0007452,HORD002396,PRD0293,1,663.82,663.82
HITM0007453,HORD002396,PRD0363,1,1343.45,1343.45
HITM0007454,HORD002396,PRD0258,1,114.0,114.0
HITM0007455,HORD002396,PRD0494,2,1355.96,2711.92
HITM0007456,HORD002397,PRD0698,2,664.05,1328.1
HITM0007457,HORD002397,PRD0560,1,114.38,114.38
HITM0007458,HORD002398,PRD0444,1,2746.34,2746.34
HITM0007459,HORD002398,PRD0526,1,567.06,567.06
HITM0007460,HORD002398,PRD0110,1,392.12,392.12
HITM0007461,HORD002399,PRD0268,3,876.82,2630.46
HITM0007462,HORD002399,PRD0890,1,293.06,293.06
HITM0007463,HORD002399,PRD0656,1,748.82,748.82
HITM0007464,HORD002400,PRD0821,2,1210.81,2421.62
HITM0007465,HORD002400,PRD0780,1,307.98,307.98
HITM0007466,HORD002400,PRD0364,1,789.55,789.55
HITM0007467,HORD002401,PRD0277,1,2331.99,2331.99
HITM0007468,HORD002401,PRD0250,1,184.24,184.24
HITM0007469,HORD002401,PRD0957,1,108.95,108.95
HITM0007470,HORD002401,PRD0552,1,359.04,359.04
HITM0007471,HORD002402,PRD0281,2,1116.42,2232.84
HITM0007472,HORD002402,PRD0630,1,167.94,167.94
HITM0007473,HORD002402,PRD0575,1,711.89,711.89
HITM0007474,HORD002403,PRD0624,1,565.88,565.88
HITM0007475,HORD002403,PRD0946,1,180.12,180.12
HITM0007476,HORD002403,PRD0256,1,42.53,42.53
HITM0007477,HORD002404,PRD0526,2,567.06,1134.12
HITM0007478,HORD002404,PRD0466,1,276.92,276.92
HITM0007479,HORD002404,PRD0830,2,231.45,462.9
HITM0007480,HORD002404,PRD0150,1,199.69,199.69
HITM0007481,HORD002405,PRD0925,1,1091.53,1091.53
HITM0007482,HORD002405,PRD0598,1,73.8,73.8
HITM0007483,HORD002405,PRD0430,1,54.36,54.36
HITM0007484,HORD002406,PRD0859,1,883.33,883.33
HITM0007485,HORD002406,PRD0894,2,1997.25,3994.5
HITM0007486,HORD002406,PRD0975,1,989.01,989.01
HITM0007487,HORD002407,PRD0616,2,242.48,484.96
HITM0007488,HORD002407,PRD0651,1,1704.13,1704.13
HITM0007489,HORD002407,PRD0258,1,114.0,114.0
HITM0007490,HORD002407,PRD0427,1,1110.4,1110.4
HITM0007491,HORD002407,PRD0563,3,957.85,2873.55
HITM0007492,HORD002408,PRD0029,1,853.57,853.57
HITM0007493,HORD002408,PRD0252,1,1339.74,1339.74
HITM0007494,HORD002408,PRD0779,1,736.32,736.32
HITM0007495,HORD002408,PRD0533,1,1416.06,1416.06
HITM0007496,HORD002409,PRD0520,1,404.65,404.65
HITM0007497,HORD002409,PRD0796,1,559.87,559.87
HITM0007498,HORD002409,PRD0976,1,554.65,554.65
HITM0007499,HORD002409,PRD0806,1,541.85,541.85
HITM0007500,HORD002410,PRD0253,1,1519.1,1519.1
HITM0007501,HORD002410,PRD0751,2,2375.48,4750.96
HITM0007502,HORD002410,PRD0679,1,399.42,399.42
HITM0007503,HORD002410,PRD0898,2,450.61,901.22
HITM0007504,HORD002411,PRD0385,1,602.62,602.62
HITM0007505,HORD002411,PRD0161,1,1639.58,1639.58
HITM0007506,HORD002411,PRD0285,2,929.48,1858.96
HITM0007507,HORD002411,PRD0231,1,1403.44,1403.44
HITM0007508,HORD002411,PRD0378,1,751.56,751.56
HITM0007509,HORD002412,PRD0597,1,1808.07,1808.07
HITM0007510,HORD002412,PRD0746,1,367.02,367.02
HITM0007511,HORD002412,PRD0966,1,272.72,272.72
HITM0007512,HORD002412,PRD0939,1,67.43,67.43
HITM0007513,HORD002413,PRD0595,2,126.92,253.84
HITM0007514,HORD002413,PRD0768,1,149.86,149.86
HITM0007515,HORD002413,PRD0679,1,399.42,399.42
HITM0007516,HORD002413,PRD0452,1,353.39,353.39
HITM0007517,HORD002414,PRD0858,1,421.26,421.26
HITM0007518,HORD002414,PRD0146,2,807.31,1614.62
HITM0007519,HORD002414,PRD0260,1,157.69,157.69
HITM0007520,HORD002414,PRD0082,1,411.13,411.13
HITM0007521,HORD002415,PRD0047,2,859.23,1718.46
HITM0007522,HORD002415,PRD0609,2,266.46,532.92
HITM0007523,HORD002415,PRD0679,1,399.42,399.42
HITM0007524,HORD002415,PRD0450,1,162.55,162.55
HITM0007525,HORD002415,PRD0157,2,93.87,187.74
HITM0007526,HORD002416,PRD0400,1,124.47,124.47
HITM0007527,HORD002416,PRD0947,1,1591.22,1591.22
HITM0007528,HORD002416,PRD0718,1,880.28,880.28
HITM0007529,HORD002417,PRD0756,1,389.58,389.58
HITM0007530,HORD002417,PRD0612,1,319.23,319.23
HITM0007531,HORD002417,PRD0856,1,426.45,426.45
HITM0007532,HORD002417,PRD0789,1,1032.76,1032.76
HITM0007533,HORD002418,PRD0082,1,411.13,411.13
HITM0007534,HORD002418,PRD0856,1,426.45,426.45
HITM0007535,HORD002418,PRD0660,1,74.81,74.81
HITM0007536,HORD002419,PRD0939,2,67.43,134.86
HITM0007537,HORD002419,PRD0730,1,147.29,147.29
HITM0007538,HORD002419,PRD0173,1,320.83,320.83
HITM0007539,HORD002419,PRD0682,1,1036.2,1036.2
HITM0007540,HORD002420,PRD0839,1,511.61,511.61
HITM0007541,HORD002421,PRD0476,2,336.11,672.22
HITM0007542,HORD002421,PRD0451,1,2999.57,2999.57
HITM0007543,HORD002421,PRD0598,3,73.8,221.4
HITM0007544,HORD002421,PRD0032,1,332.03,332.03
HITM0007545,HORD002422,PRD0386,1,663.23,663.23
HITM0007546,HORD002422,PRD0922,2,1230.33,2460.66
HITM0007547,HORD002422,PRD0063,1,951.82,951.82
HITM0007548,HORD002423,PRD0137,1,814.4,814.4
HITM0007549,HORD002423,PRD0359,2,329.3,658.6
HITM0007550,HORD002423,PRD0864,1,618.97,618.97
HITM0007551,HORD002423,PRD0899,2,1454.64,2909.28
HITM0007552,HORD002424,PRD0481,2,1590.61,3181.22
HITM0007553,HORD002424,PRD0943,1,1009.3,1009.3
HITM0007554,HORD002424,PRD0917,1,1918.86,1918.86
HITM0007555,HORD002425,PRD0879,1,329.13,329.13
HITM0007556,HORD002425,PRD0965,1,889.37,889.37
HITM0007557,HORD002425,PRD0855,2,641.38,1282.76
HITM0007558,HORD002425,PRD0860,2,386.3,772.6
HITM0007559,HORD002426,PRD0013,1,291.07,291.07
HITM0007560,HORD002427,PRD0002,1,1804.26,1804.26
HITM0007561,HORD002427,PRD0067,1,974.43,974.43
HITM0007562,HORD002427,PRD0937,1,1473.98,1473.98
HITM0007563,HORD002428,PRD0200,1,317.39,317.39
HITM0007564,HORD002428,PRD0526,1,567.06,567.06
HITM0007565,HORD002428,PRD0772,1,356.92,356.92
HITM0007566,HORD002428,PRD0636,2,249.94,499.88
HITM0007567,HORD002428,PRD0408,3,297.69,893.07
HITM0007568,HORD002429,PRD0361,1,2952.43,2952.43
HITM0007569,HORD002429,PRD0870,1,96.68,96.68
HITM0007570,HORD002429,PRD0462,1,1478.68,1478.68
HITM0007571,HORD002429,PRD0270,2,237.62,475.24
HITM0007572,HORD002430,PRD0008,1,751.87,751.87
HITM0007573,HORD002430,PRD0712,3,810.01,2430.03
HITM0007574,HORD002430,PRD0438,1,504.83,504.83
HITM0007575,HORD002431,PRD0485,1,381.77,381.77
HITM0007576,HORD002431,PRD0740,1,235.84,235.84
HITM0007577,HORD002431,PRD0222,1,761.26,761.26
HITM0007578,HORD002432,PRD0380,1,340.9,340.9
HITM0007579,HORD002432,PRD0795,1,1162.94,1162.94
HITM0007580,HORD002432,PRD0256,1,42.53,42.53
HITM0007581,HORD002433,PRD0790,2,67.36,134.72
HITM0007582,HORD002433,PRD0752,1,1432.08,1432.08
HITM0007583,HORD002433,PRD0948,1,849.18,849.18
HITM0007584,HORD002433,PRD0527,1,934.45,934.45
HITM0007585,HORD002433,PRD0270,2,237.62,475.24
HITM0007586,HORD002434,PRD0093,1,619.68,619.68
HITM0007587,HORD002434,PRD0968,2,213.37,426.74
HITM0007588,HORD002434,PRD0106,1,203.27,203.27
HITM0007589,HORD002435,PRD0153,1,1119.38,1119.38
HITM0007590,HORD002436,PRD0675,1,1138.38,1138.38
HITM0007591,HORD002437,PRD0596,1,792.27,792.27
HITM0007592,HORD002437,PRD0768,3,149.86,449.58
HITM0007593,HORD002437,PRD0637,1,2406.77,2406.77
HITM0007594,HORD002438,PRD0682,1,1036.2,1036.2
HITM0007595,HORD002438,PRD0300,1,51.94,51.94
HITM0007596,HORD002438,PRD0636,1,249.94,249.94
HITM0007597,HORD002438,PRD0552,1,359.04,359.04
HITM0007598,HORD002438,PRD0539,1,642.49,642.49
HITM0007599,HORD002439,PRD0183,1,1343.02,1343.02
HITM0007600,HORD002439,PRD0201,1,2590.06,2590.06
HITM0007601,HORD002440,PRD0213,2,1050.73,2101.46
HITM0007602,HORD002440,PRD0927,1,672.07,672.07
HITM0007603,HORD002440,PRD0222,1,761.26,761.26
HITM0007604,HORD002441,PRD0077,1,1534.37,1534.37
HITM0007605,HORD002441,PRD0280,1,228.25,228.25
HITM0007606,HORD002442,PRD0691,1,1463.28,1463.28
HITM0007607,HORD002442,PRD0336,3,745.18,2235.54
HITM0007608,HORD002443,PRD0173,1,320.83,320.83
HITM0007609,HORD002443,PRD0719,2,1107.84,2215.68
HITM0007610,HORD002443,PRD0147,1,172.97,172.97
HITM0007611,HORD002443,PRD0040,1,348.21,348.21
HITM0007612,HORD002444,PRD0330,1,96.82,96.82
HITM0007613,HORD002444,PRD0716,1,744.09,744.09
HITM0007614,HORD002444,PRD0280,1,228.25,228.25
HITM0007615,HORD002444,PRD0459,2,261.43,522.86
HITM0007616,HORD002445,PRD0702,1,403.74,403.74
HITM0007617,HORD002445,PRD0243,1,734.66,734.66
HITM0007618,HORD002445,PRD0712,2,810.01,1620.02
HITM0007619,HORD002445,PRD0673,1,666.78,666.78
HITM0007620,HORD002445,PRD0349,1,1289.14,1289.14
HITM0007621,HORD002446,PRD0137,1,814.4,814.4
HITM0007622,HORD002446,PRD0173,1,320.83,320.83
HITM0007623,HORD002446,PRD0246,1,799.39,799.39
HITM0007624,HORD002447,PRD0867,1,1696.54,1696.54
HITM0007625,HORD002447,PRD0240,1,73.63,73.63
HITM0007626,HORD002448,PRD0929,1,114.2,114.2
HITM0007627,HORD002448,PRD0336,2,745.18,1490.36
HITM0007628,HORD002448,PRD0301,3,1468.04,4404.12
HITM0007629,HORD002449,PRD0587,1,1075.68,1075.68
HITM0007630,HORD002449,PRD0545,1,456.26,456.26
HITM0007631,HORD002450,PRD0147,1,172.97,172.97
HITM0007632,HORD002450,PRD0569,2,928.26,1856.52
HITM0007633,HORD002450,PRD0496,1,92.5,92.5
HITM0007634,HORD002450,PRD0789,1,1032.76,1032.76
HITM0007635,HORD002451,PRD0740,1,235.84,235.84
HITM0007636,HORD002451,PRD0139,1,323.99,323.99
HITM0007637,HORD002451,PRD0969,1,185.9,185.9
HITM0007638,HORD002451,PRD0019,1,708.96,708.96
HITM0007639,HORD002452,PRD0455,1,858.23,858.23
HITM0007640,HORD002452,PRD0555,1,380.47,380.47
HITM0007641,HORD002452,PRD0313,1,1347.84,1347.84
HITM0007642,HORD002452,PRD0405,1,406.75,406.75
HITM0007643,HORD002452,PRD0689,1,195.5,195.5
HITM0007644,HORD002453,PRD0580,1,50.37,50.37
HITM0007645,HORD002453,PRD0099,2,1059.78,2119.56
HITM0007646,HORD002453,PRD0648,1,450.1,450.1
HITM0007647,HORD002453,PRD0958,2,128.04,256.08
HITM0007648,HORD002453,PRD0302,2,987.84,1975.68
HITM0007649,HORD002454,PRD0938,1,471.07,471.07
HITM0007650,HORD002454,PRD0272,3,888.86,2666.58
HITM0007651,HORD002454,PRD0376,2,294.68,589.36
HITM0007652,HORD002455,PRD0166,1,462.05,462.05
HITM0007653,HORD002455,PRD0477,1,610.76,610.76
HITM0007654,HORD002455,PRD0929,1,114.2,114.2
HITM0007655,HORD002455,PRD0997,1,1521.51,1521.51
HITM0007656,HORD002455,PRD0371,1,2101.21,2101.21
HITM0007657,HORD002456,PRD0256,1,42.53,42.53
HITM0007658,HORD002456,PRD0982,1,807.01,807.01
HITM0007659,HORD002456,PRD0371,1,2101.21,2101.21
HITM0007660,HORD002456,PRD0934,3,1797.41,5392.23
HITM0007661,HORD002456,PRD0995,1,1027.49,1027.49
HITM0007662,HORD002457,PRD0634,2,1993.72,3987.44
HITM0007663,HORD002457,PRD0009,1,72.9,72.9
HITM0007664,HORD002457,PRD0930,2,307.61,615.22
HITM0007665,HORD002457,PRD0302,1,987.84,987.84
HITM0007666,HORD002458,PRD0864,2,618.97,1237.94
HITM0007667,HORD002458,PRD0132,1,1025.41,1025.41
HITM0007668,HORD002458,PRD0616,1,242.48,242.48
HITM0007669,HORD002459,PRD0350,1,351.6,351.6
HITM0007670,HORD002459,PRD0736,1,773.17,773.17
HITM0007671,HORD002459,PRD0418,1,735.73,735.73
HITM0007672,HORD002460,PRD0430,2,54.36,108.72
HITM0007673,HORD002460,PRD0400,1,124.47,124.47
HITM0007674,HORD002461,PRD0671,1,1959.57,1959.57
HITM0007675,HORD002462,PRD0870,2,96.68,193.36
HITM0007676,HORD002462,PRD0716,3,744.09,2232.27
HITM0007677,HORD002463,PRD0760,1,322.74,322.74
HITM0007678,HORD002463,PRD0568,1,977.48,977.48
HITM0007679,HORD002464,PRD0056,1,204.63,204.63
HITM0007680,HORD002464,PRD0426,1,708.75,708.75
HITM0007681,HORD002464,PRD0035,1,1056.72,1056.72
HITM0007682,HORD002465,PRD0455,1,858.23,858.23
HITM0007683,HORD002465,PRD0165,2,808.77,1617.54
HITM0007684,HORD002465,PRD0552,1,359.04,359.04
HITM0007685,HORD002465,PRD0139,2,323.99,647.98
HITM0007686,HORD002466,PRD0027,1,2295.22,2295.22
HITM0007687,HORD002466,PRD0203,1,724.48,724.48
HITM0007688,HORD002467,PRD0924,1,938.45,938.45
HITM0007689,HORD002467,PRD0215,1,665.12,665.12
HITM0007690,HORD002467,PRD0057,1,2000.1,2000.1
HITM0007691,HORD002468,PRD0306,1,98.74,98.74
HITM0007692,HORD002468,PRD0216,1,833.75,833.75
HITM0007693,HORD002469,PRD0598,1,73.8,73.8
HITM0007694,HORD002469,PRD0053,2,1382.46,2764.92
HITM0007695,HORD002470,PRD0364,1,789.55,789.55
HITM0007696,HORD002470,PRD0168,1,663.91,663.91
HITM0007697,HORD002470,PRD0286,2,752.91,1505.82
HITM0007698,HORD002470,PRD0664,3,1949.37,5848.11
HITM0007699,HORD002470,PRD0135,2,1050.45,2100.9
HITM0007700,HORD002471,PRD0105,1,655.02,655.02
HITM0007701,HORD002471,PRD0626,2,362.78,725.56
HITM0007702,HORD002472,PRD0880,1,330.2,330.2
HITM0007703,HORD002472,PRD0809,2,155.22,310.44
HITM0007704,HORD002472,PRD0939,1,67.43,67.43
HITM0007705,HORD002472,PRD0458,1,224.27,224.27
HITM0007706,HORD002473,PRD0466,1,276.92,276.92
HITM0007707,HORD002473,PRD0321,1,1311.96,1311.96
HITM0007708,HORD002473,PRD0812,2,1554.96,3109.92
HITM0007709,HORD002473,PRD0897,1,1151.44,1151.44
HITM0007710,HORD002473,PRD0678,2,133.66,267.32
HITM0007711,HORD002474,PRD0014,1,2216.59,2216.59
HITM0007712,HORD002474,PRD0595,1,126.92,126.92
HITM0007713,HORD002474,PRD0304,1,969.28,969.28
HITM0007714,HORD002474,PRD0383,1,1554.0,1554.0
HITM0007715,HORD002475,PRD0709,1,1432.58,1432.58
HITM0007716,HORD002475,PRD0569,3,928.26,2784.78
HITM0007717,HORD002476,PRD0989,1,71.59,71.59
HITM0007718,HORD002477,PRD0510,2,225.6,451.2
HITM0007719,HORD002477,PRD0204,1,759.0,759.0
HITM0007720,HORD002477,PRD0612,1,319.23,319.23
HITM0007721,HORD002477,PRD0616,1,242.48,242.48
HITM0007722,HORD002478,PRD0345,1,257.9,257.9
HITM0007723,HORD002478,PRD0567,2,69.51,139.02
HITM0007724,HORD002478,PRD0743,1,718.63,718.63
HITM0007725,HORD002479,PRD0580,1,50.37,50.37
HITM0007726,HORD002479,PRD0811,1,1819.95,1819.95
HITM0007727,HORD002479,PRD0348,1,312.21,312.21
HITM0007728,HORD002480,PRD0170,1,419.43,419.43
HITM0007729,HORD002480,PRD0671,1,1959.57,1959.57
HITM0007730,HORD002480,PRD0246,1,799.39,799.39
HITM0007731,HORD002481,PRD0230,2,112.24,224.48
HITM0007732,HORD002481,PRD0655,1,1072.3,1072.3
HITM0007733,HORD002482,PRD0708,1,119.42,119.42
HITM0007734,HORD002483,PRD0311,1,2276.13,2276.13
HITM0007735,HORD002483,PRD0066,1,307.12,307.12
HITM0007736,HORD002483,PRD0730,3,147.29,441.87
HITM0007737,HORD002483,PRD0774,2,1438.07,2876.14
HITM0007738,HORD002484,PRD0241,1,1492.13,1492.13
HITM0007739,HORD002484,PRD0105,1,655.02,655.02
HITM0007740,HORD002484,PRD0475,1,1066.51,1066.51
HITM0007741,HORD002485,PRD0174,1,442.41,442.41
HITM0007742,HORD002485,PRD0290,1,246.93,246.93
HITM0007743,HORD002485,PRD0505,1,268.59,268.59
HITM0007744,HORD002485,PRD0042,1,1767.57,1767.57
HITM0007745,HORD002485,PRD0713,2,1024.28,2048.56
HITM0007746,HORD002486,PRD0285,1,929.48,929.48
HITM0007747,HORD002487,PRD0388,1,191.0,191.0
HITM0007748,HORD002487,PRD0940,1,127.15,127.15
HITM0007749,HORD002487,PRD0436,1,839.37,839.37
HITM0007750,HORD002487,PRD0022,2,473.77,947.54
HITM0007751,HORD002488,PRD0011,2,933.48,1866.96
HITM0007752,HORD002488,PRD0398,1,135.19,135.19
HITM0007753,HORD002489,PRD0416,1,463.25,463.25
HITM0007754,HORD002489,PRD0312,2,1542.36,3084.72
HITM0007755,HORD002489,PRD0609,1,266.46,266.46
HITM0007756,HORD002490,PRD0514,1,3221.3,3221.3
HITM0007757,HORD002490,PRD0598,1,73.8,73.8
HITM0007758,HORD002491,PRD0936,1,825.41,825.41
HITM0007759,HORD002491,PRD0656,2,748.82,1497.64
HITM0007760,HORD002491,PRD0398,1,135.19,135.19
HITM0007761,HORD002492,PRD0575,2,711.89,1423.78
HITM0007762,HORD002492,PRD0257,1,210.79,210.79
HITM0007763,HORD002492,PRD0442,1,327.53,327.53
HITM0007764,HORD002492,PRD0758,2,261.9,523.8
HITM0007765,HORD002493,PRD0512,1,853.67,853.67
HITM0007766,HORD002493,PRD0728,1,1077.83,1077.83
HITM0007767,HORD002494,PRD0016,1,802.46,802.46
HITM0007768,HORD002494,PRD0929,2,114.2,228.4
HITM0007769,HORD002494,PRD0708,1,119.42,119.42
HITM0007770,HORD002494,PRD0439,1,236.05,236.05
HITM0007771,HORD002494,PRD0069,2,1254.78,2509.56
HITM0007772,HORD002495,PRD0748,1,1008.17,1008.17
HITM0007773,HORD002496,PRD0818,1,184.36,184.36
HITM0007774,HORD002496,PRD0370,1,418.27,418.27
HITM0007775,HORD002496,PRD0676,1,523.37,523.37
HITM0007776,HORD002496,PRD0932,1,1326.04,1326.04
HITM0007777,HORD002497,PRD0056,1,204.63,204.63
HITM0007778,HORD002497,PRD0301,1,1468.04,1468.04
HITM0007779,HORD002497,PRD0457,1,269.37,269.37
HITM0007780,HORD002498,PRD0281,1,1116.42,1116.42
HITM0007781,HORD002498,PRD0458,2,224.27,448.54
HITM0007782,HORD002498,PRD0004,1,4084.76,4084.76
HITM0007783,HORD002499,PRD0220,1,261.65,261.65
HITM0007784,HORD002499,PRD0381,1,1136.28,1136.28
HITM0007785,HORD002499,PRD0423,1,371.68,371.68
HITM0007786,HORD002499,PRD0319,2,361.0,722.0
HITM0007787,HORD002500,PRD0106,1,203.27,203.27
HITM0007788,HORD002500,PRD0586,1,421.13,421.13
HITM0007789,HORD002500,PRD0708,1,119.42,119.42
HITM0007790,HORD002501,PRD0819,1,1070.76,1070.76
HITM0007791,HORD002501,PRD0370,2,418.27,836.54
HITM0007792,HORD002501,PRD0259,1,983.93,983.93
HITM0007793,HORD002501,PRD0330,1,96.82,96.82
HITM0007794,HORD002501,PRD0803,1,395.35,395.35
HITM0007795,HORD002502,PRD0158,2,289.48,578.96
HITM0007796,HORD002502,PRD0625,2,458.46,916.92
HITM0007797,HORD002502,PRD0796,1,559.87,559.87
HITM0007798,HORD002502,PRD0521,1,2988.2,2988.2
HITM0007799,HORD002503,PRD0320,1,28.7,28.7
HITM0007800,HORD002503,PRD0131,1,1079.8,1079.8
HITM0007801,HORD002503,PRD0772,1,356.92,356.92
HITM0007802,HORD002504,PRD0053,1,1382.46,1382.46
HITM0007803,HORD002504,PRD0689,2,195.5,391.0
HITM0007804,HORD002504,PRD0235,1,331.23,331.23
HITM0007805,HORD002504,PRD0496,2,92.5,185.0
HITM0007806,HORD002505,PRD0886,2,194.21,388.42
HITM0007807,HORD002505,PRD0355,2,703.23,1406.46
HITM0007808,HORD002506,PRD0992,1,309.63,309.63
HITM0007809,HORD002506,PRD0522,2,496.11,992.22
HITM0007810,HORD002507,PRD0265,1,697.49,697.49
HITM0007811,HORD002507,PRD0899,1,1454.64,1454.64
HITM0007812,HORD002507,PRD0992,1,309.63,309.63
HITM0007813,HORD002508,PRD0470,2,149.63,299.26
HITM0007814,HORD002508,PRD0768,1,149.86,149.86
HITM0007815,HORD002508,PRD0558,1,399.27,399.27
HITM0007816,HORD002508,PRD0895,2,675.49,1350.98
HITM0007817,HORD002509,PRD0933,1,296.95,296.95
HITM0007818,HORD002509,PRD0524,1,405.7,405.7
HITM0007819,HORD002509,PRD0291,2,1210.2,2420.4
HITM0007820,HORD002510,PRD0248,1,204.13,204.13
HITM0007821,HORD002510,PRD0380,1,340.9,340.9
HITM0007822,HORD002510,PRD0899,1,1454.64,1454.64
HITM0007823,HORD002511,PRD0249,2,682.98,1365.96
HITM0007824,HORD002511,PRD0803,1,395.35,395.35
HITM0007825,HORD002511,PRD0868,1,421.43,421.43
HITM0007826,HORD002512,PRD0496,1,92.5,92.5
HITM0007827,HORD002512,PRD0171,1,993.07,993.07
HITM0007828,HORD002512,PRD0511,1,1567.37,1567.37
HITM0007829,HORD002512,PRD0178,1,963.54,963.54
HITM0007830,HORD002513,PRD0861,2,2778.32,5556.64
HITM0007831,HORD002513,PRD0080,1,302.02,302.02
HITM0007832,HORD002513,PRD0288,1,114.25,114.25
HITM0007833,HORD002513,PRD0317,1,641.82,641.82
HITM0007834,HORD002514,PRD0014,1,2216.59,2216.59
HITM0007835,HORD002514,PRD0406,1,533.79,533.79
HITM0007836,HORD002515,PRD0455,2,858.23,1716.46
HITM0007837,HORD002515,PRD0256,1,42.53,42.53
HITM0007838,HORD002516,PRD0618,2,409.5,819.0
HITM0007839,HORD002516,PRD0758,1,261.9,261.9
HITM0007840,HORD002516,PRD0681,1,2318.05,2318.05
HITM0007841,HORD002516,PRD0106,1,203.27,203.27
HITM0007842,HORD002517,PRD0530,2,338.05,676.1
HITM0007843,HORD002517,PRD0247,1,55.39,55.39
HITM0007844,HORD002517,PRD0963,1,541.41,541.41
HITM0007845,HORD002518,PRD0080,1,302.02,302.02
HITM0007846,HORD002518,PRD0814,2,1627.99,3255.98
HITM0007847,HORD002518,PRD0322,1,326.02,326.02
HITM0007848,HORD002519,PRD0405,2,406.75,813.5
HITM0007849,HORD002519,PRD0091,2,1365.66,2731.32
HITM0007850,HORD002519,PRD0364,2,789.55,1579.1
HITM0007851,HORD002519,PRD0501,1,1843.99,1843.99
HITM0007852,HORD002520,PRD0401,2,2595.7,5191.4
HITM0007853,HORD002520,PRD0198,2,1001.22,2002.44
HITM0007854,HORD002521,PRD0258,1,114.0,114.0
HITM0007855,HORD002521,PRD0546,1,180.12,180.12
HITM0007856,HORD002521,PRD0372,2,748.02,1496.04
HITM0007857,HORD002521,PRD0995,1,1027.49,1027.49
HITM0007858,HORD002521,PRD0679,1,399.42,399.42
HITM0007859,HORD002522,PRD0546,1,180.12,180.12
HITM0007860,HORD002522,PRD0843,1,527.91,527.91
HITM0007861,HORD002522,PRD0924,1,938.45,938.45
HITM0007862,HORD002523,PRD0649,1,879.59,879.59
HITM0007863,HORD002523,PRD0616,1,242.48,242.48
HITM0007864,HORD002524,PRD0713,1,1024.28,1024.28
HITM0007865,HORD002524,PRD0652,2,1247.24,2494.48
HITM0007866,HORD002524,PRD0471,2,985.84,1971.68
HITM0007867,HORD002524,PRD0679,2,399.42,798.84
HITM0007868,HORD002525,PRD0663,3,990.2,2970.6
HITM0007869,HORD002525,PRD0846,2,428.47,856.94
HITM0007870,HORD002525,PRD0238,1,459.3,459.3
HITM0007871,HORD002525,PRD0964,2,3887.56,7775.12
HITM0007872,HORD002526,PRD0190,1,40.06,40.06
HITM0007873,HORD002526,PRD0721,1,1687.59,1687.59
HITM0007874,HORD002526,PRD0710,1,397.66,397.66
HITM0007875,HORD002527,PRD0969,2,185.9,371.8
HITM0007876,HORD002527,PRD0923,1,771.16,771.16
HITM0007877,HORD002527,PRD0426,1,708.75,708.75
HITM0007878,HORD002527,PRD0528,1,1044.78,1044.78
HITM0007879,HORD002528,PRD0512,2,853.67,1707.34
HITM0007880,HORD002528,PRD0768,1,149.86,149.86
HITM0007881,HORD002528,PRD0387,1,1127.53,1127.53
HITM0007882,HORD002529,PRD0477,1,610.76,610.76
HITM0007883,HORD002529,PRD0360,1,45.63,45.63
HITM0007884,HORD002529,PRD0208,1,481.08,481.08
HITM0007885,HORD002530,PRD0116,1,182.09,182.09
HITM0007886,HORD002530,PRD0218,1,872.61,872.61
HITM0007887,HORD002530,PRD0754,1,588.75,588.75
HITM0007888,HORD002531,PRD0442,1,327.53,327.53
HITM0007889,HORD002531,PRD0082,1,411.13,411.13
HITM0007890,HORD002531,PRD0863,2,916.89,1833.78
HITM0007891,HORD002531,PRD0310,1,125.16,125.16
HITM0007892,HORD002531,PRD0689,1,195.5,195.5
HITM0007893,HORD002532,PRD0177,3,2318.68,6956.04
HITM0007894,HORD002532,PRD0679,1,399.42,399.42
HITM0007895,HORD002532,PRD0597,2,1808.07,3616.14
HITM0007896,HORD002532,PRD0813,2,372.89,745.78
HITM0007897,HORD002533,PRD0831,1,2116.77,2116.77
HITM0007898,HORD002533,PRD0090,1,306.45,306.45
HITM0007899,HORD002533,PRD0219,1,450.54,450.54
HITM0007900,HORD002534,PRD0436,1,839.37,839.37
HITM0007901,HORD002534,PRD0560,1,114.38,114.38
HITM0007902,HORD002535,PRD0854,1,1723.49,1723.49
HITM0007903,HORD002536,PRD0723,1,550.47,550.47
HITM0007904,HORD002536,PRD0459,1,261.43,261.43
HITM0007905,HORD002536,PRD0933,1,296.95,296.95
HITM0007906,HORD002536,PRD0247,3,55.39,166.17
HITM0007907,HORD002536,PRD0921,1,2922.43,2922.43
HITM0007908,HORD002537,PRD0430,1,54.36,54.36
HITM0007909,HORD002537,PRD0415,1,626.8,626.8
HITM0007910,HORD002537,PRD0178,1,963.54,963.54
HITM0007911,HORD002537,PRD0610,3,394.62,1183.86
HITM0007912,HORD002538,PRD0875,1,1038.39,1038.39
HITM0007913,HORD002538,PRD0317,1,641.82,641.82
HITM0007914,HORD002539,PRD0927,3,672.07,2016.21
HITM0007915,HORD002539,PRD0130,1,167.84,167.84
HITM0007916,HORD002539,PRD0968,2,213.37,426.74
HITM0007917,HORD002539,PRD0775,1,152.04,152.04
HITM0007918,HORD002540,PRD0125,1,1026.87,1026.87
HITM0007919,HORD002540,PRD0912,1,1802.22,1802.22
HITM0007920,HORD002540,PRD0442,2,327.53,655.06
HITM0007921,HORD002540,PRD0677,2,1475.57,2951.14
HITM0007922,HORD002541,PRD1000,1,175.0,175.0
HITM0007923,HORD002541,PRD0564,1,3993.14,3993.14
HITM0007924,HORD002541,PRD0552,2,359.04,718.08
HITM0007925,HORD002542,PRD0023,1,394.6,394.6
HITM0007926,HORD002542,PRD0532,3,837.86,2513.58
HITM0007927,HORD002542,PRD0230,1,112.24,112.24
HITM0007928,HORD002543,PRD0909,1,1280.89,1280.89
HITM0007929,HORD002543,PRD0895,1,675.49,675.49
HITM0007930,HORD002543,PRD0036,1,115.89,115.89
HITM0007931,HORD002543,PRD0731,1,1123.57,1123.57
HITM0007932,HORD002544,PRD0419,1,903.5,903.5
HITM0007933,HORD002544,PRD0960,1,17.08,17.08
HITM0007934,HORD002544,PRD0839,1,511.61,511.61
HITM0007935,HORD002545,PRD0644,1,940.11,940.11
HITM0007936,HORD002545,PRD0478,1,1005.98,1005.98
HITM0007937,HORD002545,PRD0106,1,203.27,203.27
HITM0007938,HORD002546,PRD0230,2,112.24,224.48
HITM0007939,HORD002546,PRD0527,1,934.45,934.45
HITM0007940,HORD002547,PRD0808,1,444.53,444.53
HITM0007941,HORD002547,PRD0130,1,167.84,167.84
HITM0007942,HORD002547,PRD0816,2,211.9,423.8
HITM0007943,HORD002548,PRD0440,1,306.74,306.74
HITM0007944,HORD002548,PRD0310,1,125.16,125.16
HITM0007945,HORD002549,PRD0560,1,114.38,114.38
HITM0007946,HORD002549,PRD0325,3,325.22,975.66
HITM0007947,HORD002550,PRD0512,2,853.67,1707.34
HITM0007948,HORD002550,PRD0360,1,45.63,45.63
HITM0007949,HORD002550,PRD0363,1,1343.45,1343.45
HITM0007950,HORD002550,PRD0110,1,392.12,392.12
HITM0007951,HORD002551,PRD0126,1,290.8,290.8
HITM0007952,HORD002551,PRD0398,2,135.19,270.38
HITM0007953,HORD002551,PRD0887,1,447.24,447.24
HITM0007954,HORD002551,PRD0451,1,2999.57,2999.57
HITM0007955,HORD002552,PRD0060,1,412.3,412.3
HITM0007956,HORD002552,PRD0623,1,857.91,857.91
HITM0007957,HORD002552,PRD0564,2,3993.14,7986.28
HITM0007958,HORD002553,PRD0766,1,74.26,74.26
HITM0007959,HORD002553,PRD0148,1,319.75,319.75
HITM0007960,HORD002553,PRD0066,1,307.12,307.12
HITM0007961,HORD002553,PRD0626,1,362.78,362.78
HITM0007962,HORD002554,PRD0076,1,602.32,602.32
HITM0007963,HORD002555,PRD0681,1,2318.05,2318.05
HITM0007964,HORD002555,PRD0926,2,532.72,1065.44
HITM0007965,HORD002555,PRD0766,1,74.26,74.26
HITM0007966,HORD002556,PRD0950,2,258.24,516.48
HITM0007967,HORD002556,PRD0356,1,610.16,610.16
HITM0007968,HORD002556,PRD1000,2,175.0,350.0
HITM0007969,HORD002557,PRD0557,2,669.73,1339.46
HITM0007970,HORD002557,PRD0706,1,626.5,626.5
HITM0007971,HORD002557,PRD0008,1,751.87,751.87
HITM0007972,HORD002557,PRD0708,1,119.42,119.42
HITM0007973,HORD002558,PRD0671,1,1959.57,1959.57
HITM0007974,HORD002558,PRD0370,1,418.27,418.27
HITM0007975,HORD002558,PRD0662,1,1356.37,1356.37
HITM0007976,HORD002558,PRD0609,1,266.46,266.46
HITM0007977,HORD002558,PRD0149,2,504.76,1009.52
HITM0007978,HORD002559,PRD0493,1,760.85,760.85
HITM0007979,HORD002559,PRD0818,1,184.36,184.36
HITM0007980,HORD002559,PRD0161,1,1639.58,1639.58
HITM0007981,HORD002559,PRD0080,1,302.02,302.02
HITM0007982,HORD002560,PRD0654,1,2104.89,2104.89
HITM0007983,HORD002560,PRD0992,2,309.63,619.26
HITM0007984,HORD002560,PRD0932,1,1326.04,1326.04
HITM0007985,HORD002560,PRD0920,1,302.87,302.87
HITM0007986,HORD002561,PRD0112,1,1848.06,1848.06
HITM0007987,HORD002561,PRD0998,1,544.17,544.17
HITM0007988,HORD002561,PRD0717,3,825.84,2477.52
HITM0007989,HORD002562,PRD0509,1,849.35,849.35
HITM0007990,HORD002562,PRD0028,1,260.37,260.37
HITM0007991,HORD002563,PRD0220,1,261.65,261.65
HITM0007992,HORD002563,PRD0850,2,216.39,432.78
HITM0007993,HORD002564,PRD0230,1,112.24,112.24
HITM0007994,HORD002564,PRD0696,1,548.07,548.07
HITM0007995,HORD002564,PRD0964,2,3887.56,7775.12
HITM0007996,HORD002564,PRD0446,1,607.85,607.85
HITM0007997,HORD002565,PRD0553,2,1559.12,3118.24
HITM0007998,HORD002566,PRD0628,1,586.24,586.24
HITM0007999,HORD002566,PRD0678,1,133.66,133.66
HITM0008000,HORD002566,PRD0782,1,743.41,743.41
HITM0008001,HORD002566,PRD0813,1,372.89,372.89
HITM0008002,HORD002567,PRD0990,1,164.36,164.36
HITM0008003,HORD002567,PRD0618,1,409.5,409.5
HITM0008004,HORD002568,PRD0351,1,2766.45,2766.45
HITM0008005,HORD002568,PRD0622,1,1760.81,1760.81
HITM0008006,HORD002568,PRD0420,1,409.7,409.7
HITM0008007,HORD002569,PRD0006,1,520.51,520.51
HITM0008008,HORD002569,PRD0456,3,700.91,2102.73
HITM0008009,HORD002569,PRD0072,1,1587.43,1587.43
HITM0008010,HORD002569,PRD0486,2,188.03,376.06
HITM0008011,HORD002570,PRD0292,2,690.26,1380.52
HITM0008012,HORD002570,PRD0865,2,691.66,1383.32
HITM0008013,HORD002570,PRD0110,2,392.12,784.24
HITM0008014,HORD002571,PRD0438,1,504.83,504.83
HITM0008015,HORD002571,PRD0513,1,412.83,412.83
HITM0008016,HORD002571,PRD0073,1,674.71,674.71
HITM0008017,HORD002572,PRD0809,2,155.22,310.44
HITM0008018,HORD002572,PRD0369,1,663.84,663.84
HITM0008019,HORD002572,PRD0525,1,360.27,360.27
HITM0008020,HORD002573,PRD0520,1,404.65,404.65
HITM0008021,HORD002573,PRD0363,1,1343.45,1343.45
HITM0008022,HORD002574,PRD0423,1,371.68,371.68
HITM0008023,HORD002574,PRD0281,1,1116.42,1116.42
HITM0008024,HORD002574,PRD0462,1,1478.68,1478.68
HITM0008025,HORD002574,PRD0836,1,836.56,836.56
HITM0008026,HORD002575,PRD0223,1,946.31,946.31
HITM0008027,HORD002575,PRD0302,1,987.84,987.84
HITM0008028,HORD002575,PRD0128,2,1013.54,2027.08
HITM0008029,HORD002575,PRD0503,2,892.6,1785.2
HITM0008030,HORD002575,PRD0088,1,994.41,994.41
HITM0008031,HORD002576,PRD0768,1,149.86,149.86
HITM0008032,HORD002576,PRD0581,1,1656.04,1656.04
HITM0008033,HORD002577,PRD0838,1,771.2,771.2
HITM0008034,HORD002577,PRD0600,1,200.67,200.67
HITM0008035,HORD002577,PRD0968,1,213.37,213.37
HITM0008036,HORD002577,PRD0873,2,448.66,897.32
HITM0008037,HORD002577,PRD0708,3,119.42,358.26
HITM0008038,HORD002578,PRD0366,2,111.28,222.56
HITM0008039,HORD002578,PRD0910,2,334.83,669.66
HITM0008040,HORD002578,PRD0728,1,1077.83,1077.83
HITM0008041,HORD002578,PRD0816,1,211.9,211.9
HITM0008042,HORD002579,PRD0898,1,450.61,450.61
HITM0008043,HORD002579,PRD0822,2,324.31,648.62
HITM0008044,HORD002580,PRD0552,1,359.04,359.04
HITM0008045,HORD002580,PRD0946,1,180.12,180.12
HITM0008046,HORD002580,PRD0897,1,1151.44,1151.44
HITM0008047,HORD002580,PRD0268,1,876.82,876.82
HITM0008048,HORD002580,PRD0550,1,224.46,224.46
HITM0008049,HORD002581,PRD0167,2,2152.29,4304.58
HITM0008050,HORD002581,PRD0242,1,1247.04,1247.04
HITM0008051,HORD002581,PRD0090,1,306.45,306.45
HITM0008052,HORD002582,PRD0993,1,448.46,448.46
HITM0008053,HORD002582,PRD0150,3,199.69,599.07
HITM0008054,HORD002582,PRD0446,2,607.85,1215.7
HITM0008055,HORD002583,PRD0477,1,610.76,610.76
HITM0008056,HORD002583,PRD0737,1,194.63,194.63
HITM0008057,HORD002583,PRD0631,2,943.11,1886.22
HITM0008058,HORD002584,PRD0035,1,1056.72,1056.72
HITM0008059,HORD002584,PRD0320,1,28.7,28.7
HITM0008060,HORD002585,PRD0670,1,278.65,278.65
HITM0008061,HORD002585,PRD0083,1,1520.68,1520.68
HITM0008062,HORD002585,PRD0014,2,2216.59,4433.18
HITM0008063,HORD002585,PRD0620,1,23.82,23.82
HITM0008064,HORD002585,PRD0583,1,268.64,268.64
HITM0008065,HORD002586,PRD0165,1,808.77,808.77
HITM0008066,HORD002586,PRD0158,1,289.48,289.48
HITM0008067,HORD002586,PRD0150,2,199.69,399.38
HITM0008068,HORD002587,PRD0932,1,1326.04,1326.04
HITM0008069,HORD002588,PRD0359,1,329.3,329.3
HITM0008070,HORD002588,PRD0125,1,1026.87,1026.87
HITM0008071,HORD002588,PRD0247,1,55.39,55.39
HITM0008072,HORD002589,PRD0223,2,946.31,1892.62
HITM0008073,HORD002589,PRD0388,1,191.0,191.0
HITM0008074,HORD002589,PRD0065,1,806.18,806.18
HITM0008075,HORD002589,PRD0086,1,372.14,372.14
HITM0008076,HORD002589,PRD0820,1,149.51,149.51
HITM0008077,HORD002590,PRD0745,1,147.69,147.69
HITM0008078,HORD002590,PRD0595,1,126.92,126.92
HITM0008079,HORD002590,PRD0427,2,1110.4,2220.8
HITM0008080,HORD002591,PRD0883,2,1321.14,2642.28
HITM0008081,HORD002591,PRD0913,1,1112.44,1112.44
HITM0008082,HORD002592,PRD0563,1,957.85,957.85
HITM0008083,HORD002592,PRD0477,1,610.76,610.76
HITM0008084,HORD002592,PRD0210,1,206.42,206.42
HITM0008085,HORD002593,PRD0221,1,3086.03,3086.03
HITM0008086,HORD002594,PRD0375,1,1092.09,1092.09
HITM0008087,HORD002594,PRD0733,3,281.18,843.54
HITM0008088,HORD002594,PRD0453,3,1439.62,4318.86
HITM0008089,HORD002595,PRD0639,1,537.34,537.34
HITM0008090,HORD002596,PRD0437,1,662.34,662.34
HITM0008091,HORD002596,PRD0133,1,362.55,362.55
HITM0008092,HORD002597,PRD0415,1,626.8,626.8
HITM0008093,HORD002597,PRD0381,1,1136.28,1136.28
HITM0008094,HORD002598,PRD0644,1,940.11,940.11
HITM0008095,HORD002598,PRD0511,1,1567.37,1567.37
HITM0008096,HORD002598,PRD0743,1,718.63,718.63
HITM0008097,HORD002599,PRD0406,1,533.79,533.79
HITM0008098,HORD002599,PRD0093,1,619.68,619.68
HITM0008099,HORD002600,PRD0146,1,807.31,807.31
HITM0008100,HORD002601,PRD0846,1,428.47,428.47
HITM0008101,HORD002601,PRD0501,1,1843.99,1843.99
HITM0008102,HORD002601,PRD0787,1,1661.26,1661.26
HITM0008103,HORD002601,PRD0159,1,852.41,852.41
HITM0008104,HORD002602,PRD0603,1,380.05,380.05
HITM0008105,HORD002602,PRD0806,1,541.85,541.85
HITM0008106,HORD002602,PRD0245,1,834.16,834.16
HITM0008107,HORD002603,PRD0410,2,331.6,663.2
HITM0008108,HORD002604,PRD0537,1,237.18,237.18
HITM0008109,HORD002604,PRD0148,2,319.75,639.5
HITM0008110,HORD002605,PRD0856,2,426.45,852.9
HITM0008111,HORD002605,PRD0965,1,889.37,889.37
HITM0008112,HORD002605,PRD0260,1,157.69,157.69
HITM0008113,HORD002605,PRD0980,1,171.73,171.73
HITM0008114,HORD002605,PRD0107,1,1356.63,1356.63
HITM0008115,HORD002606,PRD0320,2,28.7,57.4
HITM0008116,HORD002606,PRD1000,1,175.0,175.0
HITM0008117,HORD002606,PRD0556,1,279.39,279.39
HITM0008118,HORD002606,PRD0705,1,369.85,369.85
HITM0008119,HORD002607,PRD0901,1,1649.8,1649.8
HITM0008120,HORD002607,PRD0059,1,343.68,343.68
HITM0008121,HORD002607,PRD0148,1,319.75,319.75
HITM0008122,HORD002607,PRD0143,3,689.45,2068.35
HITM0008123,HORD002607,PRD0893,1,792.02,792.02
HITM0008124,HORD002608,PRD0066,1,307.12,307.12
HITM0008125,HORD002609,PRD0452,1,353.39,353.39
HITM0008126,HORD002609,PRD0363,1,1343.45,1343.45
HITM0008127,HORD002610,PRD0432,2,571.62,1143.24
HITM0008128,HORD002610,PRD0333,2,741.56,1483.12
HITM0008129,HORD002610,PRD0939,1,67.43,67.43
HITM0008130,HORD002611,PRD0887,1,447.24,447.24
HITM0008131,HORD002611,PRD0071,2,1793.74,3587.48
HITM0008132,HORD002611,PRD0978,2,617.29,1234.58
HITM0008133,HORD002611,PRD0229,1,1480.27,1480.27
HITM0008134,HORD002612,PRD0190,1,40.06,40.06
HITM0008135,HORD002612,PRD0001,1,2686.14,2686.14
HITM0008136,HORD002612,PRD0886,1,194.21,194.21
HITM0008137,HORD002612,PRD0043,1,634.32,634.32
HITM0008138,HORD002612,PRD0238,1,459.3,459.3
HITM0008139,HORD002613,PRD0373,1,1247.39,1247.39
HITM0008140,HORD002613,PRD0789,1,1032.76,1032.76
HITM0008141,HORD002613,PRD0524,3,405.7,1217.1
HITM0008142,HORD002613,PRD0969,2,185.9,371.8
HITM0008143,HORD002614,PRD0396,1,147.51,147.51
HITM0008144,HORD002614,PRD0773,1,497.83,497.83
HITM0008145,HORD002614,PRD0873,1,448.66,448.66
HITM0008146,HORD002614,PRD0616,1,242.48,242.48
HITM0008147,HORD002614,PRD0101,1,1370.24,1370.24
HITM0008148,HORD002615,PRD0826,2,774.78,1549.56
HITM0008149,HORD002615,PRD0079,1,211.26,211.26
HITM0008150,HORD002615,PRD0122,1,1857.69,1857.69
HITM0008151,HORD002615,PRD0828,1,1072.53,1072.53
HITM0008152,HORD002616,PRD0796,2,559.87,1119.74
HITM0008153,HORD002616,PRD0071,1,1793.74,1793.74
HITM0008154,HORD002616,PRD0721,1,1687.59,1687.59
HITM0008155,HORD002616,PRD0991,1,2495.08,2495.08
HITM0008156,HORD002616,PRD0733,3,281.18,843.54
HITM0008157,HORD002617,PRD0026,1,720.56,720.56
HITM0008158,HORD002617,PRD0396,2,147.51,295.02
HITM0008159,HORD002617,PRD0509,1,849.35,849.35
HITM0008160,HORD002617,PRD0548,1,858.63,858.63
HITM0008161,HORD002618,PRD0256,1,42.53,42.53
HITM0008162,HORD002618,PRD0995,1,1027.49,1027.49
HITM0008163,HORD002618,PRD0557,3,669.73,2009.19
HITM0008164,HORD002618,PRD0802,1,914.18,914.18
HITM0008165,HORD002619,PRD0227,1,2409.78,2409.78
HITM0008166,HORD002619,PRD0980,3,171.73,515.19
HITM0008167,HORD002619,PRD0271,1,2739.77,2739.77
HITM0008168,HORD002620,PRD0631,1,943.11,943.11
HITM0008169,HORD002620,PRD0559,1,1310.74,1310.74
HITM0008170,HORD002620,PRD0330,2,96.82,193.64
HITM0008171,HORD002620,PRD0739,1,345.91,345.91
HITM0008172,HORD002621,PRD0224,1,3987.47,3987.47
HITM0008173,HORD002621,PRD0175,1,740.04,740.04
HITM0008174,HORD002621,PRD0904,1,2754.33,2754.33
HITM0008175,HORD002622,PRD0149,2,504.76,1009.52
HITM0008176,HORD002622,PRD0678,1,133.66,133.66
HITM0008177,HORD002622,PRD0741,1,1342.0,1342.0
HITM0008178,HORD002623,PRD0323,2,1295.86,2591.72
HITM0008179,HORD002623,PRD0891,1,1468.42,1468.42
HITM0008180,HORD002623,PRD0557,1,669.73,669.73
HITM0008181,HORD002624,PRD0217,2,2308.51,4617.02
HITM0008182,HORD002624,PRD0528,1,1044.78,1044.78
HITM0008183,HORD002624,PRD0835,1,482.69,482.69
HITM0008184,HORD002624,PRD0070,2,168.22,336.44
HITM0008185,HORD002625,PRD0021,2,1354.38,2708.76
HITM0008186,HORD002625,PRD0005,1,171.8,171.8
HITM0008187,HORD002625,PRD0265,1,697.49,697.49
HITM0008188,HORD002625,PRD0048,1,533.35,533.35
HITM0008189,HORD002626,PRD0765,2,967.51,1935.02
HITM0008190,HORD002626,PRD0175,1,740.04,740.04
HITM0008191,HORD002627,PRD0859,2,883.33,1766.66
HITM0008192,HORD002627,PRD0820,1,149.51,149.51
HITM0008193,HORD002628,PRD0892,1,1539.6,1539.6
HITM0008194,HORD002629,PRD0920,2,302.87,605.74
HITM0008195,HORD002629,PRD0135,1,1050.45,1050.45
HITM0008196,HORD002629,PRD0530,1,338.05,338.05
HITM0008197,HORD002629,PRD0985,1,865.22,865.22
HITM0008198,HORD002629,PRD0694,1,721.36,721.36
HITM0008199,HORD002630,PRD0565,2,124.28,248.56
HITM0008200,HORD002630,PRD0786,1,664.7,664.7
HITM0008201,HORD002631,PRD0886,2,194.21,388.42
HITM0008202,HORD002631,PRD0810,1,140.27,140.27
HITM0008203,HORD002631,PRD0069,1,1254.78,1254.78
HITM0008204,HORD002631,PRD0225,1,749.78,749.78
HITM0008205,HORD002632,PRD0544,1,3608.38,3608.38
HITM0008206,HORD002632,PRD0616,1,242.48,242.48
HITM0008207,HORD002632,PRD0501,2,1843.99,3687.98
HITM0008208,HORD002632,PRD0456,1,700.91,700.91
HITM0008209,HORD002632,PRD0365,1,454.18,454.18
HITM0008210,HORD002633,PRD0790,2,67.36,134.72
HITM0008211,HORD002633,PRD0512,2,853.67,1707.34
HITM0008212,HORD002634,PRD0152,1,509.94,509.94
HITM0008213,HORD002634,PRD0620,1,23.82,23.82
HITM0008214,HORD002634,PRD0469,1,767.67,767.67
HITM0008215,HORD002635,PRD0663,1,990.2,990.2
HITM0008216,HORD002635,PRD0419,1,903.5,903.5
HITM0008217,HORD002635,PRD0346,1,296.52,296.52
HITM0008218,HORD002636,PRD0989,1,71.59,71.59
HITM0008219,HORD002636,PRD0598,1,73.8,73.8
HITM0008220,HORD002636,PRD0988,1,461.62,461.62
HITM0008221,HORD002636,PRD0416,1,463.25,463.25
HITM0008222,HORD002637,PRD0069,1,1254.78,1254.78
HITM0008223,HORD002638,PRD0904,1,2754.33,2754.33
HITM0008224,HORD002638,PRD0664,1,1949.37,1949.37
HITM0008225,HORD002638,PRD0037,2,953.09,1906.18
HITM0008226,HORD002639,PRD0110,1,392.12,392.12
HITM0008227,HORD002639,PRD0551,1,3156.44,3156.44
HITM0008228,HORD002639,PRD0805,1,503.71,503.71
HITM0008229,HORD002640,PRD0586,1,421.13,421.13
HITM0008230,HORD002640,PRD0045,1,368.84,368.84
HITM0008231,HORD002640,PRD0636,1,249.94,249.94
HITM0008232,HORD002641,PRD0716,1,744.09,744.09
HITM0008233,HORD002641,PRD0328,1,911.22,911.22
HITM0008234,HORD002641,PRD0646,1,525.73,525.73
HITM0008235,HORD002641,PRD0247,3,55.39,166.17
HITM0008236,HORD002641,PRD0043,1,634.32,634.32
HITM0008237,HORD002642,PRD0192,1,491.21,491.21
HITM0008238,HORD002642,PRD0408,2,297.69,595.38
HITM0008239,HORD002642,PRD0109,2,732.2,1464.4
HITM0008240,HORD002643,PRD0303,2,922.23,1844.46
HITM0008241,HORD002643,PRD0181,1,1299.25,1299.25
HITM0008242,HORD002643,PRD0599,1,1008.74,1008.74
HITM0008243,HORD002643,PRD0745,1,147.69,147.69
HITM0008244,HORD002644,PRD0803,1,395.35,395.35
HITM0008245,HORD002644,PRD0055,1,1019.33,1019.33
HITM0008246,HORD002644,PRD0598,1,73.8,73.8
HITM0008247,HORD002645,PRD0200,1,317.39,317.39
HITM0008248,HORD002645,PRD0678,2,133.66,267.32
HITM0008249,HORD002646,PRD0907,1,60.75,60.75
HITM0008250,HORD002646,PRD0298,2,727.39,1454.78
HITM0008251,HORD002646,PRD0329,1,716.82,716.82
HITM0008252,HORD002646,PRD0810,1,140.27,140.27
HITM0008253,HORD002647,PRD0906,1,755.23,755.23
HITM0008254,HORD002648,PRD0018,2,783.79,1567.58
HITM0008255,HORD002648,PRD0350,1,351.6,351.6
HITM0008256,HORD002649,PRD0814,1,1627.99,1627.99
HITM0008257,HORD002649,PRD0411,1,1497.57,1497.57
HITM0008258,HORD002649,PRD0179,1,428.63,428.63
HITM0008259,HORD002650,PRD0609,1,266.46,266.46
HITM0008260,HORD002650,PRD0179,1,428.63,428.63
HITM0008261,HORD002651,PRD0023,1,394.6,394.6
HITM0008262,HORD002651,PRD0422,1,1010.5,1010.5
HITM0008263,HORD002651,PRD0919,1,1414.1,1414.1
HITM0008264,HORD002651,PRD0976,1,554.65,554.65
HITM0008265,HORD002651,PRD0003,3,857.07,2571.21
HITM0008266,HORD002652,PRD0957,2,108.95,217.9
HITM0008267,HORD002652,PRD0940,1,127.15,127.15
HITM0008268,HORD002652,PRD0225,1,749.78,749.78
HITM0008269,HORD002652,PRD0876,1,844.64,844.64
HITM0008270,HORD002653,PRD0087,1,1794.89,1794.89
HITM0008271,HORD002653,PRD0262,1,1531.6,1531.6
HITM0008272,HORD002653,PRD0226,1,549.99,549.99
HITM0008273,HORD002654,PRD0256,1,42.53,42.53
HITM0008274,HORD002654,PRD0618,1,409.5,409.5
HITM0008275,HORD002654,PRD0116,1,182.09,182.09
HITM0008276,HORD002655,PRD0475,1,1066.51,1066.51
HITM0008277,HORD002655,PRD0616,1,242.48,242.48
HITM0008278,HORD002655,PRD0060,1,412.3,412.3
HITM0008279,HORD002656,PRD0726,1,830.43,830.43
HITM0008280,HORD002657,PRD0108,1,937.98,937.98
HITM0008281,HORD002657,PRD0350,1,351.6,351.6
HITM0008282,HORD002657,PRD0250,3,184.24,552.72
HITM0008283,HORD002657,PRD0278,1,105.64,105.64
HITM0008284,HORD002658,PRD0047,2,859.23,1718.46
HITM0008285,HORD002658,PRD0477,2,610.76,1221.52
HITM0008286,HORD002658,PRD0100,1,252.99,252.99
HITM0008287,HORD002658,PRD0475,1,1066.51,1066.51
HITM0008288,HORD002659,PRD0909,2,1280.89,2561.78
HITM0008289,HORD002659,PRD0636,1,249.94,249.94
HITM0008290,HORD002659,PRD0957,1,108.95,108.95
HITM0008291,HORD002660,PRD0980,1,171.73,171.73
HITM0008292,HORD002660,PRD0217,1,2308.51,2308.51
HITM0008293,HORD002660,PRD0891,1,1468.42,1468.42
HITM0008294,HORD002660,PRD0485,2,381.77,763.54
HITM0008295,HORD002661,PRD0315,1,779.51,779.51
HITM0008296,HORD002661,PRD0196,1,525.15,525.15
HITM0008297,HORD002661,PRD0555,1,380.47,380.47
HITM0008298,HORD002661,PRD0807,1,1028.5,1028.5
HITM0008299,HORD002662,PRD0640,1,362.06,362.06
HITM0008300,HORD002663,PRD0591,1,2913.54,2913.54
HITM0008301,HORD002663,PRD0540,1,343.79,343.79
HITM0008302,HORD002664,PRD0159,1,852.41,852.41
HITM0008303,HORD002664,PRD0794,2,3939.25,7878.5
HITM0008304,HORD002664,PRD0940,1,127.15,127.15
HITM0008305,HORD002664,PRD0906,1,755.23,755.23
HITM0008306,HORD002665,PRD0509,1,849.35,849.35
HITM0008307,HORD002665,PRD0112,2,1848.06,3696.12
HITM0008308,HORD002665,PRD0766,1,74.26,74.26
HITM0008309,HORD002666,PRD0748,1,1008.17,1008.17
HITM0008310,HORD002666,PRD0043,2,634.32,1268.64
HITM0008311,HORD002667,PRD0975,1,989.01,989.01
HITM0008312,HORD002667,PRD0145,1,439.24,439.24
HITM0008313,HORD002668,PRD0099,1,1059.78,1059.78
HITM0008314,HORD002668,PRD0416,1,463.25,463.25
HITM0008315,HORD002668,PRD0242,2,1247.04,2494.08
HITM0008316,HORD002669,PRD0510,2,225.6,451.2
HITM0008317,HORD002669,PRD0060,1,412.3,412.3
HITM0008318,HORD002669,PRD0059,3,343.68,1031.04
HITM0008319,HORD002670,PRD0630,1,167.94,167.94
HITM0008320,HORD002670,PRD0974,1,2731.32,2731.32
HITM0008321,HORD002670,PRD0610,1,394.62,394.62
HITM0008322,HORD002670,PRD0146,1,807.31,807.31
HITM0008323,HORD002671,PRD0571,2,2591.37,5182.74
HITM0008324,HORD002671,PRD0727,1,1950.79,1950.79
HITM0008325,HORD002671,PRD0809,1,155.22,155.22
HITM0008326,HORD002671,PRD0546,1,180.12,180.12
HITM0008327,HORD002672,PRD0051,1,2503.01,2503.01
HITM0008328,HORD002672,PRD0189,1,815.73,815.73
HITM0008329,HORD002673,PRD0011,1,933.48,933.48
HITM0008330,HORD002673,PRD0222,1,761.26,761.26
HITM0008331,HORD002674,PRD0268,1,876.82,876.82
HITM0008332,HORD002674,PRD0958,2,128.04,256.08
HITM0008333,HORD002674,PRD0634,1,1993.72,1993.72
HITM0008334,HORD002675,PRD0534,1,459.7,459.7
HITM0008335,HORD002675,PRD0282,1,521.34,521.34
HITM0008336,HORD002675,PRD0729,1,348.79,348.79
HITM0008337,HORD002676,PRD0708,2,119.42,238.84
HITM0008338,HORD002676,PRD0403,1,1470.68,1470.68
HITM0008339,HORD002677,PRD0758,3,261.9,785.7
HITM0008340,HORD002677,PRD0475,1,1066.51,1066.51
HITM0008341,HORD002677,PRD0709,1,1432.58,1432.58
HITM0008342,HORD002677,PRD0614,2,2476.54,4953.08
HITM0008343,HORD002678,PRD0288,3,114.25,342.75
HITM0008344,HORD002678,PRD0496,2,92.5,185.0
HITM0008345,HORD002678,PRD0002,1,1804.26,1804.26
HITM0008346,HORD002678,PRD0790,1,67.36,67.36
HITM0008347,HORD002679,PRD0951,1,2970.31,2970.31
HITM0008348,HORD002679,PRD0897,1,1151.44,1151.44
HITM0008349,HORD002679,PRD0261,1,2556.63,2556.63
HITM0008350,HORD002680,PRD0369,1,663.84,663.84
HITM0008351,HORD002680,PRD0994,1,2727.51,2727.51
HITM0008352,HORD002681,PRD0744,2,3214.18,6428.36
HITM0008353,HORD002681,PRD0833,1,1527.84,1527.84
HITM0008354,HORD002681,PRD0513,1,412.83,412.83
HITM0008355,HORD002682,PRD0018,2,783.79,1567.58
HITM0008356,HORD002682,PRD0150,1,199.69,199.69
HITM0008357,HORD002682,PRD0398,1,135.19,135.19
HITM0008358,HORD002683,PRD0582,2,1229.26,2458.52
HITM0008359,HORD002684,PRD0522,1,496.11,496.11
HITM0008360,HORD002684,PRD0359,2,329.3,658.6
HITM0008361,HORD002684,PRD0960,2,17.08,34.16
HITM0008362,HORD002684,PRD0181,1,1299.25,1299.25
HITM0008363,HORD002685,PRD0592,1,1152.46,1152.46
HITM0008364,HORD002685,PRD0265,1,697.49,697.49
HITM0008365,HORD002685,PRD0163,2,1233.05,2466.1
HITM0008366,HORD002685,PRD0426,1,708.75,708.75
HITM0008367,HORD002686,PRD0619,1,889.11,889.11
HITM0008368,HORD002686,PRD0620,1,23.82,23.82
HITM0008369,HORD002686,PRD0126,1,290.8,290.8
HITM0008370,HORD002687,PRD0909,1,1280.89,1280.89
HITM0008371,HORD002687,PRD0110,1,392.12,392.12
HITM0008372,HORD002687,PRD0380,1,340.9,340.9
HITM0008373,HORD002687,PRD0862,1,750.64,750.64
HITM0008374,HORD002688,PRD0723,1,550.47,550.47
HITM0008375,HORD002689,PRD0723,1,550.47,550.47
HITM0008376,HORD002690,PRD0100,1,252.99,252.99
HITM0008377,HORD002690,PRD0127,2,477.02,954.04
HITM0008378,HORD002690,PRD0822,1,324.31,324.31
HITM0008379,HORD002690,PRD0930,2,307.61,615.22
HITM0008380,HORD002691,PRD0831,1,2116.77,2116.77
HITM0008381,HORD002691,PRD0548,2,858.63,1717.26
HITM0008382,HORD002691,PRD0809,1,155.22,155.22
HITM0008383,HORD002692,PRD0465,1,614.27,614.27
HITM0008384,HORD002692,PRD0786,1,664.7,664.7
HITM0008385,HORD002692,PRD0416,1,463.25,463.25
HITM0008386,HORD002692,PRD0117,1,654.86,654.86
HITM0008387,HORD002693,PRD0965,1,889.37,889.37
HITM0008388,HORD002693,PRD0205,2,645.51,1291.02
HITM0008389,HORD002693,PRD0082,1,411.13,411.13
HITM0008390,HORD002694,PRD0685,1,755.89,755.89
HITM0008391,HORD002694,PRD0672,1,1815.6,1815.6
HITM0008392,HORD002695,PRD0648,1,450.1,450.1
HITM0008393,HORD002695,PRD0640,3,362.06,1086.18
HITM0008394,HORD002696,PRD0027,1,2295.22,2295.22
HITM0008395,HORD002696,PRD0256,1,42.53,42.53
HITM0008396,HORD002696,PRD0230,1,112.24,112.24
HITM0008397,HORD002696,PRD0081,1,1775.5,1775.5
HITM0008398,HORD002697,PRD0927,1,672.07,672.07
HITM0008399,HORD002697,PRD0699,1,649.93,649.93
HITM0008400,HORD002697,PRD0183,1,1343.02,1343.02
HITM0008401,HORD002698,PRD0287,1,1267.48,1267.48
HITM0008402,HORD002698,PRD0327,2,1138.43,2276.86
HITM0008403,HORD002698,PRD0258,2,114.0,228.0
HITM0008404,HORD002698,PRD0011,1,933.48,933.48
HITM0008405,HORD002699,PRD0232,2,321.21,642.42
HITM0008406,HORD002699,PRD0746,2,367.02,734.04
HITM0008407,HORD002699,PRD0828,1,1072.53,1072.53
HITM0008408,HORD002699,PRD0737,1,194.63,194.63
HITM0008409,HORD002700,PRD0619,1,889.11,889.11
HITM0008410,HORD002700,PRD0930,2,307.61,615.22
HITM0008411,HORD002701,PRD0897,1,1151.44,1151.44
HITM0008412,HORD002701,PRD0523,2,837.7,1675.4
HITM0008413,HORD002701,PRD0325,2,325.22,650.44
HITM0008414,HORD002701,PRD0975,2,989.01,1978.02
HITM0008415,HORD002701,PRD0943,1,1009.3,1009.3
HITM0008416,HORD002702,PRD0359,2,329.3,658.6
HITM0008417,HORD002702,PRD0324,1,4191.07,4191.07
HITM0008418,HORD002702,PRD0685,1,755.89,755.89
HITM0008419,HORD002702,PRD0785,1,1024.27,1024.27
HITM0008420,HORD002703,PRD0598,2,73.8,147.6
HITM0008421,HORD002703,PRD0371,2,2101.21,4202.42
HITM0008422,HORD002703,PRD0540,1,343.79,343.79
HITM0008423,HORD002703,PRD0164,1,1335.24,1335.24
HITM0008424,HORD002703,PRD0568,1,977.48,977.48
HITM0008425,HORD002704,PRD0966,1,272.72,272.72
HITM0008426,HORD002704,PRD0123,2,501.46,1002.92
HITM0008427,HORD002705,PRD0254,2,980.48,1960.96
HITM0008428,HORD002705,PRD0105,2,655.02,1310.04
HITM0008429,HORD002705,PRD0500,1,137.18,137.18
HITM0008430,HORD002705,PRD0525,1,360.27,360.27
HITM0008431,HORD002706,PRD0415,1,626.8,626.8
HITM0008432,HORD002706,PRD0504,1,3728.54,3728.54
HITM0008433,HORD002707,PRD0870,1,96.68,96.68
HITM0008434,HORD002708,PRD0760,1,322.74,322.74
HITM0008435,HORD002708,PRD0884,1,1284.0,1284.0
HITM0008436,HORD002708,PRD0991,1,2495.08,2495.08
HITM0008437,HORD002708,PRD0756,1,389.58,389.58
HITM0008438,HORD002709,PRD0838,1,771.2,771.2
HITM0008439,HORD002709,PRD0384,1,830.01,830.01
HITM0008440,HORD002709,PRD0945,1,568.86,568.86
HITM0008441,HORD002710,PRD0300,1,51.94,51.94
HITM0008442,HORD002710,PRD0607,1,73.33,73.33
HITM0008443,HORD002710,PRD0269,2,754.3,1508.6
HITM0008444,HORD002711,PRD0784,2,3166.81,6333.62
HITM0008445,HORD002711,PRD0415,1,626.8,626.8
HITM0008446,HORD002711,PRD0745,2,147.69,295.38
HITM0008447,HORD002712,PRD0914,1,4046.92,4046.92
HITM0008448,HORD002712,PRD0536,3,430.74,1292.22
HITM0008449,HORD002712,PRD0045,1,368.84,368.84
HITM0008450,HORD002713,PRD0283,2,1116.37,2232.74
HITM0008451,HORD002713,PRD0658,1,899.02,899.02
HITM0008452,HORD002713,PRD0844,1,2177.73,2177.73
HITM0008453,HORD002713,PRD0485,1,381.77,381.77
HITM0008454,HORD002714,PRD0829,2,1219.49,2438.98
HITM0008455,HORD002714,PRD0157,2,93.87,187.74
HITM0008456,HORD002714,PRD0616,1,242.48,242.48
HITM0008457,HORD002714,PRD0153,1,1119.38,1119.38
HITM0008458,HORD002715,PRD0111,1,2559.72,2559.72
HITM0008459,HORD002715,PRD0079,1,211.26,211.26
HITM0008460,HORD002716,PRD0258,1,114.0,114.0
HITM0008461,HORD002717,PRD0892,1,1539.6,1539.6
HITM0008462,HORD002717,PRD0660,2,74.81,149.62
HITM0008463,HORD002717,PRD0379,1,212.81,212.81
HITM0008464,HORD002717,PRD0246,1,799.39,799.39
HITM0008465,HORD002717,PRD0960,1,17.08,17.08
HITM0008466,HORD002718,PRD0714,1,1819.26,1819.26
HITM0008467,HORD002718,PRD0469,1,767.67,767.67
HITM0008468,HORD002718,PRD0447,1,640.94,640.94
HITM0008469,HORD002719,PRD0099,2,1059.78,2119.56
HITM0008470,HORD002719,PRD0616,1,242.48,242.48
HITM0008471,HORD002719,PRD0958,1,128.04,128.04
HITM0008472,HORD002719,PRD0553,2,1559.12,3118.24
HITM0008473,HORD002720,PRD0336,1,745.18,745.18
HITM0008474,HORD002721,PRD0774,1,1438.07,1438.07
HITM0008475,HORD002721,PRD0256,1,42.53,42.53
HITM0008476,HORD002722,PRD0205,1,645.51,645.51
HITM0008477,HORD002722,PRD0302,1,987.84,987.84
HITM0008478,HORD002722,PRD0347,1,339.84,339.84
HITM0008479,HORD002722,PRD0359,1,329.3,329.3
HITM0008480,HORD002723,PRD0790,1,67.36,67.36
HITM0008481,HORD002723,PRD0782,1,743.41,743.41
HITM0008482,HORD002724,PRD0116,1,182.09,182.09
HITM0008483,HORD002724,PRD0669,2,736.46,1472.92
HITM0008484,HORD002725,PRD0322,1,326.02,326.02
HITM0008485,HORD002725,PRD0360,1,45.63,45.63
HITM0008486,HORD002725,PRD0252,2,1339.74,2679.48
HITM0008487,HORD002726,PRD0320,2,28.7,57.4
HITM0008488,HORD002726,PRD0467,1,2210.83,2210.83
HITM0008489,HORD002726,PRD0443,1,684.87,684.87
HITM0008490,HORD002726,PRD0885,1,867.28,867.28
HITM0008491,HORD002727,PRD0960,1,17.08,17.08
HITM0008492,HORD002728,PRD0517,1,898.69,898.69
HITM0008493,HORD002728,PRD0549,1,1345.32,1345.32
HITM0008494,HORD002728,PRD0946,1,180.12,180.12
HITM0008495,HORD002729,PRD0980,1,171.73,171.73
HITM0008496,HORD002729,PRD0245,1,834.16,834.16
HITM0008497,HORD002730,PRD0797,1,1054.08,1054.08
HITM0008498,HORD002730,PRD0976,3,554.65,1663.95
HITM0008499,HORD002730,PRD0472,1,819.03,819.03
HITM0008500,HORD002731,PRD0247,1,55.39,55.39
HITM0008501,HORD002731,PRD0512,1,853.67,853.67
HITM0008502,HORD002731,PRD0260,1,157.69,157.69
HITM0008503,HORD002732,PRD0840,2,125.66,251.32
HITM0008504,HORD002732,PRD0347,1,339.84,339.84
HITM0008505,HORD002732,PRD0959,1,206.84,206.84
HITM0008506,HORD002733,PRD0907,1,60.75,60.75
HITM0008507,HORD002733,PRD0333,1,741.56,741.56
HITM0008508,HORD002733,PRD0223,1,946.31,946.31
HITM0008509,HORD002734,PRD0551,1,3156.44,3156.44
HITM0008510,HORD002734,PRD0443,1,684.87,684.87
HITM0008511,HORD002734,PRD0543,1,1522.55,1522.55
HITM0008512,HORD002734,PRD0747,1,1759.9,1759.9
HITM0008513,HORD002734,PRD0529,1,923.93,923.93
HITM0008514,HORD002735,PRD0894,1,1997.25,1997.25
HITM0008515,HORD002735,PRD0776,1,133.13,133.13
HITM0008516,HORD002736,PRD0678,1,133.66,133.66
HITM0008517,HORD002736,PRD0447,1,640.94,640.94
HITM0008518,HORD002736,PRD0160,2,332.63,665.26
HITM0008519,HORD002737,PRD0322,1,326.02,326.02
HITM0008520,HORD002737,PRD0247,1,55.39,55.39
HITM0008521,HORD002737,PRD0751,2,2375.48,4750.96
HITM0008522,HORD002737,PRD0299,1,1412.32,1412.32
HITM0008523,HORD002738,PRD0218,1,872.61,872.61
HITM0008524,HORD002738,PRD0296,2,331.81,663.62
HITM0008525,HORD002739,PRD0732,1,1724.37,1724.37
HITM0008526,HORD002739,PRD0802,1,914.18,914.18
HITM0008527,HORD002739,PRD0845,1,355.13,355.13
HITM0008528,HORD002739,PRD0346,1,296.52,296.52
HITM0008529,HORD002740,PRD0170,1,419.43,419.43
HITM0008530,HORD002740,PRD0678,1,133.66,133.66
HITM0008531,HORD002740,PRD0486,1,188.03,188.03
HITM0008532,HORD002740,PRD0022,1,473.77,473.77
HITM0008533,HORD002741,PRD0013,1,291.07,291.07
HITM0008534,HORD002741,PRD0812,1,1554.96,1554.96
HITM0008535,HORD002741,PRD0425,1,477.89,477.89
HITM0008536,HORD002741,PRD0555,1,380.47,380.47
HITM0008537,HORD002742,PRD0397,1,2107.06,2107.06
HITM0008538,HORD002742,PRD0401,2,2595.7,5191.4
HITM0008539,HORD002743,PRD0906,1,755.23,755.23
HITM0008540,HORD002743,PRD0174,1,442.41,442.41
HITM0008541,HORD002743,PRD0626,1,362.78,362.78
HITM0008542,HORD002744,PRD0230,1,112.24,112.24
HITM0008543,HORD002744,PRD0442,1,327.53,327.53
HITM0008544,HORD002744,PRD0495,1,1168.15,1168.15
HITM0008545,HORD002744,PRD0088,1,994.41,994.41
HITM0008546,HORD002745,PRD0620,2,23.82,47.64
HITM0008547,HORD002745,PRD0341,1,2089.96,2089.96
HITM0008548,HORD002746,PRD0372,2,748.02,1496.04
HITM0008549,HORD002746,PRD0222,1,761.26,761.26
HITM0008550,HORD002747,PRD0909,1,1280.89,1280.89
HITM0008551,HORD002747,PRD0816,2,211.9,423.8
HITM0008552,HORD002747,PRD0239,1,1388.63,1388.63
HITM0008553,HORD002747,PRD0431,3,2819.89,8459.67
HITM0008554,HORD002748,PRD0680,2,146.6,293.2
HITM0008555,HORD002748,PRD0062,1,848.94,848.94
HITM0008556,HORD002748,PRD0570,1,337.54,337.54
HITM0008557,HORD002749,PRD0500,2,137.18,274.36
HITM0008558,HORD002749,PRD0070,1,168.22,168.22
HITM0008559,HORD002749,PRD0190,3,40.06,120.18
HITM0008560,HORD002749,PRD0264,2,998.11,1996.22
HITM0008561,HORD002750,PRD0631,1,943.11,943.11
HITM0008562,HORD002750,PRD0893,1,792.02,792.02
HITM0008563,HORD002750,PRD0948,1,849.18,849.18
HITM0008564,HORD002750,PRD0992,1,309.63,309.63
HITM0008565,HORD002751,PRD0550,1,224.46,224.46
HITM0008566,HORD002751,PRD0425,1,477.89,477.89
HITM0008567,HORD002751,PRD0888,1,240.68,240.68
HITM0008568,HORD002752,PRD0866,1,492.83,492.83
HITM0008569,HORD002752,PRD0157,2,93.87,187.74
HITM0008570,HORD002753,PRD0080,1,302.02,302.02
HITM0008571,HORD002753,PRD0258,1,114.0,114.0
HITM0008572,HORD002753,PRD0215,1,665.12,665.12
HITM0008573,HORD002753,PRD0238,2,459.3,918.6
HITM0008574,HORD002753,PRD0760,1,322.74,322.74
HITM0008575,HORD002754,PRD0472,1,819.03,819.03
HITM0008576,HORD002754,PRD0533,1,1416.06,1416.06
HITM0008577,HORD002754,PRD0695,1,1012.45,1012.45
HITM0008578,HORD002754,PRD0152,1,509.94,509.94
HITM0008579,HORD002755,PRD0973,2,1197.47,2394.94
HITM0008580,HORD002755,PRD0603,1,380.05,380.05
HITM0008581,HORD002755,PRD0074,1,899.01,899.01
HITM0008582,HORD002756,PRD0931,1,1264.51,1264.51
HITM0008583,HORD002756,PRD0536,1,430.74,430.74
HITM0008584,HORD002756,PRD0029,2,853.57,1707.14
HITM0008585,HORD002756,PRD0290,1,246.93,246.93
HITM0008586,HORD002757,PRD0082,1,411.13,411.13
HITM0008587,HORD002757,PRD0959,1,206.84,206.84
HITM0008588,HORD002757,PRD0022,1,473.77,473.77
HITM0008589,HORD002757,PRD0430,2,54.36,108.72
HITM0008590,HORD002757,PRD0758,1,261.9,261.9
HITM0008591,HORD002758,PRD0411,1,1497.57,1497.57
HITM0008592,HORD002758,PRD0827,1,1518.31,1518.31
HITM0008593,HORD002758,PRD0535,1,992.5,992.5
HITM0008594,HORD002758,PRD0512,2,853.67,1707.34
HITM0008595,HORD002759,PRD0840,1,125.66,125.66
HITM0008596,HORD002759,PRD0712,1,810.01,810.01
HITM0008597,HORD002759,PRD0145,1,439.24,439.24
HITM0008598,HORD002759,PRD0616,2,242.48,484.96
HITM0008599,HORD002760,PRD0313,1,1347.84,1347.84
HITM0008600,HORD002760,PRD0862,1,750.64,750.64
HITM0008601,HORD002760,PRD0290,1,246.93,246.93
HITM0008602,HORD002760,PRD0323,1,1295.86,1295.86
HITM0008603,HORD002761,PRD0836,1,836.56,836.56
HITM0008604,HORD002761,PRD0718,1,880.28,880.28
HITM0008605,HORD002762,PRD0317,1,641.82,641.82
HITM0008606,HORD002762,PRD0274,2,1282.28,2564.56
HITM0008607,HORD002762,PRD0932,1,1326.04,1326.04
HITM0008608,HORD002763,PRD0507,1,2383.22,2383.22
HITM0008609,HORD002763,PRD0900,1,346.54,346.54
HITM0008610,HORD002763,PRD0882,1,492.86,492.86
HITM0008611,HORD002764,PRD0483,1,1169.19,1169.19
HITM0008612,HORD002764,PRD0820,2,149.51,299.02
HITM0008613,HORD002765,PRD0593,1,826.29,826.29
HITM0008614,HORD002765,PRD0279,2,766.46,1532.92
HITM0008615,HORD002765,PRD0555,1,380.47,380.47
HITM0008616,HORD002765,PRD0750,2,315.03,630.06
HITM0008617,HORD002765,PRD0050,2,409.65,819.3
HITM0008618,HORD002766,PRD0759,1,106.0,106.0
HITM0008619,HORD002766,PRD0152,1,509.94,509.94
HITM0008620,HORD002766,PRD0678,1,133.66,133.66
HITM0008621,HORD002767,PRD0990,2,164.36,328.72
HITM0008622,HORD002767,PRD0209,1,456.39,456.39
HITM0008623,HORD002767,PRD0926,1,532.72,532.72
HITM0008624,HORD002768,PRD0957,1,108.95,108.95
HITM0008625,HORD002768,PRD0022,1,473.77,473.77
HITM0008626,HORD002769,PRD0938,2,471.07,942.14
HITM0008627,HORD002769,PRD0485,1,381.77,381.77
HITM0008628,HORD002770,PRD0885,1,867.28,867.28
HITM0008629,HORD002770,PRD0963,1,541.41,541.41
HITM0008630,HORD002770,PRD0157,1,93.87,93.87
HITM0008631,HORD002771,PRD0968,1,213.37,213.37
HITM0008632,HORD002771,PRD0980,1,171.73,171.73
HITM0008633,HORD002771,PRD0031,1,2301.05,2301.05
HITM0008634,HORD002771,PRD0459,1,261.43,261.43
HITM0008635,HORD002771,PRD0415,2,626.8,1253.6
HITM0008636,HORD002772,PRD0536,1,430.74,430.74
HITM0008637,HORD002772,PRD0477,1,610.76,610.76
HITM0008638,HORD002773,PRD0139,1,323.99,323.99
HITM0008639,HORD002773,PRD0360,2,45.63,91.26
HITM0008640,HORD002773,PRD0203,1,724.48,724.48
HITM0008641,HORD002773,PRD0079,1,211.26,211.26
HITM0008642,HORD002774,PRD0586,1,421.13,421.13
HITM0008643,HORD002774,PRD0515,1,957.39,957.39
HITM0008644,HORD002774,PRD0266,3,439.49,1318.47
HITM0008645,HORD002774,PRD0806,1,541.85,541.85
HITM0008646,HORD002775,PRD0168,1,663.91,663.91
HITM0008647,HORD002775,PRD0115,2,630.18,1260.36
HITM0008648,HORD002775,PRD0477,2,610.76,1221.52
HITM0008649,HORD002776,PRD0430,2,54.36,108.72
HITM0008650,HORD002776,PRD0769,1,633.25,633.25
HITM0008651,HORD002776,PRD0378,2,751.56,1503.12
HITM0008652,HORD002776,PRD0953,1,534.1,534.1
HITM0008653,HORD002776,PRD0395,2,843.62,1687.24
HITM0008654,HORD002777,PRD0745,2,147.69,295.38
HITM0008655,HORD002777,PRD0347,2,339.84,679.68
HITM0008656,HORD002777,PRD0112,2,1848.06,3696.12
HITM0008657,HORD002777,PRD0702,1,403.74,403.74
HITM0008658,HORD002777,PRD0253,1,1519.1,1519.1
HITM0008659,HORD002778,PRD0348,2,312.21,624.42
HITM0008660,HORD002778,PRD0981,1,1483.54,1483.54
HITM0008661,HORD002779,PRD0133,1,362.55,362.55
HITM0008662,HORD002779,PRD0422,1,1010.5,1010.5
HITM0008663,HORD002780,PRD0990,1,164.36,164.36
HITM0008664,HORD002780,PRD0960,1,17.08,17.08
HITM0008665,HORD002780,PRD0778,1,271.67,271.67
HITM0008666,HORD002781,PRD0793,1,1315.85,1315.85
HITM0008667,HORD002782,PRD0359,1,329.3,329.3
HITM0008668,HORD002782,PRD0515,1,957.39,957.39
HITM0008669,HORD002783,PRD0842,1,1443.81,1443.81
HITM0008670,HORD002783,PRD0442,1,327.53,327.53
HITM0008671,HORD002784,PRD0652,1,1247.24,1247.24
HITM0008672,HORD002784,PRD0308,1,798.16,798.16
HITM0008673,HORD002784,PRD0964,1,3887.56,3887.56
HITM0008674,HORD002784,PRD0819,1,1070.76,1070.76
HITM0008675,HORD002785,PRD0256,1,42.53,42.53
HITM0008676,HORD002785,PRD0079,2,211.26,422.52
HITM0008677,HORD002785,PRD0966,1,272.72,272.72
HITM0008678,HORD002785,PRD0882,1,492.86,492.86
HITM0008679,HORD002786,PRD0598,1,73.8,73.8
HITM0008680,HORD002786,PRD0169,2,585.79,1171.58
HITM0008681,HORD002786,PRD0456,1,700.91,700.91
HITM0008682,HORD002787,PRD0739,1,345.91,345.91
HITM0008683,HORD002787,PRD0060,1,412.3,412.3
HITM0008684,HORD002788,PRD0873,1,448.66,448.66
HITM0008685,HORD002788,PRD0925,1,1091.53,1091.53
HITM0008686,HORD002788,PRD0045,1,368.84,368.84
HITM0008687,HORD002789,PRD0670,1,278.65,278.65
HITM0008688,HORD002789,PRD0258,2,114.0,228.0
HITM0008689,HORD002789,PRD0515,1,957.39,957.39
HITM0008690,HORD002789,PRD0050,1,409.65,409.65
HITM0008691,HORD002790,PRD0935,2,1012.52,2025.04
HITM0008692,HORD002790,PRD0965,1,889.37,889.37
HITM0008693,HORD002790,PRD0783,1,962.73,962.73
HITM0008694,HORD002790,PRD0470,1,149.63,149.63
HITM0008695,HORD002791,PRD0238,1,459.3,459.3
HITM0008696,HORD002791,PRD0739,1,345.91,345.91
HITM0008697,HORD002791,PRD0139,1,323.99,323.99
HITM0008698,HORD002792,PRD0396,1,147.51,147.51
HITM0008699,HORD002792,PRD0636,1,249.94,249.94
HITM0008700,HORD002793,PRD0907,3,60.75,182.25
HITM0008701,HORD002793,PRD0859,1,883.33,883.33
HITM0008702,HORD002793,PRD0260,1,157.69,157.69
HITM0008703,HORD002793,PRD0637,1,2406.77,2406.77
HITM0008704,HORD002793,PRD0868,1,421.43,421.43
HITM0008705,HORD002794,PRD0190,1,40.06,40.06
HITM0008706,HORD002794,PRD0631,1,943.11,943.11
HITM0008707,HORD002794,PRD0053,1,1382.46,1382.46
HITM0008708,HORD002794,PRD0240,1,73.63,73.63
HITM0008709,HORD002795,PRD0595,1,126.92,126.92
HITM0008710,HORD002795,PRD0980,2,171.73,343.46
HITM0008711,HORD002796,PRD0560,1,114.38,114.38
HITM0008712,HORD002796,PRD0198,1,1001.22,1001.22
HITM0008713,HORD002797,PRD0247,1,55.39,55.39
HITM0008714,HORD002797,PRD0186,1,386.44,386.44
HITM0008715,HORD002797,PRD0832,3,1674.37,5023.11
HITM0008716,HORD002798,PRD0907,2,60.75,121.5
HITM0008717,HORD002798,PRD0545,1,456.26,456.26
HITM0008718,HORD002799,PRD0027,2,2295.22,4590.44
HITM0008719,HORD002799,PRD0396,1,147.51,147.51
HITM0008720,HORD002799,PRD0733,1,281.18,281.18
HITM0008721,HORD002799,PRD0109,2,732.2,1464.4
HITM0008722,HORD002800,PRD0957,1,108.95,108.95
HITM0008723,HORD002800,PRD0139,1,323.99,323.99
HITM0008724,HORD002800,PRD0641,1,1767.13,1767.13
HITM0008725,HORD002801,PRD0013,2,291.07,582.14
HITM0008726,HORD002802,PRD0158,1,289.48,289.48
HITM0008727,HORD002802,PRD0996,3,439.4,1318.2
HITM0008728,HORD002802,PRD0695,1,1012.45,1012.45
HITM0008729,HORD002803,PRD0640,1,362.06,362.06
HITM0008730,HORD002803,PRD0906,1,755.23,755.23
HITM0008731,HORD002803,PRD0557,1,669.73,669.73
HITM0008732,HORD002803,PRD0019,1,708.96,708.96
HITM0008733,HORD002804,PRD0078,1,991.52,991.52
HITM0008734,HORD002804,PRD0971,1,1081.7,1081.7
HITM0008735,HORD002804,PRD0014,1,2216.59,2216.59
HITM0008736,HORD002804,PRD0988,2,461.62,923.24
HITM0008737,HORD002805,PRD0152,1,509.94,509.94
HITM0008738,HORD002805,PRD0567,1,69.51,69.51
HITM0008739,HORD002805,PRD0736,1,773.17,773.17
HITM0008740,HORD002806,PRD0240,1,73.63,73.63
HITM0008741,HORD002806,PRD0745,1,147.69,147.69
HITM0008742,HORD002806,PRD0423,2,371.68,743.36
HITM0008743,HORD002806,PRD0635,1,475.82,475.82
HITM0008744,HORD002807,PRD0643,2,614.82,1229.64
HITM0008745,HORD002807,PRD0258,1,114.0,114.0
HITM0008746,HORD002808,PRD0963,3,541.41,1624.23
HITM0008747,HORD002808,PRD0567,1,69.51,69.51
HITM0008748,HORD002808,PRD0062,2,848.94,1697.88
HITM0008749,HORD002809,PRD0843,1,527.91,527.91
HITM0008750,HORD002809,PRD0084,2,854.14,1708.28
HITM0008751,HORD002809,PRD0197,3,925.36,2776.08
HITM0008752,HORD002810,PRD0845,1,355.13,355.13
HITM0008753,HORD002810,PRD0737,2,194.63,389.26
HITM0008754,HORD002810,PRD0668,1,598.5,598.5
HITM0008755,HORD002810,PRD0598,1,73.8,73.8
HITM0008756,HORD002810,PRD0247,2,55.39,110.78
HITM0008757,HORD002811,PRD0771,2,3066.74,6133.48
HITM0008758,HORD002811,PRD0205,1,645.51,645.51
HITM0008759,HORD002811,PRD0518,1,69.83,69.83
HITM0008760,HORD002811,PRD0394,1,3192.43,3192.43
HITM0008761,HORD002812,PRD0893,2,792.02,1584.04
HITM0008762,HORD002812,PRD0344,1,4097.8,4097.8
HITM0008763,HORD002812,PRD0485,1,381.77,381.77
HITM0008764,HORD002813,PRD0216,1,833.75,833.75
HITM0008765,HORD002813,PRD0188,1,1032.34,1032.34
HITM0008766,HORD002813,PRD0616,1,242.48,242.48
HITM0008767,HORD002813,PRD0161,1,1639.58,1639.58
HITM0008768,HORD002814,PRD0773,1,497.83,497.83
HITM0008769,HORD002814,PRD0101,1,1370.24,1370.24
HITM0008770,HORD002814,PRD0278,3,105.64,316.92
HITM0008771,HORD002815,PRD0405,1,406.75,406.75
HITM0008772,HORD002816,PRD0270,1,237.62,237.62
HITM0008773,HORD002816,PRD0588,1,914.0,914.0
HITM0008774,HORD002816,PRD0210,1,206.42,206.42
HITM0008775,HORD002816,PRD0959,2,206.84,413.68
HITM0008776,HORD002816,PRD0516,1,478.24,478.24
HITM0008777,HORD002817,PRD0875,1,1038.39,1038.39
HITM0008778,HORD002817,PRD0286,2,752.91,1505.82
HITM0008779,HORD002817,PRD0338,1,484.72,484.72
HITM0008780,HORD002817,PRD0962,1,676.85,676.85
HITM0008781,HORD002817,PRD0936,1,825.41,825.41
HITM0008782,HORD002818,PRD0277,1,2331.99,2331.99
HITM0008783,HORD002818,PRD0196,1,525.15,525.15
HITM0008784,HORD002818,PRD0474,1,2324.49,2324.49
HITM0008785,HORD002819,PRD0171,2,993.07,1986.14
HITM0008786,HORD002819,PRD0449,2,884.72,1769.44
HITM0008787,HORD002819,PRD0263,1,1358.3,1358.3
HITM0008788,HORD002820,PRD0400,1,124.47,124.47
HITM0008789,HORD002820,PRD0768,2,149.86,299.72
HITM0008790,HORD002820,PRD0056,1,204.63,204.63
HITM0008791,HORD002821,PRD0292,1,690.26,690.26
HITM0008792,HORD002821,PRD0193,1,890.72,890.72
HITM0008793,HORD002821,PRD0785,1,1024.27,1024.27
HITM0008794,HORD002821,PRD1000,1,175.0,175.0
HITM0008795,HORD002821,PRD0648,1,450.1,450.1
HITM0008796,HORD002822,PRD0835,1,482.69,482.69
HITM0008797,HORD002822,PRD0568,1,977.48,977.48
HITM0008798,HORD002822,PRD0703,1,1320.55,1320.55
HITM0008799,HORD002823,PRD0234,1,4040.17,4040.17
HITM0008800,HORD002823,PRD0744,1,3214.18,3214.18
HITM0008801,HORD002823,PRD0956,1,339.76,339.76
HITM0008802,HORD002824,PRD0845,1,355.13,355.13
HITM0008803,HORD002824,PRD0349,1,1289.14,1289.14
HITM0008804,HORD002825,PRD0790,1,67.36,67.36
HITM0008805,HORD002825,PRD0923,1,771.16,771.16
HITM0008806,HORD002825,PRD0664,3,1949.37,5848.11
HITM0008807,HORD002825,PRD0964,2,3887.56,7775.12
HITM0008808,HORD002826,PRD0576,1,31.35,31.35
HITM0008809,HORD002827,PRD0569,1,928.26,928.26
HITM0008810,HORD002828,PRD0808,1,444.53,444.53
HITM0008811,HORD002828,PRD0946,1,180.12,180.12
HITM0008812,HORD002828,PRD0812,1,1554.96,1554.96
HITM0008813,HORD002829,PRD0848,1,227.53,227.53
HITM0008814,HORD002829,PRD0555,1,380.47,380.47
HITM0008815,HORD002829,PRD0118,1,184.23,184.23
HITM0008816,HORD002829,PRD0197,2,925.36,1850.72
HITM0008817,HORD002830,PRD0426,1,708.75,708.75
HITM0008818,HORD002830,PRD0039,1,1008.92,1008.92
HITM0008819,HORD002830,PRD0397,1,2107.06,2107.06
HITM0008820,HORD002831,PRD0219,1,450.54,450.54
HITM0008821,HORD002831,PRD0986,2,318.21,636.42
HITM0008822,HORD002832,PRD0190,1,40.06,40.06
HITM0008823,HORD002832,PRD0759,2,106.0,212.0
HITM0008824,HORD002832,PRD0456,1,700.91,700.91
HITM0008825,HORD002833,PRD0013,1,291.07,291.07
HITM0008826,HORD002833,PRD0679,3,399.42,1198.26
HITM0008827,HORD002833,PRD0873,3,448.66,1345.98
HITM0008828,HORD002833,PRD0992,2,309.63,619.26
HITM0008829,HORD002833,PRD0607,3,73.33,219.99
HITM0008830,HORD002834,PRD0496,2,92.5,185.0
HITM0008831,HORD002834,PRD0980,1,171.73,171.73
HITM0008832,HORD002834,PRD0041,1,1567.72,1567.72
HITM0008833,HORD002834,PRD0774,2,1438.07,2876.14
HITM0008834,HORD002835,PRD0051,1,2503.01,2503.01
HITM0008835,HORD002835,PRD0106,1,203.27,203.27
HITM0008836,HORD002835,PRD0366,1,111.28,111.28
HITM0008837,HORD002836,PRD0036,1,115.89,115.89
HITM0008838,HORD002836,PRD0480,1,79.31,79.31
HITM0008839,HORD002836,PRD0522,1,496.11,496.11
HITM0008840,HORD002836,PRD0849,2,1072.65,2145.3
HITM0008841,HORD002837,PRD0145,2,439.24,878.48
HITM0008842,HORD002837,PRD0857,1,1578.93,1578.93
HITM0008843,HORD002838,PRD0937,1,1473.98,1473.98
HITM0008844,HORD002838,PRD0314,1,611.18,611.18
HITM0008845,HORD002838,PRD0049,1,578.63,578.63
HITM0008846,HORD002839,PRD0140,1,211.53,211.53
HITM0008847,HORD002839,PRD0933,2,296.95,593.9
HITM0008848,HORD002839,PRD0583,1,268.64,268.64
HITM0008849,HORD002839,PRD0986,1,318.21,318.21
HITM0008850,HORD002840,PRD0636,1,249.94,249.94
HITM0008851,HORD002840,PRD0319,2,361.0,722.0
HITM0008852,HORD002841,PRD0360,1,45.63,45.63
HITM0008853,HORD002841,PRD0693,1,635.88,635.88
HITM0008854,HORD002841,PRD0340,1,315.67,315.67
HITM0008855,HORD002841,PRD0762,1,1723.61,1723.61
HITM0008856,HORD002841,PRD0338,1,484.72,484.72
HITM0008857,HORD002842,PRD0450,1,162.55,162.55
HITM0008858,HORD002842,PRD0479,1,361.79,361.79
HITM0008859,HORD002842,PRD0595,2,126.92,253.84
HITM0008860,HORD002842,PRD0147,3,172.97,518.91
HITM0008861,HORD002843,PRD0607,1,73.33,73.33
HITM0008862,HORD002843,PRD0750,2,315.03,630.06
HITM0008863,HORD002844,PRD0820,1,149.51,149.51
HITM0008864,HORD002844,PRD0549,1,1345.32,1345.32
HITM0008865,HORD002844,PRD0237,1,1847.39,1847.39
HITM0008866,HORD002845,PRD0370,1,418.27,418.27
HITM0008867,HORD002845,PRD0589,1,222.62,222.62
HITM0008868,HORD002845,PRD0419,1,903.5,903.5
HITM0008869,HORD002846,PRD0447,1,640.94,640.94
HITM0008870,HORD002847,PRD0560,1,114.38,114.38
HITM0008871,HORD002847,PRD0754,1,588.75,588.75
HITM0008872,HORD002847,PRD0618,1,409.5,409.5
HITM0008873,HORD002847,PRD0798,1,901.72,901.72
HITM0008874,HORD002847,PRD0382,1,680.83,680.83
HITM0008875,HORD002848,PRD0835,1,482.69,482.69
HITM0008876,HORD002848,PRD0536,1,430.74,430.74
HITM0008877,HORD002849,PRD0855,3,641.38,1924.14
HITM0008878,HORD002849,PRD0433,1,641.45,641.45
HITM0008879,HORD002850,PRD0052,1,502.9,502.9
HITM0008880,HORD002850,PRD0863,2,916.89,1833.78
HITM0008881,HORD002850,PRD0002,1,1804.26,1804.26
HITM0008882,HORD002851,PRD0240,1,73.63,73.63
HITM0008883,HORD002851,PRD0045,1,368.84,368.84
HITM0008884,HORD002851,PRD0180,1,256.4,256.4
HITM0008885,HORD002852,PRD0031,2,2301.05,4602.1
HITM0008886,HORD002852,PRD0756,1,389.58,389.58
HITM0008887,HORD002852,PRD0305,1,924.51,924.51
HITM0008888,HORD002852,PRD0927,1,672.07,672.07
HITM0008889,HORD002853,PRD0274,1,1282.28,1282.28
HITM0008890,HORD002853,PRD0709,1,1432.58,1432.58
HITM0008891,HORD002853,PRD0365,1,454.18,454.18
HITM0008892,HORD002854,PRD0848,1,227.53,227.53
HITM0008893,HORD002854,PRD0405,2,406.75,813.5
HITM0008894,HORD002854,PRD0806,2,541.85,1083.7
HITM0008895,HORD002854,PRD0130,1,167.84,167.84
HITM0008896,HORD002855,PRD0188,1,1032.34,1032.34
HITM0008897,HORD002855,PRD0982,2,807.01,1614.02
HITM0008898,HORD002855,PRD0303,1,922.23,922.23
HITM0008899,HORD002856,PRD0755,1,842.98,842.98
HITM0008900,HORD002856,PRD0207,2,143.7,287.4
HITM0008901,HORD002856,PRD0853,1,1074.57,1074.57
HITM0008902,HORD002857,PRD0763,1,863.1,863.1
HITM0008903,HORD002857,PRD0957,1,108.95,108.95
HITM0008904,HORD002858,PRD0631,1,943.11,943.11
HITM0008905,HORD002858,PRD0770,3,376.65,1129.95
HITM0008906,HORD002859,PRD0380,1,340.9,340.9
HITM0008907,HORD002859,PRD0644,1,940.11,940.11
HITM0008908,HORD002859,PRD0010,1,253.38,253.38
HITM0008909,HORD002859,PRD0760,1,322.74,322.74
HITM0008910,HORD002860,PRD0270,1,237.62,237.62
HITM0008911,HORD002860,PRD0534,3,459.7,1379.1
HITM0008912,HORD002861,PRD0805,1,503.71,503.71
HITM0008913,HORD002861,PRD0013,1,291.07,291.07
HITM0008914,HORD002861,PRD0327,2,1138.43,2276.86
HITM0008915,HORD002861,PRD0786,1,664.7,664.7
HITM0008916,HORD002861,PRD0601,1,3067.12,3067.12
HITM0008917,HORD002862,PRD0881,1,2201.99,2201.99
HITM0008918,HORD002862,PRD0933,1,296.95,296.95
HITM0008919,HORD002862,PRD0304,1,969.28,969.28
HITM0008920,HORD002862,PRD0388,1,191.0,191.0
HITM0008921,HORD002862,PRD0071,1,1793.74,1793.74
HITM0008922,HORD002863,PRD0123,1,501.46,501.46
HITM0008923,HORD002863,PRD0576,1,31.35,31.35
HITM0008924,HORD002863,PRD0041,1,1567.72,1567.72
HITM0008925,HORD002864,PRD0834,1,702.11,702.11
HITM0008926,HORD002864,PRD0992,1,309.63,309.63
HITM0008927,HORD002865,PRD0392,2,1830.74,3661.48
HITM0008928,HORD002865,PRD0767,2,1276.85,2553.7
HITM0008929,HORD002866,PRD0755,1,842.98,842.98
HITM0008930,HORD002866,PRD0680,1,146.6,146.6
HITM0008931,HORD002867,PRD0270,2,237.62,475.24
HITM0008932,HORD002867,PRD0574,1,1591.27,1591.27
HITM0008933,HORD002867,PRD0152,1,509.94,509.94
HITM0008934,HORD002867,PRD0505,1,268.59,268.59
HITM0008935,HORD002868,PRD0155,2,903.43,1806.86
HITM0008936,HORD002868,PRD0908,1,738.84,738.84
HITM0008937,HORD002868,PRD0628,1,586.24,586.24
HITM0008938,HORD002869,PRD0275,1,1101.48,1101.48
HITM0008939,HORD002869,PRD0138,1,889.51,889.51
HITM0008940,HORD002869,PRD0520,1,404.65,404.65
HITM0008941,HORD002869,PRD0678,1,133.66,133.66
HITM0008942,HORD002870,PRD0778,1,271.67,271.67
HITM0008943,HORD002870,PRD0442,1,327.53,327.53
HITM0008944,HORD002870,PRD0894,1,1997.25,1997.25
HITM0008945,HORD002870,PRD0324,1,4191.07,4191.07
HITM0008946,HORD002871,PRD0452,1,353.39,353.39
HITM0008947,HORD002871,PRD0266,2,439.49,878.98
HITM0008948,HORD002871,PRD0583,1,268.64,268.64
HITM0008949,HORD002871,PRD0520,2,404.65,809.3
HITM0008950,HORD002871,PRD0229,3,1480.27,4440.81
HITM0008951,HORD002872,PRD0543,1,1522.55,1522.55
HITM0008952,HORD002872,PRD0476,1,336.11,336.11
HITM0008953,HORD002872,PRD0143,1,689.45,689.45
HITM0008954,HORD002873,PRD0881,1,2201.99,2201.99
HITM0008955,HORD002873,PRD0250,1,184.24,184.24
HITM0008956,HORD002873,PRD0186,1,386.44,386.44
HITM0008957,HORD002873,PRD0368,1,567.82,567.82
HITM0008958,HORD002874,PRD0464,1,3796.9,3796.9
HITM0008959,HORD002874,PRD0116,1,182.09,182.09
HITM0008960,HORD002875,PRD0083,1,1520.68,1520.68
HITM0008961,HORD002875,PRD0857,1,1578.93,1578.93
HITM0008962,HORD002875,PRD0272,1,888.86,888.86
HITM0008963,HORD002875,PRD0740,1,235.84,235.84
HITM0008964,HORD002876,PRD0593,1,826.29,826.29
HITM0008965,HORD002876,PRD0962,1,676.85,676.85
HITM0008966,HORD002876,PRD0776,1,133.13,133.13
HITM0008967,HORD002876,PRD0963,1,541.41,541.41
HITM0008968,HORD002877,PRD0768,1,149.86,149.86
HITM0008969,HORD002877,PRD0986,1,318.21,318.21
HITM0008970,HORD002877,PRD0903,1,1209.05,1209.05
HITM0008971,HORD002878,PRD0891,1,1468.42,1468.42
HITM0008972,HORD002878,PRD0391,1,1988.32,1988.32
HITM0008973,HORD002878,PRD0108,3,937.98,2813.94
HITM0008974,HORD002878,PRD0410,2,331.6,663.2
HITM0008975,HORD002879,PRD0147,1,172.97,172.97
HITM0008976,HORD002879,PRD0577,1,1838.58,1838.58
HITM0008977,HORD002880,PRD0503,1,892.6,892.6
HITM0008978,HORD002880,PRD0290,1,246.93,246.93
HITM0008979,HORD002880,PRD0094,1,2315.3,2315.3
HITM0008980,HORD002881,PRD0095,1,894.84,894.84
HITM0008981,HORD002881,PRD0751,2,2375.48,4750.96
HITM0008982,HORD002881,PRD0183,1,1343.02,1343.02
HITM0008983,HORD002881,PRD0206,1,691.31,691.31
HITM0008984,HORD002882,PRD0375,1,1092.09,1092.09
HITM0008985,HORD002882,PRD0506,1,669.77,669.77
HITM0008986,HORD002882,PRD0967,1,2391.09,2391.09
HITM0008987,HORD002883,PRD0440,1,306.74,306.74
HITM0008988,HORD002883,PRD0963,1,541.41,541.41
HITM0008989,HORD002883,PRD0680,1,146.6,146.6
HITM0008990,HORD002883,PRD0606,1,838.55,838.55
HITM0008991,HORD002883,PRD0151,1,3129.69,3129.69
HITM0008992,HORD002884,PRD0461,1,1412.1,1412.1
HITM0008993,HORD002884,PRD0609,1,266.46,266.46
HITM0008994,HORD002884,PRD0115,1,630.18,630.18
HITM0008995,HORD002884,PRD0908,2,738.84,1477.68
HITM0008996,HORD002885,PRD0271,2,2739.77,5479.54
HITM0008997,HORD002885,PRD0376,2,294.68,589.36
HITM0008998,HORD002885,PRD0828,1,1072.53,1072.53
HITM0008999,HORD002885,PRD0683,3,736.53,2209.59
HITM0009000,HORD002885,PRD0331,1,2268.14,2268.14
HITM0009001,HORD002886,PRD0846,1,428.47,428.47
HITM0009002,HORD002887,PRD0851,1,955.38,955.38
HITM0009003,HORD002887,PRD0870,2,96.68,193.36
HITM0009004,HORD002887,PRD0786,3,664.7,1994.1
HITM0009005,HORD002888,PRD0532,2,837.86,1675.72
HITM0009006,HORD002888,PRD0715,1,636.68,636.68
HITM0009007,HORD002889,PRD0478,1,1005.98,1005.98
HITM0009008,HORD002889,PRD0535,2,992.5,1985.0
HITM0009009,HORD002889,PRD0936,1,825.41,825.41
HITM0009010,HORD002889,PRD0672,1,1815.6,1815.6
HITM0009011,HORD002889,PRD0880,1,330.2,330.2
HITM0009012,HORD002890,PRD0258,1,114.0,114.0
HITM0009013,HORD002890,PRD0137,1,814.4,814.4
HITM0009014,HORD002891,PRD0252,1,1339.74,1339.74
HITM0009015,HORD002891,PRD0552,1,359.04,359.04
HITM0009016,HORD002891,PRD0049,2,578.63,1157.26
HITM0009017,HORD002891,PRD0238,1,459.3,459.3
HITM0009018,HORD002892,PRD0423,1,371.68,371.68
HITM0009019,HORD002892,PRD0447,1,640.94,640.94
HITM0009020,HORD002892,PRD0473,1,296.86,296.86
HITM0009021,HORD002893,PRD0749,1,285.2,285.2
HITM0009022,HORD002893,PRD0370,1,418.27,418.27
HITM0009023,HORD002893,PRD0380,1,340.9,340.9
HITM0009024,HORD002894,PRD0387,1,1127.53,1127.53
HITM0009025,HORD002894,PRD0521,1,2988.2,2988.2
HITM0009026,HORD002894,PRD0755,1,842.98,842.98
HITM0009027,HORD002895,PRD0779,2,736.32,1472.64
HITM0009028,HORD002895,PRD0079,1,211.26,211.26
HITM0009029,HORD002895,PRD0457,1,269.37,269.37
HITM0009030,HORD002896,PRD0394,2,3192.43,6384.86
HITM0009031,HORD002896,PRD0783,3,962.73,2888.19
HITM0009032,HORD002896,PRD0847,1,553.63,553.63
HITM0009033,HORD002897,PRD0990,1,164.36,164.36
HITM0009034,HORD002897,PRD0900,1,346.54,346.54
HITM0009035,HORD002898,PRD0841,1,1754.04,1754.04
HITM0009036,HORD002898,PRD0686,2,778.95,1557.9
HITM0009037,HORD002898,PRD0566,1,242.05,242.05
HITM0009038,HORD002899,PRD0159,1,852.41,852.41
HITM0009039,HORD002899,PRD0021,1,1354.38,1354.38
HITM0009040,HORD002900,PRD0888,1,240.68,240.68
HITM0009041,HORD002900,PRD0375,1,1092.09,1092.09
HITM0009042,HORD002900,PRD0355,1,703.23,703.23
HITM0009043,HORD002900,PRD0127,1,477.02,477.02
HITM0009044,HORD002901,PRD0594,1,2621.32,2621.32
HITM0009045,HORD002902,PRD0759,3,106.0,318.0
HITM0009046,HORD002902,PRD0192,1,491.21,491.21
HITM0009047,HORD002902,PRD0075,2,417.39,834.78
HITM0009048,HORD002902,PRD0009,1,72.9,72.9
HITM0009049,HORD002903,PRD0589,1,222.62,222.62
HITM0009050,HORD002903,PRD0645,1,295.19,295.19
HITM0009051,HORD002903,PRD0559,1,1310.74,1310.74
HITM0009052,HORD002904,PRD0922,1,1230.33,1230.33
HITM0009053,HORD002904,PRD0522,1,496.11,496.11
HITM0009054,HORD002905,PRD0249,1,682.98,682.98
HITM0009055,HORD002905,PRD0524,1,405.7,405.7
HITM0009056,HORD002905,PRD0618,1,409.5,409.5
HITM0009057,HORD002906,PRD0621,1,1483.46,1483.46
HITM0009058,HORD002906,PRD0290,1,246.93,246.93
HITM0009059,HORD002907,PRD0123,1,501.46,501.46
HITM0009060,HORD002907,PRD0557,1,669.73,669.73
HITM0009061,HORD002907,PRD0477,1,610.76,610.76
HITM0009062,HORD002907,PRD0612,1,319.23,319.23
HITM0009063,HORD002908,PRD0604,1,1091.2,1091.2
HITM0009064,HORD002908,PRD0549,1,1345.32,1345.32
HITM0009065,HORD002908,PRD0333,1,741.56,741.56
HITM0009066,HORD002908,PRD0220,1,261.65,261.65
HITM0009067,HORD002909,PRD0162,1,767.91,767.91
HITM0009068,HORD002909,PRD0066,1,307.12,307.12
HITM0009069,HORD002909,PRD0917,1,1918.86,1918.86
HITM0009070,HORD002910,PRD0249,2,682.98,1365.96
HITM0009071,HORD002910,PRD0056,1,204.63,204.63
HITM0009072,HORD002910,PRD0227,1,2409.78,2409.78
HITM0009073,HORD002911,PRD0010,1,253.38,253.38
HITM0009074,HORD002911,PRD0170,1,419.43,419.43
HITM0009075,HORD002911,PRD0447,1,640.94,640.94
HITM0009076,HORD002911,PRD0120,2,249.64,499.28
HITM0009077,HORD002912,PRD0862,1,750.64,750.64
HITM0009078,HORD002912,PRD0663,1,990.2,990.2
HITM0009079,HORD002912,PRD0587,2,1075.68,2151.36
HITM0009080,HORD002912,PRD0226,2,549.99,1099.98
HITM0009081,HORD002913,PRD0152,1,509.94,509.94
HITM0009082,HORD002913,PRD0992,1,309.63,309.63
HITM0009083,HORD002914,PRD0746,1,367.02,367.02
HITM0009084,HORD002914,PRD0707,1,1840.72,1840.72
HITM0009085,HORD002914,PRD0686,1,778.95,778.95
HITM0009086,HORD002914,PRD0009,1,72.9,72.9
HITM0009087,HORD002915,PRD0062,1,848.94,848.94
HITM0009088,HORD002915,PRD0744,2,3214.18,6428.36
HITM0009089,HORD002915,PRD0784,1,3166.81,3166.81
HITM0009090,HORD002915,PRD0070,2,168.22,336.44
HITM0009091,HORD002916,PRD0875,1,1038.39,1038.39
HITM0009092,HORD002916,PRD0449,2,884.72,1769.44
HITM0009093,HORD002916,PRD0581,2,1656.04,3312.08
HITM0009094,HORD002916,PRD0230,1,112.24,112.24
HITM0009095,HORD002917,PRD0920,2,302.87,605.74
HITM0009096,HORD002917,PRD0176,1,259.71,259.71
HITM0009097,HORD002918,PRD0166,1,462.05,462.05
HITM0009098,HORD002918,PRD0884,1,1284.0,1284.0
HITM0009099,HORD002918,PRD0315,1,779.51,779.51
HITM0009100,HORD002919,PRD0242,3,1247.04,3741.12
HITM0009101,HORD002919,PRD0048,1,533.35,533.35
HITM0009102,HORD002919,PRD0598,1,73.8,73.8
HITM0009103,HORD002920,PRD0055,1,1019.33,1019.33
HITM0009104,HORD002920,PRD0445,1,151.88,151.88
HITM0009105,HORD002921,PRD0968,1,213.37,213.37
HITM0009106,HORD002921,PRD0931,1,1264.51,1264.51
HITM0009107,HORD002921,PRD0113,2,1263.27,2526.54
HITM0009108,HORD002921,PRD0403,1,1470.68,1470.68
HITM0009109,HORD002921,PRD0930,1,307.61,307.61
HITM0009110,HORD002922,PRD0347,1,339.84,339.84
HITM0009111,HORD002922,PRD0757,1,1982.25,1982.25
HITM0009112,HORD002922,PRD0248,1,204.13,204.13
HITM0009113,HORD002923,PRD0245,3,834.16,2502.48
HITM0009114,HORD002923,PRD0048,2,533.35,1066.7
HITM0009115,HORD002923,PRD0409,1,607.08,607.08
HITM0009116,HORD002923,PRD0306,1,98.74,98.74
HITM0009117,HORD002924,PRD0219,1,450.54,450.54
HITM0009118,HORD002924,PRD0657,1,582.44,582.44
HITM0009119,HORD002924,PRD0440,1,306.74,306.74
HITM0009120,HORD002925,PRD0601,2,3067.12,6134.24
HITM0009121,HORD002925,PRD0921,1,2922.43,2922.43
HITM0009122,HORD002925,PRD0618,1,409.5,409.5
HITM0009123,HORD002925,PRD0612,1,319.23,319.23
HITM0009124,HORD002926,PRD0990,2,164.36,328.72
HITM0009125,HORD002927,PRD0035,3,1056.72,3170.16
HITM0009126,HORD002928,PRD0311,1,2276.13,2276.13
HITM0009127,HORD002928,PRD0745,1,147.69,147.69
HITM0009128,HORD002928,PRD0721,1,1687.59,1687.59
HITM0009129,HORD002928,PRD0168,1,663.91,663.91
HITM0009130,HORD002928,PRD0928,2,732.49,1464.98
HITM0009131,HORD002929,PRD0558,1,399.27,399.27
HITM0009132,HORD002929,PRD0433,1,641.45,641.45
HITM0009133,HORD002929,PRD0425,1,477.89,477.89
HITM0009134,HORD002930,PRD0780,2,307.98,615.96
HITM0009135,HORD002930,PRD0010,1,253.38,253.38
HITM0009136,HORD002930,PRD0315,1,779.51,779.51
HITM0009137,HORD002931,PRD0400,1,124.47,124.47
HITM0009138,HORD002931,PRD0694,1,721.36,721.36
HITM0009139,HORD002931,PRD0203,1,724.48,724.48
HITM0009140,HORD002932,PRD0689,1,195.5,195.5
HITM0009141,HORD002933,PRD0646,1,525.73,525.73
HITM0009142,HORD002933,PRD0963,1,541.41,541.41
HITM0009143,HORD002933,PRD0596,1,792.27,792.27
HITM0009144,HORD002934,PRD0278,1,105.64,105.64
HITM0009145,HORD002935,PRD0688,1,814.49,814.49
HITM0009146,HORD002935,PRD0966,2,272.72,545.44
HITM0009147,HORD002936,PRD0515,2,957.39,1914.78
HITM0009148,HORD002936,PRD0307,1,2188.41,2188.41
HITM0009149,HORD002936,PRD0600,1,200.67,200.67
HITM0009150,HORD002936,PRD0168,1,663.91,663.91
HITM0009151,HORD002936,PRD0616,1,242.48,242.48
HITM0009152,HORD002937,PRD0875,1,1038.39,1038.39
HITM0009153,HORD002937,PRD0907,1,60.75,60.75
HITM0009154,HORD002937,PRD0107,1,1356.63,1356.63
HITM0009155,HORD002938,PRD0359,1,329.3,329.3
HITM0009156,HORD002938,PRD0976,1,554.65,554.65
HITM0009157,HORD002938,PRD0616,1,242.48,242.48
HITM0009158,HORD002939,PRD0968,1,213.37,213.37
HITM0009159,HORD002939,PRD0098,2,968.99,1937.98
HITM0009160,HORD002939,PRD0598,1,73.8,73.8
HITM0009161,HORD002940,PRD0424,1,3384.56,3384.56
HITM0009162,HORD002940,PRD0729,1,348.79,348.79
HITM0009163,HORD002940,PRD0835,1,482.69,482.69
HITM0009164,HORD002940,PRD0097,3,2213.08,6639.24
HITM0009165,HORD002940,PRD0129,1,763.45,763.45
HITM0009166,HORD002941,PRD0384,1,830.01,830.01
HITM0009167,HORD002941,PRD0757,1,1982.25,1982.25
HITM0009168,HORD002941,PRD0066,1,307.12,307.12
HITM0009169,HORD002942,PRD0934,1,1797.41,1797.41
HITM0009170,HORD002942,PRD0234,1,4040.17,4040.17
HITM0009171,HORD002942,PRD0450,1,162.55,162.55
HITM0009172,HORD002943,PRD0921,2,2922.43,5844.86
HITM0009173,HORD002943,PRD0179,2,428.63,857.26
HITM0009174,HORD002944,PRD0998,2,544.17,1088.34
HITM0009175,HORD002944,PRD0005,2,171.8,343.6
HITM0009176,HORD002944,PRD0295,1,284.65,284.65
HITM0009177,HORD002945,PRD0907,1,60.75,60.75
HITM0009178,HORD002945,PRD0225,1,749.78,749.78
HITM0009179,HORD002945,PRD0260,3,157.69,473.07
HITM0009180,HORD002945,PRD0011,1,933.48,933.48
HITM0009181,HORD002945,PRD0190,1,40.06,40.06
HITM0009182,HORD002946,PRD0355,1,703.23,703.23
HITM0009183,HORD002946,PRD0658,1,899.02,899.02
HITM0009184,HORD002946,PRD0479,1,361.79,361.79
HITM0009185,HORD002947,PRD0731,2,1123.57,2247.14
HITM0009186,HORD002947,PRD0524,1,405.7,405.7
HITM0009187,HORD002947,PRD0003,1,857.07,857.07
HITM0009188,HORD002947,PRD0074,1,899.01,899.01
HITM0009189,HORD002948,PRD0246,1,799.39,799.39
HITM0009190,HORD002948,PRD0192,1,491.21,491.21
HITM0009191,HORD002948,PRD0182,2,908.42,1816.84
HITM0009192,HORD002948,PRD0134,1,1553.3,1553.3
HITM0009193,HORD002949,PRD0634,1,1993.72,1993.72
HITM0009194,HORD002949,PRD0555,2,380.47,760.94
HITM0009195,HORD002949,PRD0010,1,253.38,253.38
HITM0009196,HORD002949,PRD0251,1,1750.4,1750.4
HITM0009197,HORD002949,PRD0788,1,862.04,862.04
HITM0009198,HORD002950,PRD0845,1,355.13,355.13
HITM0009199,HORD002950,PRD0495,2,1168.15,2336.3
HITM0009200,HORD002950,PRD0607,1,73.33,73.33
HITM0009201,HORD002950,PRD0879,1,329.13,329.13
HITM0009202,HORD002951,PRD0988,1,461.62,461.62
HITM0009203,HORD002951,PRD0002,1,1804.26,1804.26
HITM0009204,HORD002951,PRD0556,1,279.39,279.39
HITM0009205,HORD002951,PRD0513,1,412.83,412.83
HITM0009206,HORD002952,PRD0247,2,55.39,110.78
HITM0009207,HORD002952,PRD0988,1,461.62,461.62
HITM0009208,HORD002953,PRD0740,1,235.84,235.84
HITM0009209,HORD002953,PRD0767,1,1276.85,1276.85
HITM0009210,HORD002953,PRD0650,1,46.68,46.68
HITM0009211,HORD002953,PRD0052,2,502.9,1005.8
HITM0009212,HORD002954,PRD0743,1,718.63,718.63
HITM0009213,HORD002954,PRD0607,1,73.33,73.33
HITM0009214,HORD002954,PRD0382,2,680.83,1361.66
HITM0009215,HORD002955,PRD0224,1,3987.47,3987.47
HITM0009216,HORD002955,PRD0587,1,1075.68,1075.68
HITM0009217,HORD002955,PRD0980,1,171.73,171.73
HITM0009218,HORD002955,PRD0698,1,664.05,664.05
HITM0009219,HORD002955,PRD0942,1,1446.32,1446.32
HITM0009220,HORD002956,PRD0929,1,114.2,114.2
HITM0009221,HORD002956,PRD0580,1,50.37,50.37
HITM0009222,HORD002957,PRD0377,1,1537.07,1537.07
HITM0009223,HORD002958,PRD0319,1,361.0,361.0
HITM0009224,HORD002958,PRD0239,1,1388.63,1388.63
HITM0009225,HORD002958,PRD0997,1,1521.51,1521.51
HITM0009226,HORD002958,PRD0466,1,276.92,276.92
HITM0009227,HORD002958,PRD0003,1,857.07,857.07
HITM0009228,HORD002959,PRD0157,1,93.87,93.87
HITM0009229,HORD002959,PRD0245,1,834.16,834.16
HITM0009230,HORD002959,PRD0238,1,459.3,459.3
HITM0009231,HORD002960,PRD0963,1,541.41,541.41
HITM0009232,HORD002960,PRD0812,1,1554.96,1554.96
HITM0009233,HORD002960,PRD0713,1,1024.28,1024.28
HITM0009234,HORD002961,PRD0927,1,672.07,672.07
HITM0009235,HORD002961,PRD0396,1,147.51,147.51
HITM0009236,HORD002961,PRD0899,1,1454.64,1454.64
HITM0009237,HORD002962,PRD0082,2,411.13,822.26
HITM0009238,HORD002962,PRD0826,2,774.78,1549.56
HITM0009239,HORD002963,PRD0318,1,656.01,656.01
HITM0009240,HORD002963,PRD0462,1,1478.68,1478.68
HITM0009241,HORD002963,PRD0190,1,40.06,40.06
HITM0009242,HORD002964,PRD0912,1,1802.22,1802.22
HITM0009243,HORD002964,PRD0935,1,1012.52,1012.52
HITM0009244,HORD002964,PRD0444,2,2746.34,5492.68
HITM0009245,HORD002964,PRD0038,1,553.02,553.02
HITM0009246,HORD002964,PRD0721,1,1687.59,1687.59
HITM0009247,HORD002965,PRD0535,1,992.5,992.5
HITM0009248,HORD002965,PRD0258,2,114.0,228.0
HITM0009249,HORD002965,PRD0320,3,28.7,86.1
HITM0009250,HORD002965,PRD0614,1,2476.54,2476.54
HITM0009251,HORD002965,PRD0182,1,908.42,908.42
HITM0009252,HORD002966,PRD0498,2,373.64,747.28
HITM0009253,HORD002966,PRD0788,1,862.04,862.04
HITM0009254,HORD002966,PRD0496,3,92.5,277.5
HITM0009255,HORD002967,PRD0607,1,73.33,73.33
HITM0009256,HORD002967,PRD0680,1,146.6,146.6
HITM0009257,HORD002967,PRD0458,1,224.27,224.27
HITM0009258,HORD002968,PRD0630,1,167.94,167.94
HITM0009259,HORD002968,PRD0882,1,492.86,492.86
HITM0009260,HORD002969,PRD0558,2,399.27,798.54
HITM0009261,HORD002969,PRD0293,2,663.82,1327.64
HITM0009262,HORD002969,PRD0143,1,689.45,689.45
HITM0009263,HORD002970,PRD0040,1,348.21,348.21
HITM0009264,HORD002970,PRD0621,1,1483.46,1483.46
HITM0009265,HORD002970,PRD0741,1,1342.0,1342.0
HITM0009266,HORD002971,PRD0525,1,360.27,360.27
HITM0009267,HORD002971,PRD0009,2,72.9,145.8
HITM0009268,HORD002972,PRD0027,1,2295.22,2295.22
HITM0009269,HORD002972,PRD0668,2,598.5,1197.0
HITM0009270,HORD002972,PRD0476,1,336.11,336.11
HITM0009271,HORD002973,PRD0616,1,242.48,242.48
HITM0009272,HORD002973,PRD0867,2,1696.54,3393.08
HITM0009273,HORD002973,PRD0036,1,115.89,115.89
HITM0009274,HORD002974,PRD0074,3,899.01,2697.03
HITM0009275,HORD002974,PRD0256,2,42.53,85.06
HITM0009276,HORD002974,PRD0854,2,1723.49,3446.98
HITM0009277,HORD002975,PRD0178,1,963.54,963.54
HITM0009278,HORD002975,PRD0745,1,147.69,147.69
HITM0009279,HORD002975,PRD0098,1,968.99,968.99
HITM0009280,HORD002975,PRD0555,1,380.47,380.47
HITM0009281,HORD002976,PRD0795,1,1162.94,1162.94
HITM0009282,HORD002976,PRD0958,1,128.04,128.04
HITM0009283,HORD002976,PRD0333,1,741.56,741.56
HITM0009284,HORD002976,PRD0562,2,1169.37,2338.74
HITM0009285,HORD002977,PRD0428,2,353.32,706.64
HITM0009286,HORD002977,PRD0222,2,761.26,1522.52
HITM0009287,HORD002978,PRD0273,1,1320.37,1320.37
HITM0009288,HORD002978,PRD0873,1,448.66,448.66
HITM0009289,HORD002978,PRD0522,1,496.11,496.11
HITM0009290,HORD002979,PRD0776,1,133.13,133.13
HITM0009291,HORD002979,PRD0410,1,331.6,331.6
HITM0009292,HORD002979,PRD0127,1,477.02,477.02
HITM0009293,HORD002980,PRD0273,1,1320.37,1320.37
HITM0009294,HORD002980,PRD0028,2,260.37,520.74
HITM0009295,HORD002980,PRD0329,1,716.82,716.82
HITM0009296,HORD002981,PRD0158,1,289.48,289.48
HITM0009297,HORD002981,PRD0588,1,914.0,914.0
HITM0009298,HORD002981,PRD0288,1,114.25,114.25
HITM0009299,HORD002981,PRD0448,1,455.26,455.26
HITM0009300,HORD002982,PRD0616,1,242.48,242.48
HITM0009301,HORD002982,PRD0392,1,1830.74,1830.74
HITM0009302,HORD002982,PRD0830,1,231.45,231.45
HITM0009303,HORD002983,PRD0248,1,204.13,204.13
HITM0009304,HORD002983,PRD0408,1,297.69,297.69
HITM0009305,HORD002983,PRD0585,1,883.47,883.47
HITM0009306,HORD002983,PRD0686,1,778.95,778.95
HITM0009307,HORD002984,PRD0016,2,802.46,1604.92
HITM0009308,HORD002984,PRD0883,1,1321.14,1321.14
HITM0009309,HORD002984,PRD0240,1,73.63,73.63
HITM0009310,HORD002984,PRD0907,1,60.75,60.75
HITM0009311,HORD002985,PRD0607,1,73.33,73.33
HITM0009312,HORD002986,PRD0375,1,1092.09,1092.09
HITM0009313,HORD002986,PRD0334,2,1878.87,3757.74
HITM0009314,HORD002986,PRD0985,1,865.22,865.22
HITM0009315,HORD002987,PRD0810,1,140.27,140.27
HITM0009316,HORD002987,PRD0532,2,837.86,1675.72
HITM0009317,HORD002987,PRD0680,1,146.6,146.6
HITM0009318,HORD002988,PRD0940,1,127.15,127.15
HITM0009319,HORD002988,PRD0180,1,256.4,256.4
HITM0009320,HORD002989,PRD0995,2,1027.49,2054.98
HITM0009321,HORD002990,PRD0310,1,125.16,125.16
HITM0009322,HORD002990,PRD0218,2,872.61,1745.22
HITM0009323,HORD002990,PRD0359,1,329.3,329.3
HITM0009324,HORD002990,PRD0969,2,185.9,371.8
HITM0009325,HORD002991,PRD0693,1,635.88,635.88
HITM0009326,HORD002991,PRD0286,2,752.91,1505.82
HITM0009327,HORD002991,PRD0969,2,185.9,371.8
HITM0009328,HORD002992,PRD0736,1,773.17,773.17
HITM0009329,HORD002992,PRD0866,1,492.83,492.83
HITM0009330,HORD002992,PRD0127,1,477.02,477.02
HITM0009331,HORD002992,PRD0183,1,1343.02,1343.02
HITM0009332,HORD002992,PRD0319,1,361.0,361.0
HITM0009333,HORD002993,PRD0666,2,343.92,687.84
HITM0009334,HORD002993,PRD0604,1,1091.2,1091.2
HITM0009335,HORD002993,PRD0886,1,194.21,194.21
HITM0009336,HORD002994,PRD0935,1,1012.52,1012.52
HITM0009337,HORD002994,PRD0627,1,931.65,931.65
HITM0009338,HORD002994,PRD0361,1,2952.43,2952.43
HITM0009339,HORD002995,PRD0997,1,1521.51,1521.51
HITM0009340,HORD002995,PRD0712,1,810.01,810.01
HITM0009341,HORD002996,PRD0705,1,369.85,369.85
HITM0009342,HORD002996,PRD0167,1,2152.29,2152.29
HITM0009343,HORD002996,PRD0546,2,180.12,360.24
HITM0009344,HORD002996,PRD0831,3,2116.77,6350.31
HITM0009345,HORD002996,PRD0266,1,439.49,439.49
HITM0009346,HORD002997,PRD0782,1,743.41,743.41
HITM0009347,HORD002997,PRD0928,1,732.49,732.49
HITM0009348,HORD002997,PRD0784,1,3166.81,3166.81
HITM0009349,HORD002998,PRD0157,1,93.87,93.87
HITM0009350,HORD002998,PRD0946,1,180.12,180.12
HITM0009351,HORD002998,PRD0740,1,235.84,235.84
HITM0009352,HORD002999,PRD0931,1,1264.51,1264.51
HITM0009353,HORD002999,PRD0866,1,492.83,492.83
HITM0009354,HORD002999,PRD0168,2,663.91,1327.82
HITM0009355,HORD002999,PRD0691,1,1463.28,1463.28
HITM0009356,HORD003000,PRD0966,1,272.72,272.72
HITM0009357,HORD003000,PRD0822,1,324.31,324.31
HITM0009358,HORD003001,PRD0780,1,307.98,307.98
HITM0009359,HORD003001,PRD0572,1,1663.78,1663.78
HITM0009360,HORD003002,PRD0797,1,1054.08,1054.08
HITM0009361,HORD003002,PRD0431,3,2819.89,8459.67
HITM0009362,HORD003002,PRD0300,1,51.94,51.94
HITM0009363,HORD003002,PRD0486,1,188.03,188.03
HITM0009364,HORD003003,PRD0628,2,586.24,1172.48
HITM0009365,HORD003003,PRD0135,1,1050.45,1050.45
HITM0009366,HORD003004,PRD0091,1,1365.66,1365.66
HITM0009367,HORD003005,PRD0273,1,1320.37,1320.37
HITM0009368,HORD003005,PRD0500,1,137.18,137.18
HITM0009369,HORD003005,PRD0670,1,278.65,278.65
HITM0009370,HORD003005,PRD0463,1,1555.83,1555.83
HITM0009371,HORD003005,PRD0410,1,331.6,331.6
HITM0009372,HORD003006,PRD0443,1,684.87,684.87
HITM0009373,HORD003006,PRD0845,1,355.13,355.13
HITM0009374,HORD003006,PRD0528,1,1044.78,1044.78
HITM0009375,HORD003006,PRD0729,2,348.79,697.58
HITM0009376,HORD003007,PRD0873,1,448.66,448.66
HITM0009377,HORD003007,PRD0382,1,680.83,680.83
HITM0009378,HORD003008,PRD0625,1,458.46,458.46
HITM0009379,HORD003008,PRD0173,1,320.83,320.83
HITM0009380,HORD003009,PRD0818,2,184.36,368.72
HITM0009381,HORD003009,PRD0492,2,1140.56,2281.12
HITM0009382,HORD003009,PRD0626,1,362.78,362.78
HITM0009383,HORD003010,PRD0746,2,367.02,734.04
HITM0009384,HORD003010,PRD0134,1,1553.3,1553.3
HITM0009385,HORD003011,PRD0789,2,1032.76,2065.52
HITM0009386,HORD003011,PRD0300,1,51.94,51.94
HITM0009387,HORD003011,PRD0717,3,825.84,2477.52
HITM0009388,HORD003011,PRD0130,1,167.84,167.84
HITM0009389,HORD003012,PRD0568,1,977.48,977.48
HITM0009390,HORD003012,PRD0518,2,69.83,139.66
HITM0009391,HORD003012,PRD0356,2,610.16,1220.32
HITM0009392,HORD003012,PRD0691,1,1463.28,1463.28
HITM0009393,HORD003013,PRD0909,2,1280.89,2561.78
HITM0009394,HORD003013,PRD0566,1,242.05,242.05
HITM0009395,HORD003013,PRD0446,2,607.85,1215.7
HITM0009396,HORD003013,PRD0835,2,482.69,965.38
HITM0009397,HORD003014,PRD0885,1,867.28,867.28
HITM0009398,HORD003014,PRD0176,1,259.71,259.71
HITM0009399,HORD003014,PRD0455,2,858.23,1716.46
HITM0009400,HORD003015,PRD0590,1,197.67,197.67
HITM0009401,HORD003016,PRD0782,2,743.41,1486.82
HITM0009402,HORD003016,PRD0047,2,859.23,1718.46
HITM0009403,HORD003016,PRD0809,1,155.22,155.22
HITM0009404,HORD003016,PRD0370,1,418.27,418.27
HITM0009405,HORD003017,PRD0282,1,521.34,521.34
HITM0009406,HORD003018,PRD0410,1,331.6,331.6
HITM0009407,HORD003018,PRD0197,2,925.36,1850.72
HITM0009408,HORD003019,PRD0770,1,376.65,376.65
HITM0009409,HORD003019,PRD0202,1,1161.02,1161.02
HITM0009410,HORD003019,PRD0767,2,1276.85,2553.7
HITM0009411,HORD003020,PRD0099,1,1059.78,1059.78
HITM0009412,HORD003020,PRD0074,1,899.01,899.01
HITM0009413,HORD003020,PRD0044,1,4145.78,4145.78
HITM0009414,HORD003021,PRD0928,1,732.49,732.49
HITM0009415,HORD003021,PRD0550,1,224.46,224.46
HITM0009416,HORD003021,PRD0705,1,369.85,369.85
HITM0009417,HORD003022,PRD0680,1,146.6,146.6
HITM0009418,HORD003022,PRD0477,1,610.76,610.76
HITM0009419,HORD003022,PRD0831,1,2116.77,2116.77
HITM0009420,HORD003023,PRD0318,1,656.01,656.01
HITM0009421,HORD003023,PRD0769,1,633.25,633.25
HITM0009422,HORD003023,PRD0359,1,329.3,329.3
HITM0009423,HORD003024,PRD0360,1,45.63,45.63
HITM0009424,HORD003024,PRD0123,1,501.46,501.46
HITM0009425,HORD003024,PRD0718,1,880.28,880.28
HITM0009426,HORD003024,PRD0558,2,399.27,798.54
HITM0009427,HORD003024,PRD0023,1,394.6,394.6
HITM0009428,HORD003025,PRD0064,1,2568.99,2568.99
HITM0009429,HORD003025,PRD0152,1,509.94,509.94
HITM0009430,HORD003025,PRD0088,1,994.41,994.41
HITM0009431,HORD003025,PRD0348,1,312.21,312.21
HITM0009432,HORD003025,PRD0739,1,345.91,345.91
HITM0009433,HORD003026,PRD0124,1,2062.78,2062.78
HITM0009434,HORD003026,PRD0917,1,1918.86,1918.86
HITM0009435,HORD003026,PRD0036,2,115.89,231.78
HITM0009436,HORD003027,PRD0343,1,1454.71,1454.71
HITM0009437,HORD003027,PRD0650,1,46.68,46.68
HITM0009438,HORD003027,PRD0456,1,700.91,700.91
HITM0009439,HORD003027,PRD0982,2,807.01,1614.02
HITM0009440,HORD003028,PRD0509,1,849.35,849.35
HITM0009441,HORD003028,PRD0262,2,1531.6,3063.2
HITM0009442,HORD003028,PRD0713,1,1024.28,1024.28
HITM0009443,HORD003029,PRD0028,2,260.37,520.74
HITM0009444,HORD003029,PRD0320,2,28.7,57.4
HITM0009445,HORD003029,PRD0093,1,619.68,619.68
HITM0009446,HORD003029,PRD0758,2,261.9,523.8
HITM0009447,HORD003030,PRD0117,1,654.86,654.86
HITM0009448,HORD003030,PRD0931,1,1264.51,1264.51
HITM0009449,HORD003030,PRD0806,1,541.85,541.85
HITM0009450,HORD003030,PRD0618,1,409.5,409.5
HITM0009451,HORD003031,PRD0747,1,1759.9,1759.9
HITM0009452,HORD003031,PRD0666,1,343.92,343.92
HITM0009453,HORD003032,PRD0618,1,409.5,409.5
HITM0009454,HORD003032,PRD0034,1,3531.96,3531.96
HITM0009455,HORD003032,PRD0245,1,834.16,834.16
HITM0009456,HORD003033,PRD0757,1,1982.25,1982.25
HITM0009457,HORD003033,PRD0149,1,504.76,504.76
HITM0009458,HORD003033,PRD0539,1,642.49,642.49
HITM0009459,HORD003033,PRD0678,1,133.66,133.66
HITM0009460,HORD003034,PRD0395,1,843.62,843.62
HITM0009461,HORD003034,PRD0196,1,525.15,525.15
HITM0009462,HORD003035,PRD0696,1,548.07,548.07
HITM0009463,HORD003035,PRD0585,1,883.47,883.47
HITM0009464,HORD003035,PRD0009,1,72.9,72.9
HITM0009465,HORD003036,PRD0893,2,792.02,1584.04
HITM0009466,HORD003036,PRD0599,2,1008.74,2017.48
HITM0009467,HORD003037,PRD0828,1,1072.53,1072.53
HITM0009468,HORD003037,PRD0263,1,1358.3,1358.3
HITM0009469,HORD003037,PRD0594,2,2621.32,5242.64
HITM0009470,HORD003038,PRD0388,1,191.0,191.0
HITM0009471,HORD003038,PRD0174,1,442.41,442.41
HITM0009472,HORD003038,PRD0620,3,23.82,71.46
HITM0009473,HORD003038,PRD0520,1,404.65,404.65
HITM0009474,HORD003038,PRD0176,1,259.71,259.71
HITM0009475,HORD003039,PRD0270,1,237.62,237.62
HITM0009476,HORD003039,PRD0481,1,1590.61,1590.61
HITM0009477,HORD003039,PRD0039,1,1008.92,1008.92
HITM0009478,HORD003039,PRD0530,1,338.05,338.05
HITM0009479,HORD003039,PRD0539,1,642.49,642.49
HITM0009480,HORD003040,PRD0890,2,293.06,586.12
HITM0009481,HORD003040,PRD0806,1,541.85,541.85
HITM0009482,HORD003040,PRD0636,1,249.94,249.94
HITM0009483,HORD003040,PRD0157,1,93.87,93.87
HITM0009484,HORD003041,PRD0306,1,98.74,98.74
HITM0009485,HORD003041,PRD0064,1,2568.99,2568.99
HITM0009486,HORD003042,PRD0906,2,755.23,1510.46
HITM0009487,HORD003042,PRD0532,2,837.86,1675.72
HITM0009488,HORD003043,PRD0739,2,345.91,691.82
HITM0009489,HORD003043,PRD0595,1,126.92,126.92
HITM0009490,HORD003043,PRD0224,1,3987.47,3987.47
HITM0009491,HORD003043,PRD0042,1,1767.57,1767.57
HITM0009492,HORD003044,PRD0567,1,69.51,69.51
HITM0009493,HORD003044,PRD0877,2,2091.32,4182.64
HITM0009494,HORD003044,PRD0806,3,541.85,1625.55
HITM0009495,HORD003045,PRD0056,2,204.63,409.26
HITM0009496,HORD003046,PRD0986,2,318.21,636.42
HITM0009497,HORD003046,PRD0298,1,727.39,727.39
HITM0009498,HORD003046,PRD0894,1,1997.25,1997.25
HITM0009499,HORD003046,PRD0085,1,195.1,195.1
HITM0009500,HORD003047,PRD0549,2,1345.32,2690.64
HITM0009501,HORD003047,PRD1000,1,175.0,175.0
HITM0009502,HORD003048,PRD0023,2,394.6,789.2
HITM0009503,HORD003048,PRD0996,1,439.4,439.4
HITM0009504,HORD003048,PRD0866,2,492.83,985.66
HITM0009505,HORD003048,PRD0781,2,2064.25,4128.5
HITM0009506,HORD003048,PRD0285,1,929.48,929.48
HITM0009507,HORD003049,PRD0184,2,1417.97,2835.94
HITM0009508,HORD003049,PRD0999,2,719.67,1439.34
HITM0009509,HORD003049,PRD0756,1,389.58,389.58
HITM0009510,HORD003050,PRD0636,1,249.94,249.94
HITM0009511,HORD003050,PRD0764,1,1624.39,1624.39
HITM0009512,HORD003050,PRD0439,1,236.05,236.05
HITM0009513,HORD003051,PRD0766,1,74.26,74.26
HITM0009514,HORD003051,PRD0150,2,199.69,399.38
HITM0009515,HORD003052,PRD0213,1,1050.73,1050.73
HITM0009516,HORD003053,PRD0578,1,307.89,307.89
HITM0009517,HORD003053,PRD0263,1,1358.3,1358.3
HITM0009518,HORD003053,PRD0288,1,114.25,114.25
HITM0009519,HORD003053,PRD0036,1,115.89,115.89
HITM0009520,HORD003053,PRD0079,1,211.26,211.26
HITM0009521,HORD003054,PRD0249,1,682.98,682.98
HITM0009522,HORD003054,PRD0760,1,322.74,322.74
HITM0009523,HORD003054,PRD0940,1,127.15,127.15
HITM0009524,HORD003054,PRD0912,1,1802.22,1802.22
HITM0009525,HORD003055,PRD0145,3,439.24,1317.72
HITM0009526,HORD003055,PRD0067,1,974.43,974.43
HITM0009527,HORD003055,PRD0628,1,586.24,586.24
HITM0009528,HORD003055,PRD0320,1,28.7,28.7
HITM0009529,HORD003055,PRD0899,1,1454.64,1454.64
HITM0009530,HORD003056,PRD0468,1,714.1,714.1
HITM0009531,HORD003056,PRD0310,1,125.16,125.16
HITM0009532,HORD003056,PRD0130,1,167.84,167.84
HITM0009533,HORD003057,PRD0529,2,923.93,1847.86
HITM0009534,HORD003057,PRD0119,1,752.72,752.72
HITM0009535,HORD003057,PRD0641,1,1767.13,1767.13
HITM0009536,HORD003058,PRD0390,1,408.91,408.91
HITM0009537,HORD003058,PRD0869,1,1315.16,1315.16
HITM0009538,HORD003058,PRD0099,1,1059.78,1059.78
HITM0009539,HORD003059,PRD0320,2,28.7,57.4
HITM0009540,HORD003059,PRD0286,1,752.91,752.91
HITM0009541,HORD003059,PRD0709,1,1432.58,1432.58
HITM0009542,HORD003060,PRD0593,1,826.29,826.29
HITM0009543,HORD003060,PRD0163,1,1233.05,1233.05
HITM0009544,HORD003060,PRD0608,1,200.97,200.97
HITM0009545,HORD003061,PRD0276,1,670.27,670.27
HITM0009546,HORD003061,PRD0722,1,1628.14,1628.14
HITM0009547,HORD003062,PRD0040,1,348.21,348.21
HITM0009548,HORD003062,PRD0620,1,23.82,23.82
HITM0009549,HORD003063,PRD0288,1,114.25,114.25
HITM0009550,HORD003063,PRD0713,2,1024.28,2048.56
HITM0009551,HORD003064,PRD0311,2,2276.13,4552.26
HITM0009552,HORD003064,PRD0412,1,1351.05,1351.05
HITM0009553,HORD003064,PRD0259,2,983.93,1967.86
HITM0009554,HORD003065,PRD0636,1,249.94,249.94
HITM0009555,HORD003065,PRD0316,3,653.66,1960.98
HITM0009556,HORD003065,PRD0750,2,315.03,630.06
HITM0009557,HORD003065,PRD0164,1,1335.24,1335.24
HITM0009558,HORD003065,PRD0380,2,340.9,681.8
HITM0009559,HORD003066,PRD0012,1,1136.26,1136.26
HITM0009560,HORD003066,PRD0113,1,1263.27,1263.27
HITM0009561,HORD003067,PRD0300,1,51.94,51.94
HITM0009562,HORD003067,PRD0212,3,1664.12,4992.36
HITM0009563,HORD003067,PRD0908,2,738.84,1477.68
HITM0009564,HORD003068,PRD0322,1,326.02,326.02
HITM0009565,HORD003068,PRD0939,1,67.43,67.43
HITM0009566,HORD003068,PRD0337,1,2481.18,2481.18
HITM0009567,HORD003069,PRD0912,1,1802.22,1802.22
HITM0009568,HORD003069,PRD0185,1,925.9,925.9
HITM0009569,HORD003070,PRD0546,1,180.12,180.12
HITM0009570,HORD003070,PRD0659,2,1177.04,2354.08
HITM0009571,HORD003070,PRD0612,1,319.23,319.23
HITM0009572,HORD003070,PRD0257,1,210.79,210.79
HITM0009573,HORD003071,PRD0702,2,403.74,807.48
HITM0009574,HORD003071,PRD0918,1,697.62,697.62
HITM0009575,HORD003071,PRD0212,1,1664.12,1664.12
HITM0009576,HORD003072,PRD0968,1,213.37,213.37
HITM0009577,HORD003072,PRD0445,1,151.88,151.88
HITM0009578,HORD003072,PRD0171,2,993.07,1986.14
HITM0009579,HORD003072,PRD0009,1,72.9,72.9
HITM0009580,HORD003072,PRD0130,1,167.84,167.84
HITM0009581,HORD003073,PRD0810,1,140.27,140.27
HITM0009582,HORD003073,PRD0983,1,1481.15,1481.15
HITM0009583,HORD003073,PRD0206,2,691.31,1382.62
HITM0009584,HORD003074,PRD0871,3,920.12,2760.36
HITM0009585,HORD003074,PRD0834,1,702.11,702.11
HITM0009586,HORD003074,PRD0240,1,73.63,73.63
HITM0009587,HORD003074,PRD0449,1,884.72,884.72
HITM0009588,HORD003075,PRD0880,1,330.2,330.2
HITM0009589,HORD003075,PRD0872,1,1197.21,1197.21
HITM0009590,HORD003075,PRD0928,1,732.49,732.49
HITM0009591,HORD003076,PRD0727,1,1950.79,1950.79
HITM0009592,HORD003076,PRD0835,1,482.69,482.69
HITM0009593,HORD003076,PRD0818,1,184.36,184.36
HITM0009594,HORD003077,PRD0632,1,878.95,878.95
HITM0009595,HORD003077,PRD1000,3,175.0,525.0
HITM0009596,HORD003077,PRD0863,1,916.89,916.89
HITM0009597,HORD003077,PRD0300,1,51.94,51.94
HITM0009598,HORD003078,PRD0312,1,1542.36,1542.36
HITM0009599,HORD003078,PRD0939,2,67.43,134.86
HITM0009600,HORD003078,PRD0599,2,1008.74,2017.48
HITM0009601,HORD003078,PRD0266,1,439.49,439.49
HITM0009602,HORD003079,PRD0229,1,1480.27,1480.27
HITM0009603,HORD003079,PRD0186,1,386.44,386.44
HITM0009604,HORD003079,PRD0144,1,434.98,434.98
HITM0009605,HORD003080,PRD0310,1,125.16,125.16
HITM0009606,HORD003080,PRD0367,1,2471.53,2471.53
HITM0009607,HORD003080,PRD0882,1,492.86,492.86
HITM0009608,HORD003080,PRD0240,1,73.63,73.63
HITM0009609,HORD003081,PRD0738,1,629.85,629.85
HITM0009610,HORD003081,PRD0844,1,2177.73,2177.73
HITM0009611,HORD003081,PRD0926,3,532.72,1598.16
HITM0009612,HORD003081,PRD0029,1,853.57,853.57
HITM0009613,HORD003082,PRD0866,1,492.83,492.83
HITM0009614,HORD003082,PRD0705,1,369.85,369.85
HITM0009615,HORD003082,PRD0360,1,45.63,45.63
HITM0009616,HORD003082,PRD0159,1,852.41,852.41
HITM0009617,HORD003083,PRD0686,1,778.95,778.95
HITM0009618,HORD003083,PRD0640,2,362.06,724.12
HITM0009619,HORD003083,PRD0258,1,114.0,114.0
HITM0009620,HORD003083,PRD0338,1,484.72,484.72
HITM0009621,HORD003084,PRD0882,1,492.86,492.86
HITM0009622,HORD003084,PRD0083,1,1520.68,1520.68
HITM0009623,HORD003084,PRD0031,2,2301.05,4602.1
HITM0009624,HORD003085,PRD0777,1,876.73,876.73
HITM0009625,HORD003085,PRD0639,2,537.34,1074.68
HITM0009626,HORD003086,PRD0089,2,462.29,924.58
HITM0009627,HORD003086,PRD0446,1,607.85,607.85
HITM0009628,HORD003087,PRD0228,1,575.39,575.39
HITM0009629,HORD003087,PRD0233,1,942.53,942.53
HITM0009630,HORD003087,PRD0401,2,2595.7,5191.4
HITM0009631,HORD003087,PRD0337,1,2481.18,2481.18
HITM0009632,HORD003088,PRD0107,1,1356.63,1356.63
HITM0009633,HORD003088,PRD0648,2,450.1,900.2
HITM0009634,HORD003088,PRD0793,2,1315.85,2631.7
HITM0009635,HORD003089,PRD0781,1,2064.25,2064.25
HITM0009636,HORD003089,PRD0865,1,691.66,691.66
HITM0009637,HORD003090,PRD0551,1,3156.44,3156.44
HITM0009638,HORD003090,PRD0729,3,348.79,1046.37
HITM0009639,HORD003090,PRD0057,1,2000.1,2000.1
HITM0009640,HORD003090,PRD0850,1,216.39,216.39
HITM0009641,HORD003090,PRD0009,1,72.9,72.9
HITM0009642,HORD003091,PRD0520,2,404.65,809.3
HITM0009643,HORD003091,PRD0524,2,405.7,811.4
HITM0009644,HORD003092,PRD0798,1,901.72,901.72
HITM0009645,HORD003092,PRD0796,1,559.87,559.87
HITM0009646,HORD003093,PRD0062,1,848.94,848.94
HITM0009647,HORD003093,PRD0898,1,450.61,450.61
HITM0009648,HORD003094,PRD0288,1,114.25,114.25
HITM0009649,HORD003094,PRD0506,1,669.77,669.77
HITM0009650,HORD003094,PRD0544,1,3608.38,3608.38
HITM0009651,HORD003094,PRD0081,1,1775.5,1775.5
HITM0009652,HORD003095,PRD0522,3,496.11,1488.33
HITM0009653,HORD003095,PRD0910,2,334.83,669.66
HITM0009654,HORD003095,PRD0323,1,1295.86,1295.86
HITM0009655,HORD003096,PRD0582,2,1229.26,2458.52
HITM0009656,HORD003096,PRD0969,3,185.9,557.7
HITM0009657,HORD003096,PRD0465,1,614.27,614.27
HITM0009658,HORD003097,PRD0079,1,211.26,211.26
HITM0009659,HORD003097,PRD0236,1,353.9,353.9
HITM0009660,HORD003097,PRD0405,1,406.75,406.75
HITM0009661,HORD003098,PRD0625,1,458.46,458.46
HITM0009662,HORD003099,PRD0440,1,306.74,306.74
HITM0009663,HORD003100,PRD0312,1,1542.36,1542.36
HITM0009664,HORD003100,PRD0794,1,3939.25,3939.25
HITM0009665,HORD003100,PRD0355,1,703.23,703.23
HITM0009666,HORD003101,PRD0184,1,1417.97,1417.97
HITM0009667,HORD003101,PRD0914,1,4046.92,4046.92
HITM0009668,HORD003102,PRD0180,1,256.4,256.4
HITM0009669,HORD003102,PRD0411,2,1497.57,2995.14
HITM0009670,HORD003102,PRD0531,2,1957.27,3914.54
HITM0009671,HORD003103,PRD0708,1,119.42,119.42
HITM0009672,HORD003103,PRD0169,1,585.79,585.79
HITM0009673,HORD003103,PRD0470,1,149.63,149.63
HITM0009674,HORD003104,PRD0043,1,634.32,634.32
HITM0009675,HORD003104,PRD0819,1,1070.76,1070.76
HITM0009676,HORD003104,PRD0679,1,399.42,399.42
HITM0009677,HORD003104,PRD0239,2,1388.63,2777.26
HITM0009678,HORD003105,PRD0752,2,1432.08,2864.16
HITM0009679,HORD003105,PRD0826,1,774.78,774.78
HITM0009680,HORD003106,PRD0320,2,28.7,57.4
HITM0009681,HORD003106,PRD0957,2,108.95,217.9
HITM0009682,HORD003106,PRD0008,1,751.87,751.87
HITM0009683,HORD003107,PRD0438,1,504.83,504.83
HITM0009684,HORD003107,PRD0709,1,1432.58,1432.58
HITM0009685,HORD003108,PRD0305,1,924.51,924.51
HITM0009686,HORD003108,PRD0225,1,749.78,749.78
HITM0009687,HORD003108,PRD0376,1,294.68,294.68
HITM0009688,HORD003108,PRD0890,1,293.06,293.06
HITM0009689,HORD003109,PRD0018,1,783.79,783.79
HITM0009690,HORD003109,PRD0598,1,73.8,73.8
HITM0009691,HORD003109,PRD0604,1,1091.2,1091.2
HITM0009692,HORD003109,PRD0740,1,235.84,235.84
HITM0009693,HORD003110,PRD0482,1,1441.83,1441.83
HITM0009694,HORD003110,PRD0213,1,1050.73,1050.73
HITM0009695,HORD003110,PRD0238,1,459.3,459.3
HITM0009696,HORD003111,PRD0803,1,395.35,395.35
HITM0009697,HORD003111,PRD0066,1,307.12,307.12
HITM0009698,HORD003111,PRD0799,1,629.39,629.39
HITM0009699,HORD003111,PRD0959,1,206.84,206.84
HITM0009700,HORD003112,PRD0096,1,259.24,259.24
HITM0009701,HORD003112,PRD0509,1,849.35,849.35
HITM0009702,HORD003112,PRD0110,1,392.12,392.12
HITM0009703,HORD003112,PRD0696,1,548.07,548.07
HITM0009704,HORD003112,PRD0512,2,853.67,1707.34
HITM0009705,HORD003113,PRD0452,1,353.39,353.39
HITM0009706,HORD003113,PRD0990,1,164.36,164.36
HITM0009707,HORD003114,PRD0920,1,302.87,302.87
HITM0009708,HORD003114,PRD0768,1,149.86,149.86
HITM0009709,HORD003115,PRD0075,2,417.39,834.78
HITM0009710,HORD003115,PRD0710,1,397.66,397.66
HITM0009711,HORD003115,PRD0513,1,412.83,412.83
HITM0009712,HORD003116,PRD0129,2,763.45,1526.9
HITM0009713,HORD003116,PRD0534,1,459.7,459.7
HITM0009714,HORD003116,PRD0147,2,172.97,345.94
HITM0009715,HORD003116,PRD0378,2,751.56,1503.12
HITM0009716,HORD003117,PRD0319,1,361.0,361.0
HITM0009717,HORD003117,PRD0669,1,736.46,736.46
HITM0009718,HORD003117,PRD0486,2,188.03,376.06
HITM0009719,HORD003118,PRD0799,1,629.39,629.39
HITM0009720,HORD003118,PRD0124,1,2062.78,2062.78
HITM0009721,HORD003118,PRD0133,1,362.55,362.55
HITM0009722,HORD003118,PRD0355,1,703.23,703.23
HITM0009723,HORD003119,PRD0993,1,448.46,448.46
HITM0009724,HORD003119,PRD0606,1,838.55,838.55
HITM0009725,HORD003119,PRD0764,1,1624.39,1624.39
HITM0009726,HORD003120,PRD0813,2,372.89,745.78
HITM0009727,HORD003120,PRD0331,1,2268.14,2268.14
HITM0009728,HORD003121,PRD0160,1,332.63,332.63
HITM0009729,HORD003121,PRD0139,1,323.99,323.99
HITM0009730,HORD003122,PRD0822,1,324.31,324.31
HITM0009731,HORD003122,PRD0420,1,409.7,409.7
HITM0009732,HORD003122,PRD0889,1,743.48,743.48
HITM0009733,HORD003123,PRD0928,1,732.49,732.49
HITM0009734,HORD003123,PRD0650,1,46.68,46.68
HITM0009735,HORD003123,PRD0674,1,3470.37,3470.37
HITM0009736,HORD003123,PRD0084,1,854.14,854.14
HITM0009737,HORD003124,PRD0604,1,1091.2,1091.2
HITM0009738,HORD003124,PRD0874,1,940.07,940.07
HITM0009739,HORD003125,PRD0265,1,697.49,697.49
HITM0009740,HORD003125,PRD0420,2,409.7,819.4
HITM0009741,HORD003125,PRD0819,2,1070.76,2141.52
HITM0009742,HORD003125,PRD0561,1,1093.04,1093.04
HITM0009743,HORD003125,PRD0471,1,985.84,985.84
HITM0009744,HORD003126,PRD0226,1,549.99,549.99
HITM0009745,HORD003126,PRD0338,1,484.72,484.72
HITM0009746,HORD003127,PRD0933,2,296.95,593.9
HITM0009747,HORD003127,PRD0387,1,1127.53,1127.53
HITM0009748,HORD003127,PRD0488,1,1046.44,1046.44
HITM0009749,HORD003127,PRD0882,1,492.86,492.86
HITM0009750,HORD003127,PRD0179,1,428.63,428.63
HITM0009751,HORD003128,PRD0701,1,2630.13,2630.13
HITM0009752,HORD003128,PRD0504,1,3728.54,3728.54
HITM0009753,HORD003128,PRD0077,1,1534.37,1534.37
HITM0009754,HORD003128,PRD0113,1,1263.27,1263.27
HITM0009755,HORD003129,PRD0070,1,168.22,168.22
HITM0009756,HORD003129,PRD0555,1,380.47,380.47
HITM0009757,HORD003129,PRD0536,2,430.74,861.48
HITM0009758,HORD003129,PRD0059,1,343.68,343.68
HITM0009759,HORD003130,PRD0209,1,456.39,456.39
HITM0009760,HORD003130,PRD0838,1,771.2,771.2
HITM0009761,HORD003130,PRD0382,1,680.83,680.83
HITM0009762,HORD003131,PRD0609,1,266.46,266.46
HITM0009763,HORD003131,PRD0638,1,508.53,508.53
HITM0009764,HORD003131,PRD0154,2,1730.69,3461.38
HITM0009765,HORD003131,PRD0861,1,2778.32,2778.32
HITM0009766,HORD003131,PRD0027,2,2295.22,4590.44
HITM0009767,HORD003132,PRD0813,1,372.89,372.89
HITM0009768,HORD003132,PRD0992,2,309.63,619.26
HITM0009769,HORD003132,PRD0920,1,302.87,302.87
HITM0009770,HORD003133,PRD0787,2,1661.26,3322.52
HITM0009771,HORD003133,PRD0097,2,2213.08,4426.16
HITM0009772,HORD003133,PRD0432,1,571.62,571.62
HITM0009773,HORD003133,PRD0452,2,353.39,706.78
HITM0009774,HORD003134,PRD0578,2,307.89,615.78
HITM0009775,HORD003134,PRD0379,1,212.81,212.81
HITM0009776,HORD003134,PRD0589,1,222.62,222.62
HITM0009777,HORD003135,PRD0425,1,477.89,477.89
HITM0009778,HORD003135,PRD0731,1,1123.57,1123.57
HITM0009779,HORD003135,PRD0788,3,862.04,2586.12
HITM0009780,HORD003136,PRD0307,1,2188.41,2188.41
HITM0009781,HORD003136,PRD0350,1,351.6,351.6
HITM0009782,HORD003136,PRD0037,1,953.09,953.09
HITM0009783,HORD003137,PRD0284,1,4114.93,4114.93
HITM0009784,HORD003137,PRD0609,2,266.46,532.92
HITM0009785,HORD003137,PRD0104,1,2480.22,2480.22
HITM0009786,HORD003138,PRD0685,2,755.89,1511.78
HITM0009787,HORD003138,PRD0950,1,258.24,258.24
HITM0009788,HORD003139,PRD0209,2,456.39,912.78
HITM0009789,HORD003139,PRD0630,1,167.94,167.94
HITM0009790,HORD003139,PRD0364,1,789.55,789.55
HITM0009791,HORD003139,PRD0030,1,278.37,278.37
HITM0009792,HORD003140,PRD0996,2,439.4,878.8
HITM0009793,HORD003140,PRD0086,1,372.14,372.14
HITM0009794,HORD003140,PRD0437,1,662.34,662.34
HITM0009795,HORD003140,PRD0045,2,368.84,737.68
HITM0009796,HORD003141,PRD0022,1,473.77,473.77
HITM0009797,HORD003141,PRD0035,1,1056.72,1056.72
HITM0009798,HORD003141,PRD0401,1,2595.7,2595.7
HITM0009799,HORD003141,PRD0080,1,302.02,302.02
HITM0009800,HORD003142,PRD0916,2,515.65,1031.3
HITM0009801,HORD003142,PRD0858,1,421.26,421.26
HITM0009802,HORD003142,PRD0817,1,1148.51,1148.51
HITM0009803,HORD003143,PRD0897,2,1151.44,2302.88
HITM0009804,HORD003143,PRD0125,1,1026.87,1026.87
HITM0009805,HORD003143,PRD0491,2,2151.39,4302.78
HITM0009806,HORD003143,PRD0729,1,348.79,348.79
HITM0009807,HORD003144,PRD0278,2,105.64,211.28
HITM0009808,HORD003144,PRD0493,2,760.85,1521.7
HITM0009809,HORD003144,PRD0595,1,126.92,126.92
HITM0009810,HORD003144,PRD0737,1,194.63,194.63
HITM0009811,HORD003144,PRD0295,1,284.65,284.65
HITM0009812,HORD003145,PRD0854,1,1723.49,1723.49
HITM0009813,HORD003145,PRD0111,1,2559.72,2559.72
HITM0009814,HORD003146,PRD0174,1,442.41,442.41
HITM0009815,HORD003146,PRD0010,1,253.38,253.38
HITM0009816,HORD003146,PRD0429,1,618.41,618.41
HITM0009817,HORD003147,PRD0920,2,302.87,605.74
HITM0009818,HORD003147,PRD0794,1,3939.25,3939.25
HITM0009819,HORD003147,PRD0971,2,1081.7,2163.4
HITM0009820,HORD003148,PRD0044,1,4145.78,4145.78
HITM0009821,HORD003148,PRD0192,1,491.21,491.21
HITM0009822,HORD003148,PRD0922,2,1230.33,2460.66
HITM0009823,HORD003148,PRD0806,1,541.85,541.85
HITM0009824,HORD003149,PRD0200,1,317.39,317.39
HITM0009825,HORD003149,PRD0843,1,527.91,527.91
HITM0009826,HORD003149,PRD0577,1,1838.58,1838.58
HITM0009827,HORD003149,PRD0012,3,1136.26,3408.78
HITM0009828,HORD003149,PRD0251,1,1750.4,1750.4
HITM0009829,HORD003150,PRD0329,1,716.82,716.82
HITM0009830,HORD003150,PRD0777,2,876.73,1753.46
HITM0009831,HORD003150,PRD0058,1,774.04,774.04
HITM0009832,HORD003151,PRD0025,1,689.68,689.68
HITM0009833,HORD003151,PRD0079,1,211.26,211.26
HITM0009834,HORD003152,PRD0616,1,242.48,242.48
HITM0009835,HORD003152,PRD0705,1,369.85,369.85
HITM0009836,HORD003152,PRD0836,1,836.56,836.56
HITM0009837,HORD003152,PRD0660,1,74.81,74.81
HITM0009838,HORD003153,PRD0867,1,1696.54,1696.54
HITM0009839,HORD003153,PRD0140,1,211.53,211.53
HITM0009840,HORD003153,PRD0207,2,143.7,287.4
HITM0009841,HORD003154,PRD0828,1,1072.53,1072.53
HITM0009842,HORD003154,PRD0437,1,662.34,662.34
HITM0009843,HORD003154,PRD0498,1,373.64,373.64
HITM0009844,HORD003155,PRD0230,2,112.24,224.48
HITM0009845,HORD003156,PRD0234,1,4040.17,4040.17
HITM0009846,HORD003156,PRD0164,1,1335.24,1335.24
HITM0009847,HORD003156,PRD0291,1,1210.2,1210.2
HITM0009848,HORD003156,PRD0899,1,1454.64,1454.64
HITM0009849,HORD003157,PRD0243,1,734.66,734.66
HITM0009850,HORD003157,PRD0145,1,439.24,439.24
HITM0009851,HORD003158,PRD0396,1,147.51,147.51
HITM0009852,HORD003158,PRD0989,1,71.59,71.59
HITM0009853,HORD003158,PRD0040,1,348.21,348.21
HITM0009854,HORD003158,PRD0879,1,329.13,329.13
HITM0009855,HORD003159,PRD0247,1,55.39,55.39
HITM0009856,HORD003159,PRD0166,3,462.05,1386.15
HITM0009857,HORD003160,PRD0790,1,67.36,67.36
HITM0009858,HORD003160,PRD0330,1,96.82,96.82
HITM0009859,HORD003160,PRD0898,1,450.61,450.61
HITM0009860,HORD003161,PRD0890,1,293.06,293.06
HITM0009861,HORD003161,PRD0866,2,492.83,985.66
HITM0009862,HORD003161,PRD0836,1,836.56,836.56
HITM0009863,HORD003161,PRD0455,1,858.23,858.23
HITM0009864,HORD003162,PRD0406,1,533.79,533.79
HITM0009865,HORD003163,PRD0783,1,962.73,962.73
HITM0009866,HORD003163,PRD0992,1,309.63,309.63
HITM0009867,HORD003163,PRD0183,1,1343.02,1343.02
HITM0009868,HORD003164,PRD0632,2,878.95,1757.9
HITM0009869,HORD003164,PRD0068,1,980.14,980.14
HITM0009870,HORD003164,PRD0674,1,3470.37,3470.37
HITM0009871,HORD003165,PRD0333,1,741.56,741.56
HITM0009872,HORD003166,PRD0380,1,340.9,340.9
HITM0009873,HORD003166,PRD0372,1,748.02,748.02
HITM0009874,HORD003167,PRD0670,1,278.65,278.65
HITM0009875,HORD003168,PRD0492,1,1140.56,1140.56
HITM0009876,HORD003168,PRD0888,1,240.68,240.68
HITM0009877,HORD003169,PRD0032,1,332.03,332.03
HITM0009878,HORD003169,PRD0618,1,409.5,409.5
HITM0009879,HORD003170,PRD0986,1,318.21,318.21
HITM0009880,HORD003170,PRD0802,2,914.18,1828.36
HITM0009881,HORD003170,PRD1000,1,175.0,175.0
HITM0009882,HORD003170,PRD0727,1,1950.79,1950.79
HITM0009883,HORD003171,PRD0523,1,837.7,837.7
HITM0009884,HORD003171,PRD0173,1,320.83,320.83
HITM0009885,HORD003171,PRD0076,1,602.32,602.32
HITM0009886,HORD003172,PRD0035,1,1056.72,1056.72
HITM0009887,HORD003173,PRD0481,1,1590.61,1590.61
HITM0009888,HORD003173,PRD0864,1,618.97,618.97
HITM0009889,HORD003173,PRD0022,2,473.77,947.54
HITM0009890,HORD003174,PRD0777,2,876.73,1753.46
HITM0009891,HORD003174,PRD0806,1,541.85,541.85
HITM0009892,HORD003174,PRD0334,1,1878.87,1878.87
HITM0009893,HORD003175,PRD0635,1,475.82,475.82
HITM0009894,HORD003175,PRD0949,1,810.82,810.82
HITM0009895,HORD003176,PRD0888,1,240.68,240.68
HITM0009896,HORD003176,PRD0322,1,326.02,326.02
HITM0009897,HORD003176,PRD0232,3,321.21,963.63
HITM0009898,HORD003177,PRD0943,1,1009.3,1009.3
HITM0009899,HORD003177,PRD0674,1,3470.37,3470.37
HITM0009900,HORD003177,PRD0008,1,751.87,751.87
HITM0009901,HORD003178,PRD0498,1,373.64,373.64
HITM0009902,HORD003179,PRD0463,1,1555.83,1555.83
HITM0009903,HORD003179,PRD0958,1,128.04,128.04
HITM0009904,HORD003180,PRD0455,1,858.23,858.23
HITM0009905,HORD003180,PRD0839,1,511.61,511.61
HITM0009906,HORD003181,PRD0303,1,922.23,922.23
HITM0009907,HORD003181,PRD0955,1,1036.25,1036.25
HITM0009908,HORD003182,PRD0219,1,450.54,450.54
HITM0009909,HORD003182,PRD0525,1,360.27,360.27
HITM0009910,HORD003182,PRD0124,1,2062.78,2062.78
HITM0009911,HORD003183,PRD0265,1,697.49,697.49
HITM0009912,HORD003183,PRD0530,2,338.05,676.1
HITM0009913,HORD003183,PRD0140,1,211.53,211.53
HITM0009914,HORD003183,PRD0934,1,1797.41,1797.41
HITM0009915,HORD003184,PRD0737,2,194.63,389.26
HITM0009916,HORD003184,PRD0084,1,854.14,854.14
HITM0009917,HORD003185,PRD0040,1,348.21,348.21
HITM0009918,HORD003185,PRD0124,1,2062.78,2062.78
HITM0009919,HORD003186,PRD0665,1,480.38,480.38
HITM0009920,HORD003186,PRD0290,2,246.93,493.86
HITM0009921,HORD003186,PRD0864,1,618.97,618.97
HITM0009922,HORD003186,PRD0373,1,1247.39,1247.39
HITM0009923,HORD003187,PRD0425,2,477.89,955.78
HITM0009924,HORD003187,PRD0198,1,1001.22,1001.22
HITM0009925,HORD003187,PRD0028,1,260.37,260.37
HITM0009926,HORD003187,PRD0303,1,922.23,922.23
HITM0009927,HORD003188,PRD0204,1,759.0,759.0
HITM0009928,HORD003189,PRD0379,1,212.81,212.81
HITM0009929,HORD003189,PRD0846,1,428.47,428.47
HITM0009930,HORD003189,PRD0980,1,171.73,171.73
HITM0009931,HORD003189,PRD0256,2,42.53,85.06
HITM0009932,HORD003190,PRD0640,2,362.06,724.12
HITM0009933,HORD003190,PRD0303,1,922.23,922.23
HITM0009934,HORD003191,PRD0590,1,197.67,197.67
HITM0009935,HORD003192,PRD0529,1,923.93,923.93
HITM0009936,HORD003192,PRD0227,2,2409.78,4819.56
HITM0009937,HORD003193,PRD0214,1,3361.08,3361.08
HITM0009938,HORD003193,PRD0980,1,171.73,171.73
HITM0009939,HORD003193,PRD0098,1,968.99,968.99
HITM0009940,HORD003193,PRD0933,1,296.95,296.95
HITM0009941,HORD003193,PRD0133,1,362.55,362.55
HITM0009942,HORD003194,PRD0682,1,1036.2,1036.2
HITM0009943,HORD003194,PRD0015,1,1188.56,1188.56
HITM0009944,HORD003194,PRD0884,1,1284.0,1284.0
HITM0009945,HORD003195,PRD0579,1,842.98,842.98
HITM0009946,HORD003196,PRD0912,2,1802.22,3604.44
HITM0009947,HORD003196,PRD0146,1,807.31,807.31
HITM0009948,HORD003196,PRD0354,1,2839.63,2839.63
HITM0009949,HORD003196,PRD0368,3,567.82,1703.46
HITM0009950,HORD003197,PRD0609,1,266.46,266.46
HITM0009951,HORD003197,PRD0271,1,2739.77,2739.77
HITM0009952,HORD003197,PRD0839,1,511.61,511.61
HITM0009953,HORD003197,PRD0415,1,626.8,626.8
HITM0009954,HORD003198,PRD0922,1,1230.33,1230.33
HITM0009955,HORD003198,PRD0851,1,955.38,955.38
HITM0009956,HORD003198,PRD0111,1,2559.72,2559.72
HITM0009957,HORD003198,PRD0222,1,761.26,761.26
HITM0009958,HORD003198,PRD0807,1,1028.5,1028.5
HITM0009959,HORD003199,PRD0380,1,340.9,340.9
HITM0009960,HORD003199,PRD0059,3,343.68,1031.04
HITM0009961,HORD003200,PRD0233,1,942.53,942.53
HITM0009962,HORD003200,PRD0486,1,188.03,188.03
HITM0009963,HORD003200,PRD0607,1,73.33,73.33
HITM0009964,HORD003201,PRD0190,2,40.06,80.12
HITM0009965,HORD003201,PRD0026,1,720.56,720.56
HITM0009966,HORD003201,PRD0390,1,408.91,408.91
HITM0009967,HORD003201,PRD0248,1,204.13,204.13
HITM0009968,HORD003202,PRD0437,1,662.34,662.34
HITM0009969,HORD003202,PRD0067,1,974.43,974.43
HITM0009970,HORD003202,PRD0893,1,792.02,792.02
HITM0009971,HORD003202,PRD0823,1,1007.18,1007.18
HITM0009972,HORD003203,PRD0613,1,698.67,698.67
HITM0009973,HORD003203,PRD0389,1,473.56,473.56
HITM0009974,HORD003203,PRD0605,1,584.43,584.43
HITM0009975,HORD003204,PRD0960,1,17.08,17.08
HITM0009976,HORD003204,PRD0220,1,261.65,261.65
HITM0009977,HORD003204,PRD0410,1,331.6,331.6
HITM0009978,HORD003204,PRD0893,2,792.02,1584.04
HITM0009979,HORD003205,PRD0915,1,741.57,741.57
HITM0009980,HORD003205,PRD0787,1,1661.26,1661.26
HITM0009981,HORD003205,PRD0187,1,2240.42,2240.42
HITM0009982,HORD003206,PRD0540,1,343.79,343.79
HITM0009983,HORD003206,PRD0784,1,3166.81,3166.81
HITM0009984,HORD003206,PRD0794,1,3939.25,3939.25
HITM0009985,HORD003206,PRD0617,1,540.8,540.8
HITM0009986,HORD003206,PRD0936,1,825.41,825.41
HITM0009987,HORD003207,PRD0803,1,395.35,395.35
HITM0009988,HORD003207,PRD0420,2,409.7,819.4
HITM0009989,HORD003208,PRD0598,1,73.8,73.8
HITM0009990,HORD003208,PRD0159,1,852.41,852.41
HITM0009991,HORD003209,PRD0256,1,42.53,42.53
HITM0009992,HORD003209,PRD0326,1,639.28,639.28
HITM0009993,HORD003210,PRD0930,1,307.61,307.61
HITM0009994,HORD003210,PRD0373,1,1247.39,1247.39
HITM0009995,HORD003210,PRD0175,1,740.04,740.04
HITM0009996,HORD003210,PRD0551,2,3156.44,6312.88
HITM0009997,HORD003211,PRD0917,1,1918.86,1918.86
HITM0009998,HORD003211,PRD0761,1,1492.1,1492.1
HITM0009999,HORD003211,PRD0920,1,302.87,302.87
HITM0010000,HORD003211,PRD0905,1,992.9,992.9
HITM0010001,HORD003212,PRD0958,1,128.04,128.04
HITM0010002,HORD003212,PRD0821,2,1210.81,2421.62
HITM0010003,HORD003212,PRD0951,1,2970.31,2970.31
HITM0010004,HORD003213,PRD0219,1,450.54,450.54
HITM0010005,HORD003213,PRD0855,2,641.38,1282.76
HITM0010006,HORD003213,PRD0587,2,1075.68,2151.36
HITM0010007,HORD003214,PRD0975,1,989.01,989.01
HITM0010008,HORD003214,PRD0407,1,1240.23,1240.23
HITM0010009,HORD003214,PRD0798,1,901.72,901.72
HITM0010010,HORD003215,PRD0496,2,92.5,185.0
HITM0010011,HORD003215,PRD0282,1,521.34,521.34
HITM0010012,HORD003215,PRD0906,2,755.23,1510.46
HITM0010013,HORD003216,PRD0657,1,582.44,582.44
HITM0010014,HORD003216,PRD0378,2,751.56,1503.12
HITM0010015,HORD003216,PRD0556,1,279.39,279.39
HITM0010016,HORD003217,PRD0426,1,708.75,708.75
HITM0010017,HORD003217,PRD0925,1,1091.53,1091.53
HITM0010018,HORD003217,PRD0278,2,105.64,211.28
HITM0010019,HORD003217,PRD0530,1,338.05,338.05
HITM0010020,HORD003217,PRD0189,1,815.73,815.73
HITM0010021,HORD003218,PRD0688,2,814.49,1628.98
HITM0010022,HORD003218,PRD0091,1,1365.66,1365.66
HITM0010023,HORD003218,PRD0869,1,1315.16,1315.16
HITM0010024,HORD003218,PRD0193,1,890.72,890.72
HITM0010025,HORD003218,PRD0134,1,1553.3,1553.3
HITM0010026,HORD003219,PRD0649,1,879.59,879.59
HITM0010027,HORD003219,PRD0460,1,354.28,354.28
HITM0010028,HORD003219,PRD0479,1,361.79,361.79
HITM0010029,HORD003219,PRD0810,1,140.27,140.27
HITM0010030,HORD003220,PRD0929,1,114.2,114.2
HITM0010031,HORD003221,PRD0797,3,1054.08,3162.24
HITM0010032,HORD003221,PRD0721,1,1687.59,1687.59
HITM0010033,HORD003221,PRD0074,1,899.01,899.01
HITM0010034,HORD003221,PRD0839,1,511.61,511.61
HITM0010035,HORD003222,PRD0430,2,54.36,108.72
HITM0010036,HORD003222,PRD0113,1,1263.27,1263.27
HITM0010037,HORD003222,PRD0320,1,28.7,28.7
HITM0010038,HORD003223,PRD0592,1,1152.46,1152.46
HITM0010039,HORD003223,PRD0086,1,372.14,372.14
HITM0010040,HORD003223,PRD0289,1,1238.69,1238.69
HITM0010041,HORD003224,PRD0864,1,618.97,618.97
HITM0010042,HORD003224,PRD0047,1,859.23,859.23
HITM0010043,HORD003224,PRD0696,1,548.07,548.07
HITM0010044,HORD003225,PRD0015,1,1188.56,1188.56
HITM0010045,HORD003225,PRD0569,1,928.26,928.26
HITM0010046,HORD003225,PRD0055,1,1019.33,1019.33
HITM0010047,HORD003225,PRD0740,1,235.84,235.84
HITM0010048,HORD003226,PRD0106,1,203.27,203.27
HITM0010049,HORD003226,PRD0609,1,266.46,266.46
HITM0010050,HORD003226,PRD0645,1,295.19,295.19
HITM0010051,HORD003227,PRD0680,1,146.6,146.6
HITM0010052,HORD003228,PRD0611,1,2190.89,2190.89
HITM0010053,HORD003228,PRD0320,1,28.7,28.7
HITM0010054,HORD003228,PRD0879,1,329.13,329.13
HITM0010055,HORD003228,PRD0989,1,71.59,71.59
HITM0010056,HORD003228,PRD0291,1,1210.2,1210.2
HITM0010057,HORD003229,PRD0552,1,359.04,359.04
HITM0010058,HORD003229,PRD0820,1,149.51,149.51
HITM0010059,HORD003229,PRD0686,1,778.95,778.95
HITM0010060,HORD003229,PRD0390,1,408.91,408.91
HITM0010061,HORD003230,PRD0737,1,194.63,194.63
HITM0010062,HORD003230,PRD0560,1,114.38,114.38
HITM0010063,HORD003230,PRD0020,1,277.78,277.78
HITM0010064,HORD003231,PRD0117,1,654.86,654.86
HITM0010065,HORD003231,PRD0956,1,339.76,339.76
HITM0010066,HORD003231,PRD0320,1,28.7,28.7
HITM0010067,HORD003231,PRD0198,1,1001.22,1001.22
HITM0010068,HORD003232,PRD0740,1,235.84,235.84
HITM0010069,HORD003232,PRD0607,1,73.33,73.33
HITM0010070,HORD003233,PRD0235,2,331.23,662.46
HITM0010071,HORD003233,PRD0195,1,540.55,540.55
HITM0010072,HORD003233,PRD0722,1,1628.14,1628.14
HITM0010073,HORD003234,PRD0326,1,639.28,639.28
HITM0010074,HORD003234,PRD0192,3,491.21,1473.63
HITM0010075,HORD003234,PRD0442,2,327.53,655.06
HITM0010076,HORD003234,PRD0618,1,409.5,409.5
HITM0010077,HORD003235,PRD0813,3,372.89,1118.67
HITM0010078,HORD003235,PRD0600,1,200.67,200.67
HITM0010079,HORD003235,PRD0782,1,743.41,743.41
HITM0010080,HORD003236,PRD0022,1,473.77,473.77
HITM0010081,HORD003236,PRD0198,1,1001.22,1001.22
HITM0010082,HORD003236,PRD0017,1,420.96,420.96
HITM0010083,HORD003237,PRD0171,1,993.07,993.07
HITM0010084,HORD003237,PRD0383,1,1554.0,1554.0
HITM0010085,HORD003237,PRD0493,2,760.85,1521.7
HITM0010086,HORD003237,PRD0397,1,2107.06,2107.06
HITM0010087,HORD003238,PRD0766,3,74.26,222.78
HITM0010088,HORD003238,PRD0316,1,653.66,653.66
HITM0010089,HORD003239,PRD0567,1,69.51,69.51
HITM0010090,HORD003239,PRD0884,1,1284.0,1284.0
HITM0010091,HORD003240,PRD0232,2,321.21,642.42
HITM0010092,HORD003240,PRD0317,1,641.82,641.82
HITM0010093,HORD003240,PRD0058,1,774.04,774.04
HITM0010094,HORD003240,PRD0276,1,670.27,670.27
HITM0010095,HORD003240,PRD0605,1,584.43,584.43
HITM0010096,HORD003241,PRD0360,1,45.63,45.63
HITM0010097,HORD003241,PRD0660,2,74.81,149.62
HITM0010098,HORD003241,PRD0769,1,633.25,633.25
HITM0010099,HORD003241,PRD0560,1,114.38,114.38
HITM0010100,HORD003241,PRD0171,1,993.07,993.07
HITM0010101,HORD003242,PRD0330,1,96.82,96.82
HITM0010102,HORD003242,PRD0382,1,680.83,680.83
HITM0010103,HORD003243,PRD0078,1,991.52,991.52
HITM0010104,HORD003243,PRD0618,2,409.5,819.0
HITM0010105,HORD003243,PRD0425,1,477.89,477.89
HITM0010106,HORD003243,PRD0310,1,125.16,125.16
HITM0010107,HORD003244,PRD0308,1,798.16,798.16
HITM0010108,HORD003244,PRD0691,1,1463.28,1463.28
HITM0010109,HORD003244,PRD0716,1,744.09,744.09
HITM0010110,HORD003244,PRD0378,1,751.56,751.56
HITM0010111,HORD003245,PRD0063,2,951.82,1903.64
HITM0010112,HORD003246,PRD0436,1,839.37,839.37
HITM0010113,HORD003246,PRD0101,1,1370.24,1370.24
HITM0010114,HORD003246,PRD0880,1,330.2,330.2
HITM0010115,HORD003247,PRD0931,1,1264.51,1264.51
HITM0010116,HORD003247,PRD0938,1,471.07,471.07
HITM0010117,HORD003247,PRD0531,1,1957.27,1957.27
HITM0010118,HORD003248,PRD0718,1,880.28,880.28
HITM0010119,HORD003248,PRD0122,1,1857.69,1857.69
HITM0010120,HORD003248,PRD0982,1,807.01,807.01
HITM0010121,HORD003249,PRD0054,1,821.51,821.51
HITM0010122,HORD003249,PRD0016,1,802.46,802.46
HITM0010123,HORD003249,PRD0927,1,672.07,672.07
HITM0010124,HORD003250,PRD0428,1,353.32,353.32
HITM0010125,HORD003250,PRD0005,1,171.8,171.8
HITM0010126,HORD003250,PRD0280,1,228.25,228.25
HITM0010127,HORD003250,PRD0153,3,1119.38,3358.14
HITM0010128,HORD003251,PRD0618,1,409.5,409.5
HITM0010129,HORD003251,PRD0752,1,1432.08,1432.08
HITM0010130,HORD003251,PRD0462,1,1478.68,1478.68
HITM0010131,HORD003251,PRD0535,1,992.5,992.5
HITM0010132,HORD003252,PRD0845,1,355.13,355.13
HITM0010133,HORD003252,PRD0365,1,454.18,454.18
HITM0010134,HORD003252,PRD0056,1,204.63,204.63
HITM0010135,HORD003252,PRD0899,1,1454.64,1454.64
HITM0010136,HORD003253,PRD0424,1,3384.56,3384.56
HITM0010137,HORD003253,PRD0806,3,541.85,1625.55
HITM0010138,HORD003254,PRD0703,1,1320.55,1320.55
HITM0010139,HORD003254,PRD0754,1,588.75,588.75
HITM0010140,HORD003254,PRD0840,2,125.66,251.32
HITM0010141,HORD003255,PRD0151,1,3129.69,3129.69
HITM0010142,HORD003255,PRD0919,1,1414.1,1414.1
HITM0010143,HORD003256,PRD0256,1,42.53,42.53
HITM0010144,HORD003256,PRD0625,2,458.46,916.92
HITM0010145,HORD003256,PRD0676,2,523.37,1046.74
HITM0010146,HORD003257,PRD0097,2,2213.08,4426.16
HITM0010147,HORD003257,PRD0945,1,568.86,568.86
HITM0010148,HORD003257,PRD0955,2,1036.25,2072.5
HITM0010149,HORD003257,PRD0410,1,331.6,331.6
HITM0010150,HORD003258,PRD0610,2,394.62,789.24
HITM0010151,HORD003258,PRD0970,2,192.16,384.32
HITM0010152,HORD003259,PRD0533,2,1416.06,2832.12
HITM0010153,HORD003259,PRD1000,1,175.0,175.0
HITM0010154,HORD003259,PRD0764,1,1624.39,1624.39
HITM0010155,HORD003260,PRD0535,1,992.5,992.5
HITM0010156,HORD003260,PRD0460,1,354.28,354.28
HITM0010157,HORD003260,PRD0476,1,336.11,336.11
HITM0010158,HORD003260,PRD0724,1,1568.29,1568.29
HITM0010159,HORD003261,PRD0160,1,332.63,332.63
HITM0010160,HORD003261,PRD0347,3,339.84,1019.52
HITM0010161,HORD003261,PRD0589,2,222.62,445.24
HITM0010162,HORD003261,PRD0141,1,3104.91,3104.91
HITM0010163,HORD003262,PRD0803,2,395.35,790.7
HITM0010164,HORD003262,PRD0678,1,133.66,133.66
HITM0010165,HORD003263,PRD0350,1,351.6,351.6
HITM0010166,HORD003263,PRD0906,1,755.23,755.23
HITM0010167,HORD003263,PRD0328,2,911.22,1822.44
HITM0010168,HORD003263,PRD0223,3,946.31,2838.93
HITM0010169,HORD003263,PRD0401,1,2595.7,2595.7
HITM0010170,HORD003264,PRD0933,1,296.95,296.95
HITM0010171,HORD003264,PRD0754,1,588.75,588.75
HITM0010172,HORD003264,PRD0106,1,203.27,203.27
HITM0010173,HORD003265,PRD0079,1,211.26,211.26
HITM0010174,HORD003265,PRD0929,1,114.2,114.2
HITM0010175,HORD003266,PRD0510,2,225.6,451.2
HITM0010176,HORD003266,PRD0577,2,1838.58,3677.16
HITM0010177,HORD003266,PRD0162,1,767.91,767.91
HITM0010178,HORD003266,PRD0728,2,1077.83,2155.66
HITM0010179,HORD003266,PRD0575,1,711.89,711.89
HITM0010180,HORD003267,PRD0616,1,242.48,242.48
HITM0010181,HORD003267,PRD0888,1,240.68,240.68
HITM0010182,HORD003267,PRD0196,1,525.15,525.15
HITM0010183,HORD003267,PRD0152,1,509.94,509.94
HITM0010184,HORD003268,PRD0468,1,714.1,714.1
HITM0010185,HORD003268,PRD0085,2,195.1,390.2
HITM0010186,HORD003268,PRD0063,2,951.82,1903.64
HITM0010187,HORD003268,PRD0279,1,766.46,766.46
HITM0010188,HORD003268,PRD0182,1,908.42,908.42
HITM0010189,HORD003269,PRD0248,1,204.13,204.13
HITM0010190,HORD003269,PRD0544,2,3608.38,7216.76
HITM0010191,HORD003270,PRD0619,1,889.11,889.11
HITM0010192,HORD003270,PRD0249,1,682.98,682.98
HITM0010193,HORD003270,PRD0469,1,767.67,767.67
HITM0010194,HORD003270,PRD0902,2,1853.74,3707.48
HITM0010195,HORD003271,PRD0526,1,567.06,567.06
HITM0010196,HORD003271,PRD0372,1,748.02,748.02
HITM0010197,HORD003271,PRD0320,2,28.7,57.4
HITM0010198,HORD003271,PRD0485,1,381.77,381.77
HITM0010199,HORD003272,PRD0895,1,675.49,675.49
HITM0010200,HORD003272,PRD0337,1,2481.18,2481.18
HITM0010201,HORD003272,PRD0869,1,1315.16,1315.16
HITM0010202,HORD003272,PRD0192,1,491.21,491.21
HITM0010203,HORD003273,PRD0408,2,297.69,595.38
HITM0010204,HORD003273,PRD0909,1,1280.89,1280.89
HITM0010205,HORD003274,PRD0537,1,237.18,237.18
HITM0010206,HORD003274,PRD0013,1,291.07,291.07
HITM0010207,HORD003275,PRD0235,2,331.23,662.46
HITM0010208,HORD003275,PRD0618,2,409.5,819.0
HITM0010209,HORD003275,PRD0364,3,789.55,2368.65
HITM0010210,HORD003276,PRD0052,1,502.9,502.9
HITM0010211,HORD003276,PRD0188,1,1032.34,1032.34
HITM0010212,HORD003277,PRD0302,1,987.84,987.84
HITM0010213,HORD003277,PRD0056,1,204.63,204.63
HITM0010214,HORD003277,PRD0259,1,983.93,983.93
HITM0010215,HORD003277,PRD0341,1,2089.96,2089.96
HITM0010216,HORD003278,PRD0446,1,607.85,607.85
HITM0010217,HORD003278,PRD0897,2,1151.44,2302.88
HITM0010218,HORD003279,PRD0576,1,31.35,31.35
HITM0010219,HORD003279,PRD0073,2,674.71,1349.42
HITM0010220,HORD003279,PRD0570,2,337.54,675.08
HITM0010221,HORD003279,PRD0749,1,285.2,285.2
HITM0010222,HORD003280,PRD0319,2,361.0,722.0
HITM0010223,HORD003280,PRD0754,1,588.75,588.75
HITM0010224,HORD003280,PRD0923,2,771.16,1542.32
HITM0010225,HORD003281,PRD0570,2,337.54,675.08
HITM0010226,HORD003281,PRD0574,2,1591.27,3182.54
HITM0010227,HORD003282,PRD0491,1,2151.39,2151.39
HITM0010228,HORD003282,PRD0519,1,700.92,700.92
HITM0010229,HORD003282,PRD0444,1,2746.34,2746.34
HITM0010230,HORD003282,PRD0213,2,1050.73,2101.46
HITM0010231,HORD003282,PRD0308,1,798.16,798.16
HITM0010232,HORD003283,PRD0673,1,666.78,666.78
HITM0010233,HORD003283,PRD0105,1,655.02,655.02
HITM0010234,HORD003284,PRD0492,1,1140.56,1140.56
HITM0010235,HORD003284,PRD0880,2,330.2,660.4
HITM0010236,HORD003284,PRD0849,1,1072.65,1072.65
HITM0010237,HORD003284,PRD0324,1,4191.07,4191.07
HITM0010238,HORD003285,PRD0940,1,127.15,127.15
HITM0010239,HORD003285,PRD0777,2,876.73,1753.46
HITM0010240,HORD003285,PRD0295,3,284.65,853.95
HITM0010241,HORD003286,PRD0385,1,602.62,602.62
HITM0010242,HORD003286,PRD0776,1,133.13,133.13
HITM0010243,HORD003286,PRD0806,1,541.85,541.85
HITM0010244,HORD003287,PRD0863,1,916.89,916.89
HITM0010245,HORD003287,PRD0850,2,216.39,432.78
HITM0010246,HORD003287,PRD0546,2,180.12,360.24
HITM0010247,HORD003287,PRD0073,1,674.71,674.71
HITM0010248,HORD003287,PRD0552,1,359.04,359.04
HITM0010249,HORD003288,PRD0008,1,751.87,751.87
HITM0010250,HORD003288,PRD0155,1,903.43,903.43
HITM0010251,HORD003288,PRD0290,1,246.93,246.93
HITM0010252,HORD003289,PRD0603,1,380.05,380.05
HITM0010253,HORD003289,PRD0790,1,67.36,67.36
HITM0010254,HORD003289,PRD0260,2,157.69,315.38
HITM0010255,HORD003289,PRD0768,1,149.86,149.86
HITM0010256,HORD003289,PRD0069,1,1254.78,1254.78
HITM0010257,HORD003290,PRD0333,1,741.56,741.56
HITM0010258,HORD003290,PRD0076,1,602.32,602.32
HITM0010259,HORD003290,PRD0310,1,125.16,125.16
HITM0010260,HORD003290,PRD0753,2,720.25,1440.5
HITM0010261,HORD003291,PRD0258,1,114.0,114.0
HITM0010262,HORD003291,PRD0557,2,669.73,1339.46
HITM0010263,HORD003291,PRD0318,1,656.01,656.01
HITM0010264,HORD003292,PRD0670,1,278.65,278.65
HITM0010265,HORD003292,PRD0272,1,888.86,888.86
HITM0010266,HORD003292,PRD0151,1,3129.69,3129.69
HITM0010267,HORD003293,PRD0988,1,461.62,461.62
HITM0010268,HORD003294,PRD0865,1,691.66,691.66
HITM0010269,HORD003294,PRD0989,2,71.59,143.18
HITM0010270,HORD003294,PRD0889,1,743.48,743.48
HITM0010271,HORD003294,PRD0157,1,93.87,93.87
HITM0010272,HORD003294,PRD0183,1,1343.02,1343.02
HITM0010273,HORD003295,PRD0765,2,967.51,1935.02
HITM0010274,HORD003295,PRD0621,2,1483.46,2966.92
HITM0010275,HORD003295,PRD0719,1,1107.84,1107.84
HITM0010276,HORD003296,PRD0779,2,736.32,1472.64
HITM0010277,HORD003296,PRD0040,1,348.21,348.21
HITM0010278,HORD003296,PRD0453,1,1439.62,1439.62
HITM0010279,HORD003296,PRD0029,3,853.57,2560.71
HITM0010280,HORD003297,PRD0180,1,256.4,256.4
HITM0010281,HORD003297,PRD0917,1,1918.86,1918.86
HITM0010282,HORD003297,PRD0957,1,108.95,108.95
HITM0010283,HORD003298,PRD0682,1,1036.2,1036.2
HITM0010284,HORD003298,PRD0602,1,409.98,409.98
HITM0010285,HORD003299,PRD0080,1,302.02,302.02
HITM0010286,HORD003299,PRD0050,1,409.65,409.65
HITM0010287,HORD003299,PRD0023,1,394.6,394.6
HITM0010288,HORD003300,PRD0602,2,409.98,819.96
HITM0010289,HORD003300,PRD0577,1,1838.58,1838.58
HITM0010290,HORD003300,PRD0929,2,114.2,228.4
HITM0010291,HORD003300,PRD0360,1,45.63,45.63
HITM0010292,HORD003301,PRD0484,1,2872.29,2872.29
HITM0010293,HORD003301,PRD0325,2,325.22,650.44
HITM0010294,HORD003301,PRD0573,1,850.28,850.28
HITM0010295,HORD003302,PRD0410,2,331.6,663.2
HITM0010296,HORD003302,PRD0980,1,171.73,171.73
HITM0010297,HORD003302,PRD0217,1,2308.51,2308.51
HITM0010298,HORD003303,PRD0546,1,180.12,180.12
HITM0010299,HORD003303,PRD0084,1,854.14,854.14
HITM0010300,HORD003303,PRD0137,1,814.4,814.4
HITM0010301,HORD003304,PRD0630,1,167.94,167.94
HITM0010302,HORD003304,PRD0758,1,261.9,261.9
HITM0010303,HORD003304,PRD0337,1,2481.18,2481.18
HITM0010304,HORD003305,PRD0390,1,408.91,408.91
HITM0010305,HORD003305,PRD0700,1,164.38,164.38
HITM0010306,HORD003305,PRD0165,1,808.77,808.77
HITM0010307,HORD003306,PRD0453,1,1439.62,1439.62
HITM0010308,HORD003306,PRD0035,2,1056.72,2113.44
HITM0010309,HORD003306,PRD0506,1,669.77,669.77
HITM0010310,HORD003306,PRD0158,1,289.48,289.48
HITM0010311,HORD003307,PRD0256,2,42.53,85.06
HITM0010312,HORD003307,PRD0417,1,1462.01,1462.01
HITM0010313,HORD003307,PRD0066,2,307.12,614.24
HITM0010314,HORD003308,PRD0870,1,96.68,96.68
HITM0010315,HORD003308,PRD0133,1,362.55,362.55
HITM0010316,HORD003308,PRD0036,1,115.89,115.89
HITM0010317,HORD003309,PRD0902,1,1853.74,1853.74
HITM0010318,HORD003309,PRD0745,1,147.69,147.69
HITM0010319,HORD003310,PRD0489,1,1110.68,1110.68
HITM0010320,HORD003310,PRD0730,1,147.29,147.29
HITM0010321,HORD003310,PRD0470,3,149.63,448.89
HITM0010322,HORD003311,PRD0192,2,491.21,982.42
HITM0010323,HORD003311,PRD0117,2,654.86,1309.72
HITM0010324,HORD003311,PRD0430,2,54.36,108.72
HITM0010325,HORD003312,PRD0360,1,45.63,45.63
HITM0010326,HORD003312,PRD0308,2,798.16,1596.32
HITM0010327,HORD003312,PRD0126,1,290.8,290.8
HITM0010328,HORD003313,PRD0742,1,1768.06,1768.06
HITM0010329,HORD003313,PRD0155,2,903.43,1806.86
HITM0010330,HORD003313,PRD0816,1,211.9,211.9
HITM0010331,HORD003313,PRD0687,1,1192.37,1192.37
HITM0010332,HORD003314,PRD0007,1,670.94,670.94
HITM0010333,HORD003314,PRD0386,1,663.23,663.23
HITM0010334,HORD003314,PRD0798,2,901.72,1803.44
HITM0010335,HORD003314,PRD0061,1,1919.38,1919.38
HITM0010336,HORD003315,PRD0636,2,249.94,499.88
HITM0010337,HORD003315,PRD0775,1,152.04,152.04
HITM0010338,HORD003316,PRD0778,1,271.67,271.67
HITM0010339,HORD003316,PRD0866,3,492.83,1478.49
HITM0010340,HORD003317,PRD0010,2,253.38,506.76
HITM0010341,HORD003317,PRD0578,1,307.89,307.89
HITM0010342,HORD003317,PRD0580,1,50.37,50.37
HITM0010343,HORD003317,PRD0692,2,1364.52,2729.04
HITM0010344,HORD003318,PRD0151,2,3129.69,6259.38
HITM0010345,HORD003318,PRD0292,1,690.26,690.26
HITM0010346,HORD003318,PRD0442,2,327.53,655.06
HITM0010347,HORD003318,PRD0203,2,724.48,1448.96
HITM0010348,HORD003318,PRD0400,2,124.47,248.94
HITM0010349,HORD003319,PRD0616,1,242.48,242.48
HITM0010350,HORD003319,PRD0859,1,883.33,883.33
HITM0010351,HORD003320,PRD0503,1,892.6,892.6
HITM0010352,HORD003320,PRD0170,1,419.43,419.43
HITM0010353,HORD003321,PRD0205,3,645.51,1936.53
HITM0010354,HORD003321,PRD0190,1,40.06,40.06
HITM0010355,HORD003321,PRD1000,3,175.0,525.0
HITM0010356,HORD003322,PRD0324,2,4191.07,8382.14
HITM0010357,HORD003322,PRD0017,1,420.96,420.96
HITM0010358,HORD003322,PRD0574,1,1591.27,1591.27
HITM0010359,HORD003323,PRD0408,1,297.69,297.69
HITM0010360,HORD003324,PRD0365,1,454.18,454.18
HITM0010361,HORD003324,PRD0562,1,1169.37,1169.37
HITM0010362,HORD003324,PRD0240,1,73.63,73.63
HITM0010363,HORD003325,PRD0170,1,419.43,419.43
HITM0010364,HORD003325,PRD0491,1,2151.39,2151.39
HITM0010365,HORD003325,PRD0965,1,889.37,889.37
HITM0010366,HORD003326,PRD0813,1,372.89,372.89
HITM0010367,HORD003326,PRD0789,1,1032.76,1032.76
HITM0010368,HORD003326,PRD0375,1,1092.09,1092.09
HITM0010369,HORD003326,PRD0869,1,1315.16,1315.16
HITM0010370,HORD003327,PRD0265,2,697.49,1394.98
HITM0010371,HORD003327,PRD0720,1,391.11,391.11
HITM0010372,HORD003328,PRD0357,1,1301.71,1301.71
HITM0010373,HORD003328,PRD0365,2,454.18,908.36
HITM0010374,HORD003329,PRD0066,1,307.12,307.12
HITM0010375,HORD003329,PRD0091,1,1365.66,1365.66
HITM0010376,HORD003329,PRD0726,1,830.43,830.43
HITM0010377,HORD003330,PRD0105,1,655.02,655.02
HITM0010378,HORD003330,PRD0620,1,23.82,23.82
HITM0010379,HORD003330,PRD0582,1,1229.26,1229.26
HITM0010380,HORD003330,PRD0806,1,541.85,541.85
HITM0010381,HORD003330,PRD0247,1,55.39,55.39
HITM0010382,HORD003331,PRD0660,1,74.81,74.81
HITM0010383,HORD003331,PRD0906,1,755.23,755.23
HITM0010384,HORD003331,PRD0853,1,1074.57,1074.57
HITM0010385,HORD003332,PRD0150,1,199.69,199.69
HITM0010386,HORD003332,PRD0453,1,1439.62,1439.62
HITM0010387,HORD003333,PRD0639,2,537.34,1074.68
HITM0010388,HORD003333,PRD0065,1,806.18,806.18
HITM0010389,HORD003333,PRD0739,1,345.91,345.91
HITM0010390,HORD003333,PRD0539,1,642.49,642.49
HITM0010391,HORD003334,PRD0550,1,224.46,224.46
HITM0010392,HORD003334,PRD0508,1,713.33,713.33
HITM0010393,HORD003335,PRD0069,1,1254.78,1254.78
HITM0010394,HORD003335,PRD0677,1,1475.57,1475.57
HITM0010395,HORD003335,PRD0858,1,421.26,421.26
HITM0010396,HORD003336,PRD0545,1,456.26,456.26
HITM0010397,HORD003336,PRD0651,1,1704.13,1704.13
HITM0010398,HORD003336,PRD0621,1,1483.46,1483.46
HITM0010399,HORD003336,PRD0919,1,1414.1,1414.1
HITM0010400,HORD003336,PRD0080,1,302.02,302.02
HITM0010401,HORD003337,PRD0105,1,655.02,655.02
HITM0010402,HORD003337,PRD0158,1,289.48,289.48
HITM0010403,HORD003337,PRD0932,1,1326.04,1326.04
HITM0010404,HORD003338,PRD0034,1,3531.96,3531.96
HITM0010405,HORD003338,PRD0490,2,82.32,164.64
HITM0010406,HORD003338,PRD0824,1,3837.62,3837.62
HITM0010407,HORD003338,PRD0620,1,23.82,23.82
HITM0010408,HORD003338,PRD0148,2,319.75,639.5
HITM0010409,HORD003339,PRD0960,1,17.08,17.08
HITM0010410,HORD003339,PRD0230,1,112.24,112.24
HITM0010411,HORD003339,PRD0264,1,998.11,998.11
HITM0010412,HORD003340,PRD0017,1,420.96,420.96
HITM0010413,HORD003340,PRD0381,1,1136.28,1136.28
HITM0010414,HORD003340,PRD0233,1,942.53,942.53
HITM0010415,HORD003340,PRD0500,1,137.18,137.18
HITM0010416,HORD003341,PRD0657,2,582.44,1164.88
HITM0010417,HORD003341,PRD0620,1,23.82,23.82
HITM0010418,HORD003342,PRD0670,1,278.65,278.65
HITM0010419,HORD003342,PRD0872,1,1197.21,1197.21
HITM0010420,HORD003342,PRD0777,1,876.73,876.73
HITM0010421,HORD003342,PRD0733,2,281.18,562.36
HITM0010422,HORD003343,PRD0416,1,463.25,463.25
HITM0010423,HORD003343,PRD0607,2,73.33,146.66
HITM0010424,HORD003343,PRD0266,1,439.49,439.49
HITM0010425,HORD003343,PRD0543,1,1522.55,1522.55
HITM0010426,HORD003343,PRD0038,1,553.02,553.02
HITM0010427,HORD003344,PRD0330,1,96.82,96.82
HITM0010428,HORD003344,PRD0157,1,93.87,93.87
HITM0010429,HORD003344,PRD0517,1,898.69,898.69
HITM0010430,HORD003345,PRD0457,1,269.37,269.37
HITM0010431,HORD003345,PRD0603,1,380.05,380.05
HITM0010432,HORD003345,PRD0662,1,1356.37,1356.37
HITM0010433,HORD003346,PRD0441,1,2623.08,2623.08
HITM0010434,HORD003347,PRD0809,1,155.22,155.22
HITM0010435,HORD003347,PRD0049,1,578.63,578.63
HITM0010436,HORD003347,PRD0862,1,750.64,750.64
HITM0010437,HORD003348,PRD0500,3,137.18,411.54
HITM0010438,HORD003348,PRD0655,1,1072.3,1072.3
HITM0010439,HORD003349,PRD0858,1,421.26,421.26
HITM0010440,HORD003349,PRD0929,2,114.2,228.4
HITM0010441,HORD003349,PRD0432,1,571.62,571.62
HITM0010442,HORD003350,PRD0882,2,492.86,985.72
HITM0010443,HORD003350,PRD0708,2,119.42,238.84
HITM0010444,HORD003350,PRD0679,1,399.42,399.42
HITM0010445,HORD003351,PRD0285,1,929.48,929.48
HITM0010446,HORD003351,PRD0113,2,1263.27,2526.54
HITM0010447,HORD003351,PRD0526,1,567.06,567.06
HITM0010448,HORD003351,PRD0459,1,261.43,261.43
HITM0010449,HORD003352,PRD0266,1,439.49,439.49
HITM0010450,HORD003352,PRD0333,1,741.56,741.56
HITM0010451,HORD003352,PRD0310,1,125.16,125.16
HITM0010452,HORD003352,PRD0918,1,697.62,697.62
HITM0010453,HORD003353,PRD0253,1,1519.1,1519.1
HITM0010454,HORD003353,PRD0989,1,71.59,71.59
HITM0010455,HORD003353,PRD0759,1,106.0,106.0
HITM0010456,HORD003353,PRD0464,1,3796.9,3796.9
HITM0010457,HORD003353,PRD0838,1,771.2,771.2
HITM0010458,HORD003354,PRD0801,1,3111.15,3111.15
HITM0010459,HORD003354,PRD0524,1,405.7,405.7
HITM0010460,HORD003355,PRD0119,1,752.72,752.72
HITM0010461,HORD003355,PRD0810,1,140.27,140.27
HITM0010462,HORD003355,PRD0963,1,541.41,541.41
HITM0010463,HORD003355,PRD0256,1,42.53,42.53
HITM0010464,HORD003356,PRD0842,1,1443.81,1443.81
HITM0010465,HORD003357,PRD0546,3,180.12,540.36
HITM0010466,HORD003357,PRD0688,1,814.49,814.49
HITM0010467,HORD003357,PRD0813,1,372.89,372.89
HITM0010468,HORD003358,PRD0453,1,1439.62,1439.62
HITM0010469,HORD003358,PRD0189,1,815.73,815.73
HITM0010470,HORD003358,PRD0789,2,1032.76,2065.52
HITM0010471,HORD003358,PRD0033,1,1345.52,1345.52
HITM0010472,HORD003359,PRD0234,1,4040.17,4040.17
HITM0010473,HORD003359,PRD0844,1,2177.73,2177.73
HITM0010474,HORD003360,PRD0380,1,340.9,340.9
HITM0010475,HORD003360,PRD0023,1,394.6,394.6
HITM0010476,HORD003361,PRD0312,1,1542.36,1542.36
HITM0010477,HORD003361,PRD0620,1,23.82,23.82
HITM0010478,HORD003361,PRD0143,2,689.45,1378.9
HITM0010479,HORD003361,PRD0418,1,735.73,735.73
HITM0010480,HORD003362,PRD0472,2,819.03,1638.06
HITM0010481,HORD003362,PRD0689,2,195.5,391.0
HITM0010482,HORD003362,PRD0292,3,690.26,2070.78
HITM0010483,HORD003363,PRD0075,1,417.39,417.39
HITM0010484,HORD003363,PRD0536,1,430.74,430.74
HITM0010485,HORD003363,PRD0290,1,246.93,246.93
HITM0010486,HORD003363,PRD0737,1,194.63,194.63
HITM0010487,HORD003364,PRD0992,2,309.63,619.26
HITM0010488,HORD003364,PRD0161,2,1639.58,3279.16
HITM0010489,HORD003364,PRD0236,1,353.9,353.9
HITM0010490,HORD003365,PRD0764,1,1624.39,1624.39
HITM0010491,HORD003365,PRD0936,1,825.41,825.41
HITM0010492,HORD003365,PRD0727,2,1950.79,3901.58
HITM0010493,HORD003365,PRD0148,1,319.75,319.75
HITM0010494,HORD003366,PRD0747,3,1759.9,5279.7
HITM0010495,HORD003366,PRD0365,2,454.18,908.36
HITM0010496,HORD003366,PRD0565,1,124.28,124.28
HITM0010497,HORD003367,PRD0886,1,194.21,194.21
HITM0010498,HORD003367,PRD0612,1,319.23,319.23
HITM0010499,HORD003367,PRD0915,1,741.57,741.57
HITM0010500,HORD003367,PRD0276,1,670.27,670.27
HITM0010501,HORD003368,PRD0326,2,639.28,1278.56
HITM0010502,HORD003368,PRD0927,1,672.07,672.07
HITM0010503,HORD003368,PRD0919,1,1414.1,1414.1
HITM0010504,HORD003368,PRD0388,3,191.0,573.0
HITM0010505,HORD003369,PRD0364,1,789.55,789.55
HITM0010506,HORD003369,PRD0528,1,1044.78,1044.78
HITM0010507,HORD003369,PRD0872,1,1197.21,1197.21
HITM0010508,HORD003369,PRD0225,1,749.78,749.78
HITM0010509,HORD003370,PRD0420,1,409.7,409.7
HITM0010510,HORD003370,PRD0668,3,598.5,1795.5
HITM0010511,HORD003370,PRD0288,2,114.25,228.5
HITM0010512,HORD003370,PRD0957,1,108.95,108.95
HITM0010513,HORD003371,PRD0396,1,147.51,147.51
HITM0010514,HORD003372,PRD0400,1,124.47,124.47
HITM0010515,HORD003372,PRD0565,1,124.28,124.28
HITM0010516,HORD003373,PRD0518,3,69.83,209.49
HITM0010517,HORD003373,PRD0320,1,28.7,28.7
HITM0010518,HORD003373,PRD0029,1,853.57,853.57
HITM0010519,HORD003373,PRD0680,1,146.6,146.6
HITM0010520,HORD003374,PRD0420,3,409.7,1229.1
HITM0010521,HORD003374,PRD0733,1,281.18,281.18
HITM0010522,HORD003374,PRD0989,1,71.59,71.59
HITM0010523,HORD003374,PRD0609,1,266.46,266.46
HITM0010524,HORD003374,PRD0096,1,259.24,259.24
HITM0010525,HORD003375,PRD0008,1,751.87,751.87
HITM0010526,HORD003376,PRD0498,2,373.64,747.28
HITM0010527,HORD003376,PRD0616,1,242.48,242.48
HITM0010528,HORD003376,PRD0123,1,501.46,501.46
HITM0010529,HORD003376,PRD0457,1,269.37,269.37
HITM0010530,HORD003377,PRD0556,2,279.39,558.78
HITM0010531,HORD003377,PRD0569,2,928.26,1856.52
HITM0010532,HORD003378,PRD0129,1,763.45,763.45
HITM0010533,HORD003378,PRD0127,2,477.02,954.04
HITM0010534,HORD003379,PRD0580,1,50.37,50.37
HITM0010535,HORD003379,PRD0303,1,922.23,922.23
HITM0010536,HORD003380,PRD0239,2,1388.63,2777.26
HITM0010537,HORD003380,PRD0430,3,54.36,163.08
HITM0010538,HORD003380,PRD0410,1,331.6,331.6
HITM0010539,HORD003381,PRD0297,3,2578.59,7735.77
HITM0010540,HORD003381,PRD0130,1,167.84,167.84
HITM0010541,HORD003381,PRD0520,1,404.65,404.65
HITM0010542,HORD003381,PRD0669,1,736.46,736.46
HITM0010543,HORD003381,PRD0202,1,1161.02,1161.02
HITM0010544,HORD003382,PRD0110,1,392.12,392.12
HITM0010545,HORD003382,PRD0240,1,73.63,73.63
HITM0010546,HORD003382,PRD0665,1,480.38,480.38
HITM0010547,HORD003382,PRD0900,1,346.54,346.54
HITM0010548,HORD003383,PRD0140,1,211.53,211.53
HITM0010549,HORD003383,PRD0594,2,2621.32,5242.64
HITM0010550,HORD003384,PRD0445,1,151.88,151.88
HITM0010551,HORD003384,PRD0070,1,168.22,168.22
HITM0010552,HORD003384,PRD0207,2,143.7,287.4
HITM0010553,HORD003384,PRD0782,1,743.41,743.41
HITM0010554,HORD003385,PRD0836,1,836.56,836.56
HITM0010555,HORD003385,PRD0702,1,403.74,403.74
HITM0010556,HORD003385,PRD0792,1,1464.66,1464.66
HITM0010557,HORD003385,PRD0061,2,1919.38,3838.76
HITM0010558,HORD003386,PRD0734,1,1461.44,1461.44
HITM0010559,HORD003386,PRD0579,1,842.98,842.98
HITM0010560,HORD003387,PRD0035,1,1056.72,1056.72
HITM0010561,HORD003387,PRD0120,2,249.64,499.28
HITM0010562,HORD003387,PRD0174,1,442.41,442.41
HITM0010563,HORD003388,PRD0158,3,289.48,868.44
HITM0010564,HORD003388,PRD0428,1,353.32,353.32
HITM0010565,HORD003388,PRD0164,1,1335.24,1335.24
HITM0010566,HORD003388,PRD0810,2,140.27,280.54
HITM0010567,HORD003389,PRD0053,2,1382.46,2764.92
HITM0010568,HORD003389,PRD0612,2,319.23,638.46
HITM0010569,HORD003389,PRD0722,2,1628.14,3256.28
HITM0010570,HORD003389,PRD0419,1,903.5,903.5
HITM0010571,HORD003390,PRD0320,2,28.7,57.4
HITM0010572,HORD003390,PRD0051,1,2503.01,2503.01
HITM0010573,HORD003390,PRD0517,1,898.69,898.69
HITM0010574,HORD003390,PRD0710,1,397.66,397.66
HITM0010575,HORD003391,PRD0790,2,67.36,134.72
HITM0010576,HORD003391,PRD0257,1,210.79,210.79
HITM0010577,HORD003391,PRD0025,1,689.68,689.68
HITM0010578,HORD003392,PRD0641,1,1767.13,1767.13
HITM0010579,HORD003392,PRD0293,2,663.82,1327.64
HITM0010580,HORD003392,PRD0156,2,832.48,1664.96
HITM0010581,HORD003393,PRD0818,1,184.36,184.36
HITM0010582,HORD003393,PRD0516,1,478.24,478.24
HITM0010583,HORD003393,PRD0258,1,114.0,114.0
HITM0010584,HORD003394,PRD0740,1,235.84,235.84
HITM0010585,HORD003394,PRD0169,1,585.79,585.79
HITM0010586,HORD003394,PRD0989,1,71.59,71.59
HITM0010587,HORD003395,PRD0440,1,306.74,306.74
HITM0010588,HORD003395,PRD0868,1,421.43,421.43
HITM0010589,HORD003395,PRD0630,2,167.94,335.88
HITM0010590,HORD003395,PRD0188,1,1032.34,1032.34
HITM0010591,HORD003396,PRD0916,2,515.65,1031.3
HITM0010592,HORD003396,PRD0739,2,345.91,691.82
HITM0010593,HORD003396,PRD0445,1,151.88,151.88
HITM0010594,HORD003396,PRD0701,2,2630.13,5260.26
HITM0010595,HORD003397,PRD0931,2,1264.51,2529.02
HITM0010596,HORD003397,PRD0879,1,329.13,329.13
HITM0010597,HORD003397,PRD0326,1,639.28,639.28
HITM0010598,HORD003398,PRD0976,2,554.65,1109.3
HITM0010599,HORD003398,PRD0640,1,362.06,362.06
HITM0010600,HORD003398,PRD0236,1,353.9,353.9
HITM0010601,HORD003398,PRD0551,2,3156.44,6312.88
HITM0010602,HORD003399,PRD0704,1,2898.48,2898.48
HITM0010603,HORD003399,PRD0637,1,2406.77,2406.77
HITM0010604,HORD003399,PRD0499,1,782.47,782.47
HITM0010605,HORD003399,PRD0456,1,700.91,700.91
HITM0010606,HORD003399,PRD0348,1,312.21,312.21
HITM0010607,HORD003400,PRD0224,2,3987.47,7974.94
HITM0010608,HORD003400,PRD0170,1,419.43,419.43
HITM0010609,HORD003400,PRD0942,2,1446.32,2892.64
HITM0010610,HORD003400,PRD0319,2,361.0,722.0
HITM0010611,HORD003400,PRD0296,2,331.81,663.62
HITM0010612,HORD003401,PRD0196,1,525.15,525.15
HITM0010613,HORD003401,PRD0063,1,951.82,951.82
HITM0010614,HORD003401,PRD0580,1,50.37,50.37
HITM0010615,HORD003402,PRD0528,1,1044.78,1044.78
HITM0010616,HORD003402,PRD0909,1,1280.89,1280.89
HITM0010617,HORD003403,PRD0048,3,533.35,1600.05
HITM0010618,HORD003403,PRD0822,1,324.31,324.31
HITM0010619,HORD003403,PRD0243,2,734.66,1469.32
HITM0010620,HORD003403,PRD0598,1,73.8,73.8
HITM0010621,HORD003404,PRD0562,1,1169.37,1169.37
HITM0010622,HORD003404,PRD0244,2,2106.41,4212.82
HITM0010623,HORD003404,PRD0852,1,869.97,869.97
HITM0010624,HORD003405,PRD0025,1,689.68,689.68
HITM0010625,HORD003405,PRD0366,1,111.28,111.28
HITM0010626,HORD003405,PRD0318,1,656.01,656.01
HITM0010627,HORD003406,PRD0467,3,2210.83,6632.49
HITM0010628,HORD003407,PRD0045,1,368.84,368.84
HITM0010629,HORD003407,PRD0416,1,463.25,463.25
HITM0010630,HORD003407,PRD0692,1,1364.52,1364.52
HITM0010631,HORD003407,PRD0133,1,362.55,362.55
HITM0010632,HORD003408,PRD0641,2,1767.13,3534.26
HITM0010633,HORD003408,PRD0566,3,242.05,726.15
HITM0010634,HORD003408,PRD0683,2,736.53,1473.06
HITM0010635,HORD003409,PRD0137,2,814.4,1628.8
HITM0010636,HORD003410,PRD0476,3,336.11,1008.33
HITM0010637,HORD003410,PRD0215,1,665.12,665.12
HITM0010638,HORD003410,PRD0697,1,1839.57,1839.57
HITM0010639,HORD003411,PRD0480,1,79.31,79.31
HITM0010640,HORD003411,PRD0905,3,992.9,2978.7
HITM0010641,HORD003411,PRD0850,1,216.39,216.39
HITM0010642,HORD003412,PRD0204,3,759.0,2277.0
HITM0010643,HORD003412,PRD0079,1,211.26,211.26
HITM0010644,HORD003412,PRD0221,1,3086.03,3086.03
HITM0010645,HORD003413,PRD0737,1,194.63,194.63
HITM0010646,HORD003413,PRD0096,1,259.24,259.24
HITM0010647,HORD003413,PRD0580,1,50.37,50.37
HITM0010648,HORD003413,PRD0903,1,1209.05,1209.05
HITM0010649,HORD003413,PRD0642,2,1123.98,2247.96
HITM0010650,HORD003414,PRD0748,1,1008.17,1008.17
HITM0010651,HORD003414,PRD0896,1,466.99,466.99
HITM0010652,HORD003414,PRD0960,1,17.08,17.08
HITM0010653,HORD003414,PRD0966,1,272.72,272.72
HITM0010654,HORD003415,PRD0968,1,213.37,213.37
HITM0010655,HORD003415,PRD0108,1,937.98,937.98
HITM0010656,HORD003415,PRD0459,1,261.43,261.43
HITM0010657,HORD003415,PRD0079,1,211.26,211.26
HITM0010658,HORD003416,PRD0095,1,894.84,894.84
HITM0010659,HORD003416,PRD0093,1,619.68,619.68
HITM0010660,HORD003416,PRD0986,1,318.21,318.21
HITM0010661,HORD003416,PRD0236,2,353.9,707.8
HITM0010662,HORD003417,PRD0232,1,321.21,321.21
HITM0010663,HORD003417,PRD0950,1,258.24,258.24
HITM0010664,HORD003417,PRD0521,2,2988.2,5976.4
HITM0010665,HORD003417,PRD0383,1,1554.0,1554.0
HITM0010666,HORD003418,PRD0849,1,1072.65,1072.65
HITM0010667,HORD003418,PRD0060,1,412.3,412.3
HITM0010668,HORD003418,PRD0859,2,883.33,1766.66
HITM0010669,HORD003418,PRD0810,1,140.27,140.27
HITM0010670,HORD003419,PRD0219,2,450.54,901.08
HITM0010671,HORD003419,PRD0866,1,492.83,492.83
HITM0010672,HORD003419,PRD0982,1,807.01,807.01
HITM0010673,HORD003419,PRD0749,1,285.2,285.2
HITM0010674,HORD003419,PRD0886,1,194.21,194.21
HITM0010675,HORD003420,PRD0851,1,955.38,955.38
HITM0010676,HORD003420,PRD0280,1,228.25,228.25
HITM0010677,HORD003421,PRD0510,1,225.6,225.6
HITM0010678,HORD003421,PRD0165,1,808.77,808.77
HITM0010679,HORD003421,PRD0415,2,626.8,1253.6
HITM0010680,HORD003422,PRD0675,1,1138.38,1138.38
HITM0010681,HORD003422,PRD0464,1,3796.9,3796.9
HITM0010682,HORD003422,PRD0594,2,2621.32,5242.64
HITM0010683,HORD003422,PRD0582,2,1229.26,2458.52
HITM0010684,HORD003422,PRD0469,1,767.67,767.67
HITM0010685,HORD003423,PRD0445,1,151.88,151.88
HITM0010686,HORD003423,PRD0985,1,865.22,865.22
HITM0010687,HORD003423,PRD0790,1,67.36,67.36
HITM0010688,HORD003423,PRD0968,1,213.37,213.37
HITM0010689,HORD003423,PRD0512,1,853.67,853.67
HITM0010690,HORD003424,PRD0768,1,149.86,149.86
HITM0010691,HORD003424,PRD0558,2,399.27,798.54
HITM0010692,HORD003424,PRD0452,3,353.39,1060.17
HITM0010693,HORD003425,PRD0552,1,359.04,359.04
HITM0010694,HORD003425,PRD0366,1,111.28,111.28
HITM0010695,HORD003426,PRD0957,1,108.95,108.95
HITM0010696,HORD003426,PRD0476,1,336.11,336.11
HITM0010697,HORD003426,PRD0330,1,96.82,96.82
HITM0010698,HORD003426,PRD0285,2,929.48,1858.96
HITM0010699,HORD003427,PRD0958,1,128.04,128.04
HITM0010700,HORD003427,PRD0778,1,271.67,271.67
HITM0010701,HORD003428,PRD0390,1,408.91,408.91
HITM0010702,HORD003428,PRD0990,1,164.36,164.36
HITM0010703,HORD003428,PRD0513,2,412.83,825.66
HITM0010704,HORD003429,PRD0773,2,497.83,995.66
HITM0010705,HORD003429,PRD0878,1,453.25,453.25
HITM0010706,HORD003429,PRD0341,2,2089.96,4179.92
HITM0010707,HORD003429,PRD0900,1,346.54,346.54
HITM0010708,HORD003430,PRD0894,1,1997.25,1997.25
HITM0010709,HORD003430,PRD0030,1,278.37,278.37
HITM0010710,HORD003431,PRD0537,1,237.18,237.18
HITM0010711,HORD003432,PRD0716,1,744.09,744.09
HITM0010712,HORD003432,PRD0343,1,1454.71,1454.71
HITM0010713,HORD003432,PRD0576,2,31.35,62.7
HITM0010714,HORD003433,PRD0542,1,1005.69,1005.69
HITM0010715,HORD003433,PRD0470,1,149.63,149.63
HITM0010716,HORD003433,PRD0515,1,957.39,957.39
HITM0010717,HORD003434,PRD0980,1,171.73,171.73
HITM0010718,HORD003434,PRD0643,1,614.82,614.82
HITM0010719,HORD003434,PRD0369,2,663.84,1327.68
HITM0010720,HORD003434,PRD0147,1,172.97,172.97
HITM0010721,HORD003435,PRD0957,3,108.95,326.85
HITM0010722,HORD003435,PRD0971,1,1081.7,1081.7
HITM0010723,HORD003435,PRD0733,1,281.18,281.18
HITM0010724,HORD003436,PRD0164,1,1335.24,1335.24
HITM0010725,HORD003436,PRD0920,1,302.87,302.87
HITM0010726,HORD003437,PRD0660,1,74.81,74.81
HITM0010727,HORD003437,PRD0212,3,1664.12,4992.36
HITM0010728,HORD003437,PRD0560,1,114.38,114.38
HITM0010729,HORD003438,PRD0767,1,1276.85,1276.85
HITM0010730,HORD003439,PRD0230,2,112.24,224.48
HITM0010731,HORD003439,PRD0560,1,114.38,114.38
HITM0010732,HORD003439,PRD0247,1,55.39,55.39
HITM0010733,HORD003440,PRD0518,3,69.83,209.49
HITM0010734,HORD003440,PRD0801,1,3111.15,3111.15
HITM0010735,HORD003440,PRD0241,1,1492.13,1492.13
HITM0010736,HORD003440,PRD0180,1,256.4,256.4
HITM0010737,HORD003440,PRD0766,1,74.26,74.26
HITM0010738,HORD003441,PRD0130,2,167.84,335.68
HITM0010739,HORD003441,PRD0273,1,1320.37,1320.37
HITM0010740,HORD003441,PRD0034,2,3531.96,7063.92
HITM0010741,HORD003442,PRD0790,1,67.36,67.36
HITM0010742,HORD003442,PRD0992,1,309.63,309.63
HITM0010743,HORD003442,PRD0578,1,307.89,307.89
HITM0010744,HORD003442,PRD0281,1,1116.42,1116.42
HITM0010745,HORD003442,PRD0137,1,814.4,814.4
HITM0010746,HORD003443,PRD0035,1,1056.72,1056.72
HITM0010747,HORD003443,PRD0926,1,532.72,532.72
HITM0010748,HORD003443,PRD0566,1,242.05,242.05
HITM0010749,HORD003443,PRD0356,2,610.16,1220.32
HITM0010750,HORD003444,PRD0367,1,2471.53,2471.53
HITM0010751,HORD003444,PRD0813,2,372.89,745.78
HITM0010752,HORD003444,PRD0762,2,1723.61,3447.22
HITM0010753,HORD003445,PRD0625,1,458.46,458.46
HITM0010754,HORD003445,PRD0879,1,329.13,329.13
HITM0010755,HORD003445,PRD0214,1,3361.08,3361.08
HITM0010756,HORD003446,PRD0173,1,320.83,320.83
HITM0010757,HORD003446,PRD0452,1,353.39,353.39
HITM0010758,HORD003446,PRD0470,1,149.63,149.63
HITM0010759,HORD003447,PRD0349,2,1289.14,2578.28
HITM0010760,HORD003447,PRD0546,2,180.12,360.24
HITM0010761,HORD003447,PRD0950,1,258.24,258.24
HITM0010762,HORD003447,PRD0817,2,1148.51,2297.02
HITM0010763,HORD003448,PRD0875,1,1038.39,1038.39
HITM0010764,HORD003448,PRD0235,1,331.23,331.23
HITM0010765,HORD003448,PRD0801,1,3111.15,3111.15
HITM0010766,HORD003448,PRD0975,1,989.01,989.01
HITM0010767,HORD003449,PRD0752,1,1432.08,1432.08
HITM0010768,HORD003449,PRD0118,1,184.23,184.23
HITM0010769,HORD003450,PRD0304,1,969.28,969.28
HITM0010770,HORD003450,PRD0602,1,409.98,409.98
HITM0010771,HORD003450,PRD0100,1,252.99,252.99
HITM0010772,HORD003450,PRD0910,3,334.83,1004.49
HITM0010773,HORD003451,PRD0743,1,718.63,718.63
HITM0010774,HORD003451,PRD0218,2,872.61,1745.22
HITM0010775,HORD003451,PRD0618,2,409.5,819.0
HITM0010776,HORD003452,PRD0593,1,826.29,826.29
HITM0010777,HORD003452,PRD0587,2,1075.68,2151.36
HITM0010778,HORD003452,PRD0349,1,1289.14,1289.14
HITM0010779,HORD003453,PRD0628,1,586.24,586.24
HITM0010780,HORD003453,PRD0817,1,1148.51,1148.51
HITM0010781,HORD003454,PRD0025,1,689.68,689.68
HITM0010782,HORD003454,PRD0600,1,200.67,200.67
HITM0010783,HORD003454,PRD0068,1,980.14,980.14
HITM0010784,HORD003455,PRD0050,1,409.65,409.65
HITM0010785,HORD003455,PRD0531,1,1957.27,1957.27
HITM0010786,HORD003455,PRD0627,2,931.65,1863.3
HITM0010787,HORD003456,PRD0270,2,237.62,475.24
HITM0010788,HORD003456,PRD0510,2,225.6,451.2
HITM0010789,HORD003457,PRD0635,1,475.82,475.82
HITM0010790,HORD003457,PRD0818,1,184.36,184.36
HITM0010791,HORD003457,PRD0604,1,1091.2,1091.2
HITM0010792,HORD003458,PRD0329,3,716.82,2150.46
HITM0010793,HORD003458,PRD0187,1,2240.42,2240.42
HITM0010794,HORD003458,PRD0077,1,1534.37,1534.37
HITM0010795,HORD003458,PRD0566,1,242.05,242.05
HITM0010796,HORD003458,PRD0476,1,336.11,336.11
HITM0010797,HORD003459,PRD0040,1,348.21,348.21
HITM0010798,HORD003459,PRD0522,1,496.11,496.11
HITM0010799,HORD003460,PRD0746,1,367.02,367.02
HITM0010800,HORD003460,PRD0946,1,180.12,180.12
HITM0010801,HORD003460,PRD0400,1,124.47,124.47
HITM0010802,HORD003461,PRD0452,1,353.39,353.39
HITM0010803,HORD003462,PRD0855,1,641.38,641.38
HITM0010804,HORD003462,PRD0175,2,740.04,1480.08
HITM0010805,HORD003463,PRD0252,1,1339.74,1339.74
HITM0010806,HORD003463,PRD0090,1,306.45,306.45
HITM0010807,HORD003463,PRD0576,1,31.35,31.35
HITM0010808,HORD003464,PRD0733,1,281.18,281.18
HITM0010809,HORD003464,PRD0927,1,672.07,672.07
HITM0010810,HORD003464,PRD0515,1,957.39,957.39
HITM0010811,HORD003465,PRD0777,2,876.73,1753.46
HITM0010812,HORD003465,PRD0710,1,397.66,397.66
HITM0010813,HORD003465,PRD0689,1,195.5,195.5
HITM0010814,HORD003465,PRD0460,3,354.28,1062.84
HITM0010815,HORD003466,PRD0423,1,371.68,371.68
HITM0010816,HORD003467,PRD0067,1,974.43,974.43
HITM0010817,HORD003467,PRD0910,1,334.83,334.83
HITM0010818,HORD003467,PRD0407,1,1240.23,1240.23
HITM0010819,HORD003467,PRD0914,1,4046.92,4046.92
HITM0010820,HORD003468,PRD0418,1,735.73,735.73
HITM0010821,HORD003468,PRD0124,1,2062.78,2062.78
HITM0010822,HORD003468,PRD0618,1,409.5,409.5
HITM0010823,HORD003469,PRD0416,1,463.25,463.25
HITM0010824,HORD003469,PRD0327,1,1138.43,1138.43
HITM0010825,HORD003469,PRD0809,1,155.22,155.22
HITM0010826,HORD003470,PRD0595,1,126.92,126.92
HITM0010827,HORD003470,PRD0202,1,1161.02,1161.02
HITM0010828,HORD003470,PRD0116,1,182.09,182.09
HITM0010829,HORD003471,PRD0050,1,409.65,409.65
HITM0010830,HORD003471,PRD0880,1,330.2,330.2
HITM0010831,HORD003471,PRD0546,1,180.12,180.12
HITM0010832,HORD003472,PRD0419,1,903.5,903.5
HITM0010833,HORD003472,PRD0085,1,195.1,195.1
HITM0010834,HORD003472,PRD0647,1,1716.02,1716.02
HITM0010835,HORD003473,PRD0359,2,329.3,658.6
HITM0010836,HORD003473,PRD0102,1,1782.17,1782.17
HITM0010837,HORD003473,PRD0727,1,1950.79,1950.79
HITM0010838,HORD003473,PRD0878,1,453.25,453.25
HITM0010839,HORD003474,PRD0123,1,501.46,501.46
HITM0010840,HORD003474,PRD0590,1,197.67,197.67
HITM0010841,HORD003474,PRD0589,1,222.62,222.62
HITM0010842,HORD003474,PRD0997,1,1521.51,1521.51
HITM0010843,HORD003475,PRD0412,1,1351.05,1351.05
HITM0010844,HORD003475,PRD0360,1,45.63,45.63
HITM0010845,HORD003476,PRD0198,1,1001.22,1001.22
HITM0010846,HORD003476,PRD0882,1,492.86,492.86
HITM0010847,HORD003476,PRD0430,1,54.36,54.36
HITM0010848,HORD003476,PRD0321,1,1311.96,1311.96
HITM0010849,HORD003477,PRD0979,1,96.35,96.35
HITM0010850,HORD003477,PRD0926,2,532.72,1065.44
HITM0010851,HORD003478,PRD0889,1,743.48,743.48
HITM0010852,HORD003478,PRD0488,1,1046.44,1046.44
HITM0010853,HORD003478,PRD0130,1,167.84,167.84
HITM0010854,HORD003479,PRD0035,1,1056.72,1056.72
HITM0010855,HORD003479,PRD0678,1,133.66,133.66
HITM0010856,HORD003479,PRD0636,1,249.94,249.94
HITM0010857,HORD003480,PRD0183,1,1343.02,1343.02
HITM0010858,HORD003480,PRD0649,1,879.59,879.59
HITM0010859,HORD003480,PRD0027,1,2295.22,2295.22
HITM0010860,HORD003481,PRD0204,1,759.0,759.0
HITM0010861,HORD003481,PRD0999,1,719.67,719.67
HITM0010862,HORD003481,PRD0267,2,2497.14,4994.28
HITM0010863,HORD003481,PRD0072,1,1587.43,1587.43
HITM0010864,HORD003482,PRD0875,3,1038.39,3115.17
HITM0010865,HORD003482,PRD0276,2,670.27,1340.54
HITM0010866,HORD003482,PRD0426,3,708.75,2126.25
HITM0010867,HORD003482,PRD0390,1,408.91,408.91
HITM0010868,HORD003482,PRD0479,3,361.79,1085.37
HITM0010869,HORD003483,PRD0713,2,1024.28,2048.56
HITM0010870,HORD003483,PRD0650,1,46.68,46.68
HITM0010871,HORD003483,PRD0237,2,1847.39,3694.78
HITM0010872,HORD003483,PRD0759,2,106.0,212.0
HITM0010873,HORD003484,PRD0402,1,1863.84,1863.84
HITM0010874,HORD003485,PRD0162,1,767.91,767.91
HITM0010875,HORD003485,PRD0948,1,849.18,849.18
HITM0010876,HORD003485,PRD0776,1,133.13,133.13
HITM0010877,HORD003485,PRD0048,1,533.35,533.35
HITM0010878,HORD003486,PRD0598,1,73.8,73.8
HITM0010879,HORD003486,PRD0771,2,3066.74,6133.48
HITM0010880,HORD003486,PRD0676,1,523.37,523.37
HITM0010881,HORD003486,PRD0022,1,473.77,473.77
HITM0010882,HORD003487,PRD0075,1,417.39,417.39
HITM0010883,HORD003487,PRD0952,1,864.9,864.9
HITM0010884,HORD003487,PRD0295,2,284.65,569.3
HITM0010885,HORD003488,PRD0349,2,1289.14,2578.28
HITM0010886,HORD003488,PRD0330,1,96.82,96.82
HITM0010887,HORD003489,PRD0371,2,2101.21,4202.42
HITM0010888,HORD003489,PRD0707,1,1840.72,1840.72
HITM0010889,HORD003489,PRD0210,1,206.42,206.42
HITM0010890,HORD003489,PRD0320,1,28.7,28.7
HITM0010891,HORD003490,PRD0675,2,1138.38,2276.76
HITM0010892,HORD003490,PRD0627,2,931.65,1863.3
HITM0010893,HORD003491,PRD0555,1,380.47,380.47
HITM0010894,HORD003491,PRD0925,1,1091.53,1091.53
HITM0010895,HORD003492,PRD0028,2,260.37,520.74
HITM0010896,HORD003492,PRD0557,1,669.73,669.73
HITM0010897,HORD003492,PRD0883,1,1321.14,1321.14
HITM0010898,HORD003492,PRD0837,1,1658.39,1658.39
HITM0010899,HORD003492,PRD0320,1,28.7,28.7
HITM0010900,HORD003493,PRD0221,2,3086.03,6172.06
HITM0010901,HORD003493,PRD0246,1,799.39,799.39
HITM0010902,HORD003494,PRD0005,1,171.8,171.8
HITM0010903,HORD003494,PRD0978,1,617.29,617.29
HITM0010904,HORD003495,PRD0776,1,133.13,133.13
HITM0010905,HORD003495,PRD0878,1,453.25,453.25
HITM0010906,HORD003496,PRD0727,1,1950.79,1950.79
HITM0010907,HORD003496,PRD0303,1,922.23,922.23
HITM0010908,HORD003496,PRD0630,1,167.94,167.94
HITM0010909,HORD003496,PRD0577,2,1838.58,3677.16
HITM0010910,HORD003496,PRD0050,1,409.65,409.65
HITM0010911,HORD003497,PRD0795,1,1162.94,1162.94
HITM0010912,HORD003498,PRD0733,1,281.18,281.18
HITM0010913,HORD003498,PRD0286,2,752.91,1505.82
HITM0010914,HORD003498,PRD0123,3,501.46,1504.38
HITM0010915,HORD003499,PRD0129,1,763.45,763.45
HITM0010916,HORD003499,PRD0339,2,1125.45,2250.9
HITM0010917,HORD003499,PRD0710,2,397.66,795.32
HITM0010918,HORD003499,PRD0056,1,204.63,204.63
HITM0010919,HORD003499,PRD0893,2,792.02,1584.04
HITM0010920,HORD003500,PRD0752,2,1432.08,2864.16
HITM0010921,HORD003500,PRD0186,2,386.44,772.88
HITM0010922,HORD003501,PRD0755,1,842.98,842.98
HITM0010923,HORD003501,PRD0621,2,1483.46,2966.92
HITM0010924,HORD003501,PRD0485,1,381.77,381.77
HITM0010925,HORD003502,PRD0621,2,1483.46,2966.92
HITM0010926,HORD003502,PRD0723,1,550.47,550.47
HITM0010927,HORD003502,PRD0846,1,428.47,428.47
HITM0010928,HORD003503,PRD0620,1,23.82,23.82
HITM0010929,HORD003503,PRD0857,1,1578.93,1578.93
HITM0010930,HORD003503,PRD0952,1,864.9,864.9
HITM0010931,HORD003504,PRD0518,1,69.83,69.83
HITM0010932,HORD003504,PRD0242,1,1247.04,1247.04
HITM0010933,HORD003504,PRD0688,2,814.49,1628.98
HITM0010934,HORD003505,PRD0767,1,1276.85,1276.85
HITM0010935,HORD003505,PRD0610,1,394.62,394.62
HITM0010936,HORD003505,PRD0889,2,743.48,1486.96
HITM0010937,HORD003506,PRD0641,1,1767.13,1767.13
HITM0010938,HORD003506,PRD0820,3,149.51,448.53
HITM0010939,HORD003506,PRD0912,2,1802.22,3604.44
HITM0010940,HORD003507,PRD0023,2,394.6,789.2
HITM0010941,HORD003507,PRD0543,1,1522.55,1522.55
HITM0010942,HORD003507,PRD0410,1,331.6,331.6
HITM0010943,HORD003507,PRD0523,1,837.7,837.7
HITM0010944,HORD003508,PRD0089,2,462.29,924.58
HITM0010945,HORD003508,PRD0230,2,112.24,224.48
HITM0010946,HORD003508,PRD0157,1,93.87,93.87
HITM0010947,HORD003509,PRD0014,1,2216.59,2216.59
HITM0010948,HORD003509,PRD0360,1,45.63,45.63
HITM0010949,HORD003509,PRD0040,2,348.21,696.42
HITM0010950,HORD003509,PRD0892,2,1539.6,3079.2
HITM0010951,HORD003509,PRD0740,1,235.84,235.84
HITM0010952,HORD003510,PRD0261,1,2556.63,2556.63
HITM0010953,HORD003510,PRD0762,1,1723.61,1723.61
HITM0010954,HORD003510,PRD0690,1,344.6,344.6
HITM0010955,HORD003510,PRD0112,1,1848.06,1848.06
HITM0010956,HORD003511,PRD0005,2,171.8,343.6
HITM0010957,HORD003511,PRD0986,2,318.21,636.42
HITM0010958,HORD003511,PRD0376,1,294.68,294.68
HITM0010959,HORD003511,PRD0161,1,1639.58,1639.58
HITM0010960,HORD003511,PRD0238,2,459.3,918.6
HITM0010961,HORD003512,PRD0759,2,106.0,212.0
HITM0010962,HORD003512,PRD0889,1,743.48,743.48
HITM0010963,HORD003513,PRD0567,2,69.51,139.02
HITM0010964,HORD003513,PRD0741,1,1342.0,1342.0
HITM0010965,HORD003513,PRD0106,1,203.27,203.27
HITM0010966,HORD003514,PRD0145,1,439.24,439.24
HITM0010967,HORD003514,PRD0388,3,191.0,573.0
HITM0010968,HORD003514,PRD0870,1,96.68,96.68
HITM0010969,HORD003514,PRD0821,1,1210.81,1210.81
HITM0010970,HORD003515,PRD0849,1,1072.65,1072.65
HITM0010971,HORD003515,PRD0628,1,586.24,586.24
HITM0010972,HORD003515,PRD0279,1,766.46,766.46
HITM0010973,HORD003515,PRD0268,1,876.82,876.82
HITM0010974,HORD003516,PRD0183,1,1343.02,1343.02
HITM0010975,HORD003516,PRD0980,1,171.73,171.73
HITM0010976,HORD003516,PRD0782,1,743.41,743.41
HITM0010977,HORD003516,PRD0614,1,2476.54,2476.54
HITM0010978,HORD003517,PRD0920,1,302.87,302.87
HITM0010979,HORD003517,PRD0350,3,351.6,1054.8
HITM0010980,HORD003517,PRD0990,2,164.36,328.72
HITM0010981,HORD003517,PRD0436,1,839.37,839.37
HITM0010982,HORD003518,PRD0932,1,1326.04,1326.04
HITM0010983,HORD003518,PRD0213,1,1050.73,1050.73
HITM0010984,HORD003518,PRD0320,1,28.7,28.7
HITM0010985,HORD003518,PRD0899,1,1454.64,1454.64
HITM0010986,HORD003518,PRD0718,1,880.28,880.28
HITM0010987,HORD003519,PRD0527,1,934.45,934.45
HITM0010988,HORD003519,PRD0238,1,459.3,459.3
HITM0010989,HORD003519,PRD0673,1,666.78,666.78
HITM0010990,HORD003520,PRD0320,1,28.7,28.7
HITM0010991,HORD003520,PRD0809,2,155.22,310.44
HITM0010992,HORD003520,PRD0500,1,137.18,137.18
HITM0010993,HORD003520,PRD0790,1,67.36,67.36
HITM0010994,HORD003520,PRD0023,2,394.6,789.2
HITM0010995,HORD003521,PRD0467,1,2210.83,2210.83
HITM0010996,HORD003521,PRD0563,3,957.85,2873.55
HITM0010997,HORD003521,PRD0325,1,325.22,325.22
HITM0010998,HORD003522,PRD0456,2,700.91,1401.82
HITM0010999,HORD003522,PRD0027,2,2295.22,4590.44
HITM0011000,HORD003522,PRD0118,2,184.23,368.46
HITM0011001,HORD003523,PRD0793,2,1315.85,2631.7
HITM0011002,HORD003523,PRD0869,1,1315.16,1315.16
HITM0011003,HORD003523,PRD0364,1,789.55,789.55
HITM0011004,HORD003524,PRD0905,1,992.9,992.9
HITM0011005,HORD003524,PRD0965,1,889.37,889.37
HITM0011006,HORD003524,PRD0848,1,227.53,227.53
HITM0011007,HORD003525,PRD0783,2,962.73,1925.46
HITM0011008,HORD003525,PRD0563,1,957.85,957.85
HITM0011009,HORD003525,PRD0608,1,200.97,200.97
HITM0011010,HORD003525,PRD0253,1,1519.1,1519.1
HITM0011011,HORD003525,PRD0082,1,411.13,411.13
HITM0011012,HORD003526,PRD0271,1,2739.77,2739.77
HITM0011013,HORD003526,PRD0901,1,1649.8,1649.8
HITM0011014,HORD003526,PRD0631,1,943.11,943.11
HITM0011015,HORD003526,PRD0518,1,69.83,69.83
HITM0011016,HORD003527,PRD0293,1,663.82,663.82
HITM0011017,HORD003527,PRD0005,1,171.8,171.8
HITM0011018,HORD003527,PRD0914,1,4046.92,4046.92
HITM0011019,HORD003527,PRD0191,2,3198.59,6397.18
HITM0011020,HORD003528,PRD0640,1,362.06,362.06
HITM0011021,HORD003528,PRD0171,1,993.07,993.07
HITM0011022,HORD003528,PRD0543,1,1522.55,1522.55
HITM0011023,HORD003529,PRD0599,1,1008.74,1008.74
HITM0011024,HORD003529,PRD0354,1,2839.63,2839.63
HITM0011025,HORD003529,PRD0569,1,928.26,928.26
HITM0011026,HORD003529,PRD0815,1,735.95,735.95
HITM0011027,HORD003530,PRD0364,1,789.55,789.55
HITM0011028,HORD003530,PRD0696,1,548.07,548.07
HITM0011029,HORD003530,PRD0660,1,74.81,74.81
HITM0011030,HORD003530,PRD0270,1,237.62,237.62
HITM0011031,HORD003531,PRD0257,1,210.79,210.79
HITM0011032,HORD003531,PRD0565,1,124.28,124.28
HITM0011033,HORD003531,PRD0513,1,412.83,412.83
HITM0011034,HORD003531,PRD0614,2,2476.54,4953.08
HITM0011035,HORD003532,PRD0208,1,481.08,481.08
HITM0011036,HORD003532,PRD0590,1,197.67,197.67
HITM0011037,HORD003532,PRD0247,1,55.39,55.39
HITM0011038,HORD003533,PRD0218,1,872.61,872.61
HITM0011039,HORD003533,PRD0283,1,1116.37,1116.37
HITM0011040,HORD003534,PRD0005,1,171.8,171.8
HITM0011041,HORD003534,PRD0759,2,106.0,212.0
HITM0011042,HORD003535,PRD0243,1,734.66,734.66
HITM0011043,HORD003535,PRD0534,1,459.7,459.7
HITM0011044,HORD003535,PRD0285,1,929.48,929.48
HITM0011045,HORD003536,PRD0610,1,394.62,394.62
HITM0011046,HORD003536,PRD0775,1,152.04,152.04
HITM0011047,HORD003536,PRD0501,1,1843.99,1843.99
HITM0011048,HORD003537,PRD0816,1,211.9,211.9
HITM0011049,HORD003537,PRD0780,2,307.98,615.96
HITM0011050,HORD003537,PRD0621,3,1483.46,4450.38
HITM0011051,HORD003537,PRD0160,1,332.63,332.63
HITM0011052,HORD003538,PRD0283,1,1116.37,1116.37
HITM0011053,HORD003539,PRD0646,1,525.73,525.73
HITM0011054,HORD003539,PRD0300,2,51.94,103.88
HITM0011055,HORD003539,PRD0066,1,307.12,307.12
HITM0011056,HORD003539,PRD0199,1,1326.1,1326.1
HITM0011057,HORD003540,PRD0938,2,471.07,942.14
HITM0011058,HORD003540,PRD0988,1,461.62,461.62
HITM0011059,HORD003541,PRD0795,2,1162.94,2325.88
HITM0011060,HORD003541,PRD0019,1,708.96,708.96
HITM0011061,HORD003541,PRD0339,1,1125.45,1125.45
HITM0011062,HORD003542,PRD1000,1,175.0,175.0
HITM0011063,HORD003542,PRD0179,2,428.63,857.26
HITM0011064,HORD003542,PRD0326,1,639.28,639.28
HITM0011065,HORD003542,PRD0651,1,1704.13,1704.13
HITM0011066,HORD003542,PRD0932,1,1326.04,1326.04
HITM0011067,HORD003543,PRD0739,1,345.91,345.91
HITM0011068,HORD003543,PRD0079,1,211.26,211.26
HITM0011069,HORD003543,PRD0398,1,135.19,135.19
HITM0011070,HORD003543,PRD0145,1,439.24,439.24
HITM0011071,HORD003544,PRD0798,1,901.72,901.72
HITM0011072,HORD003544,PRD0890,2,293.06,586.12
HITM0011073,HORD003544,PRD0287,1,1267.48,1267.48
HITM0011074,HORD003545,PRD0737,2,194.63,389.26
HITM0011075,HORD003545,PRD0897,1,1151.44,1151.44
HITM0011076,HORD003545,PRD0533,1,1416.06,1416.06
HITM0011077,HORD003546,PRD0430,1,54.36,54.36
HITM0011078,HORD003546,PRD0608,1,200.97,200.97
HITM0011079,HORD003546,PRD0525,1,360.27,360.27
HITM0011080,HORD003546,PRD0048,2,533.35,1066.7
HITM0011081,HORD003547,PRD0484,2,2872.29,5744.58
HITM0011082,HORD003547,PRD0455,1,858.23,858.23
HITM0011083,HORD003547,PRD0668,2,598.5,1197.0
HITM0011084,HORD003547,PRD0919,2,1414.1,2828.2
HITM0011085,HORD003548,PRD0145,1,439.24,439.24
HITM0011086,HORD003548,PRD0113,3,1263.27,3789.81
HITM0011087,HORD003549,PRD0890,3,293.06,879.18
HITM0011088,HORD003549,PRD0507,2,2383.22,4766.44
HITM0011089,HORD003549,PRD0137,1,814.4,814.4
HITM0011090,HORD003549,PRD0999,1,719.67,719.67
HITM0011091,HORD003550,PRD0671,1,1959.57,1959.57
HITM0011092,HORD003550,PRD0636,1,249.94,249.94
HITM0011093,HORD003550,PRD0252,2,1339.74,2679.48
HITM0011094,HORD003550,PRD0355,2,703.23,1406.46
HITM0011095,HORD003551,PRD0600,1,200.67,200.67
HITM0011096,HORD003551,PRD0590,1,197.67,197.67
HITM0011097,HORD003551,PRD0882,2,492.86,985.72
HITM0011098,HORD003552,PRD0385,1,602.62,602.62
HITM0011099,HORD003553,PRD0232,1,321.21,321.21
HITM0011100,HORD003553,PRD0702,1,403.74,403.74
HITM0011101,HORD003553,PRD0267,2,2497.14,4994.28
HITM0011102,HORD003553,PRD0942,1,1446.32,1446.32
HITM0011103,HORD003554,PRD0242,1,1247.04,1247.04
HITM0011104,HORD003554,PRD0152,1,509.94,509.94
HITM0011105,HORD003554,PRD0674,1,3470.37,3470.37
HITM0011106,HORD003554,PRD0337,1,2481.18,2481.18
HITM0011107,HORD003554,PRD0644,1,940.11,940.11
HITM0011108,HORD003555,PRD0637,1,2406.77,2406.77
HITM0011109,HORD003555,PRD0130,1,167.84,167.84
HITM0011110,HORD003555,PRD0198,1,1001.22,1001.22
HITM0011111,HORD003556,PRD0147,1,172.97,172.97
HITM0011112,HORD003556,PRD0957,1,108.95,108.95
HITM0011113,HORD003557,PRD0686,1,778.95,778.95
HITM0011114,HORD003558,PRD0958,2,128.04,256.08
HITM0011115,HORD003558,PRD0513,1,412.83,412.83
HITM0011116,HORD003558,PRD0841,2,1754.04,3508.08
HITM0011117,HORD003558,PRD0370,2,418.27,836.54
HITM0011118,HORD003559,PRD0254,1,980.48,980.48
HITM0011119,HORD003559,PRD0704,2,2898.48,5796.96
HITM0011120,HORD003559,PRD0836,1,836.56,836.56
HITM0011121,HORD003560,PRD0118,2,184.23,368.46
HITM0011122,HORD003560,PRD0320,1,28.7,28.7
HITM0011123,HORD003561,PRD0452,1,353.39,353.39
HITM0011124,HORD003562,PRD0366,1,111.28,111.28
HITM0011125,HORD003562,PRD0041,2,1567.72,3135.44
HITM0011126,HORD003562,PRD0799,1,629.39,629.39
HITM0011127,HORD003562,PRD0416,1,463.25,463.25
HITM0011128,HORD003563,PRD0219,1,450.54,450.54
HITM0011129,HORD003563,PRD0297,2,2578.59,5157.18
HITM0011130,HORD003563,PRD0137,1,814.4,814.4
HITM0011131,HORD003564,PRD0523,1,837.7,837.7
HITM0011132,HORD003564,PRD0983,1,1481.15,1481.15
HITM0011133,HORD003564,PRD0408,1,297.69,297.69
HITM0011134,HORD003565,PRD0437,1,662.34,662.34
HITM0011135,HORD003565,PRD0519,1,700.92,700.92
HITM0011136,HORD003566,PRD0747,1,1759.9,1759.9
HITM0011137,HORD003566,PRD0218,1,872.61,872.61
HITM0011138,HORD003566,PRD0200,1,317.39,317.39
HITM0011139,HORD003566,PRD0546,1,180.12,180.12
HITM0011140,HORD003567,PRD0119,1,752.72,752.72
HITM0011141,HORD003567,PRD0540,1,343.79,343.79
HITM0011142,HORD003567,PRD0673,1,666.78,666.78
HITM0011143,HORD003567,PRD0839,1,511.61,511.61
HITM0011144,HORD003567,PRD0981,1,1483.54,1483.54
HITM0011145,HORD003568,PRD0071,3,1793.74,5381.22
HITM0011146,HORD003568,PRD0820,1,149.51,149.51
HITM0011147,HORD003568,PRD0550,1,224.46,224.46
HITM0011148,HORD003568,PRD0567,2,69.51,139.02
HITM0011149,HORD003569,PRD0154,1,1730.69,1730.69
HITM0011150,HORD003569,PRD0030,3,278.37,835.11
HITM0011151,HORD003569,PRD0486,1,188.03,188.03
HITM0011152,HORD003569,PRD0828,1,1072.53,1072.53
HITM0011153,HORD003570,PRD0705,1,369.85,369.85
HITM0011154,HORD003570,PRD0197,2,925.36,1850.72
HITM0011155,HORD003570,PRD0353,1,1448.25,1448.25
HITM0011156,HORD003570,PRD0781,1,2064.25,2064.25
HITM0011157,HORD003571,PRD0196,1,525.15,525.15
HITM0011158,HORD003572,PRD0973,1,1197.47,1197.47
HITM0011159,HORD003572,PRD0096,3,259.24,777.72
HITM0011160,HORD003572,PRD0857,1,1578.93,1578.93
HITM0011161,HORD003573,PRD0896,2,466.99,933.98
HITM0011162,HORD003573,PRD0651,1,1704.13,1704.13
HITM0011163,HORD003573,PRD0620,1,23.82,23.82
HITM0011164,HORD003574,PRD0120,1,249.64,249.64
HITM0011165,HORD003574,PRD0845,1,355.13,355.13
HITM0011166,HORD003574,PRD0166,1,462.05,462.05
HITM0011167,HORD003575,PRD0056,1,204.63,204.63
HITM0011168,HORD003575,PRD0162,1,767.91,767.91
HITM0011169,HORD003575,PRD0232,1,321.21,321.21
HITM0011170,HORD003575,PRD0777,2,876.73,1753.46
HITM0011171,HORD003576,PRD0209,1,456.39,456.39
HITM0011172,HORD003576,PRD0150,1,199.69,199.69
HITM0011173,HORD003576,PRD0059,2,343.68,687.36
HITM0011174,HORD003576,PRD0632,2,878.95,1757.9
HITM0011175,HORD003576,PRD0434,1,1657.3,1657.3
HITM0011176,HORD003577,PRD0088,2,994.41,1988.82
HITM0011177,HORD003577,PRD0316,2,653.66,1307.32
HITM0011178,HORD003577,PRD0904,1,2754.33,2754.33
HITM0011179,HORD003577,PRD0347,2,339.84,679.68
HITM0011180,HORD003578,PRD0249,1,682.98,682.98
HITM0011181,HORD003578,PRD0679,1,399.42,399.42
HITM0011182,HORD003578,PRD0388,2,191.0,382.0
HITM0011183,HORD003578,PRD0865,1,691.66,691.66
HITM0011184,HORD003579,PRD0576,2,31.35,62.7
HITM0011185,HORD003579,PRD0813,1,372.89,372.89
HITM0011186,HORD003579,PRD0013,2,291.07,582.14
HITM0011187,HORD003580,PRD0194,1,3461.26,3461.26
HITM0011188,HORD003580,PRD0939,2,67.43,134.86
HITM0011189,HORD003580,PRD0202,1,1161.02,1161.02
HITM0011190,HORD003580,PRD0702,1,403.74,403.74
HITM0011191,HORD003581,PRD0322,1,326.02,326.02
HITM0011192,HORD003581,PRD0477,2,610.76,1221.52
HITM0011193,HORD003581,PRD0412,2,1351.05,2702.1
HITM0011194,HORD003582,PRD0920,1,302.87,302.87
HITM0011195,HORD003582,PRD0824,1,3837.62,3837.62
HITM0011196,HORD003582,PRD0958,1,128.04,128.04
HITM0011197,HORD003582,PRD0289,2,1238.69,2477.38
HITM0011198,HORD003583,PRD0793,2,1315.85,2631.7
HITM0011199,HORD003583,PRD0395,1,843.62,843.62
HITM0011200,HORD003583,PRD0992,1,309.63,309.63
HITM0011201,HORD003583,PRD0122,1,1857.69,1857.69
HITM0011202,HORD003583,PRD0232,2,321.21,642.42
HITM0011203,HORD003584,PRD0658,1,899.02,899.02
HITM0011204,HORD003584,PRD0796,1,559.87,559.87
HITM0011205,HORD003584,PRD0180,1,256.4,256.4
HITM0011206,HORD003584,PRD0756,1,389.58,389.58
HITM0011207,HORD003585,PRD0147,1,172.97,172.97
HITM0011208,HORD003585,PRD0939,1,67.43,67.43
HITM0011209,HORD003585,PRD0740,1,235.84,235.84
HITM0011210,HORD003586,PRD0573,1,850.28,850.28
HITM0011211,HORD003587,PRD0452,1,353.39,353.39
HITM0011212,HORD003588,PRD0600,1,200.67,200.67
HITM0011213,HORD003589,PRD0477,1,610.76,610.76
HITM0011214,HORD003589,PRD0709,1,1432.58,1432.58
HITM0011215,HORD003589,PRD0703,3,1320.55,3961.65
HITM0011216,HORD003590,PRD0288,1,114.25,114.25
HITM0011217,HORD003590,PRD0999,1,719.67,719.67
HITM0011218,HORD003591,PRD0368,1,567.82,567.82
HITM0011219,HORD003591,PRD0859,2,883.33,1766.66
HITM0011220,HORD003591,PRD0221,1,3086.03,3086.03
HITM0011221,HORD003591,PRD0992,1,309.63,309.63
HITM0011222,HORD003591,PRD0570,1,337.54,337.54
HITM0011223,HORD003592,PRD0331,3,2268.14,6804.42
HITM0011224,HORD003592,PRD0966,1,272.72,272.72
HITM0011225,HORD003593,PRD0875,2,1038.39,2076.78
HITM0011226,HORD003593,PRD0430,1,54.36,54.36
HITM0011227,HORD003593,PRD0945,1,568.86,568.86
HITM0011228,HORD003594,PRD0063,1,951.82,951.82
HITM0011229,HORD003594,PRD0825,1,522.15,522.15
HITM0011230,HORD003594,PRD0208,1,481.08,481.08
HITM0011231,HORD003594,PRD0250,2,184.24,368.48
HITM0011232,HORD003595,PRD0020,1,277.78,277.78
HITM0011233,HORD003595,PRD0620,1,23.82,23.82
HITM0011234,HORD003596,PRD0935,1,1012.52,1012.52
HITM0011235,HORD003596,PRD0341,2,2089.96,4179.92
HITM0011236,HORD003596,PRD0062,1,848.94,848.94
HITM0011237,HORD003597,PRD0474,1,2324.49,2324.49
HITM0011238,HORD003597,PRD0594,1,2621.32,2621.32
HITM0011239,HORD003597,PRD0060,3,412.3,1236.9
HITM0011240,HORD003597,PRD0399,2,1304.71,2609.42
HITM0011241,HORD003598,PRD0567,2,69.51,139.02
HITM0011242,HORD003598,PRD0454,1,3062.46,3062.46
HITM0011243,HORD003598,PRD0670,1,278.65,278.65
HITM0011244,HORD003598,PRD0839,1,511.61,511.61
HITM0011245,HORD003599,PRD0467,1,2210.83,2210.83
HITM0011246,HORD003599,PRD0119,2,752.72,1505.44
HITM0011247,HORD003599,PRD0176,1,259.71,259.71
HITM0011248,HORD003600,PRD0056,2,204.63,409.26
HITM0011249,HORD003600,PRD0786,1,664.7,664.7
HITM0011250,HORD003600,PRD0952,1,864.9,864.9
HITM0011251,HORD003601,PRD0254,1,980.48,980.48
HITM0011252,HORD003602,PRD0994,1,2727.51,2727.51
HITM0011253,HORD003603,PRD0813,1,372.89,372.89
HITM0011254,HORD003603,PRD0278,2,105.64,211.28
HITM0011255,HORD003603,PRD0380,1,340.9,340.9
HITM0011256,HORD003603,PRD0461,1,1412.1,1412.1
HITM0011257,HORD003604,PRD0770,1,376.65,376.65
HITM0011258,HORD003604,PRD0768,1,149.86,149.86
HITM0011259,HORD003604,PRD0210,1,206.42,206.42
HITM0011260,HORD003605,PRD0278,1,105.64,105.64
HITM0011261,HORD003605,PRD0476,2,336.11,672.22
HITM0011262,HORD003605,PRD0517,1,898.69,898.69
HITM0011263,HORD003606,PRD0247,1,55.39,55.39
HITM0011264,HORD003606,PRD0492,2,1140.56,2281.12
HITM0011265,HORD003606,PRD0742,1,1768.06,1768.06
HITM0011266,HORD003606,PRD0837,1,1658.39,1658.39
HITM0011267,HORD003607,PRD0835,1,482.69,482.69
HITM0011268,HORD003607,PRD0730,1,147.29,147.29
HITM0011269,HORD003607,PRD0789,2,1032.76,2065.52
HITM0011270,HORD003608,PRD0233,1,942.53,942.53
HITM0011271,HORD003608,PRD0020,1,277.78,277.78
HITM0011272,HORD003608,PRD0160,2,332.63,665.26
HITM0011273,HORD003608,PRD0326,2,639.28,1278.56
HITM0011274,HORD003608,PRD0107,1,1356.63,1356.63
HITM0011275,HORD003609,PRD0866,1,492.83,492.83
HITM0011276,HORD003610,PRD0589,1,222.62,222.62
HITM0011277,HORD003610,PRD0849,1,1072.65,1072.65
HITM0011278,HORD003611,PRD0260,2,157.69,315.38
HITM0011279,HORD003611,PRD0509,1,849.35,849.35
HITM0011280,HORD003611,PRD0223,1,946.31,946.31
HITM0011281,HORD003611,PRD0685,1,755.89,755.89
HITM0011282,HORD003612,PRD0362,1,301.32,301.32
HITM0011283,HORD003613,PRD0567,2,69.51,139.02
HITM0011284,HORD003613,PRD0101,3,1370.24,4110.72
HITM0011285,HORD003613,PRD0958,1,128.04,128.04
HITM0011286,HORD003614,PRD0473,1,296.86,296.86
HITM0011287,HORD003614,PRD0231,1,1403.44,1403.44
HITM0011288,HORD003614,PRD0290,1,246.93,246.93
HITM0011289,HORD003614,PRD0694,2,721.36,1442.72
HITM0011290,HORD003614,PRD0421,1,2357.2,2357.2
HITM0011291,HORD003615,PRD0866,1,492.83,492.83
HITM0011292,HORD003615,PRD0181,1,1299.25,1299.25
HITM0011293,HORD003615,PRD0548,1,858.63,858.63
HITM0011294,HORD003616,PRD0796,1,559.87,559.87
HITM0011295,HORD003616,PRD0396,3,147.51,442.53
HITM0011296,HORD003616,PRD0276,1,670.27,670.27
HITM0011297,HORD003616,PRD0576,1,31.35,31.35
HITM0011298,HORD003617,PRD0680,2,146.6,293.2
HITM0011299,HORD003617,PRD0484,1,2872.29,2872.29
HITM0011300,HORD003617,PRD0153,3,1119.38,3358.14
HITM0011301,HORD003617,PRD0547,1,2322.41,2322.41
HITM0011302,HORD003618,PRD0993,1,448.46,448.46
HITM0011303,HORD003618,PRD0676,1,523.37,523.37
HITM0011304,HORD003618,PRD0685,3,755.89,2267.67
HITM0011305,HORD003618,PRD0880,2,330.2,660.4
HITM0011306,HORD003619,PRD0421,1,2357.2,2357.2
HITM0011307,HORD003619,PRD0620,1,23.82,23.82
HITM0011308,HORD003619,PRD0256,1,42.53,42.53
HITM0011309,HORD003619,PRD0827,1,1518.31,1518.31
HITM0011310,HORD003620,PRD0015,1,1188.56,1188.56
HITM0011311,HORD003620,PRD0707,1,1840.72,1840.72
HITM0011312,HORD003620,PRD0917,1,1918.86,1918.86
HITM0011313,HORD003621,PRD0616,1,242.48,242.48
HITM0011314,HORD003621,PRD0992,1,309.63,309.63
HITM0011315,HORD003621,PRD0717,1,825.84,825.84
HITM0011316,HORD003622,PRD0679,1,399.42,399.42
HITM0011317,HORD003622,PRD0425,2,477.89,955.78
HITM0011318,HORD003622,PRD0612,1,319.23,319.23
HITM0011319,HORD003623,PRD0830,1,231.45,231.45
HITM0011320,HORD003623,PRD0741,1,1342.0,1342.0
HITM0011321,HORD003623,PRD0753,2,720.25,1440.5
HITM0011322,HORD003623,PRD0055,1,1019.33,1019.33
HITM0011323,HORD003624,PRD0492,1,1140.56,1140.56
HITM0011324,HORD003625,PRD0790,3,67.36,202.08
HITM0011325,HORD003625,PRD0820,1,149.51,149.51
HITM0011326,HORD003625,PRD0709,1,1432.58,1432.58
HITM0011327,HORD003625,PRD0445,1,151.88,151.88
HITM0011328,HORD003626,PRD0534,1,459.7,459.7
HITM0011329,HORD003626,PRD0377,2,1537.07,3074.14
HITM0011330,HORD003626,PRD0869,1,1315.16,1315.16
HITM0011331,HORD003626,PRD0603,2,380.05,760.1
HITM0011332,HORD003627,PRD0119,1,752.72,752.72
HITM0011333,HORD003627,PRD0825,3,522.15,1566.45
HITM0011334,HORD003627,PRD0226,1,549.99,549.99
HITM0011335,HORD003627,PRD0423,1,371.68,371.68
HITM0011336,HORD003628,PRD0412,1,1351.05,1351.05
HITM0011337,HORD003628,PRD0014,1,2216.59,2216.59
HITM0011338,HORD003628,PRD0460,1,354.28,354.28
HITM0011339,HORD003629,PRD0850,2,216.39,432.78
HITM0011340,HORD003629,PRD0845,1,355.13,355.13
HITM0011341,HORD003629,PRD0527,2,934.45,1868.9
HITM0011342,HORD003629,PRD0254,1,980.48,980.48
HITM0011343,HORD003630,PRD0766,1,74.26,74.26
HITM0011344,HORD003630,PRD0940,1,127.15,127.15
HITM0011345,HORD003630,PRD0849,1,1072.65,1072.65
HITM0011346,HORD003630,PRD0422,1,1010.5,1010.5
HITM0011347,HORD003631,PRD0009,2,72.9,145.8
HITM0011348,HORD003631,PRD0001,1,2686.14,2686.14
HITM0011349,HORD003631,PRD0592,1,1152.46,1152.46
HITM0011350,HORD003631,PRD0450,1,162.55,162.55
HITM0011351,HORD003632,PRD0376,1,294.68,294.68
HITM0011352,HORD003632,PRD0250,1,184.24,184.24
HITM0011353,HORD003632,PRD0690,1,344.6,344.6
HITM0011354,HORD003633,PRD0148,1,319.75,319.75
HITM0011355,HORD003633,PRD0679,1,399.42,399.42
HITM0011356,HORD003633,PRD0390,1,408.91,408.91
HITM0011357,HORD003634,PRD0452,2,353.39,706.78
HITM0011358,HORD003634,PRD0682,2,1036.2,2072.4
HITM0011359,HORD003634,PRD0330,1,96.82,96.82
HITM0011360,HORD003634,PRD0270,1,237.62,237.62
HITM0011361,HORD003635,PRD0524,1,405.7,405.7
HITM0011362,HORD003635,PRD0410,1,331.6,331.6
HITM0011363,HORD003635,PRD0472,2,819.03,1638.06
HITM0011364,HORD003635,PRD0833,2,1527.84,3055.68
HITM0011365,HORD003636,PRD0979,1,96.35,96.35
HITM0011366,HORD003637,PRD0589,1,222.62,222.62
HITM0011367,HORD003637,PRD0600,1,200.67,200.67
HITM0011368,HORD003637,PRD0369,1,663.84,663.84
HITM0011369,HORD003638,PRD0743,1,718.63,718.63
HITM0011370,HORD003638,PRD0148,1,319.75,319.75
HITM0011371,HORD003638,PRD0746,1,367.02,367.02
HITM0011372,HORD003639,PRD0880,1,330.2,330.2
HITM0011373,HORD003639,PRD0273,2,1320.37,2640.74
HITM0011374,HORD003640,PRD0134,1,1553.3,1553.3
HITM0011375,HORD003640,PRD0497,2,2286.18,4572.36
HITM0011376,HORD003641,PRD0482,1,1441.83,1441.83
HITM0011377,HORD003642,PRD0524,1,405.7,405.7
HITM0011378,HORD003642,PRD0288,1,114.25,114.25
HITM0011379,HORD003642,PRD0797,1,1054.08,1054.08
HITM0011380,HORD003642,PRD0331,1,2268.14,2268.14
HITM0011381,HORD003642,PRD0733,1,281.18,281.18
HITM0011382,HORD003643,PRD0967,1,2391.09,2391.09
HITM0011383,HORD003643,PRD0510,1,225.6,225.6
HITM0011384,HORD003644,PRD0379,1,212.81,212.81
HITM0011385,HORD003644,PRD0721,1,1687.59,1687.59
HITM0011386,HORD003644,PRD0457,3,269.37,808.11
HITM0011387,HORD003645,PRD0725,1,1096.49,1096.49
HITM0011388,HORD003645,PRD0872,1,1197.21,1197.21
HITM0011389,HORD003645,PRD0593,1,826.29,826.29
HITM0011390,HORD003646,PRD0040,1,348.21,348.21
HITM0011391,HORD003647,PRD0273,1,1320.37,1320.37
HITM0011392,HORD003647,PRD0856,1,426.45,426.45
HITM0011393,HORD003647,PRD0648,2,450.1,900.2
HITM0011394,HORD003647,PRD0776,2,133.13,266.26
HITM0011395,HORD003648,PRD0578,2,307.89,615.78
HITM0011396,HORD003648,PRD0590,2,197.67,395.34
HITM0011397,HORD003648,PRD0992,2,309.63,619.26
HITM0011398,HORD003648,PRD0548,2,858.63,1717.26
HITM0011399,HORD003649,PRD0309,1,1241.8,1241.8
HITM0011400,HORD003649,PRD0217,1,2308.51,2308.51
HITM0011401,HORD003649,PRD0607,1,73.33,73.33
HITM0011402,HORD003649,PRD0318,2,656.01,1312.02
HITM0011403,HORD003649,PRD0232,2,321.21,642.42
HITM0011404,HORD003650,PRD0600,1,200.67,200.67
HITM0011405,HORD003650,PRD0550,1,224.46,224.46
HITM0011406,HORD003650,PRD0146,1,807.31,807.31
HITM0011407,HORD003650,PRD0777,1,876.73,876.73
HITM0011408,HORD003651,PRD0930,1,307.61,307.61
HITM0011409,HORD003651,PRD0686,1,778.95,778.95
HITM0011410,HORD003651,PRD0212,1,1664.12,1664.12
HITM0011411,HORD003652,PRD0385,1,602.62,602.62
HITM0011412,HORD003652,PRD0433,1,641.45,641.45
HITM0011413,HORD003652,PRD0920,1,302.87,302.87
HITM0011414,HORD003652,PRD0285,1,929.48,929.48
HITM0011415,HORD003653,PRD0809,1,155.22,155.22
HITM0011416,HORD003653,PRD0429,1,618.41,618.41
HITM0011417,HORD003654,PRD0422,2,1010.5,2021.0
HITM0011418,HORD003654,PRD0407,1,1240.23,1240.23
HITM0011419,HORD003654,PRD0418,1,735.73,735.73
HITM0011420,HORD003654,PRD0362,1,301.32,301.32
HITM0011421,HORD003654,PRD0670,2,278.65,557.3
HITM0011422,HORD003655,PRD0224,1,3987.47,3987.47
HITM0011423,HORD003655,PRD0685,1,755.89,755.89
HITM0011424,HORD003656,PRD0070,1,168.22,168.22
HITM0011425,HORD003656,PRD0725,1,1096.49,1096.49
HITM0011426,HORD003656,PRD0643,1,614.82,614.82
HITM0011427,HORD003657,PRD0628,1,586.24,586.24
HITM0011428,HORD003657,PRD0442,1,327.53,327.53
HITM0011429,HORD003657,PRD0537,1,237.18,237.18
HITM0011430,HORD003657,PRD0690,1,344.6,344.6
HITM0011431,HORD003658,PRD0765,1,967.51,967.51
HITM0011432,HORD003658,PRD0958,1,128.04,128.04
HITM0011433,HORD003658,PRD0828,1,1072.53,1072.53
HITM0011434,HORD003658,PRD0535,1,992.5,992.5
HITM0011435,HORD003658,PRD0618,1,409.5,409.5
HITM0011436,HORD003659,PRD0472,1,819.03,819.03
HITM0011437,HORD003659,PRD0332,1,1700.56,1700.56
HITM0011438,HORD003659,PRD0602,2,409.98,819.96
HITM0011439,HORD003660,PRD0515,2,957.39,1914.78
HITM0011440,HORD003661,PRD0162,1,767.91,767.91
HITM0011441,HORD003661,PRD0306,1,98.74,98.74
HITM0011442,HORD003661,PRD0808,1,444.53,444.53
HITM0011443,HORD003662,PRD0466,1,276.92,276.92
HITM0011444,HORD003662,PRD0165,1,808.77,808.77
HITM0011445,HORD003662,PRD0576,2,31.35,62.7
HITM0011446,HORD003662,PRD0928,1,732.49,732.49
HITM0011447,HORD003663,PRD0550,1,224.46,224.46
HITM0011448,HORD003663,PRD0481,1,1590.61,1590.61
HITM0011449,HORD003663,PRD0439,1,236.05,236.05
HITM0011450,HORD003664,PRD0127,1,477.02,477.02
HITM0011451,HORD003664,PRD0296,1,331.81,331.81
HITM0011452,HORD003664,PRD0230,1,112.24,112.24
HITM0011453,HORD003664,PRD0140,1,211.53,211.53
HITM0011454,HORD003664,PRD0462,1,1478.68,1478.68
HITM0011455,HORD003665,PRD0303,2,922.23,1844.46
HITM0011456,HORD003666,PRD0820,1,149.51,149.51
HITM0011457,HORD003666,PRD0223,1,946.31,946.31
HITM0011458,HORD003666,PRD0923,1,771.16,771.16
HITM0011459,HORD003667,PRD0536,1,430.74,430.74
HITM0011460,HORD003667,PRD0552,1,359.04,359.04
HITM0011461,HORD003667,PRD0883,1,1321.14,1321.14
HITM0011462,HORD003667,PRD0145,1,439.24,439.24
HITM0011463,HORD003668,PRD0573,1,850.28,850.28
HITM0011464,HORD003668,PRD0223,2,946.31,1892.62
HITM0011465,HORD003669,PRD0612,2,319.23,638.46
HITM0011466,HORD003669,PRD0968,1,213.37,213.37
HITM0011467,HORD003669,PRD0017,2,420.96,841.92
HITM0011468,HORD003669,PRD0320,2,28.7,57.4
HITM0011469,HORD003670,PRD0771,1,3066.74,3066.74
HITM0011470,HORD003670,PRD0251,1,1750.4,1750.4
HITM0011471,HORD003671,PRD0238,3,459.3,1377.9
HITM0011472,HORD003671,PRD0668,1,598.5,598.5
HITM0011473,HORD003671,PRD0957,1,108.95,108.95
HITM0011474,HORD003671,PRD0530,1,338.05,338.05
HITM0011475,HORD003672,PRD0110,1,392.12,392.12
HITM0011476,HORD003672,PRD0190,2,40.06,80.12
HITM0011477,HORD003672,PRD0309,1,1241.8,1241.8
HITM0011478,HORD003672,PRD0298,1,727.39,727.39
HITM0011479,HORD003672,PRD0916,1,515.65,515.65
HITM0011480,HORD003673,PRD0614,1,2476.54,2476.54
HITM0011481,HORD003673,PRD0873,2,448.66,897.32
HITM0011482,HORD003673,PRD0535,1,992.5,992.5
HITM0011483,HORD003673,PRD0236,1,353.9,353.9
HITM0011484,HORD003673,PRD0916,2,515.65,1031.3
HITM0011485,HORD003674,PRD0059,1,343.68,343.68
HITM0011486,HORD003674,PRD0954,2,766.53,1533.06
HITM0011487,HORD003674,PRD0379,1,212.81,212.81
HITM0011488,HORD003675,PRD0442,1,327.53,327.53
HITM0011489,HORD003675,PRD0816,1,211.9,211.9
HITM0011490,HORD003676,PRD0361,2,2952.43,5904.86
HITM0011491,HORD003676,PRD0134,1,1553.3,1553.3
HITM0011492,HORD003676,PRD0988,3,461.62,1384.86
HITM0011493,HORD003677,PRD0609,2,266.46,532.92
HITM0011494,HORD003677,PRD0995,1,1027.49,1027.49
HITM0011495,HORD003678,PRD0711,1,2153.38,2153.38
HITM0011496,HORD003678,PRD0256,1,42.53,42.53
HITM0011497,HORD003678,PRD0496,1,92.5,92.5
HITM0011498,HORD003679,PRD0203,2,724.48,1448.96
HITM0011499,HORD003679,PRD0060,1,412.3,412.3
HITM0011500,HORD003679,PRD0306,1,98.74,98.74
HITM0011501,HORD003680,PRD0958,1,128.04,128.04
HITM0011502,HORD003680,PRD0707,1,1840.72,1840.72
HITM0011503,HORD003680,PRD0574,1,1591.27,1591.27
HITM0011504,HORD003680,PRD0823,1,1007.18,1007.18
HITM0011505,HORD003680,PRD0659,2,1177.04,2354.08
HITM0011506,HORD003681,PRD0110,1,392.12,392.12
HITM0011507,HORD003681,PRD0673,2,666.78,1333.56
HITM0011508,HORD003681,PRD0657,1,582.44,582.44
HITM0011509,HORD003681,PRD0832,1,1674.37,1674.37
HITM0011510,HORD003682,PRD0456,1,700.91,700.91
HITM0011511,HORD003682,PRD0763,1,863.1,863.1
HITM0011512,HORD003682,PRD0845,1,355.13,355.13
HITM0011513,HORD003682,PRD0280,1,228.25,228.25
HITM0011514,HORD003682,PRD0180,1,256.4,256.4
HITM0011515,HORD003683,PRD0930,1,307.61,307.61
HITM0011516,HORD003683,PRD0861,1,2778.32,2778.32
HITM0011517,HORD003683,PRD0005,1,171.8,171.8
HITM0011518,HORD003683,PRD0563,1,957.85,957.85
HITM0011519,HORD003684,PRD0458,1,224.27,224.27
HITM0011520,HORD003684,PRD0236,1,353.9,353.9
HITM0011521,HORD003684,PRD1000,2,175.0,350.0
HITM0011522,HORD003684,PRD0905,1,992.9,992.9
HITM0011523,HORD003685,PRD0491,1,2151.39,2151.39
HITM0011524,HORD003685,PRD0190,1,40.06,40.06
HITM0011525,HORD003685,PRD0285,1,929.48,929.48
HITM0011526,HORD003686,PRD0946,1,180.12,180.12
HITM0011527,HORD003686,PRD0425,1,477.89,477.89
HITM0011528,HORD003686,PRD0281,1,1116.42,1116.42
HITM0011529,HORD003687,PRD0826,1,774.78,774.78
HITM0011530,HORD003687,PRD0200,1,317.39,317.39
HITM0011531,HORD003687,PRD0145,1,439.24,439.24
HITM0011532,HORD003687,PRD0328,1,911.22,911.22
HITM0011533,HORD003688,PRD0268,1,876.82,876.82
HITM0011534,HORD003688,PRD0016,1,802.46,802.46
HITM0011535,HORD003689,PRD0582,1,1229.26,1229.26
HITM0011536,HORD003689,PRD0980,1,171.73,171.73
HITM0011537,HORD003690,PRD0355,1,703.23,703.23
HITM0011538,HORD003690,PRD0630,1,167.94,167.94
HITM0011539,HORD003690,PRD0862,3,750.64,2251.92
HITM0011540,HORD003691,PRD0598,2,73.8,147.6
HITM0011541,HORD003691,PRD0948,1,849.18,849.18
HITM0011542,HORD003691,PRD0555,1,380.47,380.47
HITM0011543,HORD003692,PRD0889,2,743.48,1486.96
HITM0011544,HORD003692,PRD0232,1,321.21,321.21
HITM0011545,HORD003692,PRD0617,1,540.8,540.8
HITM0011546,HORD003692,PRD0711,1,2153.38,2153.38
HITM0011547,HORD003693,PRD0606,2,838.55,1677.1
HITM0011548,HORD003693,PRD0924,1,938.45,938.45
HITM0011549,HORD003693,PRD0939,2,67.43,134.86
HITM0011550,HORD003693,PRD0712,2,810.01,1620.02
HITM0011551,HORD003694,PRD0038,1,553.02,553.02
HITM0011552,HORD003694,PRD0694,1,721.36,721.36
HITM0011553,HORD003694,PRD0150,1,199.69,199.69
HITM0011554,HORD003694,PRD0642,1,1123.98,1123.98
HITM0011555,HORD003694,PRD0175,1,740.04,740.04
HITM0011556,HORD003695,PRD0181,1,1299.25,1299.25
HITM0011557,HORD003695,PRD0303,1,922.23,922.23
HITM0011558,HORD003695,PRD0973,2,1197.47,2394.94
HITM0011559,HORD003695,PRD0791,1,2893.2,2893.2
HITM0011560,HORD003696,PRD0675,2,1138.38,2276.76
HITM0011561,HORD003697,PRD0533,1,1416.06,1416.06
HITM0011562,HORD003697,PRD0703,1,1320.55,1320.55
HITM0011563,HORD003697,PRD0583,1,268.64,268.64
HITM0011564,HORD003697,PRD0039,3,1008.92,3026.76
HITM0011565,HORD003697,PRD0232,1,321.21,321.21
HITM0011566,HORD003698,PRD0522,1,496.11,496.11
HITM0011567,HORD003698,PRD0500,1,137.18,137.18
HITM0011568,HORD003698,PRD0678,2,133.66,267.32
HITM0011569,HORD003699,PRD0617,1,540.8,540.8
HITM0011570,HORD003699,PRD0984,1,3015.12,3015.12
HITM0011571,HORD003700,PRD0066,1,307.12,307.12
HITM0011572,HORD003700,PRD0039,2,1008.92,2017.84
HITM0011573,HORD003700,PRD0130,1,167.84,167.84
HITM0011574,HORD003701,PRD0576,1,31.35,31.35
HITM0011575,HORD003702,PRD0970,1,192.16,192.16
HITM0011576,HORD003702,PRD0269,1,754.3,754.3
HITM0011577,HORD003703,PRD0031,2,2301.05,4602.1
HITM0011578,HORD003703,PRD0535,2,992.5,1985.0
HITM0011579,HORD003704,PRD0872,1,1197.21,1197.21
HITM0011580,HORD003704,PRD0537,2,237.18,474.36
HITM0011581,HORD003704,PRD0598,1,73.8,73.8
HITM0011582,HORD003705,PRD0464,1,3796.9,3796.9
HITM0011583,HORD003705,PRD0682,1,1036.2,1036.2
HITM0011584,HORD003706,PRD0612,1,319.23,319.23
HITM0011585,HORD003707,PRD0778,1,271.67,271.67
HITM0011586,HORD003707,PRD0176,1,259.71,259.71
HITM0011587,HORD003707,PRD0050,1,409.65,409.65
HITM0011588,HORD003707,PRD0637,1,2406.77,2406.77
HITM0011589,HORD003707,PRD0301,1,1468.04,1468.04
HITM0011590,HORD003708,PRD0979,2,96.35,192.7
HITM0011591,HORD003708,PRD0725,1,1096.49,1096.49
HITM0011592,HORD003708,PRD0380,1,340.9,340.9
HITM0011593,HORD003709,PRD0737,1,194.63,194.63
HITM0011594,HORD003709,PRD0303,1,922.23,922.23
HITM0011595,HORD003709,PRD0595,1,126.92,126.92
HITM0011596,HORD003709,PRD0790,1,67.36,67.36
HITM0011597,HORD003710,PRD0434,1,1657.3,1657.3
HITM0011598,HORD003710,PRD0759,2,106.0,212.0
HITM0011599,HORD003710,PRD0733,2,281.18,562.36
HITM0011600,HORD003711,PRD0443,1,684.87,684.87
HITM0011601,HORD003711,PRD0325,1,325.22,325.22
HITM0011602,HORD003711,PRD0698,1,664.05,664.05
HITM0011603,HORD003712,PRD0819,1,1070.76,1070.76
HITM0011604,HORD003713,PRD0780,1,307.98,307.98
HITM0011605,HORD003713,PRD0671,2,1959.57,3919.14
HITM0011606,HORD003714,PRD0503,2,892.6,1785.2
HITM0011607,HORD003714,PRD0066,1,307.12,307.12
HITM0011608,HORD003714,PRD0107,1,1356.63,1356.63
HITM0011609,HORD003715,PRD0648,1,450.1,450.1
HITM0011610,HORD003715,PRD0239,1,1388.63,1388.63
HITM0011611,HORD003716,PRD0439,1,236.05,236.05
HITM0011612,HORD003716,PRD0455,2,858.23,1716.46
HITM0011613,HORD003716,PRD0697,1,1839.57,1839.57
HITM0011614,HORD003717,PRD0306,1,98.74,98.74
HITM0011615,HORD003717,PRD0258,1,114.0,114.0
HITM0011616,HORD003718,PRD0204,1,759.0,759.0
HITM0011617,HORD003718,PRD0020,1,277.78,277.78
HITM0011618,HORD003718,PRD0969,2,185.9,371.8
HITM0011619,HORD003718,PRD0327,1,1138.43,1138.43
HITM0011620,HORD003719,PRD0207,1,143.7,143.7
HITM0011621,HORD003719,PRD0147,1,172.97,172.97
HITM0011622,HORD003720,PRD0706,2,626.5,1253.0
HITM0011623,HORD003720,PRD0595,1,126.92,126.92
HITM0011624,HORD003720,PRD0204,1,759.0,759.0
HITM0011625,HORD003720,PRD0715,1,636.68,636.68
HITM0011626,HORD003721,PRD0391,1,1988.32,1988.32
HITM0011627,HORD003721,PRD0013,1,291.07,291.07
HITM0011628,HORD003721,PRD0860,1,386.3,386.3
HITM0011629,HORD003722,PRD0346,1,296.52,296.52
HITM0011630,HORD003722,PRD0782,1,743.41,743.41
HITM0011631,HORD003722,PRD0505,1,268.59,268.59
HITM0011632,HORD003722,PRD0995,2,1027.49,2054.98
HITM0011633,HORD003722,PRD0236,1,353.9,353.9
HITM0011634,HORD003723,PRD0636,1,249.94,249.94
HITM0011635,HORD003723,PRD0556,1,279.39,279.39
HITM0011636,HORD003723,PRD0420,1,409.7,409.7
HITM0011637,HORD003723,PRD0768,1,149.86,149.86
HITM0011638,HORD003724,PRD0652,1,1247.24,1247.24
HITM0011639,HORD003724,PRD0632,1,878.95,878.95
HITM0011640,HORD003724,PRD0288,1,114.25,114.25
HITM0011641,HORD003725,PRD0700,1,164.38,164.38
HITM0011642,HORD003725,PRD0980,2,171.73,343.46
HITM0011643,HORD003725,PRD0518,2,69.83,139.66
HITM0011644,HORD003725,PRD0983,1,1481.15,1481.15
HITM0011645,HORD003726,PRD0258,1,114.0,114.0
HITM0011646,HORD003726,PRD0691,1,1463.28,1463.28
HITM0011647,HORD003726,PRD0157,1,93.87,93.87
HITM0011648,HORD003726,PRD0033,2,1345.52,2691.04
HITM0011649,HORD003727,PRD0226,2,549.99,1099.98
HITM0011650,HORD003727,PRD0961,1,1247.08,1247.08
HITM0011651,HORD003727,PRD0729,1,348.79,348.79
HITM0011652,HORD003727,PRD0875,2,1038.39,2076.78
HITM0011653,HORD003728,PRD0405,1,406.75,406.75
HITM0011654,HORD003728,PRD0193,2,890.72,1781.44
HITM0011655,HORD003728,PRD0236,1,353.9,353.9
HITM0011656,HORD003729,PRD0111,1,2559.72,2559.72
HITM0011657,HORD003729,PRD0968,3,213.37,640.11
HITM0011658,HORD003730,PRD0175,1,740.04,740.04
HITM0011659,HORD003730,PRD0044,1,4145.78,4145.78
HITM0011660,HORD003730,PRD0844,1,2177.73,2177.73
HITM0011661,HORD003731,PRD0730,2,147.29,294.58
HITM0011662,HORD003731,PRD0522,2,496.11,992.22
HITM0011663,HORD003731,PRD0972,1,1644.08,1644.08
HITM0011664,HORD003731,PRD0910,1,334.83,334.83
HITM0011665,HORD003731,PRD0878,1,453.25,453.25
HITM0011666,HORD003732,PRD0680,2,146.6,293.2
HITM0011667,HORD003733,PRD0035,1,1056.72,1056.72
HITM0011668,HORD003733,PRD0756,1,389.58,389.58
HITM0011669,HORD003734,PRD0999,1,719.67,719.67
HITM0011670,HORD003734,PRD0794,2,3939.25,7878.5
HITM0011671,HORD003735,PRD0983,3,1481.15,4443.45
HITM0011672,HORD003736,PRD0354,2,2839.63,5679.26
HITM0011673,HORD003736,PRD0179,1,428.63,428.63
HITM0011674,HORD003736,PRD0876,2,844.64,1689.28
HITM0011675,HORD003736,PRD0999,1,719.67,719.67
HITM0011676,HORD003737,PRD0602,1,409.98,409.98
HITM0011677,HORD003738,PRD0922,1,1230.33,1230.33
HITM0011678,HORD003738,PRD0600,2,200.67,401.34
HITM0011679,HORD003738,PRD0503,1,892.6,892.6
HITM0011680,HORD003738,PRD0982,1,807.01,807.01
HITM0011681,HORD003739,PRD0056,1,204.63,204.63
HITM0011682,HORD003739,PRD0767,1,1276.85,1276.85
HITM0011683,HORD003740,PRD0703,1,1320.55,1320.55
HITM0011684,HORD003740,PRD0505,1,268.59,268.59
HITM0011685,HORD003741,PRD0191,1,3198.59,3198.59
HITM0011686,HORD003741,PRD0228,2,575.39,1150.78
HITM0011687,HORD003741,PRD0927,1,672.07,672.07
HITM0011688,HORD003741,PRD0219,1,450.54,450.54
HITM0011689,HORD003742,PRD0418,2,735.73,1471.46
HITM0011690,HORD003742,PRD0976,1,554.65,554.65
HITM0011691,HORD003743,PRD0872,1,1197.21,1197.21
HITM0011692,HORD003743,PRD0561,2,1093.04,2186.08
HITM0011693,HORD003743,PRD0066,1,307.12,307.12
HITM0011694,HORD003743,PRD0002,1,1804.26,1804.26
HITM0011695,HORD003744,PRD0320,1,28.7,28.7
HITM0011696,HORD003745,PRD0821,2,1210.81,2421.62
HITM0011697,HORD003745,PRD0549,1,1345.32,1345.32
HITM0011698,HORD003745,PRD0046,2,789.29,1578.58
HITM0011699,HORD003745,PRD0181,2,1299.25,2598.5
HITM0011700,HORD003745,PRD0430,2,54.36,108.72
HITM0011701,HORD003746,PRD0945,1,568.86,568.86
HITM0011702,HORD003746,PRD0850,1,216.39,216.39
HITM0011703,HORD003746,PRD0223,1,946.31,946.31
HITM0011704,HORD003746,PRD0541,1,2828.87,2828.87
HITM0011705,HORD003747,PRD0792,1,1464.66,1464.66
HITM0011706,HORD003747,PRD0183,1,1343.02,1343.02
HITM0011707,HORD003748,PRD0522,2,496.11,992.22
HITM0011708,HORD003748,PRD0900,1,346.54,346.54
HITM0011709,HORD003748,PRD0981,3,1483.54,4450.62
HITM0011710,HORD003748,PRD0141,1,3104.91,3104.91
HITM0011711,HORD003749,PRD0106,2,203.27,406.54
HITM0011712,HORD003749,PRD0447,2,640.94,1281.88
HITM0011713,HORD003750,PRD0217,1,2308.51,2308.51
HITM0011714,HORD003750,PRD0010,1,253.38,253.38
HITM0011715,HORD003750,PRD0139,2,323.99,647.98
HITM0011716,HORD003750,PRD0061,2,1919.38,3838.76
HITM0011717,HORD003750,PRD0960,2,17.08,34.16
HITM0011718,HORD003751,PRD0444,2,2746.34,5492.68
HITM0011719,HORD003751,PRD0078,2,991.52,1983.04
HITM0011720,HORD003751,PRD0048,1,533.35,533.35
HITM0011721,HORD003751,PRD0114,1,3188.59,3188.59
HITM0011722,HORD003752,PRD0447,1,640.94,640.94
HITM0011723,HORD003752,PRD0550,1,224.46,224.46
HITM0011724,HORD003752,PRD0247,1,55.39,55.39
HITM0011725,HORD003752,PRD0284,1,4114.93,4114.93
HITM0011726,HORD003753,PRD0804,1,3851.02,3851.02
HITM0011727,HORD003753,PRD0630,1,167.94,167.94
HITM0011728,HORD003754,PRD0827,2,1518.31,3036.62
HITM0011729,HORD003754,PRD0992,3,309.63,928.89
HITM0011730,HORD003755,PRD0405,2,406.75,813.5
HITM0011731,HORD003755,PRD0166,2,462.05,924.1
HITM0011732,HORD003755,PRD0180,2,256.4,512.8
HITM0011733,HORD003755,PRD0154,1,1730.69,1730.69
HITM0011734,HORD003756,PRD0222,2,761.26,1522.52
HITM0011735,HORD003756,PRD0700,1,164.38,164.38
HITM0011736,HORD003756,PRD0552,1,359.04,359.04
HITM0011737,HORD003756,PRD0940,1,127.15,127.15
HITM0011738,HORD003756,PRD0317,1,641.82,641.82
HITM0011739,HORD003757,PRD0010,1,253.38,253.38
HITM0011740,HORD003757,PRD0545,1,456.26,456.26
HITM0011741,HORD003757,PRD0918,1,697.62,697.62
HITM0011742,HORD003758,PRD0197,1,925.36,925.36
HITM0011743,HORD003758,PRD0519,1,700.92,700.92
HITM0011744,HORD003758,PRD0239,2,1388.63,2777.26
HITM0011745,HORD003759,PRD0396,1,147.51,147.51
HITM0011746,HORD003759,PRD0248,1,204.13,204.13
HITM0011747,HORD003759,PRD0635,2,475.82,951.64
HITM0011748,HORD003759,PRD0380,1,340.9,340.9
HITM0011749,HORD003759,PRD0768,1,149.86,149.86
HITM0011750,HORD003760,PRD0840,1,125.66,125.66
HITM0011751,HORD003760,PRD0776,3,133.13,399.39
HITM0011752,HORD003760,PRD0848,1,227.53,227.53
HITM0011753,HORD003760,PRD0974,1,2731.32,2731.32
HITM0011754,HORD003761,PRD0240,1,73.63,73.63
HITM0011755,HORD003761,PRD0994,2,2727.51,5455.02
HITM0011756,HORD003761,PRD1000,1,175.0,175.0
HITM0011757,HORD003762,PRD0842,1,1443.81,1443.81
HITM0011758,HORD003762,PRD0119,1,752.72,752.72
HITM0011759,HORD003762,PRD0488,2,1046.44,2092.88
HITM0011760,HORD003763,PRD0054,2,821.51,1643.02
HITM0011761,HORD003763,PRD0730,1,147.29,147.29
HITM0011762,HORD003763,PRD0693,2,635.88,1271.76
HITM0011763,HORD003764,PRD0546,1,180.12,180.12
HITM0011764,HORD003764,PRD0382,1,680.83,680.83
HITM0011765,HORD003764,PRD0631,1,943.11,943.11
HITM0011766,HORD003764,PRD0366,1,111.28,111.28
HITM0011767,HORD003765,PRD0954,2,766.53,1533.06
HITM0011768,HORD003765,PRD0712,1,810.01,810.01
HITM0011769,HORD003765,PRD0304,2,969.28,1938.56
HITM0011770,HORD003765,PRD0890,1,293.06,293.06
HITM0011771,HORD003765,PRD0037,2,953.09,1906.18
HITM0011772,HORD003766,PRD0745,1,147.69,147.69
HITM0011773,HORD003766,PRD0483,1,1169.19,1169.19
HITM0011774,HORD003766,PRD0716,2,744.09,1488.18
HITM0011775,HORD003767,PRD0912,1,1802.22,1802.22
HITM0011776,HORD003767,PRD0368,1,567.82,567.82
HITM0011777,HORD003768,PRD0902,1,1853.74,1853.74
HITM0011778,HORD003768,PRD0181,2,1299.25,2598.5
HITM0011779,HORD003769,PRD0288,3,114.25,342.75
HITM0011780,HORD003769,PRD0722,1,1628.14,1628.14
HITM0011781,HORD003769,PRD0866,1,492.83,492.83
HITM0011782,HORD003770,PRD0720,1,391.11,391.11
HITM0011783,HORD003771,PRD0386,2,663.23,1326.46
HITM0011784,HORD003771,PRD0845,2,355.13,710.26
HITM0011785,HORD003772,PRD0778,1,271.67,271.67
HITM0011786,HORD003772,PRD0806,1,541.85,541.85
HITM0011787,HORD003773,PRD0485,1,381.77,381.77
HITM0011788,HORD003773,PRD0865,1,691.66,691.66
HITM0011789,HORD003773,PRD0047,1,859.23,859.23
HITM0011790,HORD003773,PRD0929,1,114.2,114.2
HITM0011791,HORD003774,PRD0677,1,1475.57,1475.57
HITM0011792,HORD003774,PRD0989,1,71.59,71.59
HITM0011793,HORD003775,PRD0769,1,633.25,633.25
HITM0011794,HORD003775,PRD0563,1,957.85,957.85
HITM0011795,HORD003775,PRD0995,1,1027.49,1027.49
HITM0011796,HORD003775,PRD0528,2,1044.78,2089.56
HITM0011797,HORD003776,PRD0582,2,1229.26,2458.52
HITM0011798,HORD003776,PRD0085,2,195.1,390.2
HITM0011799,HORD003777,PRD0306,1,98.74,98.74
HITM0011800,HORD003777,PRD0690,1,344.6,344.6
HITM0011801,HORD003778,PRD0286,2,752.91,1505.82
HITM0011802,HORD003778,PRD0469,2,767.67,1535.34
HITM0011803,HORD003779,PRD0929,1,114.2,114.2
HITM0011804,HORD003779,PRD0624,1,565.88,565.88
HITM0011805,HORD003780,PRD0664,1,1949.37,1949.37
HITM0011806,HORD003781,PRD0685,2,755.89,1511.78
HITM0011807,HORD003781,PRD0623,1,857.91,857.91
HITM0011808,HORD003782,PRD0748,1,1008.17,1008.17
HITM0011809,HORD003783,PRD0269,1,754.3,754.3
HITM0011810,HORD003783,PRD0609,2,266.46,532.92
HITM0011811,HORD003784,PRD0470,2,149.63,299.26
HITM0011812,HORD003784,PRD0810,1,140.27,140.27
HITM0011813,HORD003784,PRD0462,1,1478.68,1478.68
HITM0011814,HORD003784,PRD0590,1,197.67,197.67
HITM0011815,HORD003784,PRD0240,1,73.63,73.63
HITM0011816,HORD003785,PRD0888,1,240.68,240.68
HITM0011817,HORD003785,PRD0140,1,211.53,211.53
HITM0011818,HORD003785,PRD0516,2,478.24,956.48
HITM0011819,HORD003785,PRD0229,1,1480.27,1480.27
HITM0011820,HORD003785,PRD0501,1,1843.99,1843.99
HITM0011821,HORD003786,PRD0830,1,231.45,231.45
HITM0011822,HORD003786,PRD0760,1,322.74,322.74
HITM0011823,HORD003787,PRD0008,1,751.87,751.87
HITM0011824,HORD003787,PRD0875,1,1038.39,1038.39
HITM0011825,HORD003788,PRD0010,1,253.38,253.38
HITM0011826,HORD003788,PRD0425,2,477.89,955.78
HITM0011827,HORD003789,PRD0323,1,1295.86,1295.86
HITM0011828,HORD003789,PRD0635,1,475.82,475.82
HITM0011829,HORD003790,PRD0300,1,51.94,51.94
HITM0011830,HORD003790,PRD0569,1,928.26,928.26
HITM0011831,HORD003790,PRD0211,1,2751.59,2751.59
HITM0011832,HORD003791,PRD0461,1,1412.1,1412.1
HITM0011833,HORD003791,PRD0180,1,256.4,256.4
HITM0011834,HORD003791,PRD0772,1,356.92,356.92
HITM0011835,HORD003792,PRD0972,2,1644.08,3288.16
HITM0011836,HORD003792,PRD0093,1,619.68,619.68
HITM0011837,HORD003792,PRD0577,2,1838.58,3677.16
HITM0011838,HORD003792,PRD0804,1,3851.02,3851.02
HITM0011839,HORD003793,PRD0839,1,511.61,511.61
HITM0011840,HORD003793,PRD0430,2,54.36,108.72
HITM0011841,HORD003793,PRD0050,1,409.65,409.65
HITM0011842,HORD003793,PRD0491,1,2151.39,2151.39
HITM0011843,HORD003793,PRD0521,2,2988.2,5976.4
HITM0011844,HORD003794,PRD0756,3,389.58,1168.74
HITM0011845,HORD003794,PRD0968,2,213.37,426.74
HITM0011846,HORD003794,PRD0981,2,1483.54,2967.08
HITM0011847,HORD003794,PRD0144,1,434.98,434.98
HITM0011848,HORD003795,PRD0700,2,164.38,328.76
HITM0011849,HORD003795,PRD0373,1,1247.39,1247.39
HITM0011850,HORD003795,PRD0542,1,1005.69,1005.69
HITM0011851,HORD003795,PRD0980,1,171.73,171.73
HITM0011852,HORD003796,PRD0923,1,771.16,771.16
HITM0011853,HORD003796,PRD0686,2,778.95,1557.9
HITM0011854,HORD003796,PRD0059,1,343.68,343.68
HITM0011855,HORD003797,PRD0550,1,224.46,224.46
HITM0011856,HORD003797,PRD0685,1,755.89,755.89
HITM0011857,HORD003797,PRD0161,2,1639.58,3279.16
HITM0011858,HORD003797,PRD0079,1,211.26,211.26
HITM0011859,HORD003798,PRD0285,1,929.48,929.48
HITM0011860,HORD003798,PRD0873,1,448.66,448.66
HITM0011861,HORD003798,PRD0380,1,340.9,340.9
HITM0011862,HORD003798,PRD0363,3,1343.45,4030.35
HITM0011863,HORD003798,PRD0685,1,755.89,755.89
HITM0011864,HORD003799,PRD0775,2,152.04,304.08
HITM0011865,HORD003799,PRD0152,1,509.94,509.94
HITM0011866,HORD003799,PRD0380,1,340.9,340.9
HITM0011867,HORD003799,PRD0170,1,419.43,419.43
HITM0011868,HORD003799,PRD0672,1,1815.6,1815.6
HITM0011869,HORD003800,PRD0134,1,1553.3,1553.3
HITM0011870,HORD003800,PRD0376,2,294.68,589.36
HITM0011871,HORD003801,PRD0132,1,1025.41,1025.41
HITM0011872,HORD003801,PRD0916,1,515.65,515.65
HITM0011873,HORD003801,PRD0606,1,838.55,838.55
HITM0011874,HORD003802,PRD0493,1,760.85,760.85
HITM0011875,HORD003802,PRD0355,2,703.23,1406.46
HITM0011876,HORD003802,PRD0405,1,406.75,406.75
HITM0011877,HORD003803,PRD0279,2,766.46,1532.92
HITM0011878,HORD003803,PRD0398,3,135.19,405.57
HITM0011879,HORD003803,PRD0179,1,428.63,428.63
HITM0011880,HORD003804,PRD0370,1,418.27,418.27
HITM0011881,HORD003804,PRD0685,1,755.89,755.89
HITM0011882,HORD003804,PRD0652,1,1247.24,1247.24
HITM0011883,HORD003804,PRD0471,1,985.84,985.84
HITM0011884,HORD003804,PRD0233,1,942.53,942.53
HITM0011885,HORD003805,PRD0442,1,327.53,327.53
HITM0011886,HORD003805,PRD0380,1,340.9,340.9
HITM0011887,HORD003805,PRD0445,1,151.88,151.88
HITM0011888,HORD003805,PRD0363,1,1343.45,1343.45
HITM0011889,HORD003805,PRD0625,1,458.46,458.46
HITM0011890,HORD003806,PRD0126,3,290.8,872.4
HITM0011891,HORD003806,PRD0168,1,663.91,663.91
HITM0011892,HORD003806,PRD0036,2,115.89,231.78
HITM0011893,HORD003806,PRD0457,1,269.37,269.37
HITM0011894,HORD003807,PRD0893,2,792.02,1584.04
HITM0011895,HORD003807,PRD0757,2,1982.25,3964.5
HITM0011896,HORD003808,PRD0425,1,477.89,477.89
HITM0011897,HORD003809,PRD0037,1,953.09,953.09
HITM0011898,HORD003809,PRD0376,2,294.68,589.36
HITM0011899,HORD003809,PRD0738,2,629.85,1259.7
HITM0011900,HORD003809,PRD0157,2,93.87,187.74
HITM0011901,HORD003809,PRD0056,2,204.63,409.26
HITM0011902,HORD003810,PRD0669,1,736.46,736.46
HITM0011903,HORD003810,PRD0131,1,1079.8,1079.8
HITM0011904,HORD003810,PRD0921,1,2922.43,2922.43
HITM0011905,HORD003810,PRD0957,2,108.95,217.9
HITM0011906,HORD003811,PRD0195,1,540.55,540.55
HITM0011907,HORD003811,PRD0882,1,492.86,492.86
HITM0011908,HORD003811,PRD0520,1,404.65,404.65
HITM0011909,HORD003812,PRD0183,1,1343.02,1343.02
HITM0011910,HORD003813,PRD0673,1,666.78,666.78
HITM0011911,HORD003813,PRD0288,2,114.25,228.5
HITM0011912,HORD003813,PRD0995,1,1027.49,1027.49
HITM0011913,HORD003813,PRD0450,1,162.55,162.55
HITM0011914,HORD003813,PRD0547,1,2322.41,2322.41
HITM0011915,HORD003814,PRD0554,1,2579.35,2579.35
HITM0011916,HORD003814,PRD0278,1,105.64,105.64
HITM0011917,HORD003814,PRD0684,2,3311.29,6622.58
HITM0011918,HORD003814,PRD0152,1,509.94,509.94
HITM0011919,HORD003815,PRD0688,1,814.49,814.49
HITM0011920,HORD003816,PRD0618,1,409.5,409.5
HITM0011921,HORD003816,PRD0565,2,124.28,248.56
HITM0011922,HORD003817,PRD0150,1,199.69,199.69
HITM0011923,HORD003817,PRD0842,2,1443.81,2887.62
HITM0011924,HORD003817,PRD0278,1,105.64,105.64
HITM0011925,HORD003817,PRD0568,1,977.48,977.48
HITM0011926,HORD003818,PRD0190,1,40.06,40.06
HITM0011927,HORD003818,PRD0769,1,633.25,633.25
HITM0011928,HORD003818,PRD0600,2,200.67,401.34
HITM0011929,HORD003819,PRD0280,2,228.25,456.5
HITM0011930,HORD003819,PRD0486,2,188.03,376.06
HITM0011931,HORD003819,PRD0892,1,1539.6,1539.6
HITM0011932,HORD003819,PRD0281,1,1116.42,1116.42
HITM0011933,HORD003820,PRD0086,2,372.14,744.28
HITM0011934,HORD003820,PRD0958,1,128.04,128.04
HITM0011935,HORD003820,PRD0608,1,200.97,200.97
HITM0011936,HORD003821,PRD0611,2,2190.89,4381.78
HITM0011937,HORD003821,PRD0410,2,331.6,663.2
HITM0011938,HORD003821,PRD0076,1,602.32,602.32
HITM0011939,HORD003821,PRD0871,1,920.12,920.12
HITM0011940,HORD003822,PRD0140,1,211.53,211.53
HITM0011941,HORD003822,PRD0293,2,663.82,1327.64
HITM0011942,HORD003822,PRD0475,2,1066.51,2133.02
HITM0011943,HORD003823,PRD0534,1,459.7,459.7
HITM0011944,HORD003823,PRD0567,1,69.51,69.51
HITM0011945,HORD003824,PRD0067,2,974.43,1948.86
HITM0011946,HORD003824,PRD0206,2,691.31,1382.62
HITM0011947,HORD003824,PRD0575,1,711.89,711.89
HITM0011948,HORD003825,PRD0189,1,815.73,815.73
HITM0011949,HORD003825,PRD1000,2,175.0,350.0
HITM0011950,HORD003826,PRD0811,2,1819.95,3639.9
HITM0011951,HORD003826,PRD0398,2,135.19,270.38
HITM0011952,HORD003826,PRD0862,1,750.64,750.64
HITM0011953,HORD003826,PRD0084,1,854.14,854.14
HITM0011954,HORD003827,PRD0596,2,792.27,1584.54
HITM0011955,HORD003827,PRD0282,2,521.34,1042.68
HITM0011956,HORD003828,PRD0243,1,734.66,734.66
HITM0011957,HORD003828,PRD0949,3,810.82,2432.46
HITM0011958,HORD003829,PRD0796,1,559.87,559.87
HITM0011959,HORD003829,PRD0493,1,760.85,760.85
HITM0011960,HORD003829,PRD0691,1,1463.28,1463.28
HITM0011961,HORD003829,PRD0600,1,200.67,200.67
HITM0011962,HORD003830,PRD0233,1,942.53,942.53
HITM0011963,HORD003830,PRD0240,1,73.63,73.63
HITM0011964,HORD003830,PRD0558,1,399.27,399.27
HITM0011965,HORD003830,PRD0803,2,395.35,790.7
HITM0011966,HORD003831,PRD0118,1,184.23,184.23
HITM0011967,HORD003831,PRD0379,2,212.81,425.62
HITM0011968,HORD003831,PRD0864,1,618.97,618.97
HITM0011969,HORD003831,PRD0819,2,1070.76,2141.52
HITM0011970,HORD003832,PRD0177,3,2318.68,6956.04
HITM0011971,HORD003832,PRD0195,1,540.55,540.55
HITM0011972,HORD003832,PRD0864,1,618.97,618.97
HITM0011973,HORD003833,PRD0768,1,149.86,149.86
HITM0011974,HORD003833,PRD0515,1,957.39,957.39
HITM0011975,HORD003833,PRD0373,1,1247.39,1247.39
HITM0011976,HORD003833,PRD0689,1,195.5,195.5
HITM0011977,HORD003834,PRD0523,1,837.7,837.7
HITM0011978,HORD003834,PRD0588,2,914.0,1828.0
HITM0011979,HORD003834,PRD0581,1,1656.04,1656.04
HITM0011980,HORD003834,PRD0833,3,1527.84,4583.52
HITM0011981,HORD003834,PRD0075,1,417.39,417.39
HITM0011982,HORD003835,PRD0784,3,3166.81,9500.43
HITM0011983,HORD003835,PRD0477,1,610.76,610.76
HITM0011984,HORD003835,PRD0916,1,515.65,515.65
HITM0011985,HORD003836,PRD0106,1,203.27,203.27
HITM0011986,HORD003836,PRD0968,1,213.37,213.37
HITM0011987,HORD003836,PRD0363,1,1343.45,1343.45
HITM0011988,HORD003836,PRD0053,1,1382.46,1382.46
HITM0011989,HORD003837,PRD0319,1,361.0,361.0
HITM0011990,HORD003837,PRD0405,1,406.75,406.75
HITM0011991,HORD003838,PRD0558,2,399.27,798.54
HITM0011992,HORD003838,PRD0960,2,17.08,34.16
HITM0011993,HORD003838,PRD0645,1,295.19,295.19
HITM0011994,HORD003838,PRD0975,1,989.01,989.01
HITM0011995,HORD003839,PRD0207,2,143.7,287.4
HITM0011996,HORD003839,PRD0505,2,268.59,537.18
HITM0011997,HORD003840,PRD0866,1,492.83,492.83
HITM0011998,HORD003841,PRD0050,1,409.65,409.65
HITM0011999,HORD003841,PRD0083,3,1520.68,4562.04
HITM0012000,HORD003841,PRD0248,3,204.13,612.39
HITM0012001,HORD003842,PRD0576,1,31.35,31.35
HITM0012002,HORD003842,PRD0645,2,295.19,590.38
HITM0012003,HORD003842,PRD0652,1,1247.24,1247.24
HITM0012004,HORD003843,PRD0362,1,301.32,301.32
HITM0012005,HORD003844,PRD0710,1,397.66,397.66
HITM0012006,HORD003845,PRD0350,1,351.6,351.6
HITM0012007,HORD003845,PRD0171,1,993.07,993.07
HITM0012008,HORD003845,PRD0960,1,17.08,17.08
HITM0012009,HORD003846,PRD0793,2,1315.85,2631.7
HITM0012010,HORD003846,PRD0041,1,1567.72,1567.72
HITM0012011,HORD003846,PRD0952,1,864.9,864.9
HITM0012012,HORD003846,PRD0998,1,544.17,544.17
HITM0012013,HORD003846,PRD0682,1,1036.2,1036.2
HITM0012014,HORD003847,PRD0158,2,289.48,578.96
HITM0012015,HORD003847,PRD0349,1,1289.14,1289.14
HITM0012016,HORD003847,PRD0260,2,157.69,315.38
HITM0012017,HORD003847,PRD0610,1,394.62,394.62
HITM0012018,HORD003848,PRD0029,1,853.57,853.57
HITM0012019,HORD003848,PRD0617,1,540.8,540.8
HITM0012020,HORD003848,PRD0253,2,1519.1,3038.2
HITM0012021,HORD003848,PRD0348,1,312.21,312.21
HITM0012022,HORD003848,PRD0779,1,736.32,736.32
HITM0012023,HORD003849,PRD0980,1,171.73,171.73
HITM0012024,HORD003850,PRD0992,2,309.63,619.26
HITM0012025,HORD003850,PRD0490,1,82.32,82.32
HITM0012026,HORD003850,PRD0052,1,502.9,502.9
HITM0012027,HORD003850,PRD0254,1,980.48,980.48
HITM0012028,HORD003851,PRD0150,1,199.69,199.69
HITM0012029,HORD003851,PRD0272,1,888.86,888.86
HITM0012030,HORD003851,PRD0925,1,1091.53,1091.53
HITM0012031,HORD003851,PRD0566,2,242.05,484.1
HITM0012032,HORD003851,PRD0988,2,461.62,923.24
HITM0012033,HORD003852,PRD0249,1,682.98,682.98
HITM0012034,HORD003852,PRD0500,1,137.18,137.18
HITM0012035,HORD003852,PRD0263,1,1358.3,1358.3
HITM0012036,HORD003852,PRD0079,1,211.26,211.26
HITM0012037,HORD003852,PRD0291,1,1210.2,1210.2
HITM0012038,HORD003853,PRD0493,1,760.85,760.85
HITM0012039,HORD003854,PRD0271,1,2739.77,2739.77
HITM0012040,HORD003854,PRD0446,3,607.85,1823.55
HITM0012041,HORD003854,PRD0672,1,1815.6,1815.6
HITM0012042,HORD003855,PRD0426,1,708.75,708.75
HITM0012043,HORD003855,PRD0462,1,1478.68,1478.68
HITM0012044,HORD003855,PRD0641,1,1767.13,1767.13
HITM0012045,HORD003856,PRD0758,2,261.9,523.8
HITM0012046,HORD003856,PRD0940,1,127.15,127.15
HITM0012047,HORD003856,PRD0636,1,249.94,249.94
HITM0012048,HORD003857,PRD0609,1,266.46,266.46
HITM0012049,HORD003857,PRD0147,1,172.97,172.97
HITM0012050,HORD003857,PRD0423,2,371.68,743.36
HITM0012051,HORD003857,PRD0650,1,46.68,46.68
HITM0012052,HORD003858,PRD0250,1,184.24,184.24
HITM0012053,HORD003859,PRD0385,1,602.62,602.62
HITM0012054,HORD003860,PRD0873,1,448.66,448.66
HITM0012055,HORD003860,PRD0137,1,814.4,814.4
HITM0012056,HORD003860,PRD0047,1,859.23,859.23
HITM0012057,HORD003860,PRD0073,1,674.71,674.71
HITM0012058,HORD003861,PRD0716,1,744.09,744.09
HITM0012059,HORD003861,PRD0216,1,833.75,833.75
HITM0012060,HORD003861,PRD0157,1,93.87,93.87
HITM0012061,HORD003862,PRD0890,1,293.06,293.06
HITM0012062,HORD003862,PRD0722,2,1628.14,3256.28
HITM0012063,HORD003862,PRD0645,1,295.19,295.19
HITM0012064,HORD003862,PRD0010,1,253.38,253.38
HITM0012065,HORD003862,PRD0619,2,889.11,1778.22
HITM0012066,HORD003863,PRD0917,2,1918.86,3837.72
HITM0012067,HORD003863,PRD0605,2,584.43,1168.86
HITM0012068,HORD003863,PRD0380,1,340.9,340.9
HITM0012069,HORD003863,PRD0669,1,736.46,736.46
HITM0012070,HORD003863,PRD0960,2,17.08,34.16
HITM0012071,HORD003864,PRD0340,2,315.67,631.34
HITM0012072,HORD003864,PRD0086,1,372.14,372.14
HITM0012073,HORD003864,PRD0473,3,296.86,890.58
HITM0012074,HORD003864,PRD0243,1,734.66,734.66
HITM0012075,HORD003864,PRD0903,1,1209.05,1209.05
HITM0012076,HORD003865,PRD0384,1,830.01,830.01
HITM0012077,HORD003865,PRD0178,1,963.54,963.54
HITM0012078,HORD003866,PRD0852,1,869.97,869.97
HITM0012079,HORD003866,PRD0285,1,929.48,929.48
HITM0012080,HORD003866,PRD0303,2,922.23,1844.46
HITM0012081,HORD003867,PRD0616,1,242.48,242.48
HITM0012082,HORD003867,PRD0144,1,434.98,434.98
HITM0012083,HORD003868,PRD0293,1,663.82,663.82
HITM0012084,HORD003868,PRD0409,1,607.08,607.08
HITM0012085,HORD003869,PRD0976,2,554.65,1109.3
HITM0012086,HORD003869,PRD0608,1,200.97,200.97
HITM0012087,HORD003869,PRD0248,1,204.13,204.13
HITM0012088,HORD003870,PRD0669,1,736.46,736.46
HITM0012089,HORD003871,PRD0032,1,332.03,332.03
HITM0012090,HORD003871,PRD0028,1,260.37,260.37
HITM0012091,HORD003871,PRD0679,1,399.42,399.42
HITM0012092,HORD003871,PRD0558,1,399.27,399.27
HITM0012093,HORD003872,PRD0206,1,691.31,691.31
HITM0012094,HORD003872,PRD0701,1,2630.13,2630.13
HITM0012095,HORD003872,PRD0589,1,222.62,222.62
HITM0012096,HORD003873,PRD0179,1,428.63,428.63
HITM0012097,HORD003873,PRD0009,1,72.9,72.9
HITM0012098,HORD003873,PRD0546,1,180.12,180.12
HITM0012099,HORD003874,PRD0335,2,826.82,1653.64
HITM0012100,HORD003874,PRD0320,1,28.7,28.7
HITM0012101,HORD003874,PRD0081,2,1775.5,3551.0
HITM0012102,HORD003874,PRD0432,1,571.62,571.62
HITM0012103,HORD003875,PRD0041,1,1567.72,1567.72
HITM0012104,HORD003875,PRD0263,1,1358.3,1358.3
HITM0012105,HORD003875,PRD0085,1,195.1,195.1
HITM0012106,HORD003875,PRD0302,1,987.84,987.84
HITM0012107,HORD003876,PRD0799,1,629.39,629.39
HITM0012108,HORD003876,PRD0395,1,843.62,843.62
HITM0012109,HORD003876,PRD0017,1,420.96,420.96
HITM0012110,HORD003877,PRD0490,2,82.32,164.64
HITM0012111,HORD003877,PRD0273,1,1320.37,1320.37
HITM0012112,HORD003877,PRD0182,1,908.42,908.42
HITM0012113,HORD003878,PRD0916,1,515.65,515.65
HITM0012114,HORD003878,PRD0913,1,1112.44,1112.44
HITM0012115,HORD003878,PRD0685,2,755.89,1511.78
HITM0012116,HORD003878,PRD0768,1,149.86,149.86
HITM0012117,HORD003879,PRD0325,1,325.22,325.22
HITM0012118,HORD003879,PRD0479,1,361.79,361.79
HITM0012119,HORD003879,PRD0180,1,256.4,256.4
HITM0012120,HORD003880,PRD0398,2,135.19,270.38
HITM0012121,HORD003880,PRD0046,1,789.29,789.29
HITM0012122,HORD003880,PRD0860,1,386.3,386.3
HITM0012123,HORD003880,PRD0942,1,1446.32,1446.32
HITM0012124,HORD003880,PRD0207,1,143.7,143.7
HITM0012125,HORD003881,PRD0552,1,359.04,359.04
HITM0012126,HORD003881,PRD0247,2,55.39,110.78
HITM0012127,HORD003882,PRD0309,1,1241.8,1241.8
HITM0012128,HORD003882,PRD0452,2,353.39,706.78
HITM0012129,HORD003882,PRD0448,3,455.26,1365.78
HITM0012130,HORD003883,PRD0270,1,237.62,237.62
HITM0012131,HORD003883,PRD0566,1,242.05,242.05
HITM0012132,HORD003883,PRD0310,1,125.16,125.16
HITM0012133,HORD003884,PRD0131,1,1079.8,1079.8
HITM0012134,HORD003884,PRD0986,1,318.21,318.21
HITM0012135,HORD003884,PRD0476,1,336.11,336.11
HITM0012136,HORD003884,PRD0861,3,2778.32,8334.96
HITM0012137,HORD003885,PRD0652,3,1247.24,3741.72
HITM0012138,HORD003885,PRD0348,1,312.21,312.21
HITM0012139,HORD003885,PRD0045,1,368.84,368.84
HITM0012140,HORD003885,PRD0981,1,1483.54,1483.54
HITM0012141,HORD003886,PRD0963,2,541.41,1082.82
HITM0012142,HORD003886,PRD0560,1,114.38,114.38
HITM0012143,HORD003886,PRD0532,2,837.86,1675.72
HITM0012144,HORD003886,PRD0950,1,258.24,258.24
HITM0012145,HORD003887,PRD0572,3,1663.78,4991.34
HITM0012146,HORD003888,PRD0497,1,2286.18,2286.18
HITM0012147,HORD003888,PRD0962,1,676.85,676.85
HITM0012148,HORD003888,PRD0849,1,1072.65,1072.65
HITM0012149,HORD003889,PRD0920,1,302.87,302.87
HITM0012150,HORD003889,PRD0337,1,2481.18,2481.18
HITM0012151,HORD003889,PRD0039,1,1008.92,1008.92
HITM0012152,HORD003890,PRD0595,2,126.92,253.84
HITM0012153,HORD003890,PRD0745,1,147.69,147.69
HITM0012154,HORD003891,PRD0941,1,1693.86,1693.86
HITM0012155,HORD003891,PRD0710,1,397.66,397.66
HITM0012156,HORD003891,PRD0307,1,2188.41,2188.41
HITM0012157,HORD003891,PRD0232,1,321.21,321.21
HITM0012158,HORD003891,PRD0890,1,293.06,293.06
HITM0012159,HORD003892,PRD0319,1,361.0,361.0
HITM0012160,HORD003892,PRD0093,1,619.68,619.68
HITM0012161,HORD003892,PRD0070,1,168.22,168.22
HITM0012162,HORD003892,PRD0683,3,736.53,2209.59
HITM0012163,HORD003893,PRD0576,1,31.35,31.35
HITM0012164,HORD003893,PRD0458,1,224.27,224.27
HITM0012165,HORD003893,PRD0560,1,114.38,114.38
HITM0012166,HORD003894,PRD0216,2,833.75,1667.5
HITM0012167,HORD003894,PRD0469,1,767.67,767.67
HITM0012168,HORD003895,PRD0022,1,473.77,473.77
HITM0012169,HORD003895,PRD0799,1,629.39,629.39
HITM0012170,HORD003895,PRD0817,1,1148.51,1148.51
HITM0012171,HORD003895,PRD0694,1,721.36,721.36
HITM0012172,HORD003896,PRD0203,1,724.48,724.48
HITM0012173,HORD003897,PRD0165,1,808.77,808.77
HITM0012174,HORD003897,PRD0439,1,236.05,236.05
HITM0012175,HORD003898,PRD0818,1,184.36,184.36
HITM0012176,HORD003898,PRD0767,1,1276.85,1276.85
HITM0012177,HORD003898,PRD0556,1,279.39,279.39
HITM0012178,HORD003898,PRD0713,1,1024.28,1024.28
HITM0012179,HORD003898,PRD0935,2,1012.52,2025.04
HITM0012180,HORD003899,PRD0428,1,353.32,353.32
HITM0012181,HORD003899,PRD0359,1,329.3,329.3
HITM0012182,HORD003899,PRD0382,1,680.83,680.83
HITM0012183,HORD003900,PRD0628,1,586.24,586.24
HITM0012184,HORD003900,PRD0119,1,752.72,752.72
HITM0012185,HORD003900,PRD0366,1,111.28,111.28
HITM0012186,HORD003900,PRD0294,1,2664.13,2664.13
HITM0012187,HORD003901,PRD0056,1,204.63,204.63
HITM0012188,HORD003901,PRD0053,2,1382.46,2764.92
HITM0012189,HORD003901,PRD0190,1,40.06,40.06
HITM0012190,HORD003901,PRD0920,1,302.87,302.87
HITM0012191,HORD003901,PRD0405,1,406.75,406.75
HITM0012192,HORD003902,PRD0141,1,3104.91,3104.91
HITM0012193,HORD003902,PRD0268,1,876.82,876.82
HITM0012194,HORD003902,PRD0856,1,426.45,426.45
HITM0012195,HORD003903,PRD0441,1,2623.08,2623.08
HITM0012196,HORD003903,PRD0865,1,691.66,691.66
HITM0012197,HORD003903,PRD0932,2,1326.04,2652.08
HITM0012198,HORD003903,PRD0935,1,1012.52,1012.52
HITM0012199,HORD003904,PRD0651,1,1704.13,1704.13
HITM0012200,HORD003904,PRD0260,1,157.69,157.69
HITM0012201,HORD003904,PRD0480,1,79.31,79.31
HITM0012202,HORD003904,PRD0858,1,421.26,421.26
HITM0012203,HORD003905,PRD0698,1,664.05,664.05
HITM0012204,HORD003905,PRD0360,1,45.63,45.63
HITM0012205,HORD003905,PRD0961,1,1247.08,1247.08
HITM0012206,HORD003905,PRD0926,1,532.72,532.72
HITM0012207,HORD003905,PRD0411,1,1497.57,1497.57
HITM0012208,HORD003906,PRD0882,1,492.86,492.86
HITM0012209,HORD003906,PRD0505,2,268.59,537.18
HITM0012210,HORD003906,PRD0066,1,307.12,307.12
HITM0012211,HORD003906,PRD0280,2,228.25,456.5
HITM0012212,HORD003906,PRD0888,2,240.68,481.36
HITM0012213,HORD003907,PRD0206,1,691.31,691.31
HITM0012214,HORD003907,PRD0583,1,268.64,268.64
HITM0012215,HORD003907,PRD0759,2,106.0,212.0
HITM0012216,HORD003907,PRD0469,1,767.67,767.67
HITM0012217,HORD003908,PRD0421,1,2357.2,2357.2
HITM0012218,HORD003908,PRD0457,1,269.37,269.37
HITM0012219,HORD003909,PRD0642,3,1123.98,3371.94
HITM0012220,HORD003909,PRD0928,1,732.49,732.49
HITM0012221,HORD003910,PRD0465,2,614.27,1228.54
HITM0012222,HORD003910,PRD0765,2,967.51,1935.02
HITM0012223,HORD003910,PRD0917,2,1918.86,3837.72
HITM0012224,HORD003910,PRD0388,1,191.0,191.0
HITM0012225,HORD003911,PRD0370,1,418.27,418.27
HITM0012226,HORD003911,PRD0532,1,837.86,837.86
HITM0012227,HORD003912,PRD0657,1,582.44,582.44
HITM0012228,HORD003912,PRD0221,1,3086.03,3086.03
HITM0012229,HORD003912,PRD0690,1,344.6,344.6
HITM0012230,HORD003912,PRD0362,1,301.32,301.32
HITM0012231,HORD003912,PRD0825,1,522.15,522.15
HITM0012232,HORD003913,PRD0843,2,527.91,1055.82
HITM0012233,HORD003913,PRD0290,3,246.93,740.79
HITM0012234,HORD003913,PRD0097,1,2213.08,2213.08
HITM0012235,HORD003913,PRD0735,1,549.71,549.71
HITM0012236,HORD003913,PRD0588,1,914.0,914.0
HITM0012237,HORD003914,PRD0137,1,814.4,814.4
HITM0012238,HORD003914,PRD0346,1,296.52,296.52
HITM0012239,HORD003915,PRD0403,1,1470.68,1470.68
HITM0012240,HORD003916,PRD0678,1,133.66,133.66
HITM0012241,HORD003917,PRD0020,2,277.78,555.56
HITM0012242,HORD003917,PRD0890,1,293.06,293.06
HITM0012243,HORD003917,PRD0504,1,3728.54,3728.54
HITM0012244,HORD003917,PRD0847,1,553.63,553.63
HITM0012245,HORD003918,PRD0065,3,806.18,2418.54
HITM0012246,HORD003918,PRD0326,1,639.28,639.28
HITM0012247,HORD003919,PRD0304,1,969.28,969.28
HITM0012248,HORD003919,PRD0665,1,480.38,480.38
HITM0012249,HORD003919,PRD0902,1,1853.74,1853.74
HITM0012250,HORD003920,PRD0180,2,256.4,512.8
HITM0012251,HORD003920,PRD0008,2,751.87,1503.74
HITM0012252,HORD003920,PRD0804,1,3851.02,3851.02
HITM0012253,HORD003920,PRD0081,1,1775.5,1775.5
HITM0012254,HORD003920,PRD0330,2,96.82,193.64
HITM0012255,HORD003921,PRD0391,1,1988.32,1988.32
HITM0012256,HORD003922,PRD0288,2,114.25,228.5
HITM0012257,HORD003922,PRD0590,2,197.67,395.34
HITM0012258,HORD003923,PRD0739,1,345.91,345.91
HITM0012259,HORD003923,PRD0761,1,1492.1,1492.1
HITM0012260,HORD003924,PRD0579,1,842.98,842.98
HITM0012261,HORD003924,PRD0967,1,2391.09,2391.09
HITM0012262,HORD003924,PRD0456,1,700.91,700.91
HITM0012263,HORD003924,PRD0190,1,40.06,40.06
HITM0012264,HORD003925,PRD0098,1,968.99,968.99
HITM0012265,HORD003925,PRD0413,1,1181.55,1181.55
HITM0012266,HORD003926,PRD0202,1,1161.02,1161.02
HITM0012267,HORD003926,PRD0537,1,237.18,237.18
HITM0012268,HORD003927,PRD0228,1,575.39,575.39
HITM0012269,HORD003927,PRD0645,1,295.19,295.19
HITM0012270,HORD003928,PRD0382,3,680.83,2042.49
HITM0012271,HORD003928,PRD0060,2,412.3,824.6
HITM0012272,HORD003929,PRD0413,2,1181.55,2363.1
HITM0012273,HORD003929,PRD0307,1,2188.41,2188.41
HITM0012274,HORD003929,PRD0500,2,137.18,274.36
HITM0012275,HORD003930,PRD0469,1,767.67,767.67
HITM0012276,HORD003930,PRD0882,2,492.86,985.72
HITM0012277,HORD003930,PRD0765,1,967.51,967.51
HITM0012278,HORD003930,PRD0176,1,259.71,259.71
HITM0012279,HORD003930,PRD0628,1,586.24,586.24
HITM0012280,HORD003931,PRD0079,1,211.26,211.26
HITM0012281,HORD003931,PRD0522,1,496.11,496.11
HITM0012282,HORD003931,PRD0459,1,261.43,261.43
HITM0012283,HORD003932,PRD0751,1,2375.48,2375.48
HITM0012284,HORD003932,PRD0141,2,3104.91,6209.82
HITM0012285,HORD003932,PRD0866,1,492.83,492.83
HITM0012286,HORD003932,PRD0803,1,395.35,395.35
HITM0012287,HORD003933,PRD0700,1,164.38,164.38
HITM0012288,HORD003933,PRD0722,1,1628.14,1628.14
HITM0012289,HORD003933,PRD0069,1,1254.78,1254.78
HITM0012290,HORD003933,PRD0839,1,511.61,511.61
HITM0012291,HORD003934,PRD0145,2,439.24,878.48
HITM0012292,HORD003934,PRD0895,2,675.49,1350.98
HITM0012293,HORD003934,PRD0382,2,680.83,1361.66
HITM0012294,HORD003935,PRD0752,1,1432.08,1432.08
HITM0012295,HORD003935,PRD0459,2,261.43,522.86
HITM0012296,HORD003935,PRD0845,1,355.13,355.13
HITM0012297,HORD003936,PRD0190,1,40.06,40.06
HITM0012298,HORD003936,PRD0391,1,1988.32,1988.32
HITM0012299,HORD003936,PRD0731,1,1123.57,1123.57
HITM0012300,HORD003936,PRD0404,1,2624.06,2624.06
HITM0012301,HORD003936,PRD0738,2,629.85,1259.7
HITM0012302,HORD003937,PRD0733,1,281.18,281.18
HITM0012303,HORD003937,PRD0676,1,523.37,523.37
HITM0012304,HORD003937,PRD0118,1,184.23,184.23
HITM0012305,HORD003938,PRD0995,2,1027.49,2054.98
HITM0012306,HORD003938,PRD0539,1,642.49,642.49
HITM0012307,HORD003938,PRD0970,1,192.16,192.16
HITM0012308,HORD003939,PRD0663,1,990.2,990.2
HITM0012309,HORD003939,PRD0496,2,92.5,185.0
HITM0012310,HORD003939,PRD0609,1,266.46,266.46
HITM0012311,HORD003939,PRD0450,1,162.55,162.55
HITM0012312,HORD003940,PRD0207,1,143.7,143.7
HITM0012313,HORD003940,PRD0653,1,1595.48,1595.48
HITM0012314,HORD003940,PRD0886,2,194.21,388.42
HITM0012315,HORD003940,PRD0885,1,867.28,867.28
HITM0012316,HORD003941,PRD0523,1,837.7,837.7
HITM0012317,HORD003941,PRD0500,1,137.18,137.18
HITM0012318,HORD003941,PRD0518,1,69.83,69.83
HITM0012319,HORD003942,PRD0056,1,204.63,204.63
HITM0012320,HORD003942,PRD0401,1,2595.7,2595.7
HITM0012321,HORD003942,PRD0390,1,408.91,408.91
HITM0012322,HORD003942,PRD0819,1,1070.76,1070.76
HITM0012323,HORD003943,PRD0180,1,256.4,256.4
HITM0012324,HORD003944,PRD0015,1,1188.56,1188.56
HITM0012325,HORD003944,PRD0082,1,411.13,411.13
HITM0012326,HORD003945,PRD0801,1,3111.15,3111.15
HITM0012327,HORD003945,PRD0648,1,450.1,450.1
HITM0012328,HORD003945,PRD0022,1,473.77,473.77
HITM0012329,HORD003946,PRD0870,1,96.68,96.68
HITM0012330,HORD003946,PRD0771,1,3066.74,3066.74
HITM0012331,HORD003946,PRD0670,1,278.65,278.65
HITM0012332,HORD003947,PRD0492,1,1140.56,1140.56
HITM0012333,HORD003948,PRD0029,1,853.57,853.57
HITM0012334,HORD003948,PRD0409,2,607.08,1214.16
HITM0012335,HORD003948,PRD0579,1,842.98,842.98
HITM0012336,HORD003948,PRD0852,1,869.97,869.97
HITM0012337,HORD003948,PRD0383,1,1554.0,1554.0
HITM0012338,HORD003949,PRD0632,1,878.95,878.95
HITM0012339,HORD003949,PRD0308,1,798.16,798.16
HITM0012340,HORD003949,PRD0357,2,1301.71,2603.42
HITM0012341,HORD003949,PRD0680,2,146.6,293.2
HITM0012342,HORD003950,PRD0209,1,456.39,456.39
HITM0012343,HORD003950,PRD0443,1,684.87,684.87
HITM0012344,HORD003950,PRD0340,1,315.67,315.67
HITM0012345,HORD003950,PRD0737,1,194.63,194.63
HITM0012346,HORD003950,PRD0695,1,1012.45,1012.45
HITM0012347,HORD003951,PRD0136,1,279.93,279.93
HITM0012348,HORD003951,PRD0433,1,641.45,641.45
HITM0012349,HORD003951,PRD0524,3,405.7,1217.1
HITM0012350,HORD003951,PRD0257,1,210.79,210.79
HITM0012351,HORD003952,PRD0950,1,258.24,258.24
HITM0012352,HORD003952,PRD0440,1,306.74,306.74
HITM0012353,HORD003952,PRD0042,1,1767.57,1767.57
HITM0012354,HORD003952,PRD0118,3,184.23,552.69
HITM0012355,HORD003953,PRD0758,1,261.9,261.9
HITM0012356,HORD003953,PRD0470,1,149.63,149.63
HITM0012357,HORD003953,PRD0786,1,664.7,664.7
HITM0012358,HORD003953,PRD0254,2,980.48,1960.96
HITM0012359,HORD003953,PRD0597,1,1808.07,1808.07
HITM0012360,HORD003954,PRD0602,2,409.98,819.96
HITM0012361,HORD003954,PRD0048,1,533.35,533.35
HITM0012362,HORD003954,PRD0989,1,71.59,71.59
HITM0012363,HORD003954,PRD0670,1,278.65,278.65
HITM0012364,HORD003955,PRD0595,1,126.92,126.92
HITM0012365,HORD003955,PRD0360,2,45.63,91.26
HITM0012366,HORD003955,PRD0599,1,1008.74,1008.74
HITM0012367,HORD003955,PRD0456,1,700.91,700.91
HITM0012368,HORD003956,PRD0628,1,586.24,586.24
HITM0012369,HORD003956,PRD0015,2,1188.56,2377.12
HITM0012370,HORD003956,PRD0047,1,859.23,859.23
HITM0012371,HORD003956,PRD0188,1,1032.34,1032.34
HITM0012372,HORD003957,PRD0778,1,271.67,271.67
HITM0012373,HORD003957,PRD0236,2,353.9,707.8
HITM0012374,HORD003957,PRD0055,2,1019.33,2038.66
HITM0012375,HORD003957,PRD0438,3,504.83,1514.49
HITM0012376,HORD003958,PRD0560,2,114.38,228.76
HITM0012377,HORD003958,PRD0428,1,353.32,353.32
HITM0012378,HORD003959,PRD0130,3,167.84,503.52
HITM0012379,HORD003959,PRD0330,1,96.82,96.82
HITM0012380,HORD003960,PRD0357,1,1301.71,1301.71
HITM0012381,HORD003960,PRD0883,1,1321.14,1321.14
HITM0012382,HORD003960,PRD0754,3,588.75,1766.25
HITM0012383,HORD003961,PRD0032,1,332.03,332.03
HITM0012384,HORD003961,PRD0891,1,1468.42,1468.42
HITM0012385,HORD003961,PRD0688,1,814.49,814.49
HITM0012386,HORD003961,PRD0103,1,384.82,384.82
HITM0012387,HORD003962,PRD0029,1,853.57,853.57
HITM0012388,HORD003962,PRD0746,2,367.02,734.04
HITM0012389,HORD003962,PRD0129,1,763.45,763.45
HITM0012390,HORD003963,PRD0883,2,1321.14,2642.28
HITM0012391,HORD003963,PRD0382,1,680.83,680.83
HITM0012392,HORD003963,PRD0098,2,968.99,1937.98
HITM0012393,HORD003963,PRD0008,1,751.87,751.87
HITM0012394,HORD003964,PRD0030,2,278.37,556.74
HITM0012395,HORD003964,PRD0618,1,409.5,409.5
HITM0012396,HORD003964,PRD0203,1,724.48,724.48
HITM0012397,HORD003965,PRD0678,2,133.66,267.32
HITM0012398,HORD003965,PRD0759,2,106.0,212.0
HITM0012399,HORD003966,PRD0991,1,2495.08,2495.08
HITM0012400,HORD003966,PRD0560,1,114.38,114.38
HITM0012401,HORD003966,PRD0409,1,607.08,607.08
HITM0012402,HORD003966,PRD0308,1,798.16,798.16
HITM0012403,HORD003966,PRD0713,1,1024.28,1024.28
HITM0012404,HORD003967,PRD0584,2,2405.29,4810.58
HITM0012405,HORD003967,PRD0493,1,760.85,760.85
HITM0012406,HORD003968,PRD0816,2,211.9,423.8
HITM0012407,HORD003968,PRD0365,3,454.18,1362.54
HITM0012408,HORD003968,PRD0645,1,295.19,295.19
HITM0012409,HORD003969,PRD0438,1,504.83,504.83
HITM0012410,HORD003969,PRD0691,2,1463.28,2926.56
HITM0012411,HORD003969,PRD0872,2,1197.21,2394.42
HITM0012412,HORD003969,PRD0274,1,1282.28,1282.28
HITM0012413,HORD003969,PRD0989,1,71.59,71.59
HITM0012414,HORD003970,PRD0718,1,880.28,880.28
HITM0012415,HORD003970,PRD0034,1,3531.96,3531.96
HITM0012416,HORD003970,PRD0484,1,2872.29,2872.29
HITM0012417,HORD003971,PRD0305,1,924.51,924.51
HITM0012418,HORD003971,PRD0749,1,285.2,285.2
HITM0012419,HORD003971,PRD0579,1,842.98,842.98
HITM0012420,HORD003971,PRD0766,1,74.26,74.26
HITM0012421,HORD003971,PRD0296,1,331.81,331.81
HITM0012422,HORD003972,PRD0995,1,1027.49,1027.49
HITM0012423,HORD003972,PRD0727,1,1950.79,1950.79
HITM0012424,HORD003972,PRD0456,1,700.91,700.91
HITM0012425,HORD003973,PRD0939,1,67.43,67.43
HITM0012426,HORD003973,PRD0457,1,269.37,269.37
HITM0012427,HORD003973,PRD0699,2,649.93,1299.86
HITM0012428,HORD003974,PRD0350,1,351.6,351.6
HITM0012429,HORD003974,PRD0234,1,4040.17,4040.17
HITM0012430,HORD003974,PRD0485,1,381.77,381.77
HITM0012431,HORD003974,PRD0250,2,184.24,368.48
HITM0012432,HORD003974,PRD0700,1,164.38,164.38
HITM0012433,HORD003975,PRD0936,1,825.41,825.41
HITM0012434,HORD003975,PRD0045,1,368.84,368.84
HITM0012435,HORD003975,PRD0907,1,60.75,60.75
HITM0012436,HORD003975,PRD0264,1,998.11,998.11
HITM0012437,HORD003976,PRD0223,1,946.31,946.31
HITM0012438,HORD003976,PRD0616,1,242.48,242.48
HITM0012439,HORD003976,PRD0796,1,559.87,559.87
HITM0012440,HORD003976,PRD0566,1,242.05,242.05
HITM0012441,HORD003977,PRD0610,1,394.62,394.62
HITM0012442,HORD003977,PRD0219,1,450.54,450.54
HITM0012443,HORD003977,PRD0192,1,491.21,491.21
HITM0012444,HORD003977,PRD0010,1,253.38,253.38
HITM0012445,HORD003978,PRD0829,2,1219.49,2438.98
HITM0012446,HORD003978,PRD0545,2,456.26,912.52
HITM0012447,HORD003978,PRD0450,1,162.55,162.55
HITM0012448,HORD003978,PRD0418,1,735.73,735.73
HITM0012449,HORD003979,PRD0047,2,859.23,1718.46
HITM0012450,HORD003979,PRD0823,1,1007.18,1007.18
HITM0012451,HORD003979,PRD0290,1,246.93,246.93
HITM0012452,HORD003980,PRD0160,1,332.63,332.63
HITM0012453,HORD003980,PRD0258,2,114.0,228.0
HITM0012454,HORD003980,PRD0727,1,1950.79,1950.79
HITM0012455,HORD003981,PRD0612,1,319.23,319.23
HITM0012456,HORD003981,PRD0898,1,450.61,450.61
HITM0012457,HORD003982,PRD0940,3,127.15,381.45
HITM0012458,HORD003983,PRD0247,2,55.39,110.78
HITM0012459,HORD003983,PRD0359,2,329.3,658.6
HITM0012460,HORD003984,PRD0250,1,184.24,184.24
HITM0012461,HORD003984,PRD0434,2,1657.3,3314.6
HITM0012462,HORD003984,PRD0315,1,779.51,779.51
HITM0012463,HORD003984,PRD0460,1,354.28,354.28
HITM0012464,HORD003984,PRD0282,1,521.34,521.34
HITM0012465,HORD003985,PRD0112,1,1848.06,1848.06
HITM0012466,HORD003985,PRD0879,1,329.13,329.13
HITM0012467,HORD003986,PRD0451,1,2999.57,2999.57
HITM0012468,HORD003986,PRD0558,1,399.27,399.27
HITM0012469,HORD003986,PRD0713,1,1024.28,1024.28
HITM0012470,HORD003986,PRD0760,1,322.74,322.74
HITM0012471,HORD003986,PRD0099,1,1059.78,1059.78
HITM0012472,HORD003987,PRD0135,1,1050.45,1050.45
HITM0012473,HORD003987,PRD0318,1,656.01,656.01
HITM0012474,HORD003987,PRD0953,1,534.1,534.1
HITM0012475,HORD003987,PRD0737,1,194.63,194.63
HITM0012476,HORD003988,PRD0723,1,550.47,550.47
HITM0012477,HORD003988,PRD0995,2,1027.49,2054.98
HITM0012478,HORD003988,PRD0985,1,865.22,865.22
HITM0012479,HORD003989,PRD0524,1,405.7,405.7
HITM0012480,HORD003989,PRD0536,2,430.74,861.48
HITM0012481,HORD003990,PRD0409,1,607.08,607.08
HITM0012482,HORD003991,PRD0173,1,320.83,320.83
HITM0012483,HORD003991,PRD0353,1,1448.25,1448.25
HITM0012484,HORD003991,PRD0252,1,1339.74,1339.74
HITM0012485,HORD003991,PRD0022,1,473.77,473.77
HITM0012486,HORD003992,PRD0873,1,448.66,448.66
HITM0012487,HORD003992,PRD0759,1,106.0,106.0
HITM0012488,HORD003992,PRD0576,1,31.35,31.35
HITM0012489,HORD003992,PRD0157,1,93.87,93.87
HITM0012490,HORD003993,PRD0776,2,133.13,266.26
HITM0012491,HORD003993,PRD0693,1,635.88,635.88
HITM0012492,HORD003993,PRD0743,1,718.63,718.63
HITM0012493,HORD003994,PRD0664,2,1949.37,3898.74
HITM0012494,HORD003994,PRD0738,1,629.85,629.85
HITM0012495,HORD003994,PRD0170,1,419.43,419.43
HITM0012496,HORD003994,PRD0511,1,1567.37,1567.37
HITM0012497,HORD003995,PRD0103,1,384.82,384.82
HITM0012498,HORD003995,PRD0360,1,45.63,45.63
HITM0012499,HORD003996,PRD0364,1,789.55,789.55
HITM0012500,HORD003996,PRD0256,1,42.53,42.53
HITM0012501,HORD003996,PRD0346,1,296.52,296.52
HITM0012502,HORD003996,PRD0519,1,700.92,700.92
HITM0012503,HORD003996,PRD0636,1,249.94,249.94
HITM0012504,HORD003997,PRD0367,1,2471.53,2471.53
HITM0012505,HORD003997,PRD0410,1,331.6,331.6
HITM0012506,HORD003998,PRD0130,1,167.84,167.84
HITM0012507,HORD003998,PRD0108,1,937.98,937.98
HITM0012508,HORD003998,PRD0650,1,46.68,46.68
HITM0012509,HORD003998,PRD0455,1,858.23,858.23
HITM0012510,HORD003999,PRD0320,2,28.7,57.4
HITM0012511,HORD003999,PRD0522,1,496.11,496.11
HITM0012512,HORD003999,PRD0957,1,108.95,108.95
HITM0012513,HORD004000,PRD0334,1,1878.87,1878.87
HITM0012514,HORD004000,PRD0318,2,656.01,1312.02
HITM0012515,HORD004000,PRD0257,2,210.79,421.58
HITM0012516,HORD004000,PRD0433,1,641.45,641.45
HITM0012517,HORD004001,PRD0116,1,182.09,182.09
HITM0012518,HORD004001,PRD0453,2,1439.62,2879.24
HITM0012519,HORD004002,PRD0465,3,614.27,1842.81
HITM0012520,HORD004003,PRD0976,1,554.65,554.65
HITM0012521,HORD004003,PRD0274,1,1282.28,1282.28
HITM0012522,HORD004003,PRD0789,1,1032.76,1032.76
HITM0012523,HORD004004,PRD0235,3,331.23,993.69
HITM0012524,HORD004004,PRD0940,1,127.15,127.15
HITM0012525,HORD004004,PRD0806,3,541.85,1625.55
HITM0012526,HORD004004,PRD0984,3,3015.12,9045.36
HITM0012527,HORD004005,PRD0013,2,291.07,582.14
HITM0012528,HORD004005,PRD0360,1,45.63,45.63
HITM0012529,HORD004005,PRD0163,1,1233.05,1233.05
HITM0012530,HORD004006,PRD0330,1,96.82,96.82
HITM0012531,HORD004006,PRD0328,1,911.22,911.22
HITM0012532,HORD004006,PRD0856,1,426.45,426.45
HITM0012533,HORD004006,PRD0618,2,409.5,819.0
HITM0012534,HORD004006,PRD0567,1,69.51,69.51
HITM0012535,HORD004007,PRD0149,1,504.76,504.76
HITM0012536,HORD004007,PRD0310,1,125.16,125.16
HITM0012537,HORD004007,PRD0863,2,916.89,1833.78
HITM0012538,HORD004007,PRD0429,1,618.41,618.41
HITM0012539,HORD004007,PRD0612,1,319.23,319.23
HITM0012540,HORD004008,PRD0086,1,372.14,372.14
HITM0012541,HORD004008,PRD0343,1,1454.71,1454.71
HITM0012542,HORD004008,PRD0094,2,2315.3,4630.6
HITM0012543,HORD004008,PRD0165,1,808.77,808.77
HITM0012544,HORD004009,PRD0708,2,119.42,238.84
HITM0012545,HORD004009,PRD0505,1,268.59,268.59
HITM0012546,HORD004009,PRD0621,1,1483.46,1483.46
HITM0012547,HORD004010,PRD0695,1,1012.45,1012.45
HITM0012548,HORD004010,PRD0631,1,943.11,943.11
HITM0012549,HORD004010,PRD0365,1,454.18,454.18
HITM0012550,HORD004010,PRD0799,2,629.39,1258.78
HITM0012551,HORD004011,PRD0139,1,323.99,323.99
HITM0012552,HORD004011,PRD0289,1,1238.69,1238.69
HITM0012553,HORD004011,PRD0859,1,883.33,883.33
HITM0012554,HORD004011,PRD0822,1,324.31,324.31
HITM0012555,HORD004011,PRD0518,1,69.83,69.83
HITM0012556,HORD004012,PRD0018,1,783.79,783.79
HITM0012557,HORD004012,PRD0454,1,3062.46,3062.46
HITM0012558,HORD004012,PRD0317,1,641.82,641.82
HITM0012559,HORD004012,PRD0626,1,362.78,362.78
HITM0012560,HORD004013,PRD0814,1,1627.99,1627.99
HITM0012561,HORD004013,PRD0657,1,582.44,582.44
HITM0012562,HORD004014,PRD0616,1,242.48,242.48
HITM0012563,HORD004014,PRD0996,1,439.4,439.4
HITM0012564,HORD004014,PRD0484,1,2872.29,2872.29
HITM0012565,HORD004015,PRD0947,1,1591.22,1591.22
HITM0012566,HORD004015,PRD0999,2,719.67,1439.34
HITM0012567,HORD004015,PRD0258,1,114.0,114.0
HITM0012568,HORD004015,PRD0591,2,2913.54,5827.08
HITM0012569,HORD004016,PRD0798,2,901.72,1803.44
HITM0012570,HORD004016,PRD0226,1,549.99,549.99
HITM0012571,HORD004016,PRD0116,2,182.09,364.18
HITM0012572,HORD004016,PRD0595,1,126.92,126.92
HITM0012573,HORD004016,PRD0113,1,1263.27,1263.27
HITM0012574,HORD004017,PRD0477,2,610.76,1221.52
HITM0012575,HORD004017,PRD0427,1,1110.4,1110.4
HITM0012576,HORD004017,PRD0595,2,126.92,253.84
HITM0012577,HORD004017,PRD0100,1,252.99,252.99
HITM0012578,HORD004018,PRD0476,1,336.11,336.11
HITM0012579,HORD004018,PRD0872,1,1197.21,1197.21
HITM0012580,HORD004019,PRD0952,1,864.9,864.9
HITM0012581,HORD004019,PRD0067,1,974.43,974.43
HITM0012582,HORD004019,PRD0648,1,450.1,450.1
HITM0012583,HORD004019,PRD0342,1,1575.88,1575.88
HITM0012584,HORD004020,PRD0170,1,419.43,419.43
HITM0012585,HORD004020,PRD0710,2,397.66,795.32
HITM0012586,HORD004020,PRD0960,1,17.08,17.08
HITM0012587,HORD004020,PRD0129,2,763.45,1526.9
HITM0012588,HORD004020,PRD0446,1,607.85,607.85
HITM0012589,HORD004021,PRD0080,2,302.02,604.04
HITM0012590,HORD004021,PRD0475,1,1066.51,1066.51
HITM0012591,HORD004021,PRD0031,2,2301.05,4602.1
HITM0012592,HORD004022,PRD0556,1,279.39,279.39
HITM0012593,HORD004022,PRD0466,1,276.92,276.92
HITM0012594,HORD004022,PRD0500,1,137.18,137.18
HITM0012595,HORD004022,PRD0813,1,372.89,372.89
HITM0012596,HORD004022,PRD0322,1,326.02,326.02
HITM0012597,HORD004023,PRD0357,1,1301.71,1301.71
HITM0012598,HORD004023,PRD0030,1,278.37,278.37
HITM0012599,HORD004023,PRD0675,1,1138.38,1138.38
HITM0012600,HORD004023,PRD0369,1,663.84,663.84
HITM0012601,HORD004024,PRD0803,2,395.35,790.7
HITM0012602,HORD004024,PRD0802,1,914.18,914.18
HITM0012603,HORD004024,PRD0884,3,1284.0,3852.0
HITM0012604,HORD004025,PRD0135,2,1050.45,2100.9
HITM0012605,HORD004025,PRD0568,1,977.48,977.48
HITM0012606,HORD004026,PRD0599,1,1008.74,1008.74
HITM0012607,HORD004026,PRD0775,1,152.04,152.04
HITM0012608,HORD004027,PRD0271,1,2739.77,2739.77
HITM0012609,HORD004027,PRD0841,1,1754.04,1754.04
HITM0012610,HORD004027,PRD0957,2,108.95,217.9
HITM0012611,HORD004027,PRD0421,1,2357.2,2357.2
HITM0012612,HORD004027,PRD0746,2,367.02,734.04
HITM0012613,HORD004028,PRD0228,1,575.39,575.39
HITM0012614,HORD004028,PRD0878,1,453.25,453.25
HITM0012615,HORD004028,PRD0440,1,306.74,306.74
HITM0012616,HORD004029,PRD0424,1,3384.56,3384.56
HITM0012617,HORD004029,PRD0389,1,473.56,473.56
HITM0012618,HORD004029,PRD0460,1,354.28,354.28
HITM0012619,HORD004029,PRD0567,1,69.51,69.51
HITM0012620,HORD004030,PRD0438,2,504.83,1009.66
HITM0012621,HORD004030,PRD0870,3,96.68,290.04
HITM0012622,HORD004030,PRD0838,1,771.2,771.2
HITM0012623,HORD004030,PRD0641,1,1767.13,1767.13
HITM0012624,HORD004031,PRD0160,1,332.63,332.63
HITM0012625,HORD004031,PRD0151,1,3129.69,3129.69
HITM0012626,HORD004031,PRD0608,1,200.97,200.97
HITM0012627,HORD004031,PRD0197,1,925.36,925.36
HITM0012628,HORD004032,PRD0772,1,356.92,356.92
HITM0012629,HORD004033,PRD0776,1,133.13,133.13
HITM0012630,HORD004033,PRD0019,1,708.96,708.96
HITM0012631,HORD004033,PRD0528,1,1044.78,1044.78
HITM0012632,HORD004033,PRD0813,2,372.89,745.78
HITM0012633,HORD004034,PRD0536,1,430.74,430.74
HITM0012634,HORD004034,PRD0653,1,1595.48,1595.48
HITM0012635,HORD004034,PRD0364,1,789.55,789.55
HITM0012636,HORD004034,PRD0392,1,1830.74,1830.74
HITM0012637,HORD004035,PRD0264,2,998.11,1996.22
HITM0012638,HORD004035,PRD0111,1,2559.72,2559.72
HITM0012639,HORD004035,PRD0696,1,548.07,548.07
HITM0012640,HORD004036,PRD0648,1,450.1,450.1
HITM0012641,HORD004036,PRD0189,1,815.73,815.73
HITM0012642,HORD004036,PRD0005,1,171.8,171.8
HITM0012643,HORD004037,PRD0879,1,329.13,329.13
HITM0012644,HORD004037,PRD0080,1,302.02,302.02
HITM0012645,HORD004037,PRD0907,1,60.75,60.75
HITM0012646,HORD004038,PRD0016,2,802.46,1604.92
HITM0012647,HORD004038,PRD0515,1,957.39,957.39
HITM0012648,HORD004038,PRD0278,1,105.64,105.64
HITM0012649,HORD004038,PRD0238,1,459.3,459.3
HITM0012650,HORD004039,PRD0346,1,296.52,296.52
HITM0012651,HORD004039,PRD0415,1,626.8,626.8
HITM0012652,HORD004039,PRD0768,1,149.86,149.86
HITM0012653,HORD004039,PRD0939,1,67.43,67.43
HITM0012654,HORD004039,PRD0714,1,1819.26,1819.26
HITM0012655,HORD004040,PRD0855,1,641.38,641.38
HITM0012656,HORD004040,PRD0091,1,1365.66,1365.66
HITM0012657,HORD004040,PRD0597,2,1808.07,3616.14
HITM0012658,HORD004040,PRD0867,3,1696.54,5089.62
HITM0012659,HORD004041,PRD0037,1,953.09,953.09
HITM0012660,HORD004041,PRD0844,1,2177.73,2177.73
HITM0012661,HORD004041,PRD0327,1,1138.43,1138.43
HITM0012662,HORD004041,PRD0333,1,741.56,741.56
HITM0012663,HORD004042,PRD0679,3,399.42,1198.26
HITM0012664,HORD004042,PRD0566,2,242.05,484.1
HITM0012665,HORD004042,PRD0512,1,853.67,853.67
HITM0012666,HORD004042,PRD0624,2,565.88,1131.76
HITM0012667,HORD004043,PRD0402,1,1863.84,1863.84
HITM0012668,HORD004043,PRD0817,2,1148.51,2297.02
HITM0012669,HORD004043,PRD0148,1,319.75,319.75
HITM0012670,HORD004044,PRD0758,1,261.9,261.9
HITM0012671,HORD004044,PRD0640,1,362.06,362.06
HITM0012672,HORD004045,PRD0649,1,879.59,879.59
HITM0012673,HORD004045,PRD0057,1,2000.1,2000.1
HITM0012674,HORD004045,PRD0829,2,1219.49,2438.98
HITM0012675,HORD004045,PRD0046,1,789.29,789.29
HITM0012676,HORD004046,PRD0454,1,3062.46,3062.46
HITM0012677,HORD004046,PRD0122,1,1857.69,1857.69
HITM0012678,HORD004046,PRD0156,1,832.48,832.48
HITM0012679,HORD004046,PRD0998,1,544.17,544.17
HITM0012680,HORD004047,PRD0442,1,327.53,327.53
HITM0012681,HORD004047,PRD0257,1,210.79,210.79
HITM0012682,HORD004047,PRD0174,1,442.41,442.41
HITM0012683,HORD004047,PRD0269,1,754.3,754.3
HITM0012684,HORD004047,PRD0450,1,162.55,162.55
HITM0012685,HORD004048,PRD0939,3,67.43,202.29
HITM0012686,HORD004049,PRD0898,1,450.61,450.61
HITM0012687,HORD004049,PRD0358,1,981.34,981.34
HITM0012688,HORD004049,PRD0932,2,1326.04,2652.08
HITM0012689,HORD004049,PRD0175,1,740.04,740.04
HITM0012690,HORD004049,PRD0421,2,2357.2,4714.4
HITM0012691,HORD004050,PRD0518,1,69.83,69.83
HITM0012692,HORD004050,PRD0740,2,235.84,471.68
HITM0012693,HORD004050,PRD0362,1,301.32,301.32
HITM0012694,HORD004050,PRD0728,1,1077.83,1077.83
HITM0012695,HORD004051,PRD0866,1,492.83,492.83
HITM0012696,HORD004051,PRD0643,2,614.82,1229.64
HITM0012697,HORD004051,PRD0006,1,520.51,520.51
HITM0012698,HORD004051,PRD0386,1,663.23,663.23
HITM0012699,HORD004052,PRD0673,1,666.78,666.78
HITM0012700,HORD004052,PRD0140,1,211.53,211.53
HITM0012701,HORD004052,PRD0558,1,399.27,399.27
HITM0012702,HORD004053,PRD0006,2,520.51,1041.02
HITM0012703,HORD004053,PRD0138,1,889.51,889.51
HITM0012704,HORD004053,PRD0648,1,450.1,450.1
HITM0012705,HORD004054,PRD0249,1,682.98,682.98
HITM0012706,HORD004054,PRD0885,1,867.28,867.28
HITM0012707,HORD004054,PRD0869,1,1315.16,1315.16
HITM0012708,HORD004055,PRD0317,2,641.82,1283.64
HITM0012709,HORD004055,PRD0799,1,629.39,629.39
HITM0012710,HORD004055,PRD0188,1,1032.34,1032.34
HITM0012711,HORD004055,PRD0922,1,1230.33,1230.33
HITM0012712,HORD004056,PRD0635,2,475.82,951.64
HITM0012713,HORD004056,PRD0998,1,544.17,544.17
HITM0012714,HORD004056,PRD0140,1,211.53,211.53
HITM0012715,HORD004056,PRD0288,1,114.25,114.25
HITM0012716,HORD004057,PRD0827,1,1518.31,1518.31
HITM0012717,HORD004057,PRD0806,1,541.85,541.85
HITM0012718,HORD004057,PRD0450,1,162.55,162.55
HITM0012719,HORD004058,PRD0933,3,296.95,890.85
HITM0012720,HORD004058,PRD0522,1,496.11,496.11
HITM0012721,HORD004058,PRD0737,1,194.63,194.63
HITM0012722,HORD004058,PRD0366,1,111.28,111.28
HITM0012723,HORD004059,PRD0090,2,306.45,612.9
HITM0012724,HORD004059,PRD0784,1,3166.81,3166.81
HITM0012725,HORD004060,PRD0908,3,738.84,2216.52
HITM0012726,HORD004060,PRD0983,2,1481.15,2962.3
HITM0012727,HORD004060,PRD0151,1,3129.69,3129.69
HITM0012728,HORD004060,PRD0512,1,853.67,853.67
HITM0012729,HORD004060,PRD0130,1,167.84,167.84
HITM0012730,HORD004061,PRD0209,1,456.39,456.39
HITM0012731,HORD004061,PRD0789,1,1032.76,1032.76
HITM0012732,HORD004061,PRD0122,1,1857.69,1857.69
HITM0012733,HORD004062,PRD0427,1,1110.4,1110.4
HITM0012734,HORD004062,PRD0255,1,690.05,690.05
HITM0012735,HORD004062,PRD0677,1,1475.57,1475.57
HITM0012736,HORD004063,PRD0486,1,188.03,188.03
HITM0012737,HORD004063,PRD0320,1,28.7,28.7
HITM0012738,HORD004063,PRD0389,1,473.56,473.56
HITM0012739,HORD004064,PRD0802,1,914.18,914.18
HITM0012740,HORD004064,PRD0873,1,448.66,448.66
HITM0012741,HORD004064,PRD0576,1,31.35,31.35
HITM0012742,HORD004065,PRD0689,2,195.5,391.0
HITM0012743,HORD004065,PRD0964,2,3887.56,7775.12
HITM0012744,HORD004065,PRD0473,2,296.86,593.72
HITM0012745,HORD004065,PRD0590,2,197.67,395.34
HITM0012746,HORD004066,PRD0452,2,353.39,706.78
HITM0012747,HORD004066,PRD0338,1,484.72,484.72
HITM0012748,HORD004066,PRD0496,1,92.5,92.5
HITM0012749,HORD004066,PRD0664,1,1949.37,1949.37
HITM0012750,HORD004067,PRD0365,1,454.18,454.18
HITM0012751,HORD004067,PRD0354,1,2839.63,2839.63
HITM0012752,HORD004067,PRD0497,1,2286.18,2286.18
HITM0012753,HORD004067,PRD0708,1,119.42,119.42
HITM0012754,HORD004067,PRD0462,2,1478.68,2957.36
HITM0012755,HORD004068,PRD0130,1,167.84,167.84
HITM0012756,HORD004068,PRD0747,1,1759.9,1759.9
HITM0012757,HORD004068,PRD0405,1,406.75,406.75
HITM0012758,HORD004068,PRD0603,1,380.05,380.05
HITM0012759,HORD004068,PRD0721,1,1687.59,1687.59
HITM0012760,HORD004069,PRD0320,1,28.7,28.7
HITM0012761,HORD004069,PRD0941,1,1693.86,1693.86
HITM0012762,HORD004069,PRD0626,1,362.78,362.78
HITM0012763,HORD004069,PRD0436,1,839.37,839.37
HITM0012764,HORD004069,PRD0390,1,408.91,408.91
HITM0012765,HORD004070,PRD0534,3,459.7,1379.1
HITM0012766,HORD004070,PRD0250,1,184.24,184.24
HITM0012767,HORD004070,PRD0865,2,691.66,1383.32
HITM0012768,HORD004070,PRD0653,1,1595.48,1595.48
HITM0012769,HORD004070,PRD0845,1,355.13,355.13
HITM0012770,HORD004071,PRD0805,1,503.71,503.71
HITM0012771,HORD004071,PRD0968,1,213.37,213.37
HITM0012772,HORD004071,PRD0692,1,1364.52,1364.52
HITM0012773,HORD004072,PRD0668,1,598.5,598.5
HITM0012774,HORD004072,PRD0933,1,296.95,296.95
HITM0012775,HORD004072,PRD0234,2,4040.17,8080.34
HITM0012776,HORD004072,PRD0536,1,430.74,430.74
HITM0012777,HORD004073,PRD0419,1,903.5,903.5
HITM0012778,HORD004073,PRD0624,1,565.88,565.88
HITM0012779,HORD004073,PRD0457,1,269.37,269.37
HITM0012780,HORD004074,PRD0667,1,1613.98,1613.98
HITM0012781,HORD004074,PRD0048,1,533.35,533.35
HITM0012782,HORD004075,PRD0210,2,206.42,412.84
HITM0012783,HORD004075,PRD0395,1,843.62,843.62
HITM0012784,HORD004075,PRD0187,1,2240.42,2240.42
HITM0012785,HORD004075,PRD0330,2,96.82,193.64
HITM0012786,HORD004075,PRD0555,2,380.47,760.94
HITM0012787,HORD004076,PRD0729,1,348.79,348.79
HITM0012788,HORD004076,PRD0465,1,614.27,614.27
HITM0012789,HORD004076,PRD0817,1,1148.51,1148.51
HITM0012790,HORD004077,PRD0880,1,330.2,330.2
HITM0012791,HORD004077,PRD0796,1,559.87,559.87
HITM0012792,HORD004077,PRD0831,1,2116.77,2116.77
HITM0012793,HORD004077,PRD0020,1,277.78,277.78
HITM0012794,HORD004078,PRD0235,2,331.23,662.46
HITM0012795,HORD004078,PRD0440,1,306.74,306.74
HITM0012796,HORD004078,PRD0500,1,137.18,137.18
HITM0012797,HORD004078,PRD0312,1,1542.36,1542.36
HITM0012798,HORD004079,PRD0294,1,2664.13,2664.13
HITM0012799,HORD004079,PRD0145,1,439.24,439.24
HITM0012800,HORD004079,PRD0155,1,903.43,903.43
HITM0012801,HORD004080,PRD0544,1,3608.38,3608.38
HITM0012802,HORD004080,PRD0100,1,252.99,252.99
HITM0012803,HORD004080,PRD0776,1,133.13,133.13
HITM0012804,HORD004080,PRD0438,1,504.83,504.83
HITM0012805,HORD004080,PRD0278,1,105.64,105.64
HITM0012806,HORD004081,PRD0612,1,319.23,319.23
HITM0012807,HORD004081,PRD0981,1,1483.54,1483.54
HITM0012808,HORD004081,PRD0603,1,380.05,380.05
HITM0012809,HORD004082,PRD0418,2,735.73,1471.46
HITM0012810,HORD004082,PRD0002,1,1804.26,1804.26
HITM0012811,HORD004082,PRD0490,1,82.32,82.32
HITM0012812,HORD004083,PRD0563,3,957.85,2873.55
HITM0012813,HORD004084,PRD0613,1,698.67,698.67
HITM0012814,HORD004084,PRD0673,2,666.78,1333.56
HITM0012815,HORD004084,PRD0233,1,942.53,942.53
HITM0012816,HORD004085,PRD0897,1,1151.44,1151.44
HITM0012817,HORD004085,PRD0425,1,477.89,477.89
HITM0012818,HORD004085,PRD0653,1,1595.48,1595.48
HITM0012819,HORD004086,PRD0173,1,320.83,320.83
HITM0012820,HORD004086,PRD0410,2,331.6,663.2
HITM0012821,HORD004087,PRD0227,1,2409.78,2409.78
HITM0012822,HORD004087,PRD0345,1,257.9,257.9
HITM0012823,HORD004087,PRD0050,1,409.65,409.65
HITM0012824,HORD004087,PRD0528,2,1044.78,2089.56
HITM0012825,HORD004087,PRD0477,1,610.76,610.76
HITM0012826,HORD004088,PRD0118,2,184.23,368.46
HITM0012827,HORD004088,PRD0442,1,327.53,327.53
HITM0012828,HORD004088,PRD0836,1,836.56,836.56
HITM0012829,HORD004088,PRD0865,1,691.66,691.66
HITM0012830,HORD004089,PRD0656,2,748.82,1497.64
HITM0012831,HORD004089,PRD0711,1,2153.38,2153.38
HITM0012832,HORD004089,PRD0584,1,2405.29,2405.29
HITM0012833,HORD004090,PRD0180,1,256.4,256.4
HITM0012834,HORD004090,PRD0942,1,1446.32,1446.32
HITM0012835,HORD004090,PRD0735,2,549.71,1099.42
HITM0012836,HORD004090,PRD0443,1,684.87,684.87
HITM0012837,HORD004091,PRD0756,1,389.58,389.58
HITM0012838,HORD004091,PRD0204,2,759.0,1518.0
HITM0012839,HORD004091,PRD0815,1,735.95,735.95
HITM0012840,HORD004092,PRD0235,1,331.23,331.23
HITM0012841,HORD004092,PRD0070,1,168.22,168.22
HITM0012842,HORD004092,PRD0845,1,355.13,355.13
HITM0012843,HORD004093,PRD0119,1,752.72,752.72
HITM0012844,HORD004093,PRD0557,1,669.73,669.73
HITM0012845,HORD004093,PRD0685,1,755.89,755.89
HITM0012846,HORD004093,PRD0030,1,278.37,278.37
HITM0012847,HORD004094,PRD0870,1,96.68,96.68
HITM0012848,HORD004095,PRD0526,1,567.06,567.06
HITM0012849,HORD004095,PRD0103,1,384.82,384.82
HITM0012850,HORD004095,PRD0227,1,2409.78,2409.78
HITM0012851,HORD004095,PRD0039,1,1008.92,1008.92
HITM0012852,HORD004096,PRD0541,1,2828.87,2828.87
HITM0012853,HORD004096,PRD0917,1,1918.86,1918.86
HITM0012854,HORD004097,PRD0339,3,1125.45,3376.35
HITM0012855,HORD004097,PRD0449,1,884.72,884.72
HITM0012856,HORD004097,PRD0453,1,1439.62,1439.62
HITM0012857,HORD004097,PRD0022,1,473.77,473.77
HITM0012858,HORD004097,PRD0009,2,72.9,145.8
HITM0012859,HORD004098,PRD0705,2,369.85,739.7
HITM0012860,HORD004098,PRD0652,1,1247.24,1247.24
HITM0012861,HORD004098,PRD0759,2,106.0,212.0
HITM0012862,HORD004098,PRD0878,2,453.25,906.5
HITM0012863,HORD004099,PRD0304,1,969.28,969.28
HITM0012864,HORD004099,PRD0858,2,421.26,842.52
HITM0012865,HORD004100,PRD0831,1,2116.77,2116.77
HITM0012866,HORD004100,PRD0771,1,3066.74,3066.74
HITM0012867,HORD004101,PRD0672,1,1815.6,1815.6
HITM0012868,HORD004102,PRD0699,1,649.93,649.93
HITM0012869,HORD004102,PRD0306,1,98.74,98.74
HITM0012870,HORD004102,PRD0706,1,626.5,626.5
HITM0012871,HORD004102,PRD0432,1,571.62,571.62
HITM0012872,HORD004103,PRD0375,1,1092.09,1092.09
HITM0012873,HORD004103,PRD0110,1,392.12,392.12
HITM0012874,HORD004104,PRD0543,1,1522.55,1522.55
HITM0012875,HORD004104,PRD0091,1,1365.66,1365.66
HITM0012876,HORD004104,PRD0993,1,448.46,448.46
HITM0012877,HORD004105,PRD0737,1,194.63,194.63
HITM0012878,HORD004106,PRD0023,2,394.6,789.2
HITM0012879,HORD004106,PRD0669,2,736.46,1472.92
HITM0012880,HORD004106,PRD0372,2,748.02,1496.04
HITM0012881,HORD004106,PRD0064,1,2568.99,2568.99
HITM0012882,HORD004107,PRD0558,2,399.27,798.54
HITM0012883,HORD004108,PRD0607,2,73.33,146.66
HITM0012884,HORD004108,PRD0478,1,1005.98,1005.98
HITM0012885,HORD004108,PRD0456,1,700.91,700.91
HITM0012886,HORD004109,PRD0626,1,362.78,362.78
HITM0012887,HORD004109,PRD0048,1,533.35,533.35
HITM0012888,HORD004109,PRD0741,2,1342.0,2684.0
HITM0012889,HORD004110,PRD0390,1,408.91,408.91
HITM0012890,HORD004111,PRD0050,1,409.65,409.65
HITM0012891,HORD004112,PRD0546,1,180.12,180.12
HITM0012892,HORD004112,PRD0736,1,773.17,773.17
HITM0012893,HORD004112,PRD0620,1,23.82,23.82
HITM0012894,HORD004113,PRD0477,1,610.76,610.76
HITM0012895,HORD004113,PRD0013,1,291.07,291.07
HITM0012896,HORD004113,PRD0999,2,719.67,1439.34
HITM0012897,HORD004113,PRD0011,1,933.48,933.48
HITM0012898,HORD004114,PRD0178,1,963.54,963.54
HITM0012899,HORD004114,PRD0598,1,73.8,73.8
HITM0012900,HORD004114,PRD0351,1,2766.45,2766.45
HITM0012901,HORD004115,PRD0510,1,225.6,225.6
HITM0012902,HORD004115,PRD0207,1,143.7,143.7
HITM0012903,HORD004115,PRD0496,2,92.5,185.0
HITM0012904,HORD004115,PRD0906,3,755.23,2265.69
HITM0012905,HORD004115,PRD0415,1,626.8,626.8
HITM0012906,HORD004116,PRD0734,1,1461.44,1461.44
HITM0012907,HORD004116,PRD0032,1,332.03,332.03
HITM0012908,HORD004116,PRD0843,1,527.91,527.91
HITM0012909,HORD004117,PRD0705,1,369.85,369.85
HITM0012910,HORD004118,PRD0636,1,249.94,249.94
HITM0012911,HORD004118,PRD0542,1,1005.69,1005.69
HITM0012912,HORD004118,PRD0118,1,184.23,184.23
HITM0012913,HORD004118,PRD0825,2,522.15,1044.3
HITM0012914,HORD004119,PRD0445,1,151.88,151.88
HITM0012915,HORD004119,PRD0917,2,1918.86,3837.72
HITM0012916,HORD004120,PRD0701,1,2630.13,2630.13
HITM0012917,HORD004120,PRD0988,2,461.62,923.24
HITM0012918,HORD004120,PRD0825,2,522.15,1044.3
HITM0012919,HORD004121,PRD0296,2,331.81,663.62
HITM0012920,HORD004121,PRD0468,2,714.1,1428.2
HITM0012921,HORD004121,PRD0628,1,586.24,586.24
HITM0012922,HORD004121,PRD0828,1,1072.53,1072.53
HITM0012923,HORD004121,PRD0330,1,96.82,96.82
HITM0012924,HORD004122,PRD0537,1,237.18,237.18
HITM0012925,HORD004122,PRD0356,2,610.16,1220.32
HITM0012926,HORD004123,PRD0292,2,690.26,1380.52
HITM0012927,HORD004123,PRD0318,1,656.01,656.01
HITM0012928,HORD004123,PRD0325,2,325.22,650.44
HITM0012929,HORD004123,PRD0106,1,203.27,203.27
HITM0012930,HORD004124,PRD0810,1,140.27,140.27
HITM0012931,HORD004125,PRD0717,1,825.84,825.84
HITM0012932,HORD004125,PRD0829,2,1219.49,2438.98
HITM0012933,HORD004125,PRD0267,1,2497.14,2497.14
HITM0012934,HORD004126,PRD0679,1,399.42,399.42
HITM0012935,HORD004126,PRD0375,1,1092.09,1092.09
HITM0012936,HORD004126,PRD0612,2,319.23,638.46
HITM0012937,HORD004126,PRD0520,2,404.65,809.3
HITM0012938,HORD004127,PRD0766,1,74.26,74.26
HITM0012939,HORD004127,PRD0991,1,2495.08,2495.08
HITM0012940,HORD004127,PRD0234,1,4040.17,4040.17
HITM0012941,HORD004128,PRD0877,1,2091.32,2091.32
HITM0012942,HORD004129,PRD0752,2,1432.08,2864.16
HITM0012943,HORD004129,PRD0652,1,1247.24,1247.24
HITM0012944,HORD004130,PRD0447,1,640.94,640.94
HITM0012945,HORD004130,PRD0775,1,152.04,152.04
HITM0012946,HORD004131,PRD0225,1,749.78,749.78
HITM0012947,HORD004131,PRD0092,1,1240.54,1240.54
HITM0012948,HORD004131,PRD0546,1,180.12,180.12
HITM0012949,HORD004132,PRD0446,1,607.85,607.85
HITM0012950,HORD004132,PRD0742,1,1768.06,1768.06
HITM0012951,HORD004133,PRD0137,1,814.4,814.4
HITM0012952,HORD004133,PRD0010,3,253.38,760.14
HITM0012953,HORD004133,PRD0330,1,96.82,96.82
HITM0012954,HORD004133,PRD0796,1,559.87,559.87
HITM0012955,HORD004133,PRD0464,1,3796.9,3796.9
HITM0012956,HORD004134,PRD0856,1,426.45,426.45
HITM0012957,HORD004135,PRD0273,1,1320.37,1320.37
HITM0012958,HORD004136,PRD0421,1,2357.2,2357.2
HITM0012959,HORD004136,PRD0973,1,1197.47,1197.47
HITM0012960,HORD004136,PRD0450,1,162.55,162.55
HITM0012961,HORD004136,PRD0022,1,473.77,473.77
HITM0012962,HORD004136,PRD0405,2,406.75,813.5
HITM0012963,HORD004137,PRD0555,1,380.47,380.47
HITM0012964,HORD004137,PRD0059,1,343.68,343.68
HITM0012965,HORD004137,PRD0222,1,761.26,761.26
HITM0012966,HORD004137,PRD0987,1,1715.57,1715.57
HITM0012967,HORD004138,PRD0416,1,463.25,463.25
HITM0012968,HORD004138,PRD0960,2,17.08,34.16
HITM0012969,HORD004138,PRD0245,1,834.16,834.16
HITM0012970,HORD004138,PRD0903,2,1209.05,2418.1
HITM0012971,HORD004139,PRD0515,2,957.39,1914.78
HITM0012972,HORD004139,PRD0733,1,281.18,281.18
HITM0012973,HORD004139,PRD0320,1,28.7,28.7
HITM0012974,HORD004139,PRD0104,1,2480.22,2480.22
HITM0012975,HORD004140,PRD0899,1,1454.64,1454.64
HITM0012976,HORD004140,PRD0737,1,194.63,194.63
HITM0012977,HORD004140,PRD0090,2,306.45,612.9
HITM0012978,HORD004141,PRD0986,1,318.21,318.21
HITM0012979,HORD004141,PRD0449,1,884.72,884.72
HITM0012980,HORD004141,PRD0380,1,340.9,340.9
HITM0012981,HORD004142,PRD0428,1,353.32,353.32
HITM0012982,HORD004142,PRD0736,1,773.17,773.17
HITM0012983,HORD004142,PRD0076,1,602.32,602.32
HITM0012984,HORD004143,PRD0843,1,527.91,527.91
HITM0012985,HORD004143,PRD0825,3,522.15,1566.45
HITM0012986,HORD004143,PRD0061,1,1919.38,1919.38
HITM0012987,HORD004143,PRD0384,1,830.01,830.01
HITM0012988,HORD004143,PRD0620,1,23.82,23.82
HITM0012989,HORD004144,PRD0830,1,231.45,231.45
HITM0012990,HORD004144,PRD0714,1,1819.26,1819.26
HITM0012991,HORD004144,PRD0616,1,242.48,242.48
HITM0012992,HORD004145,PRD0370,1,418.27,418.27
HITM0012993,HORD004145,PRD0123,1,501.46,501.46
HITM0012994,HORD004145,PRD0482,1,1441.83,1441.83
HITM0012995,HORD004146,PRD0106,1,203.27,203.27
HITM0012996,HORD004146,PRD0123,1,501.46,501.46
HITM0012997,HORD004147,PRD0203,1,724.48,724.48
HITM0012998,HORD004147,PRD0376,1,294.68,294.68
HITM0012999,HORD004147,PRD0006,1,520.51,520.51
HITM0013000,HORD004147,PRD0113,1,1263.27,1263.27
HITM0013001,HORD004147,PRD0743,1,718.63,718.63
HITM0013002,HORD004148,PRD0655,1,1072.3,1072.3
HITM0013003,HORD004148,PRD0930,1,307.61,307.61
HITM0013004,HORD004148,PRD0757,1,1982.25,1982.25
HITM0013005,HORD004148,PRD0954,1,766.53,766.53
HITM0013006,HORD004149,PRD0629,2,1480.27,2960.54
HITM0013007,HORD004149,PRD0913,1,1112.44,1112.44
HITM0013008,HORD004149,PRD0329,1,716.82,716.82
HITM0013009,HORD004150,PRD0129,1,763.45,763.45
HITM0013010,HORD004150,PRD0093,1,619.68,619.68
HITM0013011,HORD004150,PRD0044,1,4145.78,4145.78
HITM0013012,HORD004151,PRD0636,1,249.94,249.94
HITM0013013,HORD004151,PRD0379,1,212.81,212.81
HITM0013014,HORD004152,PRD0761,1,1492.1,1492.1
HITM0013015,HORD004153,PRD0761,1,1492.1,1492.1
HITM0013016,HORD004153,PRD0580,2,50.37,100.74
HITM0013017,HORD004153,PRD0238,1,459.3,459.3
HITM0013018,HORD004154,PRD0028,2,260.37,520.74
HITM0013019,HORD004154,PRD0337,1,2481.18,2481.18
HITM0013020,HORD004155,PRD0020,2,277.78,555.56
HITM0013021,HORD004155,PRD0191,1,3198.59,3198.59
HITM0013022,HORD004155,PRD0722,2,1628.14,3256.28
HITM0013023,HORD004156,PRD0074,1,899.01,899.01
HITM0013024,HORD004156,PRD0377,1,1537.07,1537.07
HITM0013025,HORD004156,PRD0500,1,137.18,137.18
HITM0013026,HORD004157,PRD0138,1,889.51,889.51
HITM0013027,HORD004157,PRD0532,1,837.86,837.86
HITM0013028,HORD004157,PRD0893,1,792.02,792.02
HITM0013029,HORD004158,PRD0115,1,630.18,630.18
HITM0013030,HORD004158,PRD0963,1,541.41,541.41
HITM0013031,HORD004158,PRD0625,1,458.46,458.46
HITM0013032,HORD004158,PRD0833,1,1527.84,1527.84
HITM0013033,HORD004158,PRD0944,1,1503.06,1503.06
HITM0013034,HORD004159,PRD0678,1,133.66,133.66
HITM0013035,HORD004159,PRD0049,2,578.63,1157.26
HITM0013036,HORD004159,PRD0263,1,1358.3,1358.3
HITM0013037,HORD004160,PRD0033,1,1345.52,1345.52
HITM0013038,HORD004160,PRD0888,1,240.68,240.68
HITM0013039,HORD004160,PRD0225,1,749.78,749.78
HITM0013040,HORD004161,PRD0830,1,231.45,231.45
HITM0013041,HORD004161,PRD0568,3,977.48,2932.44
HITM0013042,HORD004162,PRD0343,1,1454.71,1454.71
HITM0013043,HORD004162,PRD0405,2,406.75,813.5
HITM0013044,HORD004162,PRD0500,2,137.18,274.36
HITM0013045,HORD004162,PRD0924,1,938.45,938.45
HITM0013046,HORD004162,PRD0755,2,842.98,1685.96
HITM0013047,HORD004163,PRD0254,1,980.48,980.48
HITM0013048,HORD004163,PRD0762,2,1723.61,3447.22
HITM0013049,HORD004163,PRD0023,1,394.6,394.6
HITM0013050,HORD004164,PRD0850,1,216.39,216.39
HITM0013051,HORD004164,PRD0002,1,1804.26,1804.26
HITM0013052,HORD004164,PRD0362,2,301.32,602.64
HITM0013053,HORD004164,PRD0223,1,946.31,946.31
HITM0013054,HORD004164,PRD0738,1,629.85,629.85
HITM0013055,HORD004165,PRD0728,1,1077.83,1077.83
HITM0013056,HORD004165,PRD0125,2,1026.87,2053.74
HITM0013057,HORD004165,PRD0436,1,839.37,839.37
HITM0013058,HORD004165,PRD0782,1,743.41,743.41
HITM0013059,HORD004166,PRD0329,3,716.82,2150.46
HITM0013060,HORD004166,PRD0764,1,1624.39,1624.39
HITM0013061,HORD004167,PRD0761,1,1492.1,1492.1
HITM0013062,HORD004167,PRD0595,3,126.92,380.76
HITM0013063,HORD004167,PRD0939,2,67.43,134.86
HITM0013064,HORD004168,PRD0974,1,2731.32,2731.32
HITM0013065,HORD004168,PRD0450,1,162.55,162.55
HITM0013066,HORD004169,PRD0512,1,853.67,853.67
HITM0013067,HORD004169,PRD0077,2,1534.37,3068.74
HITM0013068,HORD004169,PRD0695,1,1012.45,1012.45
HITM0013069,HORD004169,PRD0928,2,732.49,1464.98
HITM0013070,HORD004170,PRD0868,3,421.43,1264.29
HITM0013071,HORD004170,PRD0948,1,849.18,849.18
HITM0013072,HORD004170,PRD0850,2,216.39,432.78
HITM0013073,HORD004171,PRD0986,1,318.21,318.21
HITM0013074,HORD004171,PRD0753,1,720.25,720.25
HITM0013075,HORD004171,PRD0434,1,1657.3,1657.3
HITM0013076,HORD004171,PRD0054,1,821.51,821.51
HITM0013077,HORD004171,PRD0777,1,876.73,876.73
HITM0013078,HORD004172,PRD0309,1,1241.8,1241.8
HITM0013079,HORD004172,PRD0610,1,394.62,394.62
HITM0013080,HORD004172,PRD0520,1,404.65,404.65
HITM0013081,HORD004172,PRD0864,1,618.97,618.97
HITM0013082,HORD004172,PRD0819,1,1070.76,1070.76
HITM0013083,HORD004173,PRD0432,1,571.62,571.62
HITM0013084,HORD004174,PRD0241,3,1492.13,4476.39
HITM0013085,HORD004174,PRD0820,2,149.51,299.02
HITM0013086,HORD004174,PRD0876,2,844.64,1689.28
HITM0013087,HORD004174,PRD0809,1,155.22,155.22
HITM0013088,HORD004174,PRD0056,1,204.63,204.63
HITM0013089,HORD004175,PRD0189,2,815.73,1631.46
HITM0013090,HORD004175,PRD0975,2,989.01,1978.02
HITM0013091,HORD004175,PRD0616,1,242.48,242.48
HITM0013092,HORD004175,PRD0032,1,332.03,332.03
HITM0013093,HORD004176,PRD0612,1,319.23,319.23
HITM0013094,HORD004176,PRD0988,2,461.62,923.24
HITM0013095,HORD004176,PRD0659,1,1177.04,1177.04
HITM0013096,HORD004177,PRD0176,2,259.71,519.42
HITM0013097,HORD004177,PRD0226,1,549.99,549.99
HITM0013098,HORD004177,PRD0905,1,992.9,992.9
HITM0013099,HORD004177,PRD0851,1,955.38,955.38
HITM0013100,HORD004177,PRD0509,1,849.35,849.35
HITM0013101,HORD004178,PRD0217,1,2308.51,2308.51
HITM0013102,HORD004179,PRD0007,1,670.94,670.94
HITM0013103,HORD004179,PRD0718,1,880.28,880.28
HITM0013104,HORD004180,PRD0958,1,128.04,128.04
HITM0013105,HORD004180,PRD0519,1,700.92,700.92
HITM0013106,HORD004180,PRD0677,2,1475.57,2951.14
HITM0013107,HORD004181,PRD0848,1,227.53,227.53
HITM0013108,HORD004181,PRD0347,1,339.84,339.84
HITM0013109,HORD004181,PRD0375,1,1092.09,1092.09
HITM0013110,HORD004182,PRD0270,2,237.62,475.24
HITM0013111,HORD004182,PRD0624,3,565.88,1697.64
HITM0013112,HORD004183,PRD0060,1,412.3,412.3
HITM0013113,HORD004183,PRD0189,1,815.73,815.73
HITM0013114,HORD004184,PRD0583,3,268.64,805.92
HITM0013115,HORD004184,PRD0037,2,953.09,1906.18
HITM0013116,HORD004184,PRD0595,1,126.92,126.92
HITM0013117,HORD004184,PRD0119,1,752.72,752.72
HITM0013118,HORD004184,PRD0563,2,957.85,1915.7
HITM0013119,HORD004185,PRD0151,1,3129.69,3129.69
HITM0013120,HORD004185,PRD0239,2,1388.63,2777.26
HITM0013121,HORD004185,PRD0241,1,1492.13,1492.13
HITM0013122,HORD004186,PRD0336,2,745.18,1490.36
HITM0013123,HORD004186,PRD0173,1,320.83,320.83
HITM0013124,HORD004186,PRD0675,2,1138.38,2276.76
HITM0013125,HORD004186,PRD0546,2,180.12,360.24
HITM0013126,HORD004187,PRD0365,1,454.18,454.18
HITM0013127,HORD004187,PRD0050,3,409.65,1228.95
HITM0013128,HORD004188,PRD0620,2,23.82,47.64
HITM0013129,HORD004188,PRD0821,1,1210.81,1210.81
HITM0013130,HORD004188,PRD0993,1,448.46,448.46
HITM0013131,HORD004188,PRD0698,1,664.05,664.05
HITM0013132,HORD004189,PRD0751,1,2375.48,2375.48
HITM0013133,HORD004189,PRD0932,1,1326.04,1326.04
HITM0013134,HORD004190,PRD0869,1,1315.16,1315.16
HITM0013135,HORD004190,PRD0013,1,291.07,291.07
HITM0013136,HORD004191,PRD0025,1,689.68,689.68
HITM0013137,HORD004192,PRD0035,1,1056.72,1056.72
HITM0013138,HORD004192,PRD0708,1,119.42,119.42
HITM0013139,HORD004193,PRD0251,1,1750.4,1750.4
HITM0013140,HORD004193,PRD0289,1,1238.69,1238.69
HITM0013141,HORD004194,PRD0317,1,641.82,641.82
HITM0013142,HORD004194,PRD0875,2,1038.39,2076.78
HITM0013143,HORD004194,PRD0164,1,1335.24,1335.24
HITM0013144,HORD004194,PRD0865,1,691.66,691.66
HITM0013145,HORD004195,PRD0616,1,242.48,242.48
HITM0013146,HORD004195,PRD0753,2,720.25,1440.5
HITM0013147,HORD004195,PRD0189,1,815.73,815.73
HITM0013148,HORD004196,PRD0929,1,114.2,114.2
HITM0013149,HORD004197,PRD0091,2,1365.66,2731.32
HITM0013150,HORD004197,PRD0964,1,3887.56,3887.56
HITM0013151,HORD004197,PRD0262,1,1531.6,1531.6
HITM0013152,HORD004197,PRD0390,2,408.91,817.82
HITM0013153,HORD004198,PRD0845,1,355.13,355.13
HITM0013154,HORD004198,PRD0154,1,1730.69,1730.69
HITM0013155,HORD004198,PRD0846,2,428.47,856.94
HITM0013156,HORD004198,PRD0176,1,259.71,259.71
HITM0013157,HORD004199,PRD0985,1,865.22,865.22
HITM0013158,HORD004199,PRD0469,1,767.67,767.67
HITM0013159,HORD004200,PRD0023,1,394.6,394.6
HITM0013160,HORD004200,PRD0771,1,3066.74,3066.74
HITM0013161,HORD004200,PRD0365,1,454.18,454.18
HITM0013162,HORD004200,PRD0645,1,295.19,295.19
HITM0013163,HORD004201,PRD0762,2,1723.61,3447.22
HITM0013164,HORD004201,PRD0388,1,191.0,191.0
HITM0013165,HORD004201,PRD0885,1,867.28,867.28
HITM0013166,HORD004202,PRD0578,2,307.89,615.78
HITM0013167,HORD004202,PRD0507,1,2383.22,2383.22
HITM0013168,HORD004203,PRD0875,1,1038.39,1038.39
HITM0013169,HORD004203,PRD0602,1,409.98,409.98
HITM0013170,HORD004203,PRD0085,1,195.1,195.1
HITM0013171,HORD004203,PRD0208,1,481.08,481.08
HITM0013172,HORD004204,PRD0743,1,718.63,718.63
HITM0013173,HORD004204,PRD0241,1,1492.13,1492.13
HITM0013174,HORD004204,PRD0290,2,246.93,493.86
HITM0013175,HORD004204,PRD0593,1,826.29,826.29
HITM0013176,HORD004205,PRD0129,1,763.45,763.45
HITM0013177,HORD004206,PRD0923,1,771.16,771.16
HITM0013178,HORD004206,PRD0471,1,985.84,985.84
HITM0013179,HORD004207,PRD0091,1,1365.66,1365.66
HITM0013180,HORD004207,PRD0596,1,792.27,792.27
HITM0013181,HORD004207,PRD0201,2,2590.06,5180.12
HITM0013182,HORD004207,PRD0540,1,343.79,343.79
HITM0013183,HORD004208,PRD0018,2,783.79,1567.58
HITM0013184,HORD004208,PRD0039,1,1008.92,1008.92
HITM0013185,HORD004209,PRD0625,1,458.46,458.46
HITM0013186,HORD004210,PRD0934,1,1797.41,1797.41
HITM0013187,HORD004210,PRD0336,2,745.18,1490.36
HITM0013188,HORD004210,PRD0611,1,2190.89,2190.89
HITM0013189,HORD004211,PRD0306,1,98.74,98.74
HITM0013190,HORD004211,PRD0317,1,641.82,641.82
HITM0013191,HORD004211,PRD0984,1,3015.12,3015.12
HITM0013192,HORD004211,PRD0103,1,384.82,384.82
HITM0013193,HORD004212,PRD0715,1,636.68,636.68
HITM0013194,HORD004212,PRD0720,1,391.11,391.11
HITM0013195,HORD004212,PRD0843,1,527.91,527.91
HITM0013196,HORD004213,PRD0741,2,1342.0,2684.0
HITM0013197,HORD004213,PRD0115,1,630.18,630.18
HITM0013198,HORD004214,PRD0887,1,447.24,447.24
HITM0013199,HORD004215,PRD0904,1,2754.33,2754.33
HITM0013200,HORD004215,PRD0402,1,1863.84,1863.84
HITM0013201,HORD004215,PRD0111,1,2559.72,2559.72
HITM0013202,HORD004215,PRD0150,2,199.69,399.38
HITM0013203,HORD004216,PRD0180,1,256.4,256.4
HITM0013204,HORD004216,PRD0144,1,434.98,434.98
HITM0013205,HORD004217,PRD0929,1,114.2,114.2
HITM0013206,HORD004217,PRD0319,1,361.0,361.0
HITM0013207,HORD004217,PRD0365,1,454.18,454.18
HITM0013208,HORD004218,PRD0075,1,417.39,417.39
HITM0013209,HORD004218,PRD0127,2,477.02,954.04
HITM0013210,HORD004218,PRD0065,1,806.18,806.18
HITM0013211,HORD004218,PRD0460,2,354.28,708.56
HITM0013212,HORD004219,PRD0120,1,249.64,249.64
HITM0013213,HORD004219,PRD0957,1,108.95,108.95
HITM0013214,HORD004220,PRD0503,1,892.6,892.6
HITM0013215,HORD004221,PRD0155,1,903.43,903.43
HITM0013216,HORD004221,PRD0477,1,610.76,610.76
HITM0013217,HORD004221,PRD0362,1,301.32,301.32
HITM0013218,HORD004221,PRD0579,1,842.98,842.98
HITM0013219,HORD004222,PRD0388,1,191.0,191.0
HITM0013220,HORD004222,PRD0652,1,1247.24,1247.24
HITM0013221,HORD004222,PRD0677,2,1475.57,2951.14
HITM0013222,HORD004223,PRD0017,2,420.96,841.92
HITM0013223,HORD004223,PRD0824,2,3837.62,7675.24
HITM0013224,HORD004223,PRD0216,2,833.75,1667.5
HITM0013225,HORD004223,PRD0757,1,1982.25,1982.25
HITM0013226,HORD004223,PRD0056,1,204.63,204.63
HITM0013227,HORD004224,PRD0962,2,676.85,1353.7
HITM0013228,HORD004224,PRD0800,1,400.13,400.13
HITM0013229,HORD004224,PRD0260,1,157.69,157.69
HITM0013230,HORD004224,PRD0759,1,106.0,106.0
HITM0013231,HORD004225,PRD0616,1,242.48,242.48
HITM0013232,HORD004225,PRD0491,1,2151.39,2151.39
HITM0013233,HORD004225,PRD0885,2,867.28,1734.56
HITM0013234,HORD004226,PRD0022,1,473.77,473.77
HITM0013235,HORD004226,PRD0678,1,133.66,133.66
HITM0013236,HORD004226,PRD0833,2,1527.84,3055.68
HITM0013237,HORD004226,PRD0892,1,1539.6,1539.6
HITM0013238,HORD004227,PRD0557,1,669.73,669.73
HITM0013239,HORD004228,PRD0937,1,1473.98,1473.98
HITM0013240,HORD004228,PRD0895,1,675.49,675.49
HITM0013241,HORD004228,PRD0157,1,93.87,93.87
HITM0013242,HORD004229,PRD0570,1,337.54,337.54
HITM0013243,HORD004230,PRD0899,1,1454.64,1454.64
HITM0013244,HORD004230,PRD0004,1,4084.76,4084.76
HITM0013245,HORD004230,PRD0128,2,1013.54,2027.08
HITM0013246,HORD004231,PRD0088,1,994.41,994.41
HITM0013247,HORD004231,PRD0954,1,766.53,766.53
HITM0013248,HORD004231,PRD0135,2,1050.45,2100.9
HITM0013249,HORD004232,PRD0518,1,69.83,69.83
HITM0013250,HORD004232,PRD0856,3,426.45,1279.35
HITM0013251,HORD004232,PRD0625,1,458.46,458.46
HITM0013252,HORD004233,PRD0778,1,271.67,271.67
HITM0013253,HORD004234,PRD0004,1,4084.76,4084.76
HITM0013254,HORD004234,PRD0083,1,1520.68,1520.68
HITM0013255,HORD004235,PRD0930,1,307.61,307.61
HITM0013256,HORD004235,PRD0056,1,204.63,204.63
HITM0013257,HORD004235,PRD0753,2,720.25,1440.5
HITM0013258,HORD004235,PRD0060,1,412.3,412.3
HITM0013259,HORD004236,PRD0452,1,353.39,353.39
HITM0013260,HORD004236,PRD0940,2,127.15,254.3
HITM0013261,HORD004237,PRD0810,1,140.27,140.27
HITM0013262,HORD004237,PRD0702,3,403.74,1211.22
HITM0013263,HORD004237,PRD0196,2,525.15,1050.3
HITM0013264,HORD004237,PRD0819,1,1070.76,1070.76
HITM0013265,HORD004238,PRD0336,1,745.18,745.18
HITM0013266,HORD004238,PRD0909,1,1280.89,1280.89
HITM0013267,HORD004238,PRD0995,1,1027.49,1027.49
HITM0013268,HORD004238,PRD0966,1,272.72,272.72
HITM0013269,HORD004239,PRD0955,1,1036.25,1036.25
HITM0013270,HORD004239,PRD0958,2,128.04,256.08
HITM0013271,HORD004239,PRD0290,1,246.93,246.93
HITM0013272,HORD004240,PRD0317,1,641.82,641.82
HITM0013273,HORD004240,PRD0319,1,361.0,361.0
HITM0013274,HORD004240,PRD0850,1,216.39,216.39
HITM0013275,HORD004240,PRD0474,1,2324.49,2324.49
HITM0013276,HORD004240,PRD0532,1,837.86,837.86
HITM0013277,HORD004241,PRD0553,1,1559.12,1559.12
HITM0013278,HORD004241,PRD0622,1,1760.81,1760.81
HITM0013279,HORD004241,PRD0807,1,1028.5,1028.5
HITM0013280,HORD004242,PRD0776,1,133.13,133.13
HITM0013281,HORD004242,PRD0764,1,1624.39,1624.39
HITM0013282,HORD004242,PRD0470,1,149.63,149.63
HITM0013283,HORD004243,PRD0116,1,182.09,182.09
HITM0013284,HORD004243,PRD0671,1,1959.57,1959.57
HITM0013285,HORD004244,PRD0976,2,554.65,1109.3
HITM0013286,HORD004244,PRD0450,3,162.55,487.65
HITM0013287,HORD004245,PRD0034,1,3531.96,3531.96
HITM0013288,HORD004246,PRD0971,1,1081.7,1081.7
HITM0013289,HORD004246,PRD0021,1,1354.38,1354.38
HITM0013290,HORD004246,PRD0493,1,760.85,760.85
HITM0013291,HORD004246,PRD0534,1,459.7,459.7
HITM0013292,HORD004247,PRD0598,1,73.8,73.8
HITM0013293,HORD004247,PRD0898,1,450.61,450.61
HITM0013294,HORD004247,PRD0172,1,1723.75,1723.75
HITM0013295,HORD004247,PRD0320,1,28.7,28.7
HITM0013296,HORD004248,PRD0381,1,1136.28,1136.28
HITM0013297,HORD004248,PRD0206,1,691.31,691.31
HITM0013298,HORD004248,PRD0828,3,1072.53,3217.59
HITM0013299,HORD004248,PRD0320,1,28.7,28.7
HITM0013300,HORD004249,PRD0373,1,1247.39,1247.39
HITM0013301,HORD004249,PRD0495,1,1168.15,1168.15
HITM0013302,HORD004250,PRD0753,1,720.25,720.25
HITM0013303,HORD004250,PRD0524,2,405.7,811.4
HITM0013304,HORD004251,PRD0148,1,319.75,319.75
HITM0013305,HORD004251,PRD0980,1,171.73,171.73
HITM0013306,HORD004251,PRD0943,1,1009.3,1009.3
HITM0013307,HORD004251,PRD0107,1,1356.63,1356.63
HITM0013308,HORD004252,PRD0875,1,1038.39,1038.39
HITM0013309,HORD004252,PRD0887,1,447.24,447.24
HITM0013310,HORD004252,PRD0413,1,1181.55,1181.55
HITM0013311,HORD004252,PRD0111,1,2559.72,2559.72
HITM0013312,HORD004253,PRD0472,2,819.03,1638.06
HITM0013313,HORD004253,PRD0990,3,164.36,493.08
HITM0013314,HORD004253,PRD0385,1,602.62,602.62
HITM0013315,HORD004253,PRD0222,1,761.26,761.26
HITM0013316,HORD004253,PRD0770,1,376.65,376.65
HITM0013317,HORD004254,PRD0902,1,1853.74,1853.74
HITM0013318,HORD004254,PRD0278,1,105.64,105.64
HITM0013319,HORD004254,PRD0547,2,2322.41,4644.82
HITM0013320,HORD004255,PRD0506,1,669.77,669.77
HITM0013321,HORD004256,PRD0238,1,459.3,459.3
HITM0013322,HORD004256,PRD0459,1,261.43,261.43
HITM0013323,HORD004257,PRD0320,1,28.7,28.7
HITM0013324,HORD004257,PRD0893,2,792.02,1584.04
HITM0013325,HORD004257,PRD0250,1,184.24,184.24
HITM0013326,HORD004257,PRD0711,1,2153.38,2153.38
HITM0013327,HORD004258,PRD0540,2,343.79,687.58
HITM0013328,HORD004258,PRD0545,2,456.26,912.52
HITM0013329,HORD004258,PRD0989,1,71.59,71.59
HITM0013330,HORD004259,PRD0929,1,114.2,114.2
HITM0013331,HORD004259,PRD0812,1,1554.96,1554.96
HITM0013332,HORD004259,PRD0132,2,1025.41,2050.82
HITM0013333,HORD004259,PRD0360,1,45.63,45.63
HITM0013334,HORD004259,PRD0980,3,171.73,515.19
HITM0013335,HORD004260,PRD0768,1,149.86,149.86
HITM0013336,HORD004260,PRD0907,2,60.75,121.5
HITM0013337,HORD004261,PRD0907,3,60.75,182.25
HITM0013338,HORD004261,PRD0360,1,45.63,45.63
HITM0013339,HORD004261,PRD0229,3,1480.27,4440.81
HITM0013340,HORD004262,PRD0561,1,1093.04,1093.04
HITM0013341,HORD004262,PRD0709,3,1432.58,4297.74
HITM0013342,HORD004263,PRD0976,2,554.65,1109.3
HITM0013343,HORD004263,PRD0379,2,212.81,425.62
HITM0013344,HORD004263,PRD0340,2,315.67,631.34
HITM0013345,HORD004263,PRD0992,2,309.63,619.26
HITM0013346,HORD004264,PRD0143,2,689.45,1378.9
HITM0013347,HORD004264,PRD0016,1,802.46,802.46
HITM0013348,HORD004264,PRD0066,2,307.12,614.24
HITM0013349,HORD004264,PRD0458,1,224.27,224.27
HITM0013350,HORD004265,PRD0553,1,1559.12,1559.12
HITM0013351,HORD004265,PRD0287,1,1267.48,1267.48
HITM0013352,HORD004265,PRD0563,2,957.85,1915.7
HITM0013353,HORD004266,PRD0035,2,1056.72,2113.44
HITM0013354,HORD004266,PRD0833,1,1527.84,1527.84
HITM0013355,HORD004266,PRD0545,1,456.26,456.26
HITM0013356,HORD004267,PRD0598,1,73.8,73.8
HITM0013357,HORD004267,PRD0398,1,135.19,135.19
HITM0013358,HORD004267,PRD0992,1,309.63,309.63
HITM0013359,HORD004267,PRD0141,1,3104.91,3104.91
HITM0013360,HORD004267,PRD0703,1,1320.55,1320.55
HITM0013361,HORD004268,PRD0127,1,477.02,477.02
HITM0013362,HORD004268,PRD0123,1,501.46,501.46
HITM0013363,HORD004268,PRD0961,1,1247.08,1247.08
HITM0013364,HORD004268,PRD0999,1,719.67,719.67
HITM0013365,HORD004269,PRD0792,1,1464.66,1464.66
HITM0013366,HORD004269,PRD0993,1,448.46,448.46
HITM0013367,HORD004270,PRD0279,2,766.46,1532.92
HITM0013368,HORD004270,PRD0869,2,1315.16,2630.32
HITM0013369,HORD004270,PRD0516,2,478.24,956.48
HITM0013370,HORD004270,PRD0266,1,439.49,439.49
HITM0013371,HORD004271,PRD0076,1,602.32,602.32
HITM0013372,HORD004271,PRD0279,1,766.46,766.46
HITM0013373,HORD004271,PRD0355,1,703.23,703.23
HITM0013374,HORD004272,PRD0019,2,708.96,1417.92
HITM0013375,HORD004272,PRD0269,1,754.3,754.3
HITM0013376,HORD004272,PRD0145,3,439.24,1317.72
HITM0013377,HORD004273,PRD0781,2,2064.25,4128.5
HITM0013378,HORD004273,PRD0635,2,475.82,951.64
HITM0013379,HORD004273,PRD0022,1,473.77,473.77
HITM0013380,HORD004273,PRD0256,1,42.53,42.53
HITM0013381,HORD004274,PRD0867,1,1696.54,1696.54
HITM0013382,HORD004275,PRD0839,2,511.61,1023.22
HITM0013383,HORD004275,PRD0889,1,743.48,743.48
HITM0013384,HORD004275,PRD0131,1,1079.8,1079.8
HITM0013385,HORD004275,PRD0466,1,276.92,276.92
HITM0013386,HORD004276,PRD0460,1,354.28,354.28
HITM0013387,HORD004276,PRD0813,1,372.89,372.89
HITM0013388,HORD004276,PRD0672,1,1815.6,1815.6
HITM0013389,HORD004276,PRD0979,1,96.35,96.35
HITM0013390,HORD004277,PRD0530,2,338.05,676.1
HITM0013391,HORD004277,PRD0935,1,1012.52,1012.52
HITM0013392,HORD004277,PRD0546,1,180.12,180.12
HITM0013393,HORD004277,PRD0875,2,1038.39,2076.78
HITM0013394,HORD004278,PRD0732,1,1724.37,1724.37
HITM0013395,HORD004278,PRD0336,1,745.18,745.18
HITM0013396,HORD004279,PRD0988,1,461.62,461.62
HITM0013397,HORD004279,PRD0400,1,124.47,124.47
HITM0013398,HORD004279,PRD0546,1,180.12,180.12
HITM0013399,HORD004279,PRD0886,1,194.21,194.21
HITM0013400,HORD004279,PRD0725,1,1096.49,1096.49
HITM0013401,HORD004280,PRD0203,1,724.48,724.48
HITM0013402,HORD004280,PRD0849,1,1072.65,1072.65
HITM0013403,HORD004281,PRD0598,1,73.8,73.8
HITM0013404,HORD004281,PRD0236,2,353.9,707.8
HITM0013405,HORD004282,PRD0822,1,324.31,324.31
HITM0013406,HORD004282,PRD0405,1,406.75,406.75
HITM0013407,HORD004282,PRD0453,1,1439.62,1439.62
HITM0013408,HORD004283,PRD0448,2,455.26,910.52
HITM0013409,HORD004283,PRD0412,2,1351.05,2702.1
HITM0013410,HORD004283,PRD0759,1,106.0,106.0
HITM0013411,HORD004283,PRD0677,1,1475.57,1475.57
HITM0013412,HORD004283,PRD0195,1,540.55,540.55
HITM0013413,HORD004284,PRD0477,1,610.76,610.76
HITM0013414,HORD004284,PRD0746,1,367.02,367.02
HITM0013415,HORD004284,PRD0218,1,872.61,872.61
HITM0013416,HORD004285,PRD0479,1,361.79,361.79
HITM0013417,HORD004285,PRD0914,1,4046.92,4046.92
HITM0013418,HORD004285,PRD0250,1,184.24,184.24
HITM0013419,HORD004286,PRD0504,1,3728.54,3728.54
HITM0013420,HORD004286,PRD0362,1,301.32,301.32
HITM0013421,HORD004286,PRD0933,1,296.95,296.95
HITM0013422,HORD004287,PRD0481,2,1590.61,3181.22
HITM0013423,HORD004287,PRD0993,1,448.46,448.46
HITM0013424,HORD004287,PRD0738,1,629.85,629.85
HITM0013425,HORD004288,PRD0833,2,1527.84,3055.68
HITM0013426,HORD004288,PRD0740,3,235.84,707.52
HITM0013427,HORD004288,PRD0106,1,203.27,203.27
HITM0013428,HORD004289,PRD0177,2,2318.68,4637.36
HITM0013429,HORD004289,PRD0178,1,963.54,963.54
HITM0013430,HORD004289,PRD0709,1,1432.58,1432.58
HITM0013431,HORD004289,PRD0989,1,71.59,71.59
HITM0013432,HORD004289,PRD0589,2,222.62,445.24
HITM0013433,HORD004290,PRD0076,1,602.32,602.32
HITM0013434,HORD004290,PRD0230,1,112.24,112.24
HITM0013435,HORD004290,PRD0542,2,1005.69,2011.38
HITM0013436,HORD004290,PRD0569,1,928.26,928.26
HITM0013437,HORD004290,PRD0878,2,453.25,906.5
HITM0013438,HORD004291,PRD0856,3,426.45,1279.35
HITM0013439,HORD004291,PRD0242,2,1247.04,2494.08
HITM0013440,HORD004292,PRD0203,1,724.48,724.48
HITM0013441,HORD004292,PRD0989,2,71.59,143.18
HITM0013442,HORD004293,PRD0471,1,985.84,985.84
HITM0013443,HORD004294,PRD0645,1,295.19,295.19
HITM0013444,HORD004294,PRD0500,1,137.18,137.18
HITM0013445,HORD004295,PRD0971,1,1081.7,1081.7
HITM0013446,HORD004295,PRD0439,1,236.05,236.05
HITM0013447,HORD004295,PRD0280,1,228.25,228.25
HITM0013448,HORD004296,PRD0236,2,353.9,707.8
HITM0013449,HORD004296,PRD0201,1,2590.06,2590.06
HITM0013450,HORD004296,PRD0017,1,420.96,420.96
HITM0013451,HORD004296,PRD0913,1,1112.44,1112.44
HITM0013452,HORD004296,PRD0947,1,1591.22,1591.22
HITM0013453,HORD004297,PRD0073,1,674.71,674.71
HITM0013454,HORD004297,PRD0691,1,1463.28,1463.28
HITM0013455,HORD004297,PRD0971,1,1081.7,1081.7
HITM0013456,HORD004297,PRD0713,1,1024.28,1024.28
HITM0013457,HORD004297,PRD0733,1,281.18,281.18
HITM0013458,HORD004298,PRD0068,2,980.14,1960.28
HITM0013459,HORD004298,PRD0359,1,329.3,329.3
HITM0013460,HORD004298,PRD0482,1,1441.83,1441.83
HITM0013461,HORD004298,PRD0009,1,72.9,72.9
HITM0013462,HORD004299,PRD0153,1,1119.38,1119.38
HITM0013463,HORD004299,PRD0029,2,853.57,1707.14
HITM0013464,HORD004299,PRD0180,1,256.4,256.4
HITM0013465,HORD004299,PRD0827,1,1518.31,1518.31
HITM0013466,HORD004300,PRD0527,1,934.45,934.45
HITM0013467,HORD004300,PRD0280,1,228.25,228.25
HITM0013468,HORD004300,PRD0281,1,1116.42,1116.42
HITM0013469,HORD004301,PRD0256,1,42.53,42.53
HITM0013470,HORD004301,PRD0276,1,670.27,670.27
HITM0013471,HORD004302,PRD0159,2,852.41,1704.82
HITM0013472,HORD004302,PRD0267,1,2497.14,2497.14
HITM0013473,HORD004302,PRD0865,1,691.66,691.66
HITM0013474,HORD004303,PRD0434,1,1657.3,1657.3
HITM0013475,HORD004303,PRD0462,1,1478.68,1478.68
HITM0013476,HORD004303,PRD0600,1,200.67,200.67
HITM0013477,HORD004303,PRD0634,1,1993.72,1993.72
HITM0013478,HORD004303,PRD1000,1,175.0,175.0
HITM0013479,HORD004304,PRD0163,1,1233.05,1233.05
HITM0013480,HORD004305,PRD0940,2,127.15,254.3
HITM0013481,HORD004305,PRD0545,1,456.26,456.26
HITM0013482,HORD004305,PRD0587,1,1075.68,1075.68
HITM0013483,HORD004305,PRD0235,1,331.23,331.23
HITM0013484,HORD004306,PRD0604,1,1091.2,1091.2
HITM0013485,HORD004306,PRD0616,1,242.48,242.48
HITM0013486,HORD004307,PRD0298,2,727.39,1454.78
HITM0013487,HORD004308,PRD0575,2,711.89,1423.78
HITM0013488,HORD004308,PRD0902,3,1853.74,5561.22
HITM0013489,HORD004308,PRD0265,1,697.49,697.49
HITM0013490,HORD004308,PRD0193,1,890.72,890.72
HITM0013491,HORD004309,PRD0036,2,115.89,231.78
HITM0013492,HORD004309,PRD0930,1,307.61,307.61
HITM0013493,HORD004310,PRD0490,1,82.32,82.32
HITM0013494,HORD004310,PRD0205,2,645.51,1291.02
HITM0013495,HORD004310,PRD0865,2,691.66,1383.32
HITM0013496,HORD004310,PRD0387,1,1127.53,1127.53
HITM0013497,HORD004311,PRD0242,1,1247.04,1247.04
HITM0013498,HORD004311,PRD0290,1,246.93,246.93
HITM0013499,HORD004312,PRD0982,1,807.01,807.01
HITM0013500,HORD004312,PRD0107,1,1356.63,1356.63
HITM0013501,HORD004312,PRD0447,2,640.94,1281.88
HITM0013502,HORD004312,PRD0494,1,1355.96,1355.96
HITM0013503,HORD004313,PRD0620,1,23.82,23.82
HITM0013504,HORD004313,PRD0625,1,458.46,458.46
HITM0013505,HORD004313,PRD0262,2,1531.6,3063.2
HITM0013506,HORD004314,PRD0827,1,1518.31,1518.31
HITM0013507,HORD004314,PRD0962,1,676.85,676.85
HITM0013508,HORD004315,PRD0454,1,3062.46,3062.46
HITM0013509,HORD004315,PRD0637,1,2406.77,2406.77
HITM0013510,HORD004315,PRD0798,1,901.72,901.72
HITM0013511,HORD004315,PRD0354,3,2839.63,8518.89
HITM0013512,HORD004316,PRD0580,3,50.37,151.11
HITM0013513,HORD004316,PRD0710,3,397.66,1192.98
HITM0013514,HORD004316,PRD0302,2,987.84,1975.68
HITM0013515,HORD004317,PRD0565,1,124.28,124.28
HITM0013516,HORD004317,PRD0553,1,1559.12,1559.12
HITM0013517,HORD004317,PRD0619,2,889.11,1778.22
HITM0013518,HORD004318,PRD0902,1,1853.74,1853.74
HITM0013519,HORD004318,PRD0560,2,114.38,228.76
HITM0013520,HORD004318,PRD0713,1,1024.28,1024.28
HITM0013521,HORD004319,PRD0889,1,743.48,743.48
HITM0013522,HORD004319,PRD0018,2,783.79,1567.58
HITM0013523,HORD004319,PRD0884,1,1284.0,1284.0
HITM0013524,HORD004319,PRD0220,1,261.65,261.65
HITM0013525,HORD004320,PRD0606,1,838.55,838.55
HITM0013526,HORD004321,PRD0544,1,3608.38,3608.38
HITM0013527,HORD004321,PRD0313,1,1347.84,1347.84
HITM0013528,HORD004321,PRD0203,1,724.48,724.48
HITM0013529,HORD004321,PRD0076,1,602.32,602.32
HITM0013530,HORD004322,PRD0233,2,942.53,1885.06
HITM0013531,HORD004322,PRD0682,3,1036.2,3108.6
HITM0013532,HORD004322,PRD0479,2,361.79,723.58
HITM0013533,HORD004323,PRD0962,1,676.85,676.85
HITM0013534,HORD004323,PRD0918,1,697.62,697.62
HITM0013535,HORD004323,PRD0028,2,260.37,520.74
HITM0013536,HORD004323,PRD0384,1,830.01,830.01
HITM0013537,HORD004323,PRD0790,3,67.36,202.08
HITM0013538,HORD004324,PRD0144,1,434.98,434.98
HITM0013539,HORD004324,PRD0363,1,1343.45,1343.45
HITM0013540,HORD004324,PRD0668,2,598.5,1197.0
HITM0013541,HORD004324,PRD0134,1,1553.3,1553.3
HITM0013542,HORD004325,PRD0285,1,929.48,929.48
HITM0013543,HORD004325,PRD0323,1,1295.86,1295.86
HITM0013544,HORD004325,PRD0469,1,767.67,767.67
HITM0013545,HORD004325,PRD0388,1,191.0,191.0
HITM0013546,HORD004326,PRD0864,1,618.97,618.97
HITM0013547,HORD004326,PRD0472,1,819.03,819.03
HITM0013548,HORD004326,PRD0514,2,3221.3,6442.6
HITM0013549,HORD004326,PRD0281,1,1116.42,1116.42
HITM0013550,HORD004327,PRD0094,1,2315.3,2315.3
HITM0013551,HORD004327,PRD0941,1,1693.86,1693.86
HITM0013552,HORD004327,PRD0239,1,1388.63,1388.63
HITM0013553,HORD004328,PRD0166,1,462.05,462.05
HITM0013554,HORD004328,PRD0935,1,1012.52,1012.52
HITM0013555,HORD004328,PRD0943,1,1009.3,1009.3
HITM0013556,HORD004328,PRD0456,2,700.91,1401.82
HITM0013557,HORD004328,PRD0934,1,1797.41,1797.41
HITM0013558,HORD004329,PRD0986,1,318.21,318.21
HITM0013559,HORD004329,PRD0482,2,1441.83,2883.66
HITM0013560,HORD004329,PRD0977,1,2565.59,2565.59
HITM0013561,HORD004330,PRD0120,1,249.64,249.64
HITM0013562,HORD004330,PRD0647,1,1716.02,1716.02
HITM0013563,HORD004331,PRD0247,1,55.39,55.39
HITM0013564,HORD004331,PRD0716,2,744.09,1488.18
HITM0013565,HORD004332,PRD0820,1,149.51,149.51
HITM0013566,HORD004333,PRD0009,2,72.9,145.8
HITM0013567,HORD004333,PRD0055,1,1019.33,1019.33
HITM0013568,HORD004333,PRD0636,1,249.94,249.94
HITM0013569,HORD004334,PRD0479,1,361.79,361.79
HITM0013570,HORD004334,PRD0929,2,114.2,228.4
HITM0013571,HORD004334,PRD0817,1,1148.51,1148.51
HITM0013572,HORD004334,PRD0706,1,626.5,626.5
HITM0013573,HORD004334,PRD0412,2,1351.05,2702.1
HITM0013574,HORD004335,PRD0496,1,92.5,92.5
HITM0013575,HORD004335,PRD0442,2,327.53,655.06
HITM0013576,HORD004335,PRD0598,1,73.8,73.8
HITM0013577,HORD004336,PRD0952,1,864.9,864.9
HITM0013578,HORD004336,PRD0528,2,1044.78,2089.56
HITM0013579,HORD004336,PRD0620,1,23.82,23.82
HITM0013580,HORD004337,PRD0190,2,40.06,80.12
HITM0013581,HORD004337,PRD0230,1,112.24,112.24
HITM0013582,HORD004337,PRD0161,1,1639.58,1639.58
HITM0013583,HORD004337,PRD0051,1,2503.01,2503.01
HITM0013584,HORD004338,PRD0700,1,164.38,164.38
HITM0013585,HORD004339,PRD0438,1,504.83,504.83
HITM0013586,HORD004340,PRD0860,1,386.3,386.3
HITM0013587,HORD004340,PRD0726,1,830.43,830.43
HITM0013588,HORD004340,PRD0882,1,492.86,492.86
HITM0013589,HORD004341,PRD0342,1,1575.88,1575.88
HITM0013590,HORD004341,PRD0432,1,571.62,571.62
HITM0013591,HORD004341,PRD0258,1,114.0,114.0
HITM0013592,HORD004342,PRD0810,1,140.27,140.27
HITM0013593,HORD004342,PRD0370,2,418.27,836.54
HITM0013594,HORD004343,PRD0420,1,409.7,409.7
HITM0013595,HORD004343,PRD0217,1,2308.51,2308.51
HITM0013596,HORD004344,PRD0969,1,185.9,185.9
HITM0013597,HORD004344,PRD0480,1,79.31,79.31
HITM0013598,HORD004345,PRD0184,1,1417.97,1417.97
HITM0013599,HORD004345,PRD0667,1,1613.98,1613.98
HITM0013600,HORD004345,PRD0046,2,789.29,1578.58
HITM0013601,HORD004346,PRD0728,1,1077.83,1077.83
HITM0013602,HORD004346,PRD0729,1,348.79,348.79
HITM0013603,HORD004347,PRD0412,3,1351.05,4053.15
HITM0013604,HORD004347,PRD0964,2,3887.56,7775.12
HITM0013605,HORD004347,PRD0173,1,320.83,320.83
HITM0013606,HORD004347,PRD0055,3,1019.33,3057.99
HITM0013607,HORD004348,PRD0095,1,894.84,894.84
HITM0013608,HORD004348,PRD0149,1,504.76,504.76
HITM0013609,HORD004348,PRD0151,1,3129.69,3129.69
HITM0013610,HORD004349,PRD0703,2,1320.55,2641.1
HITM0013611,HORD004349,PRD0395,1,843.62,843.62
HITM0013612,HORD004349,PRD0157,1,93.87,93.87
HITM0013613,HORD004349,PRD0873,1,448.66,448.66
HITM0013614,HORD004349,PRD0545,1,456.26,456.26
HITM0013615,HORD004350,PRD0789,2,1032.76,2065.52
HITM0013616,HORD004350,PRD0090,2,306.45,612.9
HITM0013617,HORD004350,PRD0379,1,212.81,212.81
HITM0013618,HORD004350,PRD0232,1,321.21,321.21
HITM0013619,HORD004351,PRD0296,1,331.81,331.81
HITM0013620,HORD004351,PRD0193,2,890.72,1781.44
HITM0013621,HORD004352,PRD0882,1,492.86,492.86
HITM0013622,HORD004352,PRD0147,1,172.97,172.97
HITM0013623,HORD004353,PRD0207,1,143.7,143.7
HITM0013624,HORD004353,PRD0191,1,3198.59,3198.59
HITM0013625,HORD004353,PRD0044,1,4145.78,4145.78
HITM0013626,HORD004354,PRD0638,2,508.53,1017.06
HITM0013627,HORD004354,PRD0430,1,54.36,54.36
HITM0013628,HORD004354,PRD0162,1,767.91,767.91
HITM0013629,HORD004354,PRD0612,2,319.23,638.46
HITM0013630,HORD004355,PRD0427,1,1110.4,1110.4
HITM0013631,HORD004355,PRD0817,1,1148.51,1148.51
HITM0013632,HORD004355,PRD0960,1,17.08,17.08
HITM0013633,HORD004355,PRD0716,2,744.09,1488.18
HITM0013634,HORD004356,PRD0579,3,842.98,2528.94
HITM0013635,HORD004356,PRD0888,1,240.68,240.68
HITM0013636,HORD004357,PRD0852,3,869.97,2609.91
HITM0013637,HORD004357,PRD0141,1,3104.91,3104.91
HITM0013638,HORD004357,PRD0742,1,1768.06,1768.06
HITM0013639,HORD004358,PRD0737,1,194.63,194.63
HITM0013640,HORD004358,PRD0635,2,475.82,951.64
HITM0013641,HORD004358,PRD0893,2,792.02,1584.04
HITM0013642,HORD004358,PRD0866,2,492.83,985.66
HITM0013643,HORD004359,PRD0745,2,147.69,295.38
HITM0013644,HORD004359,PRD0748,2,1008.17,2016.34
HITM0013645,HORD004359,PRD0808,1,444.53,444.53
HITM0013646,HORD004359,PRD0840,2,125.66,251.32
HITM0013647,HORD004359,PRD0723,3,550.47,1651.41
HITM0013648,HORD004360,PRD0135,3,1050.45,3151.35
HITM0013649,HORD004360,PRD0230,1,112.24,112.24
HITM0013650,HORD004360,PRD0548,2,858.63,1717.26
HITM0013651,HORD004360,PRD0104,2,2480.22,4960.44
HITM0013652,HORD004361,PRD0724,2,1568.29,3136.58
HITM0013653,HORD004361,PRD0861,2,2778.32,5556.64
HITM0013654,HORD004361,PRD0738,1,629.85,629.85
HITM0013655,HORD004361,PRD0078,1,991.52,991.52
HITM0013656,HORD004362,PRD0498,2,373.64,747.28
HITM0013657,HORD004362,PRD0620,2,23.82,47.64
HITM0013658,HORD004362,PRD0766,1,74.26,74.26
HITM0013659,HORD004363,PRD0070,1,168.22,168.22
HITM0013660,HORD004363,PRD0199,1,1326.1,1326.1
HITM0013661,HORD004363,PRD0537,1,237.18,237.18
HITM0013662,HORD004363,PRD0569,2,928.26,1856.52
HITM0013663,HORD004364,PRD0111,1,2559.72,2559.72
HITM0013664,HORD004364,PRD0072,1,1587.43,1587.43
HITM0013665,HORD004364,PRD0552,2,359.04,718.08
HITM0013666,HORD004365,PRD0329,1,716.82,716.82
HITM0013667,HORD004365,PRD0658,2,899.02,1798.04
HITM0013668,HORD004365,PRD0204,1,759.0,759.0
HITM0013669,HORD004366,PRD0297,1,2578.59,2578.59
HITM0013670,HORD004366,PRD0233,1,942.53,942.53
HITM0013671,HORD004366,PRD0944,2,1503.06,3006.12
HITM0013672,HORD004367,PRD0140,2,211.53,423.06
HITM0013673,HORD004367,PRD0515,1,957.39,957.39
HITM0013674,HORD004368,PRD0716,1,744.09,744.09
HITM0013675,HORD004368,PRD0560,1,114.38,114.38
HITM0013676,HORD004368,PRD0448,1,455.26,455.26
HITM0013677,HORD004368,PRD0100,1,252.99,252.99
HITM0013678,HORD004369,PRD0880,3,330.2,990.6
HITM0013679,HORD004370,PRD0325,3,325.22,975.66
HITM0013680,HORD004370,PRD0042,2,1767.57,3535.14
HITM0013681,HORD004371,PRD0959,1,206.84,206.84
HITM0013682,HORD004371,PRD0359,3,329.3,987.9
HITM0013683,HORD004372,PRD0112,1,1848.06,1848.06
HITM0013684,HORD004372,PRD0737,2,194.63,389.26
HITM0013685,HORD004373,PRD0979,2,96.35,192.7
HITM0013686,HORD004373,PRD0988,2,461.62,923.24
HITM0013687,HORD004373,PRD0009,1,72.9,72.9
HITM0013688,HORD004374,PRD0304,3,969.28,2907.84
HITM0013689,HORD004374,PRD0539,1,642.49,642.49
HITM0013690,HORD004374,PRD0542,2,1005.69,2011.38
HITM0013691,HORD004374,PRD0721,1,1687.59,1687.59
HITM0013692,HORD004374,PRD0079,1,211.26,211.26
HITM0013693,HORD004375,PRD0740,1,235.84,235.84
HITM0013694,HORD004375,PRD0719,2,1107.84,2215.68
HITM0013695,HORD004375,PRD0507,1,2383.22,2383.22
HITM0013696,HORD004375,PRD0983,1,1481.15,1481.15
HITM0013697,HORD004376,PRD0055,1,1019.33,1019.33
HITM0013698,HORD004376,PRD0125,3,1026.87,3080.61
HITM0013699,HORD004377,PRD0032,1,332.03,332.03
HITM0013700,HORD004377,PRD0666,2,343.92,687.84
HITM0013701,HORD004377,PRD0786,1,664.7,664.7
HITM0013702,HORD004377,PRD0450,1,162.55,162.55
HITM0013703,HORD004378,PRD0506,2,669.77,1339.54
HITM0013704,HORD004378,PRD0505,1,268.59,268.59
HITM0013705,HORD004378,PRD0802,1,914.18,914.18
HITM0013706,HORD004378,PRD0412,2,1351.05,2702.1
HITM0013707,HORD004378,PRD0477,1,610.76,610.76
HITM0013708,HORD004379,PRD0614,1,2476.54,2476.54
HITM0013709,HORD004379,PRD0741,1,1342.0,1342.0
HITM0013710,HORD004379,PRD0710,1,397.66,397.66
HITM0013711,HORD004380,PRD0520,1,404.65,404.65
HITM0013712,HORD004380,PRD0106,2,203.27,406.54
HITM0013713,HORD004381,PRD0150,2,199.69,399.38
HITM0013714,HORD004381,PRD0480,1,79.31,79.31
HITM0013715,HORD004381,PRD0143,1,689.45,689.45
HITM0013716,HORD004381,PRD0079,1,211.26,211.26
HITM0013717,HORD004381,PRD0258,3,114.0,342.0
HITM0013718,HORD004382,PRD0478,1,1005.98,1005.98
HITM0013719,HORD004382,PRD0573,2,850.28,1700.56
HITM0013720,HORD004382,PRD0469,1,767.67,767.67
HITM0013721,HORD004382,PRD0291,1,1210.2,1210.2
HITM0013722,HORD004383,PRD0924,2,938.45,1876.9
HITM0013723,HORD004383,PRD0469,1,767.67,767.67
HITM0013724,HORD004383,PRD0958,1,128.04,128.04
HITM0013725,HORD004384,PRD0440,2,306.74,613.48
HITM0013726,HORD004384,PRD0716,1,744.09,744.09
HITM0013727,HORD004384,PRD0144,2,434.98,869.96
HITM0013728,HORD004385,PRD0086,1,372.14,372.14
HITM0013729,HORD004385,PRD0516,1,478.24,478.24
HITM0013730,HORD004386,PRD0026,1,720.56,720.56
HITM0013731,HORD004386,PRD0541,1,2828.87,2828.87
HITM0013732,HORD004386,PRD0915,1,741.57,741.57
HITM0013733,HORD004387,PRD0960,2,17.08,34.16
HITM0013734,HORD004387,PRD0306,1,98.74,98.74
HITM0013735,HORD004387,PRD0616,1,242.48,242.48
HITM0013736,HORD004388,PRD0976,2,554.65,1109.3
HITM0013737,HORD004388,PRD0047,1,859.23,859.23
HITM0013738,HORD004388,PRD0502,3,1155.49,3466.47
HITM0013739,HORD004389,PRD0676,2,523.37,1046.74
HITM0013740,HORD004389,PRD0582,1,1229.26,1229.26
HITM0013741,HORD004389,PRD0175,1,740.04,740.04
HITM0013742,HORD004390,PRD0209,2,456.39,912.78
HITM0013743,HORD004390,PRD0029,1,853.57,853.57
HITM0013744,HORD004390,PRD0852,1,869.97,869.97
HITM0013745,HORD004390,PRD0548,3,858.63,2575.89
HITM0013746,HORD004391,PRD0824,1,3837.62,3837.62
HITM0013747,HORD004391,PRD0995,1,1027.49,1027.49
HITM0013748,HORD004392,PRD0777,1,876.73,876.73
HITM0013749,HORD004393,PRD0509,1,849.35,849.35
HITM0013750,HORD004393,PRD0655,1,1072.3,1072.3
HITM0013751,HORD004394,PRD0096,1,259.24,259.24
HITM0013752,HORD004394,PRD0594,1,2621.32,2621.32
HITM0013753,HORD004394,PRD0869,1,1315.16,1315.16
HITM0013754,HORD004394,PRD0727,1,1950.79,1950.79
HITM0013755,HORD004395,PRD0630,1,167.94,167.94
HITM0013756,HORD004395,PRD0683,3,736.53,2209.59
HITM0013757,HORD004395,PRD0807,1,1028.5,1028.5
HITM0013758,HORD004396,PRD0293,1,663.82,663.82
HITM0013759,HORD004396,PRD0911,1,2410.39,2410.39
HITM0013760,HORD004396,PRD0885,1,867.28,867.28
HITM0013761,HORD004396,PRD0920,2,302.87,605.74
HITM0013762,HORD004397,PRD0660,1,74.81,74.81
HITM0013763,HORD004397,PRD0396,2,147.51,295.02
HITM0013764,HORD004397,PRD0276,2,670.27,1340.54
HITM0013765,HORD004397,PRD0260,1,157.69,157.69
HITM0013766,HORD004398,PRD0760,1,322.74,322.74
HITM0013767,HORD004398,PRD0972,2,1644.08,3288.16
HITM0013768,HORD004398,PRD0463,1,1555.83,1555.83
HITM0013769,HORD004399,PRD0118,1,184.23,184.23
HITM0013770,HORD004399,PRD0700,1,164.38,164.38
HITM0013771,HORD004399,PRD0369,1,663.84,663.84
HITM0013772,HORD004399,PRD0729,1,348.79,348.79
HITM0013773,HORD004400,PRD0420,1,409.7,409.7
HITM0013774,HORD004400,PRD0944,1,1503.06,1503.06
HITM0013775,HORD004400,PRD0587,1,1075.68,1075.68
HITM0013776,HORD004401,PRD0356,1,610.16,610.16
HITM0013777,HORD004401,PRD0190,1,40.06,40.06
HITM0013778,HORD004401,PRD0914,1,4046.92,4046.92
HITM0013779,HORD004402,PRD0356,1,610.16,610.16
HITM0013780,HORD004402,PRD0929,1,114.2,114.2
HITM0013781,HORD004402,PRD0305,1,924.51,924.51
HITM0013782,HORD004403,PRD0630,1,167.94,167.94
HITM0013783,HORD004403,PRD0306,1,98.74,98.74
HITM0013784,HORD004404,PRD0049,1,578.63,578.63
HITM0013785,HORD004404,PRD0460,1,354.28,354.28
HITM0013786,HORD004404,PRD0730,3,147.29,441.87
HITM0013787,HORD004404,PRD0603,1,380.05,380.05
HITM0013788,HORD004405,PRD0613,1,698.67,698.67
HITM0013789,HORD004405,PRD0179,1,428.63,428.63
HITM0013790,HORD004405,PRD0117,3,654.86,1964.58
HITM0013791,HORD004406,PRD0604,1,1091.2,1091.2
HITM0013792,HORD004406,PRD0594,1,2621.32,2621.32
HITM0013793,HORD004406,PRD0836,1,836.56,836.56
HITM0013794,HORD004406,PRD0411,1,1497.57,1497.57
HITM0013795,HORD004407,PRD0849,1,1072.65,1072.65
HITM0013796,HORD004407,PRD0486,1,188.03,188.03
HITM0013797,HORD004407,PRD0157,2,93.87,187.74
HITM0013798,HORD004408,PRD0958,2,128.04,256.08
HITM0013799,HORD004408,PRD0522,1,496.11,496.11
HITM0013800,HORD004408,PRD0377,1,1537.07,1537.07
HITM0013801,HORD004409,PRD0819,1,1070.76,1070.76
HITM0013802,HORD004410,PRD0611,1,2190.89,2190.89
HITM0013803,HORD004410,PRD0325,1,325.22,325.22
HITM0013804,HORD004410,PRD0223,1,946.31,946.31
HITM0013805,HORD004411,PRD0690,1,344.6,344.6
HITM0013806,HORD004411,PRD0439,1,236.05,236.05
HITM0013807,HORD004411,PRD0900,1,346.54,346.54
HITM0013808,HORD004411,PRD0620,1,23.82,23.82
HITM0013809,HORD004412,PRD0326,1,639.28,639.28
HITM0013810,HORD004412,PRD0404,1,2624.06,2624.06
HITM0013811,HORD004412,PRD0850,1,216.39,216.39
HITM0013812,HORD004412,PRD0464,1,3796.9,3796.9
HITM0013813,HORD004413,PRD0117,2,654.86,1309.72
HITM0013814,HORD004413,PRD0253,1,1519.1,1519.1
HITM0013815,HORD004413,PRD0683,1,736.53,736.53
HITM0013816,HORD004413,PRD0425,2,477.89,955.78
HITM0013817,HORD004414,PRD0688,1,814.49,814.49
HITM0013818,HORD004414,PRD0790,1,67.36,67.36
HITM0013819,HORD004414,PRD0523,1,837.7,837.7
HITM0013820,HORD004414,PRD0780,1,307.98,307.98
HITM0013821,HORD004415,PRD0960,1,17.08,17.08
HITM0013822,HORD004415,PRD0560,1,114.38,114.38
HITM0013823,HORD004415,PRD0674,1,3470.37,3470.37
HITM0013824,HORD004416,PRD0620,1,23.82,23.82
HITM0013825,HORD004416,PRD0009,1,72.9,72.9
HITM0013826,HORD004416,PRD0466,1,276.92,276.92
HITM0013827,HORD004416,PRD0306,1,98.74,98.74
HITM0013828,HORD004417,PRD0013,1,291.07,291.07
HITM0013829,HORD004417,PRD0713,1,1024.28,1024.28
HITM0013830,HORD004417,PRD0717,2,825.84,1651.68
HITM0013831,HORD004417,PRD0823,2,1007.18,2014.36
HITM0013832,HORD004418,PRD0660,1,74.81,74.81
HITM0013833,HORD004418,PRD0724,1,1568.29,1568.29
HITM0013834,HORD004418,PRD0041,1,1567.72,1567.72
HITM0013835,HORD004418,PRD0690,2,344.6,689.2
HITM0013836,HORD004418,PRD0059,2,343.68,687.36
HITM0013837,HORD004419,PRD0406,1,533.79,533.79
HITM0013838,HORD004419,PRD0320,2,28.7,57.4
HITM0013839,HORD004419,PRD0598,2,73.8,147.6
HITM0013840,HORD004419,PRD0706,2,626.5,1253.0
HITM0013841,HORD004420,PRD0050,1,409.65,409.65
HITM0013842,HORD004421,PRD0502,2,1155.49,2310.98
HITM0013843,HORD004421,PRD0190,1,40.06,40.06
HITM0013844,HORD004421,PRD0724,2,1568.29,3136.58
HITM0013845,HORD004422,PRD0939,1,67.43,67.43
HITM0013846,HORD004422,PRD0174,1,442.41,442.41
HITM0013847,HORD004422,PRD0123,1,501.46,501.46
HITM0013848,HORD004423,PRD0162,1,767.91,767.91
HITM0013849,HORD004424,PRD0405,1,406.75,406.75
HITM0013850,HORD004424,PRD0059,1,343.68,343.68
HITM0013851,HORD004425,PRD0416,1,463.25,463.25
HITM0013852,HORD004425,PRD0630,1,167.94,167.94
HITM0013853,HORD004425,PRD0726,1,830.43,830.43
HITM0013854,HORD004425,PRD0951,1,2970.31,2970.31
HITM0013855,HORD004425,PRD0707,1,1840.72,1840.72
HITM0013856,HORD004426,PRD0880,1,330.2,330.2
HITM0013857,HORD004426,PRD0074,1,899.01,899.01
HITM0013858,HORD004426,PRD0206,1,691.31,691.31
HITM0013859,HORD004427,PRD0335,1,826.82,826.82
HITM0013860,HORD004427,PRD0979,1,96.35,96.35
HITM0013861,HORD004428,PRD0067,1,974.43,974.43
HITM0013862,HORD004428,PRD0473,2,296.86,593.72
HITM0013863,HORD004428,PRD0486,1,188.03,188.03
HITM0013864,HORD004428,PRD0440,1,306.74,306.74
HITM0013865,HORD004429,PRD0550,1,224.46,224.46
HITM0013866,HORD004429,PRD0976,1,554.65,554.65
HITM0013867,HORD004429,PRD0290,2,246.93,493.86
HITM0013868,HORD004429,PRD0262,3,1531.6,4594.8
HITM0013869,HORD004430,PRD0314,1,611.18,611.18
HITM0013870,HORD004430,PRD0709,2,1432.58,2865.16
HITM0013871,HORD004430,PRD0475,1,1066.51,1066.51
HITM0013872,HORD004430,PRD0776,1,133.13,133.13
HITM0013873,HORD004431,PRD0766,1,74.26,74.26
HITM0013874,HORD004431,PRD0713,2,1024.28,2048.56
HITM0013875,HORD004431,PRD0073,2,674.71,1349.42
HITM0013876,HORD004431,PRD0735,1,549.71,549.71
HITM0013877,HORD004432,PRD0572,1,1663.78,1663.78
HITM0013878,HORD004432,PRD0570,1,337.54,337.54
HITM0013879,HORD004432,PRD0149,2,504.76,1009.52
HITM0013880,HORD004432,PRD0719,1,1107.84,1107.84
HITM0013881,HORD004432,PRD0647,1,1716.02,1716.02
HITM0013882,HORD004433,PRD0665,2,480.38,960.76
HITM0013883,HORD004433,PRD0116,2,182.09,364.18
HITM0013884,HORD004433,PRD0902,1,1853.74,1853.74
HITM0013885,HORD004434,PRD0726,2,830.43,1660.86
HITM0013886,HORD004434,PRD0324,2,4191.07,8382.14
HITM0013887,HORD004434,PRD0620,2,23.82,47.64
HITM0013888,HORD004434,PRD0283,1,1116.37,1116.37
HITM0013889,HORD004435,PRD0183,1,1343.02,1343.02
HITM0013890,HORD004435,PRD0890,1,293.06,293.06
HITM0013891,HORD004435,PRD0336,1,745.18,745.18
HITM0013892,HORD004435,PRD0015,1,1188.56,1188.56
HITM0013893,HORD004435,PRD0258,2,114.0,228.0
HITM0013894,HORD004436,PRD0624,2,565.88,1131.76
HITM0013895,HORD004436,PRD0930,1,307.61,307.61
HITM0013896,HORD004436,PRD0336,1,745.18,745.18
HITM0013897,HORD004437,PRD0410,1,331.6,331.6
HITM0013898,HORD004437,PRD0079,1,211.26,211.26
HITM0013899,HORD004438,PRD0824,2,3837.62,7675.24
HITM0013900,HORD004438,PRD0053,1,1382.46,1382.46
HITM0013901,HORD004438,PRD0927,1,672.07,672.07
HITM0013902,HORD004438,PRD0968,1,213.37,213.37
HITM0013903,HORD004439,PRD0509,1,849.35,849.35
HITM0013904,HORD004439,PRD0730,2,147.29,294.58
HITM0013905,HORD004439,PRD0977,1,2565.59,2565.59
HITM0013906,HORD004440,PRD0493,2,760.85,1521.7
HITM0013907,HORD004440,PRD0174,1,442.41,442.41
HITM0013908,HORD004440,PRD0314,1,611.18,611.18
HITM0013909,HORD004440,PRD0485,1,381.77,381.77
HITM0013910,HORD004441,PRD0320,1,28.7,28.7
HITM0013911,HORD004441,PRD0535,1,992.5,992.5
HITM0013912,HORD004441,PRD0920,1,302.87,302.87
HITM0013913,HORD004442,PRD0959,1,206.84,206.84
HITM0013914,HORD004442,PRD0179,1,428.63,428.63
HITM0013915,HORD004442,PRD0519,2,700.92,1401.84
HITM0013916,HORD004442,PRD0048,1,533.35,533.35
HITM0013917,HORD004443,PRD0221,1,3086.03,3086.03
HITM0013918,HORD004443,PRD0033,2,1345.52,2691.04
HITM0013919,HORD004444,PRD0880,1,330.2,330.2
HITM0013920,HORD004444,PRD0913,1,1112.44,1112.44
HITM0013921,HORD004444,PRD0842,1,1443.81,1443.81
HITM0013922,HORD004444,PRD0956,2,339.76,679.52
HITM0013923,HORD004445,PRD0635,3,475.82,1427.46
HITM0013924,HORD004445,PRD0382,1,680.83,680.83
HITM0013925,HORD004445,PRD0453,2,1439.62,2879.24
HITM0013926,HORD004445,PRD0181,1,1299.25,1299.25
HITM0013927,HORD004446,PRD0431,1,2819.89,2819.89
HITM0013928,HORD004446,PRD0153,1,1119.38,1119.38
HITM0013929,HORD004446,PRD0553,1,1559.12,1559.12
HITM0013930,HORD004446,PRD0259,1,983.93,983.93
HITM0013931,HORD004447,PRD0851,2,955.38,1910.76
HITM0013932,HORD004447,PRD0993,1,448.46,448.46
HITM0013933,HORD004447,PRD0565,1,124.28,124.28
HITM0013934,HORD004448,PRD0238,2,459.3,918.6
HITM0013935,HORD004448,PRD0780,1,307.98,307.98
HITM0013936,HORD004449,PRD0845,1,355.13,355.13
HITM0013937,HORD004449,PRD0650,1,46.68,46.68
HITM0013938,HORD004449,PRD0059,1,343.68,343.68
HITM0013939,HORD004449,PRD0645,2,295.19,590.38
HITM0013940,HORD004450,PRD0082,1,411.13,411.13
HITM0013941,HORD004451,PRD0229,1,1480.27,1480.27
HITM0013942,HORD004451,PRD0821,1,1210.81,1210.81
HITM0013943,HORD004451,PRD0083,1,1520.68,1520.68
HITM0013944,HORD004452,PRD0693,1,635.88,635.88
HITM0013945,HORD004452,PRD0833,2,1527.84,3055.68
HITM0013946,HORD004452,PRD0223,3,946.31,2838.93
HITM0013947,HORD004452,PRD0002,1,1804.26,1804.26
HITM0013948,HORD004452,PRD0355,1,703.23,703.23
HITM0013949,HORD004453,PRD0521,1,2988.2,2988.2
HITM0013950,HORD004453,PRD0429,1,618.41,618.41
HITM0013951,HORD004453,PRD0885,1,867.28,867.28
HITM0013952,HORD004453,PRD0559,1,1310.74,1310.74
HITM0013953,HORD004454,PRD0869,1,1315.16,1315.16
HITM0013954,HORD004454,PRD0509,1,849.35,849.35
HITM0013955,HORD004454,PRD0976,1,554.65,554.65
HITM0013956,HORD004455,PRD0423,1,371.68,371.68
HITM0013957,HORD004455,PRD0498,2,373.64,747.28
HITM0013958,HORD004455,PRD0070,2,168.22,336.44
HITM0013959,HORD004455,PRD0496,2,92.5,185.0
HITM0013960,HORD004456,PRD0992,1,309.63,309.63
HITM0013961,HORD004457,PRD0328,1,911.22,911.22
HITM0013962,HORD004457,PRD0666,1,343.92,343.92
HITM0013963,HORD004458,PRD0625,1,458.46,458.46
HITM0013964,HORD004458,PRD0848,1,227.53,227.53
HITM0013965,HORD004458,PRD0566,1,242.05,242.05
HITM0013966,HORD004459,PRD0756,1,389.58,389.58
HITM0013967,HORD004459,PRD0653,2,1595.48,3190.96
HITM0013968,HORD004460,PRD0598,1,73.8,73.8
HITM0013969,HORD004460,PRD0330,2,96.82,193.64
HITM0013970,HORD004460,PRD0258,1,114.0,114.0
HITM0013971,HORD004460,PRD0435,2,1185.75,2371.5
HITM0013972,HORD004460,PRD0266,1,439.49,439.49
HITM0013973,HORD004461,PRD0559,1,1310.74,1310.74
HITM0013974,HORD004462,PRD0966,1,272.72,272.72
HITM0013975,HORD004462,PRD0438,1,504.83,504.83
HITM0013976,HORD004462,PRD0211,2,2751.59,5503.18
HITM0013977,HORD004462,PRD0376,2,294.68,589.36
HITM0013978,HORD004462,PRD0840,3,125.66,376.98
HITM0013979,HORD004463,PRD0890,1,293.06,293.06
HITM0013980,HORD004463,PRD0555,1,380.47,380.47
HITM0013981,HORD004463,PRD0149,3,504.76,1514.28
HITM0013982,HORD004463,PRD0457,1,269.37,269.37
HITM0013983,HORD004464,PRD0814,1,1627.99,1627.99
HITM0013984,HORD004464,PRD0708,1,119.42,119.42
HITM0013985,HORD004464,PRD0530,1,338.05,338.05
HITM0013986,HORD004465,PRD0503,1,892.6,892.6
HITM0013987,HORD004465,PRD0700,1,164.38,164.38
HITM0013988,HORD004465,PRD0030,3,278.37,835.11
HITM0013989,HORD004465,PRD0797,1,1054.08,1054.08
HITM0013990,HORD004466,PRD0164,1,1335.24,1335.24
HITM0013991,HORD004466,PRD0470,1,149.63,149.63
HITM0013992,HORD004466,PRD0348,3,312.21,936.63
HITM0013993,HORD004466,PRD0500,1,137.18,137.18
HITM0013994,HORD004467,PRD0455,1,858.23,858.23
HITM0013995,HORD004468,PRD0747,1,1759.9,1759.9
HITM0013996,HORD004468,PRD0696,1,548.07,548.07
HITM0013997,HORD004468,PRD0286,1,752.91,752.91
HITM0013998,HORD004469,PRD0474,1,2324.49,2324.49
HITM0013999,HORD004469,PRD0878,2,453.25,906.5
HITM0014000,HORD004469,PRD0914,2,4046.92,8093.84
HITM0014001,HORD004469,PRD0607,1,73.33,73.33
HITM0014002,HORD004470,PRD0595,1,126.92,126.92
HITM0014003,HORD004470,PRD0965,1,889.37,889.37
HITM0014004,HORD004470,PRD0290,3,246.93,740.79
HITM0014005,HORD004470,PRD0856,2,426.45,852.9
HITM0014006,HORD004470,PRD0267,1,2497.14,2497.14
HITM0014007,HORD004471,PRD0789,1,1032.76,1032.76
HITM0014008,HORD004472,PRD0452,2,353.39,706.78
HITM0014009,HORD004472,PRD0710,1,397.66,397.66
HITM0014010,HORD004472,PRD0948,1,849.18,849.18
HITM0014011,HORD004472,PRD0084,1,854.14,854.14
HITM0014012,HORD004472,PRD0347,1,339.84,339.84
HITM0014013,HORD004473,PRD0268,1,876.82,876.82
HITM0014014,HORD004473,PRD0370,1,418.27,418.27
HITM0014015,HORD004473,PRD0126,1,290.8,290.8
HITM0014016,HORD004474,PRD0965,1,889.37,889.37
HITM0014017,HORD004474,PRD0312,1,1542.36,1542.36
HITM0014018,HORD004474,PRD0990,1,164.36,164.36
HITM0014019,HORD004474,PRD0552,1,359.04,359.04
HITM0014020,HORD004475,PRD0406,1,533.79,533.79
HITM0014021,HORD004476,PRD0247,1,55.39,55.39
HITM0014022,HORD004476,PRD0555,1,380.47,380.47
HITM0014023,HORD004476,PRD0891,1,1468.42,1468.42
HITM0014024,HORD004477,PRD0545,1,456.26,456.26
HITM0014025,HORD004477,PRD0003,1,857.07,857.07
HITM0014026,HORD004477,PRD0834,2,702.11,1404.22
HITM0014027,HORD004477,PRD0360,1,45.63,45.63
HITM0014028,HORD004478,PRD0650,1,46.68,46.68
HITM0014029,HORD004478,PRD0998,1,544.17,544.17
HITM0014030,HORD004478,PRD0792,2,1464.66,2929.32
HITM0014031,HORD004479,PRD0522,1,496.11,496.11
HITM0014032,HORD004479,PRD0966,2,272.72,545.44
HITM0014033,HORD004479,PRD0982,1,807.01,807.01
HITM0014034,HORD004479,PRD0616,1,242.48,242.48
HITM0014035,HORD004480,PRD0163,2,1233.05,2466.1
HITM0014036,HORD004480,PRD0023,1,394.6,394.6
HITM0014037,HORD004480,PRD0241,1,1492.13,1492.13
HITM0014038,HORD004480,PRD0466,3,276.92,830.76
HITM0014039,HORD004481,PRD0734,1,1461.44,1461.44
HITM0014040,HORD004481,PRD0726,1,830.43,830.43
HITM0014041,HORD004482,PRD0640,3,362.06,1086.18
HITM0014042,HORD004482,PRD0487,1,2539.52,2539.52
HITM0014043,HORD004482,PRD0320,1,28.7,28.7
HITM0014044,HORD004483,PRD0298,1,727.39,727.39
HITM0014045,HORD004483,PRD0294,1,2664.13,2664.13
HITM0014046,HORD004483,PRD0373,1,1247.39,1247.39
HITM0014047,HORD004483,PRD0749,1,285.2,285.2
HITM0014048,HORD004484,PRD0032,1,332.03,332.03
HITM0014049,HORD004484,PRD0359,1,329.3,329.3
HITM0014050,HORD004484,PRD0603,2,380.05,760.1
HITM0014051,HORD004485,PRD0366,1,111.28,111.28
HITM0014052,HORD004485,PRD0546,1,180.12,180.12
HITM0014053,HORD004485,PRD0346,1,296.52,296.52
HITM0014054,HORD004485,PRD0981,1,1483.54,1483.54
HITM0014055,HORD004486,PRD0691,1,1463.28,1463.28
HITM0014056,HORD004486,PRD0758,1,261.9,261.9
HITM0014057,HORD004486,PRD0677,1,1475.57,1475.57
HITM0014058,HORD004486,PRD0461,3,1412.1,4236.3
HITM0014059,HORD004486,PRD0032,1,332.03,332.03
HITM0014060,HORD004487,PRD0925,1,1091.53,1091.53
HITM0014061,HORD004487,PRD0257,1,210.79,210.79
HITM0014062,HORD004487,PRD0504,1,3728.54,3728.54
HITM0014063,HORD004488,PRD0125,1,1026.87,1026.87
HITM0014064,HORD004488,PRD0415,2,626.8,1253.6
HITM0014065,HORD004488,PRD0147,1,172.97,172.97
HITM0014066,HORD004489,PRD0242,1,1247.04,1247.04
HITM0014067,HORD004489,PRD0144,1,434.98,434.98
HITM0014068,HORD004489,PRD0380,1,340.9,340.9
HITM0014069,HORD004489,PRD0720,1,391.11,391.11
HITM0014070,HORD004490,PRD0986,2,318.21,636.42
HITM0014071,HORD004490,PRD0554,1,2579.35,2579.35
HITM0014072,HORD004490,PRD0939,2,67.43,134.86
HITM0014073,HORD004490,PRD0812,1,1554.96,1554.96
HITM0014074,HORD004490,PRD0807,1,1028.5,1028.5
HITM0014075,HORD004491,PRD0665,1,480.38,480.38
HITM0014076,HORD004491,PRD0633,2,763.72,1527.44
HITM0014077,HORD004491,PRD0680,1,146.6,146.6
HITM0014078,HORD004492,PRD0335,1,826.82,826.82
HITM0014079,HORD004492,PRD0515,1,957.39,957.39
HITM0014080,HORD004493,PRD0157,1,93.87,93.87
HITM0014081,HORD004493,PRD0560,1,114.38,114.38
HITM0014082,HORD004494,PRD0133,1,362.55,362.55
HITM0014083,HORD004494,PRD0992,1,309.63,309.63
HITM0014084,HORD004494,PRD0137,2,814.4,1628.8
HITM0014085,HORD004494,PRD0247,1,55.39,55.39
HITM0014086,HORD004494,PRD0652,1,1247.24,1247.24
HITM0014087,HORD004495,PRD0621,1,1483.46,1483.46
HITM0014088,HORD004495,PRD0371,3,2101.21,6303.63
HITM0014089,HORD004495,PRD0757,1,1982.25,1982.25
HITM0014090,HORD004496,PRD0576,2,31.35,62.7
HITM0014091,HORD004496,PRD0432,1,571.62,571.62
HITM0014092,HORD004497,PRD0598,1,73.8,73.8
HITM0014093,HORD004497,PRD0864,1,618.97,618.97
HITM0014094,HORD004498,PRD0349,1,1289.14,1289.14
HITM0014095,HORD004498,PRD0045,2,368.84,737.68
HITM0014096,HORD004498,PRD0169,1,585.79,585.79
HITM0014097,HORD004499,PRD0560,1,114.38,114.38
HITM0014098,HORD004499,PRD0605,1,584.43,584.43
HITM0014099,HORD004499,PRD0809,1,155.22,155.22
HITM0014100,HORD004500,PRD0986,1,318.21,318.21
HITM0014101,HORD004500,PRD0277,1,2331.99,2331.99
HITM0014102,HORD004500,PRD0599,1,1008.74,1008.74
HITM0014103,HORD004501,PRD0389,2,473.56,947.12
HITM0014104,HORD004501,PRD0999,2,719.67,1439.34
HITM0014105,HORD004501,PRD0806,1,541.85,541.85
HITM0014106,HORD004502,PRD0580,3,50.37,151.11
HITM0014107,HORD004502,PRD0812,2,1554.96,3109.92
HITM0014108,HORD004502,PRD0092,1,1240.54,1240.54
HITM0014109,HORD004503,PRD0724,2,1568.29,3136.58
HITM0014110,HORD004503,PRD0828,1,1072.53,1072.53
HITM0014111,HORD004503,PRD0256,1,42.53,42.53
HITM0014112,HORD004503,PRD0905,1,992.9,992.9
HITM0014113,HORD004504,PRD0295,1,284.65,284.65
HITM0014114,HORD004504,PRD0150,1,199.69,199.69
HITM0014115,HORD004505,PRD0241,2,1492.13,2984.26
HITM0014116,HORD004505,PRD0986,1,318.21,318.21
HITM0014117,HORD004506,PRD0888,1,240.68,240.68
HITM0014118,HORD004506,PRD0849,1,1072.65,1072.65
HITM0014119,HORD004506,PRD0657,1,582.44,582.44
HITM0014120,HORD004507,PRD0522,1,496.11,496.11
HITM0014121,HORD004507,PRD0592,2,1152.46,2304.92
HITM0014122,HORD004507,PRD0953,1,534.1,534.1
HITM0014123,HORD004507,PRD0604,1,1091.2,1091.2
HITM0014124,HORD004508,PRD0480,1,79.31,79.31
HITM0014125,HORD004508,PRD0147,1,172.97,172.97
HITM0014126,HORD004508,PRD0268,1,876.82,876.82
HITM0014127,HORD004509,PRD0723,1,550.47,550.47
HITM0014128,HORD004510,PRD0677,1,1475.57,1475.57
HITM0014129,HORD004511,PRD0180,2,256.4,512.8
HITM0014130,HORD004511,PRD0976,2,554.65,1109.3
HITM0014131,HORD004511,PRD0364,1,789.55,789.55
HITM0014132,HORD004512,PRD0990,2,164.36,328.72
HITM0014133,HORD004512,PRD0907,1,60.75,60.75
HITM0014134,HORD004512,PRD0018,1,783.79,783.79
HITM0014135,HORD004513,PRD0039,1,1008.92,1008.92
HITM0014136,HORD004513,PRD0560,1,114.38,114.38
HITM0014137,HORD004513,PRD0574,1,1591.27,1591.27
HITM0014138,HORD004514,PRD0891,1,1468.42,1468.42
HITM0014139,HORD004514,PRD0290,2,246.93,493.86
HITM0014140,HORD004514,PRD0440,1,306.74,306.74
HITM0014141,HORD004514,PRD0479,2,361.79,723.58
HITM0014142,HORD004515,PRD0078,1,991.52,991.52
HITM0014143,HORD004515,PRD0500,1,137.18,137.18
HITM0014144,HORD004516,PRD0665,1,480.38,480.38
HITM0014145,HORD004516,PRD0823,1,1007.18,1007.18
HITM0014146,HORD004516,PRD0782,1,743.41,743.41
HITM0014147,HORD004517,PRD0486,1,188.03,188.03
HITM0014148,HORD004517,PRD0265,1,697.49,697.49
HITM0014149,HORD004517,PRD0829,1,1219.49,1219.49
HITM0014150,HORD004517,PRD0043,1,634.32,634.32
HITM0014151,HORD004518,PRD0082,1,411.13,411.13
HITM0014152,HORD004518,PRD0848,1,227.53,227.53
HITM0014153,HORD004518,PRD0993,1,448.46,448.46
HITM0014154,HORD004519,PRD0754,2,588.75,1177.5
HITM0014155,HORD004520,PRD0789,1,1032.76,1032.76
HITM0014156,HORD004521,PRD0318,1,656.01,656.01
HITM0014157,HORD004521,PRD0907,1,60.75,60.75
HITM0014158,HORD004521,PRD0408,2,297.69,595.38
HITM0014159,HORD004521,PRD0951,1,2970.31,2970.31
HITM0014160,HORD004522,PRD0118,1,184.23,184.23
HITM0014161,HORD004522,PRD0786,1,664.7,664.7
HITM0014162,HORD004522,PRD0045,2,368.84,737.68
HITM0014163,HORD004522,PRD0589,1,222.62,222.62
HITM0014164,HORD004523,PRD0693,1,635.88,635.88
HITM0014165,HORD004523,PRD0680,1,146.6,146.6
HITM0014166,HORD004523,PRD0826,1,774.78,774.78
HITM0014167,HORD004523,PRD0792,1,1464.66,1464.66
HITM0014168,HORD004524,PRD0256,1,42.53,42.53
HITM0014169,HORD004524,PRD0271,1,2739.77,2739.77
HITM0014170,HORD004524,PRD0790,1,67.36,67.36
HITM0014171,HORD004525,PRD0650,1,46.68,46.68
HITM0014172,HORD004525,PRD0067,1,974.43,974.43
HITM0014173,HORD004526,PRD0471,2,985.84,1971.68
HITM0014174,HORD004526,PRD0776,1,133.13,133.13
HITM0014175,HORD004526,PRD0896,1,466.99,466.99
HITM0014176,HORD004526,PRD0257,1,210.79,210.79
HITM0014177,HORD004526,PRD0109,2,732.2,1464.4
HITM0014178,HORD004527,PRD0850,3,216.39,649.17
HITM0014179,HORD004527,PRD0609,1,266.46,266.46
HITM0014180,HORD004527,PRD0867,1,1696.54,1696.54
HITM0014181,HORD004528,PRD0107,1,1356.63,1356.63
HITM0014182,HORD004528,PRD0991,2,2495.08,4990.16
HITM0014183,HORD004528,PRD0426,1,708.75,708.75
HITM0014184,HORD004529,PRD0543,1,1522.55,1522.55
HITM0014185,HORD004529,PRD0620,1,23.82,23.82
HITM0014186,HORD004529,PRD0599,1,1008.74,1008.74
HITM0014187,HORD004530,PRD0237,1,1847.39,1847.39
HITM0014188,HORD004530,PRD0337,2,2481.18,4962.36
HITM0014189,HORD004530,PRD0745,1,147.69,147.69
HITM0014190,HORD004530,PRD0218,2,872.61,1745.22
HITM0014191,HORD004531,PRD0476,1,336.11,336.11
HITM0014192,HORD004531,PRD0015,1,1188.56,1188.56
HITM0014193,HORD004531,PRD0906,1,755.23,755.23
HITM0014194,HORD004531,PRD0498,2,373.64,747.28
HITM0014195,HORD004532,PRD0646,1,525.73,525.73
HITM0014196,HORD004532,PRD0761,2,1492.1,2984.2
HITM0014197,HORD004532,PRD0734,1,1461.44,1461.44
HITM0014198,HORD004532,PRD0528,1,1044.78,1044.78
HITM0014199,HORD004532,PRD0500,2,137.18,274.36
HITM0014200,HORD004533,PRD0764,1,1624.39,1624.39
HITM0014201,HORD004533,PRD0376,2,294.68,589.36
HITM0014202,HORD004533,PRD0148,1,319.75,319.75
HITM0014203,HORD004533,PRD0525,1,360.27,360.27
HITM0014204,HORD004534,PRD0852,2,869.97,1739.94
HITM0014205,HORD004534,PRD0477,1,610.76,610.76
HITM0014206,HORD004534,PRD0932,1,1326.04,1326.04
HITM0014207,HORD004535,PRD0079,1,211.26,211.26
HITM0014208,HORD004535,PRD0437,2,662.34,1324.68
HITM0014209,HORD004535,PRD0230,1,112.24,112.24
HITM0014210,HORD004535,PRD0916,1,515.65,515.65
HITM0014211,HORD004536,PRD0966,1,272.72,272.72
HITM0014212,HORD004536,PRD0717,1,825.84,825.84
HITM0014213,HORD004537,PRD0425,1,477.89,477.89
HITM0014214,HORD004537,PRD0329,3,716.82,2150.46
HITM0014215,HORD004537,PRD0938,1,471.07,471.07
HITM0014216,HORD004537,PRD0373,1,1247.39,1247.39
HITM0014217,HORD004538,PRD0519,1,700.92,700.92
HITM0014218,HORD004538,PRD0160,3,332.63,997.89
HITM0014219,HORD004539,PRD0382,1,680.83,680.83
HITM0014220,HORD004539,PRD0230,1,112.24,112.24
HITM0014221,HORD004539,PRD0608,1,200.97,200.97
HITM0014222,HORD004540,PRD0802,1,914.18,914.18
HITM0014223,HORD004540,PRD0048,1,533.35,533.35
HITM0014224,HORD004540,PRD0011,1,933.48,933.48
HITM0014225,HORD004540,PRD0691,2,1463.28,2926.56
HITM0014226,HORD004541,PRD0685,1,755.89,755.89
HITM0014227,HORD004541,PRD0798,1,901.72,901.72
HITM0014228,HORD004541,PRD0481,2,1590.61,3181.22
HITM0014229,HORD004542,PRD0158,1,289.48,289.48
HITM0014230,HORD004543,PRD0580,1,50.37,50.37
HITM0014231,HORD004544,PRD0075,1,417.39,417.39
HITM0014232,HORD004544,PRD0718,1,880.28,880.28
HITM0014233,HORD004545,PRD0173,2,320.83,641.66
HITM0014234,HORD004545,PRD0510,1,225.6,225.6
HITM0014235,HORD004545,PRD0463,1,1555.83,1555.83
HITM0014236,HORD004546,PRD0773,1,497.83,497.83
HITM0014237,HORD004546,PRD0901,2,1649.8,3299.6
HITM0014238,HORD004546,PRD0517,1,898.69,898.69
HITM0014239,HORD004547,PRD0567,1,69.51,69.51
HITM0014240,HORD004547,PRD0632,1,878.95,878.95
HITM0014241,HORD004547,PRD0118,2,184.23,368.46
HITM0014242,HORD004547,PRD0027,1,2295.22,2295.22
HITM0014243,HORD004547,PRD0993,1,448.46,448.46
HITM0014244,HORD004548,PRD0966,1,272.72,272.72
HITM0014245,HORD004548,PRD0930,1,307.61,307.61
HITM0014246,HORD004549,PRD0331,2,2268.14,4536.28
HITM0014247,HORD004549,PRD0477,1,610.76,610.76
HITM0014248,HORD004550,PRD0592,1,1152.46,1152.46
HITM0014249,HORD004550,PRD0409,1,607.08,607.08
HITM0014250,HORD004550,PRD0422,1,1010.5,1010.5
HITM0014251,HORD004551,PRD0878,1,453.25,453.25
HITM0014252,HORD004552,PRD0724,2,1568.29,3136.58
HITM0014253,HORD004552,PRD0992,1,309.63,309.63
HITM0014254,HORD004553,PRD0207,1,143.7,143.7
HITM0014255,HORD004553,PRD0752,1,1432.08,1432.08
HITM0014256,HORD004553,PRD0991,2,2495.08,4990.16
HITM0014257,HORD004553,PRD0387,1,1127.53,1127.53
HITM0014258,HORD004554,PRD0305,1,924.51,924.51
HITM0014259,HORD004554,PRD0013,1,291.07,291.07
HITM0014260,HORD004554,PRD0169,1,585.79,585.79
HITM0014261,HORD004554,PRD0405,2,406.75,813.5
HITM0014262,HORD004555,PRD0576,1,31.35,31.35
HITM0014263,HORD004555,PRD0500,2,137.18,274.36
HITM0014264,HORD004555,PRD0173,1,320.83,320.83
HITM0014265,HORD004555,PRD0754,1,588.75,588.75
HITM0014266,HORD004555,PRD0499,1,782.47,782.47
HITM0014267,HORD004556,PRD0828,1,1072.53,1072.53
HITM0014268,HORD004556,PRD0740,1,235.84,235.84
HITM0014269,HORD004556,PRD0769,1,633.25,633.25
HITM0014270,HORD004557,PRD0793,1,1315.85,1315.85
HITM0014271,HORD004558,PRD0356,2,610.16,1220.32
HITM0014272,HORD004558,PRD0196,1,525.15,525.15
HITM0014273,HORD004559,PRD0179,2,428.63,857.26
HITM0014274,HORD004559,PRD0536,2,430.74,861.48
HITM0014275,HORD004559,PRD0375,1,1092.09,1092.09
HITM0014276,HORD004560,PRD0350,1,351.6,351.6
HITM0014277,HORD004560,PRD0905,1,992.9,992.9
HITM0014278,HORD004560,PRD0486,1,188.03,188.03
HITM0014279,HORD004560,PRD0916,1,515.65,515.65
HITM0014280,HORD004561,PRD0219,1,450.54,450.54
HITM0014281,HORD004561,PRD0929,1,114.2,114.2
HITM0014282,HORD004561,PRD0035,1,1056.72,1056.72
HITM0014283,HORD004562,PRD0702,1,403.74,403.74
HITM0014284,HORD004562,PRD0759,1,106.0,106.0
HITM0014285,HORD004562,PRD0810,1,140.27,140.27
HITM0014286,HORD004562,PRD0280,1,228.25,228.25
HITM0014287,HORD004562,PRD0480,1,79.31,79.31
HITM0014288,HORD004563,PRD1000,2,175.0,350.0
HITM0014289,HORD004563,PRD0830,1,231.45,231.45
HITM0014290,HORD004563,PRD0469,1,767.67,767.67
HITM0014291,HORD004563,PRD0431,1,2819.89,2819.89
HITM0014292,HORD004564,PRD0296,1,331.81,331.81
HITM0014293,HORD004564,PRD0426,1,708.75,708.75
HITM0014294,HORD004565,PRD0032,1,332.03,332.03
HITM0014295,HORD004565,PRD0608,1,200.97,200.97
HITM0014296,HORD004566,PRD0366,1,111.28,111.28
HITM0014297,HORD004566,PRD0058,2,774.04,1548.08
HITM0014298,HORD004566,PRD0886,1,194.21,194.21
HITM0014299,HORD004566,PRD0119,1,752.72,752.72
HITM0014300,HORD004566,PRD0440,1,306.74,306.74
HITM0014301,HORD004567,PRD0783,1,962.73,962.73
HITM0014302,HORD004567,PRD0106,1,203.27,203.27
HITM0014303,HORD004567,PRD0262,1,1531.6,1531.6
HITM0014304,HORD004568,PRD0683,1,736.53,736.53
HITM0014305,HORD004568,PRD0953,1,534.1,534.1
HITM0014306,HORD004568,PRD0348,1,312.21,312.21
HITM0014307,HORD004568,PRD0012,1,1136.26,1136.26
HITM0014308,HORD004568,PRD0957,1,108.95,108.95
HITM0014309,HORD004569,PRD0017,1,420.96,420.96
HITM0014310,HORD004569,PRD0550,1,224.46,224.46
HITM0014311,HORD004569,PRD0572,1,1663.78,1663.78
HITM0014312,HORD004570,PRD0702,1,403.74,403.74
HITM0014313,HORD004570,PRD0575,1,711.89,711.89
HITM0014314,HORD004570,PRD0529,2,923.93,1847.86
HITM0014315,HORD004571,PRD0218,1,872.61,872.61
HITM0014316,HORD004571,PRD0169,1,585.79,585.79
HITM0014317,HORD004572,PRD0814,3,1627.99,4883.97
HITM0014318,HORD004572,PRD0598,2,73.8,147.6
HITM0014319,HORD004573,PRD0556,1,279.39,279.39
HITM0014320,HORD004573,PRD0717,1,825.84,825.84
HITM0014321,HORD004573,PRD0236,1,353.9,353.9
HITM0014322,HORD004573,PRD0958,2,128.04,256.08
HITM0014323,HORD004573,PRD0452,1,353.39,353.39
HITM0014324,HORD004574,PRD0621,1,1483.46,1483.46
HITM0014325,HORD004574,PRD0136,2,279.93,559.86
HITM0014326,HORD004574,PRD0992,1,309.63,309.63
HITM0014327,HORD004575,PRD0723,1,550.47,550.47
HITM0014328,HORD004575,PRD0090,1,306.45,306.45
HITM0014329,HORD004575,PRD0066,1,307.12,307.12
HITM0014330,HORD004575,PRD0763,1,863.1,863.1
HITM0014331,HORD004576,PRD0344,1,4097.8,4097.8
HITM0014332,HORD004576,PRD0030,1,278.37,278.37
HITM0014333,HORD004576,PRD0670,1,278.65,278.65
HITM0014334,HORD004576,PRD0800,1,400.13,400.13
HITM0014335,HORD004577,PRD0015,1,1188.56,1188.56
HITM0014336,HORD004577,PRD0689,1,195.5,195.5
HITM0014337,HORD004578,PRD0186,1,386.44,386.44
HITM0014338,HORD004578,PRD0029,2,853.57,1707.14
HITM0014339,HORD004578,PRD0388,1,191.0,191.0
HITM0014340,HORD004578,PRD0360,1,45.63,45.63
HITM0014341,HORD004578,PRD0079,1,211.26,211.26
HITM0014342,HORD004579,PRD0278,1,105.64,105.64
HITM0014343,HORD004579,PRD0591,1,2913.54,2913.54
HITM0014344,HORD004579,PRD0907,1,60.75,60.75
HITM0014345,HORD004580,PRD0943,1,1009.3,1009.3
HITM0014346,HORD004580,PRD0916,2,515.65,1031.3
HITM0014347,HORD004580,PRD0205,1,645.51,645.51
HITM0014348,HORD004580,PRD0751,1,2375.48,2375.48
HITM0014349,HORD004581,PRD0836,1,836.56,836.56
HITM0014350,HORD004581,PRD0448,1,455.26,455.26
HITM0014351,HORD004581,PRD0150,1,199.69,199.69
HITM0014352,HORD004582,PRD0670,1,278.65,278.65
HITM0014353,HORD004582,PRD0531,1,1957.27,1957.27
HITM0014354,HORD004582,PRD0164,1,1335.24,1335.24
HITM0014355,HORD004583,PRD0607,1,73.33,73.33
HITM0014356,HORD004583,PRD0290,1,246.93,246.93
HITM0014357,HORD004583,PRD0300,1,51.94,51.94
HITM0014358,HORD004584,PRD0944,1,1503.06,1503.06
HITM0014359,HORD004584,PRD0688,1,814.49,814.49
HITM0014360,HORD004584,PRD0964,1,3887.56,3887.56
HITM0014361,HORD004585,PRD0359,1,329.3,329.3
HITM0014362,HORD004585,PRD0608,1,200.97,200.97
HITM0014363,HORD004585,PRD0598,1,73.8,73.8
HITM0014364,HORD004586,PRD0723,1,550.47,550.47
HITM0014365,HORD004586,PRD0937,2,1473.98,2947.96
HITM0014366,HORD004586,PRD0980,1,171.73,171.73
HITM0014367,HORD004586,PRD0784,1,3166.81,3166.81
HITM0014368,HORD004587,PRD0015,1,1188.56,1188.56
HITM0014369,HORD004587,PRD0125,2,1026.87,2053.74
HITM0014370,HORD004588,PRD0204,1,759.0,759.0
HITM0014371,HORD004588,PRD0604,2,1091.2,2182.4
HITM0014372,HORD004588,PRD0560,1,114.38,114.38
HITM0014373,HORD004588,PRD0001,1,2686.14,2686.14
HITM0014374,HORD004589,PRD0116,1,182.09,182.09
HITM0014375,HORD004589,PRD0384,1,830.01,830.01
HITM0014376,HORD004589,PRD0369,1,663.84,663.84
HITM0014377,HORD004589,PRD0568,1,977.48,977.48
HITM0014378,HORD004590,PRD0282,1,521.34,521.34
HITM0014379,HORD004590,PRD0576,1,31.35,31.35
HITM0014380,HORD004590,PRD0383,2,1554.0,3108.0
HITM0014381,HORD004591,PRD0556,2,279.39,558.78
HITM0014382,HORD004591,PRD0228,1,575.39,575.39
HITM0014383,HORD004591,PRD0819,1,1070.76,1070.76
HITM0014384,HORD004592,PRD0596,1,792.27,792.27
HITM0014385,HORD004592,PRD0870,1,96.68,96.68
HITM0014386,HORD004592,PRD0058,1,774.04,774.04
HITM0014387,HORD004593,PRD0054,1,821.51,821.51
HITM0014388,HORD004593,PRD0204,2,759.0,1518.0
HITM0014389,HORD004593,PRD0845,1,355.13,355.13
HITM0014390,HORD004593,PRD0727,1,1950.79,1950.79
HITM0014391,HORD004593,PRD0522,1,496.11,496.11
HITM0014392,HORD004594,PRD0804,2,3851.02,7702.04
HITM0014393,HORD004594,PRD0830,1,231.45,231.45
HITM0014394,HORD004594,PRD0939,1,67.43,67.43
HITM0014395,HORD004595,PRD0522,1,496.11,496.11
HITM0014396,HORD004595,PRD0328,1,911.22,911.22
HITM0014397,HORD004595,PRD0023,1,394.6,394.6
HITM0014398,HORD004595,PRD0456,1,700.91,700.91
HITM0014399,HORD004596,PRD0096,1,259.24,259.24
HITM0014400,HORD004596,PRD0450,1,162.55,162.55
HITM0014401,HORD004596,PRD0800,1,400.13,400.13
HITM0014402,HORD004596,PRD0180,1,256.4,256.4
HITM0014403,HORD004597,PRD0625,1,458.46,458.46
HITM0014404,HORD004597,PRD0879,1,329.13,329.13
HITM0014405,HORD004597,PRD0694,1,721.36,721.36
HITM0014406,HORD004597,PRD0944,2,1503.06,3006.12
HITM0014407,HORD004597,PRD0260,1,157.69,157.69
HITM0014408,HORD004598,PRD0943,1,1009.3,1009.3
HITM0014409,HORD004598,PRD0345,1,257.9,257.9
HITM0014410,HORD004598,PRD0879,1,329.13,329.13
HITM0014411,HORD004598,PRD0039,2,1008.92,2017.84
HITM0014412,HORD004599,PRD0278,1,105.64,105.64
HITM0014413,HORD004599,PRD0829,1,1219.49,1219.49
HITM0014414,HORD004599,PRD0856,1,426.45,426.45
HITM0014415,HORD004600,PRD0318,1,656.01,656.01
HITM0014416,HORD004600,PRD0424,1,3384.56,3384.56
HITM0014417,HORD004600,PRD0527,1,934.45,934.45
HITM0014418,HORD004600,PRD0992,1,309.63,309.63
HITM0014419,HORD004601,PRD0527,1,934.45,934.45
HITM0014420,HORD004601,PRD0143,1,689.45,689.45
HITM0014421,HORD004601,PRD0277,1,2331.99,2331.99
HITM0014422,HORD004602,PRD0782,1,743.41,743.41
HITM0014423,HORD004602,PRD0086,1,372.14,372.14
HITM0014424,HORD004602,PRD0963,2,541.41,1082.82
HITM0014425,HORD004602,PRD0773,3,497.83,1493.49
HITM0014426,HORD004602,PRD0492,1,1140.56,1140.56
HITM0014427,HORD004603,PRD0909,1,1280.89,1280.89
HITM0014428,HORD004603,PRD0457,1,269.37,269.37
HITM0014429,HORD004603,PRD0678,1,133.66,133.66
HITM0014430,HORD004604,PRD0408,1,297.69,297.69
HITM0014431,HORD004604,PRD0932,1,1326.04,1326.04
HITM0014432,HORD004604,PRD0304,1,969.28,969.28
HITM0014433,HORD004604,PRD0993,1,448.46,448.46
HITM0014434,HORD004605,PRD0471,1,985.84,985.84
HITM0014435,HORD004605,PRD0931,1,1264.51,1264.51
HITM0014436,HORD004605,PRD0924,1,938.45,938.45
HITM0014437,HORD004605,PRD0130,1,167.84,167.84
HITM0014438,HORD004605,PRD0223,2,946.31,1892.62
HITM0014439,HORD004606,PRD0690,1,344.6,344.6
HITM0014440,HORD004606,PRD0648,1,450.1,450.1
HITM0014441,HORD004606,PRD0628,2,586.24,1172.48
HITM0014442,HORD004607,PRD0780,1,307.98,307.98
HITM0014443,HORD004607,PRD0225,1,749.78,749.78
HITM0014444,HORD004607,PRD0616,1,242.48,242.48
HITM0014445,HORD004607,PRD0809,1,155.22,155.22
HITM0014446,HORD004607,PRD0413,1,1181.55,1181.55
HITM0014447,HORD004608,PRD0190,2,40.06,80.12
HITM0014448,HORD004608,PRD0882,1,492.86,492.86
HITM0014449,HORD004608,PRD0362,1,301.32,301.32
HITM0014450,HORD004608,PRD0058,2,774.04,1548.08
HITM0014451,HORD004609,PRD0470,2,149.63,299.26
HITM0014452,HORD004609,PRD0173,1,320.83,320.83
HITM0014453,HORD004609,PRD0487,1,2539.52,2539.52
HITM0014454,HORD004609,PRD0248,1,204.13,204.13
HITM0014455,HORD004610,PRD0074,1,899.01,899.01
HITM0014456,HORD004610,PRD0817,3,1148.51,3445.53
HITM0014457,HORD004610,PRD0598,1,73.8,73.8
HITM0014458,HORD004610,PRD0748,2,1008.17,2016.34
HITM0014459,HORD004611,PRD0598,2,73.8,147.6
HITM0014460,HORD004611,PRD0082,1,411.13,411.13
HITM0014461,HORD004611,PRD0583,3,268.64,805.92
HITM0014462,HORD004612,PRD0220,2,261.65,523.3
HITM0014463,HORD004612,PRD0933,1,296.95,296.95
HITM0014464,HORD004612,PRD0625,1,458.46,458.46
HITM0014465,HORD004612,PRD0932,1,1326.04,1326.04
HITM0014466,HORD004612,PRD0489,1,1110.68,1110.68
HITM0014467,HORD004613,PRD0580,1,50.37,50.37
HITM0014468,HORD004613,PRD0363,1,1343.45,1343.45
HITM0014469,HORD004614,PRD0630,1,167.94,167.94
HITM0014470,HORD004614,PRD0816,1,211.9,211.9
HITM0014471,HORD004614,PRD0637,2,2406.77,4813.54
HITM0014472,HORD004615,PRD0312,1,1542.36,1542.36
HITM0014473,HORD004615,PRD0428,2,353.32,706.64
HITM0014474,HORD004615,PRD0272,1,888.86,888.86
HITM0014475,HORD004615,PRD0645,1,295.19,295.19
HITM0014476,HORD004616,PRD0980,1,171.73,171.73
HITM0014477,HORD004616,PRD0789,1,1032.76,1032.76
HITM0014478,HORD004617,PRD0648,1,450.1,450.1
HITM0014479,HORD004617,PRD0485,2,381.77,763.54
HITM0014480,HORD004618,PRD0351,1,2766.45,2766.45
HITM0014481,HORD004619,PRD0496,2,92.5,185.0
HITM0014482,HORD004619,PRD0638,1,508.53,508.53
HITM0014483,HORD004619,PRD0073,1,674.71,674.71
HITM0014484,HORD004620,PRD0270,1,237.62,237.62
HITM0014485,HORD004620,PRD0133,1,362.55,362.55
HITM0014486,HORD004620,PRD0864,1,618.97,618.97
HITM0014487,HORD004621,PRD0171,1,993.07,993.07
HITM0014488,HORD004621,PRD0411,1,1497.57,1497.57
HITM0014489,HORD004621,PRD0066,1,307.12,307.12
HITM0014490,HORD004621,PRD0673,1,666.78,666.78
HITM0014491,HORD004621,PRD0155,1,903.43,903.43
HITM0014492,HORD004622,PRD0616,1,242.48,242.48
HITM0014493,HORD004622,PRD0532,1,837.86,837.86
HITM0014494,HORD004622,PRD0474,3,2324.49,6973.47
HITM0014495,HORD004623,PRD0673,1,666.78,666.78
HITM0014496,HORD004623,PRD0312,2,1542.36,3084.72
HITM0014497,HORD004623,PRD0058,1,774.04,774.04
HITM0014498,HORD004623,PRD0884,1,1284.0,1284.0
HITM0014499,HORD004624,PRD0805,1,503.71,503.71
HITM0014500,HORD004624,PRD0835,2,482.69,965.38
HITM0014501,HORD004624,PRD0558,1,399.27,399.27
HITM0014502,HORD004625,PRD0139,1,323.99,323.99
HITM0014503,HORD004625,PRD0213,1,1050.73,1050.73
HITM0014504,HORD004626,PRD0436,3,839.37,2518.11
HITM0014505,HORD004626,PRD0423,2,371.68,743.36
HITM0014506,HORD004626,PRD0909,2,1280.89,2561.78
HITM0014507,HORD004626,PRD0193,1,890.72,890.72
HITM0014508,HORD004627,PRD0193,1,890.72,890.72
HITM0014509,HORD004627,PRD0247,2,55.39,110.78
HITM0014510,HORD004627,PRD0693,1,635.88,635.88
HITM0014511,HORD004627,PRD0343,1,1454.71,1454.71
HITM0014512,HORD004627,PRD0166,1,462.05,462.05
HITM0014513,HORD004628,PRD0505,1,268.59,268.59
HITM0014514,HORD004628,PRD0211,2,2751.59,5503.18
HITM0014515,HORD004628,PRD0616,1,242.48,242.48
HITM0014516,HORD004629,PRD0862,2,750.64,1501.28
HITM0014517,HORD004629,PRD0040,1,348.21,348.21
HITM0014518,HORD004629,PRD0374,1,517.56,517.56
HITM0014519,HORD004630,PRD0116,1,182.09,182.09
HITM0014520,HORD004630,PRD0872,2,1197.21,2394.42
HITM0014521,HORD004630,PRD0956,1,339.76,339.76
HITM0014522,HORD004631,PRD0729,2,348.79,697.58
HITM0014523,HORD004631,PRD0905,1,992.9,992.9
HITM0014524,HORD004632,PRD0980,1,171.73,171.73
HITM0014525,HORD004632,PRD0777,1,876.73,876.73
HITM0014526,HORD004632,PRD0154,1,1730.69,1730.69
HITM0014527,HORD004633,PRD0398,2,135.19,270.38
HITM0014528,HORD004633,PRD0995,2,1027.49,2054.98
HITM0014529,HORD004633,PRD0655,1,1072.3,1072.3
HITM0014530,HORD004633,PRD0962,1,676.85,676.85
HITM0014531,HORD004634,PRD0378,1,751.56,751.56
HITM0014532,HORD004634,PRD0481,1,1590.61,1590.61
HITM0014533,HORD004634,PRD0414,1,3331.8,3331.8
HITM0014534,HORD004635,PRD0796,1,559.87,559.87
HITM0014535,HORD004635,PRD0418,1,735.73,735.73
HITM0014536,HORD004635,PRD0278,1,105.64,105.64
HITM0014537,HORD004636,PRD0170,1,419.43,419.43
HITM0014538,HORD004636,PRD0086,1,372.14,372.14
HITM0014539,HORD004637,PRD0450,1,162.55,162.55
HITM0014540,HORD004638,PRD0475,1,1066.51,1066.51
HITM0014541,HORD004638,PRD0157,2,93.87,187.74
HITM0014542,HORD004638,PRD0655,1,1072.3,1072.3
HITM0014543,HORD004639,PRD0354,1,2839.63,2839.63
HITM0014544,HORD004639,PRD0536,1,430.74,430.74
HITM0014545,HORD004639,PRD0623,1,857.91,857.91
HITM0014546,HORD004640,PRD0967,2,2391.09,4782.18
HITM0014547,HORD004640,PRD0542,1,1005.69,1005.69
HITM0014548,HORD004640,PRD0010,1,253.38,253.38
HITM0014549,HORD004640,PRD0932,1,1326.04,1326.04
HITM0014550,HORD004641,PRD0110,1,392.12,392.12
HITM0014551,HORD004641,PRD0445,1,151.88,151.88
HITM0014552,HORD004641,PRD0254,1,980.48,980.48
HITM0014553,HORD004641,PRD0910,1,334.83,334.83
HITM0014554,HORD004642,PRD0847,2,553.63,1107.26
HITM0014555,HORD004642,PRD0767,1,1276.85,1276.85
HITM0014556,HORD004642,PRD0330,1,96.82,96.82
HITM0014557,HORD004642,PRD0266,1,439.49,439.49
HITM0014558,HORD004642,PRD0717,1,825.84,825.84
HITM0014559,HORD004643,PRD0550,2,224.46,448.92
HITM0014560,HORD004643,PRD0485,1,381.77,381.77
HITM0014561,HORD004643,PRD0467,1,2210.83,2210.83
HITM0014562,HORD004643,PRD0205,1,645.51,645.51
HITM0014563,HORD004644,PRD0235,1,331.23,331.23
HITM0014564,HORD004644,PRD0604,2,1091.2,2182.4
HITM0014565,HORD004644,PRD0767,1,1276.85,1276.85
HITM0014566,HORD004644,PRD0667,1,1613.98,1613.98
HITM0014567,HORD004645,PRD0157,1,93.87,93.87
HITM0014568,HORD004645,PRD0857,1,1578.93,1578.93
HITM0014569,HORD004645,PRD0732,2,1724.37,3448.74
HITM0014570,HORD004646,PRD0124,2,2062.78,4125.56
HITM0014571,HORD004646,PRD0882,1,492.86,492.86
HITM0014572,HORD004647,PRD0292,3,690.26,2070.78
HITM0014573,HORD004647,PRD0398,1,135.19,135.19
HITM0014574,HORD004647,PRD0893,1,792.02,792.02
HITM0014575,HORD004648,PRD0567,1,69.51,69.51
HITM0014576,HORD004649,PRD0846,1,428.47,428.47
HITM0014577,HORD004649,PRD0458,1,224.27,224.27
HITM0014578,HORD004649,PRD0569,1,928.26,928.26
HITM0014579,HORD004649,PRD0048,1,533.35,533.35
HITM0014580,HORD004649,PRD0172,1,1723.75,1723.75
HITM0014581,HORD004650,PRD0972,1,1644.08,1644.08
HITM0014582,HORD004650,PRD0917,2,1918.86,3837.72
HITM0014583,HORD004650,PRD0194,1,3461.26,3461.26
HITM0014584,HORD004651,PRD0862,1,750.64,750.64
HITM0014585,HORD004651,PRD0620,1,23.82,23.82
HITM0014586,HORD004652,PRD0518,2,69.83,139.66
HITM0014587,HORD004652,PRD0325,2,325.22,650.44
HITM0014588,HORD004652,PRD0500,1,137.18,137.18
HITM0014589,HORD004653,PRD0890,1,293.06,293.06
HITM0014590,HORD004653,PRD0576,1,31.35,31.35
HITM0014591,HORD004653,PRD0360,1,45.63,45.63
HITM0014592,HORD004654,PRD0062,3,848.94,2546.82
HITM0014593,HORD004654,PRD0238,1,459.3,459.3
HITM0014594,HORD004654,PRD0808,1,444.53,444.53
HITM0014595,HORD004654,PRD0819,1,1070.76,1070.76
HITM0014596,HORD004655,PRD0977,1,2565.59,2565.59
HITM0014597,HORD004655,PRD0918,1,697.62,697.62
HITM0014598,HORD004655,PRD0306,1,98.74,98.74
HITM0014599,HORD004655,PRD0950,1,258.24,258.24
HITM0014600,HORD004656,PRD0940,2,127.15,254.3
HITM0014601,HORD004656,PRD0620,3,23.82,71.46
HITM0014602,HORD004657,PRD0507,1,2383.22,2383.22
HITM0014603,HORD004657,PRD0810,2,140.27,280.54
HITM0014604,HORD004658,PRD0345,3,257.9,773.7
HITM0014605,HORD004659,PRD0665,1,480.38,480.38
HITM0014606,HORD004659,PRD0678,2,133.66,267.32
HITM0014607,HORD004659,PRD0962,2,676.85,1353.7
HITM0014608,HORD004659,PRD0427,2,1110.4,2220.8
HITM0014609,HORD004660,PRD0753,1,720.25,720.25
HITM0014610,HORD004660,PRD0921,2,2922.43,5844.86
HITM0014611,HORD004660,PRD0536,1,430.74,430.74
HITM0014612,HORD004660,PRD0879,1,329.13,329.13
HITM0014613,HORD004661,PRD0192,2,491.21,982.42
HITM0014614,HORD004661,PRD0545,2,456.26,912.52
HITM0014615,HORD004661,PRD0296,1,331.81,331.81
HITM0014616,HORD004661,PRD0863,1,916.89,916.89
HITM0014617,HORD004662,PRD0663,1,990.2,990.2
HITM0014618,HORD004662,PRD0315,1,779.51,779.51
HITM0014619,HORD004662,PRD0702,1,403.74,403.74
HITM0014620,HORD004663,PRD0878,1,453.25,453.25
HITM0014621,HORD004663,PRD0079,1,211.26,211.26
HITM0014622,HORD004663,PRD0881,1,2201.99,2201.99
HITM0014623,HORD004663,PRD0808,1,444.53,444.53
HITM0014624,HORD004663,PRD0729,2,348.79,697.58
HITM0014625,HORD004664,PRD0855,1,641.38,641.38
HITM0014626,HORD004664,PRD0894,1,1997.25,1997.25
HITM0014627,HORD004664,PRD0758,1,261.9,261.9
HITM0014628,HORD004664,PRD0759,2,106.0,212.0
HITM0014629,HORD004664,PRD0929,1,114.2,114.2
HITM0014630,HORD004665,PRD0158,1,289.48,289.48
HITM0014631,HORD004665,PRD0970,1,192.16,192.16
HITM0014632,HORD004665,PRD0291,2,1210.2,2420.4
HITM0014633,HORD004666,PRD0275,1,1101.48,1101.48
HITM0014634,HORD004666,PRD0372,1,748.02,748.02
HITM0014635,HORD004667,PRD0999,1,719.67,719.67
HITM0014636,HORD004667,PRD0952,2,864.9,1729.8
HITM0014637,HORD004668,PRD0409,2,607.08,1214.16
HITM0014638,HORD004669,PRD0042,1,1767.57,1767.57
HITM0014639,HORD004669,PRD0513,2,412.83,825.66
HITM0014640,HORD004669,PRD0812,2,1554.96,3109.92
HITM0014641,HORD004669,PRD0856,1,426.45,426.45
HITM0014642,HORD004669,PRD0772,2,356.92,713.84
HITM0014643,HORD004670,PRD0425,2,477.89,955.78
HITM0014644,HORD004670,PRD0920,1,302.87,302.87
HITM0014645,HORD004670,PRD0223,1,946.31,946.31
HITM0014646,HORD004670,PRD0595,1,126.92,126.92
HITM0014647,HORD004670,PRD0672,1,1815.6,1815.6
HITM0014648,HORD004671,PRD0729,2,348.79,697.58
HITM0014649,HORD004671,PRD0518,1,69.83,69.83
HITM0014650,HORD004671,PRD0607,2,73.33,146.66
HITM0014651,HORD004671,PRD0548,1,858.63,858.63
HITM0014652,HORD004672,PRD0712,1,810.01,810.01
HITM0014653,HORD004672,PRD0017,1,420.96,420.96
HITM0014654,HORD004673,PRD0882,1,492.86,492.86
HITM0014655,HORD004674,PRD0019,1,708.96,708.96
HITM0014656,HORD004674,PRD0818,1,184.36,184.36
HITM0014657,HORD004674,PRD0337,3,2481.18,7443.54
HITM0014658,HORD004675,PRD0616,1,242.48,242.48
HITM0014659,HORD004675,PRD0074,2,899.01,1798.02
HITM0014660,HORD004675,PRD0080,1,302.02,302.02
HITM0014661,HORD004675,PRD0240,2,73.63,147.26
HITM0014662,HORD004675,PRD0675,1,1138.38,1138.38
HITM0014663,HORD004676,PRD0675,1,1138.38,1138.38
HITM0014664,HORD004676,PRD0580,1,50.37,50.37
HITM0014665,HORD004676,PRD0051,1,2503.01,2503.01
HITM0014666,HORD004676,PRD0240,1,73.63,73.63
HITM0014667,HORD004677,PRD0111,1,2559.72,2559.72
HITM0014668,HORD004677,PRD0921,1,2922.43,2922.43
HITM0014669,HORD004678,PRD0897,1,1151.44,1151.44
HITM0014670,HORD004678,PRD0039,1,1008.92,1008.92
HITM0014671,HORD004678,PRD0625,1,458.46,458.46
HITM0014672,HORD004679,PRD0826,1,774.78,774.78
HITM0014673,HORD004679,PRD0549,1,1345.32,1345.32
HITM0014674,HORD004679,PRD0802,1,914.18,914.18
HITM0014675,HORD004679,PRD0228,1,575.39,575.39
HITM0014676,HORD004680,PRD0985,1,865.22,865.22
HITM0014677,HORD004680,PRD0743,1,718.63,718.63
HITM0014678,HORD004680,PRD0616,2,242.48,484.96
HITM0014679,HORD004681,PRD0195,1,540.55,540.55
HITM0014680,HORD004681,PRD0367,1,2471.53,2471.53
HITM0014681,HORD004681,PRD0188,1,1032.34,1032.34
HITM0014682,HORD004681,PRD0184,1,1417.97,1417.97
HITM0014683,HORD004682,PRD0352,1,1288.41,1288.41
HITM0014684,HORD004682,PRD0778,1,271.67,271.67
HITM0014685,HORD004682,PRD0806,1,541.85,541.85
HITM0014686,HORD004683,PRD0960,1,17.08,17.08
HITM0014687,HORD004683,PRD0768,1,149.86,149.86
HITM0014688,HORD004683,PRD0591,1,2913.54,2913.54
HITM0014689,HORD004684,PRD0929,1,114.2,114.2
HITM0014690,HORD004685,PRD0166,2,462.05,924.1
HITM0014691,HORD004686,PRD0364,1,789.55,789.55
HITM0014692,HORD004687,PRD0984,1,3015.12,3015.12
HITM0014693,HORD004687,PRD0611,1,2190.89,2190.89
HITM0014694,HORD004688,PRD0172,1,1723.75,1723.75
HITM0014695,HORD004688,PRD0553,1,1559.12,1559.12
HITM0014696,HORD004688,PRD0187,1,2240.42,2240.42
HITM0014697,HORD004689,PRD0149,1,504.76,504.76
HITM0014698,HORD004689,PRD0330,2,96.82,193.64
HITM0014699,HORD004689,PRD0587,1,1075.68,1075.68
HITM0014700,HORD004690,PRD0022,2,473.77,947.54
HITM0014701,HORD004690,PRD0198,2,1001.22,2002.44
HITM0014702,HORD004690,PRD0486,1,188.03,188.03
HITM0014703,HORD004690,PRD0232,1,321.21,321.21
HITM0014704,HORD004691,PRD0527,2,934.45,1868.9
HITM0014705,HORD004691,PRD0518,1,69.83,69.83
HITM0014706,HORD004691,PRD0464,1,3796.9,3796.9
HITM0014707,HORD004692,PRD0962,1,676.85,676.85
HITM0014708,HORD004692,PRD0264,2,998.11,1996.22
HITM0014709,HORD004692,PRD0747,3,1759.9,5279.7
HITM0014710,HORD004693,PRD0939,1,67.43,67.43
HITM0014711,HORD004693,PRD0675,1,1138.38,1138.38
HITM0014712,HORD004693,PRD0893,1,792.02,792.02
HITM0014713,HORD004693,PRD0134,1,1553.3,1553.3
HITM0014714,HORD004693,PRD0003,2,857.07,1714.14
HITM0014715,HORD004694,PRD0036,1,115.89,115.89
HITM0014716,HORD004694,PRD0220,1,261.65,261.65
HITM0014717,HORD004695,PRD0079,1,211.26,211.26
HITM0014718,HORD004695,PRD0779,1,736.32,736.32
HITM0014719,HORD004695,PRD0535,1,992.5,992.5
HITM0014720,HORD004695,PRD0650,1,46.68,46.68
HITM0014721,HORD004696,PRD0137,1,814.4,814.4
HITM0014722,HORD004696,PRD0517,2,898.69,1797.38
HITM0014723,HORD004696,PRD0700,1,164.38,164.38
HITM0014724,HORD004696,PRD0070,2,168.22,336.44
HITM0014725,HORD004697,PRD0876,1,844.64,844.64
HITM0014726,HORD004698,PRD0620,2,23.82,47.64
HITM0014727,HORD004698,PRD0560,3,114.38,343.14
HITM0014728,HORD004698,PRD0908,1,738.84,738.84
HITM0014729,HORD004698,PRD0008,1,751.87,751.87
HITM0014730,HORD004698,PRD0966,1,272.72,272.72
HITM0014731,HORD004699,PRD0469,1,767.67,767.67
HITM0014732,HORD004699,PRD0844,2,2177.73,4355.46
HITM0014733,HORD004699,PRD0050,2,409.65,819.3
HITM0014734,HORD004700,PRD0769,1,633.25,633.25
HITM0014735,HORD004700,PRD0651,1,1704.13,1704.13
HITM0014736,HORD004700,PRD0758,1,261.9,261.9
HITM0014737,HORD004700,PRD0008,2,751.87,1503.74
HITM0014738,HORD004701,PRD0810,1,140.27,140.27
HITM0014739,HORD004701,PRD0320,1,28.7,28.7
HITM0014740,HORD004701,PRD0398,1,135.19,135.19
HITM0014741,HORD004702,PRD0992,1,309.63,309.63
HITM0014742,HORD004702,PRD0898,3,450.61,1351.83
HITM0014743,HORD004702,PRD0096,1,259.24,259.24
HITM0014744,HORD004702,PRD0575,1,711.89,711.89
HITM0014745,HORD004702,PRD0173,1,320.83,320.83
HITM0014746,HORD004703,PRD0221,2,3086.03,6172.06
HITM0014747,HORD004703,PRD0219,1,450.54,450.54
HITM0014748,HORD004704,PRD0502,1,1155.49,1155.49
HITM0014749,HORD004704,PRD0114,1,3188.59,3188.59
HITM0014750,HORD004704,PRD0079,1,211.26,211.26
HITM0014751,HORD004704,PRD0202,1,1161.02,1161.02
HITM0014752,HORD004705,PRD0949,1,810.82,810.82
HITM0014753,HORD004705,PRD0230,1,112.24,112.24
HITM0014754,HORD004705,PRD0879,1,329.13,329.13
HITM0014755,HORD004705,PRD0180,1,256.4,256.4
HITM0014756,HORD004706,PRD0027,1,2295.22,2295.22
HITM0014757,HORD004706,PRD0634,1,1993.72,1993.72
HITM0014758,HORD004706,PRD0723,1,550.47,550.47
HITM0014759,HORD004707,PRD0747,1,1759.9,1759.9
HITM0014760,HORD004707,PRD0958,1,128.04,128.04
HITM0014761,HORD004708,PRD0061,1,1919.38,1919.38
HITM0014762,HORD004708,PRD0348,1,312.21,312.21
HITM0014763,HORD004708,PRD0455,1,858.23,858.23
HITM0014764,HORD004709,PRD0667,1,1613.98,1613.98
HITM0014765,HORD004709,PRD0725,1,1096.49,1096.49
HITM0014766,HORD004709,PRD0121,1,1415.78,1415.78
HITM0014767,HORD004709,PRD0426,2,708.75,1417.5
HITM0014768,HORD004710,PRD0776,3,133.13,399.39
HITM0014769,HORD004710,PRD0812,1,1554.96,1554.96
HITM0014770,HORD004710,PRD0849,1,1072.65,1072.65
HITM0014771,HORD004711,PRD0816,1,211.9,211.9
HITM0014772,HORD004711,PRD0954,1,766.53,766.53
HITM0014773,HORD004711,PRD0957,1,108.95,108.95
HITM0014774,HORD004711,PRD0475,1,1066.51,1066.51
HITM0014775,HORD004712,PRD0330,1,96.82,96.82
HITM0014776,HORD004712,PRD0558,1,399.27,399.27
HITM0014777,HORD004713,PRD0056,1,204.63,204.63
HITM0014778,HORD004713,PRD0260,1,157.69,157.69
HITM0014779,HORD004713,PRD0259,1,983.93,983.93
HITM0014780,HORD004713,PRD0804,1,3851.02,3851.02
HITM0014781,HORD004714,PRD0870,2,96.68,193.36
HITM0014782,HORD004714,PRD0658,3,899.02,2697.06
HITM0014783,HORD004714,PRD0130,1,167.84,167.84
HITM0014784,HORD004714,PRD0398,1,135.19,135.19
HITM0014785,HORD004715,PRD0150,1,199.69,199.69
HITM0014786,HORD004715,PRD0165,1,808.77,808.77
HITM0014787,HORD004715,PRD0620,1,23.82,23.82
HITM0014788,HORD004716,PRD0983,1,1481.15,1481.15
HITM0014789,HORD004716,PRD0870,1,96.68,96.68
HITM0014790,HORD004716,PRD0232,1,321.21,321.21
HITM0014791,HORD004717,PRD0665,1,480.38,480.38
HITM0014792,HORD004717,PRD0137,1,814.4,814.4
HITM0014793,HORD004717,PRD0655,1,1072.3,1072.3
HITM0014794,HORD004717,PRD0477,1,610.76,610.76
HITM0014795,HORD004717,PRD0003,1,857.07,857.07
HITM0014796,HORD004718,PRD0559,1,1310.74,1310.74
HITM0014797,HORD004718,PRD0249,1,682.98,682.98
HITM0014798,HORD004718,PRD0103,1,384.82,384.82
HITM0014799,HORD004718,PRD0346,1,296.52,296.52
HITM0014800,HORD004719,PRD0500,1,137.18,137.18
HITM0014801,HORD004719,PRD0701,1,2630.13,2630.13
HITM0014802,HORD004720,PRD0061,1,1919.38,1919.38
HITM0014803,HORD004720,PRD0898,1,450.61,450.61
HITM0014804,HORD004720,PRD0674,1,3470.37,3470.37
HITM0014805,HORD004720,PRD0538,1,734.7,734.7
HITM0014806,HORD004721,PRD0065,1,806.18,806.18
HITM0014807,HORD004721,PRD0438,2,504.83,1009.66
HITM0014808,HORD004721,PRD0360,1,45.63,45.63
HITM0014809,HORD004722,PRD0380,1,340.9,340.9
HITM0014810,HORD004722,PRD0116,1,182.09,182.09
HITM0014811,HORD004722,PRD0435,1,1185.75,1185.75
HITM0014812,HORD004722,PRD0428,1,353.32,353.32
HITM0014813,HORD004723,PRD0157,1,93.87,93.87
HITM0014814,HORD004723,PRD0820,1,149.51,149.51
HITM0014815,HORD004723,PRD0969,1,185.9,185.9
HITM0014816,HORD004724,PRD0017,2,420.96,841.92
HITM0014817,HORD004725,PRD0100,1,252.99,252.99
HITM0014818,HORD004725,PRD0580,1,50.37,50.37
HITM0014819,HORD004725,PRD0428,1,353.32,353.32
HITM0014820,HORD004725,PRD0645,1,295.19,295.19
HITM0014821,HORD004726,PRD0567,1,69.51,69.51
HITM0014822,HORD004726,PRD0935,1,1012.52,1012.52
HITM0014823,HORD004726,PRD0330,1,96.82,96.82
HITM0014824,HORD004726,PRD0370,1,418.27,418.27
HITM0014825,HORD004727,PRD0521,1,2988.2,2988.2
HITM0014826,HORD004728,PRD0120,1,249.64,249.64
HITM0014827,HORD004728,PRD0614,1,2476.54,2476.54
HITM0014828,HORD004729,PRD0388,1,191.0,191.0
HITM0014829,HORD004730,PRD0684,1,3311.29,3311.29
HITM0014830,HORD004731,PRD0674,1,3470.37,3470.37
HITM0014831,HORD004731,PRD0470,2,149.63,299.26
HITM0014832,HORD004731,PRD0600,1,200.67,200.67
HITM0014833,HORD004731,PRD0276,1,670.27,670.27
HITM0014834,HORD004731,PRD0756,1,389.58,389.58
HITM0014835,HORD004732,PRD0754,1,588.75,588.75
HITM0014836,HORD004732,PRD0066,1,307.12,307.12
HITM0014837,HORD004733,PRD0989,1,71.59,71.59
HITM0014838,HORD004733,PRD0443,1,684.87,684.87
HITM0014839,HORD004733,PRD0291,1,1210.2,1210.2
HITM0014840,HORD004734,PRD0642,1,1123.98,1123.98
HITM0014841,HORD004734,PRD0410,1,331.6,331.6
HITM0014842,HORD004734,PRD0460,1,354.28,354.28
HITM0014843,HORD004735,PRD0801,2,3111.15,6222.3
HITM0014844,HORD004735,PRD0090,1,306.45,306.45
HITM0014845,HORD004735,PRD0496,1,92.5,92.5
HITM0014846,HORD004735,PRD0236,1,353.9,353.9
HITM0014847,HORD004736,PRD0068,1,980.14,980.14
HITM0014848,HORD004736,PRD0060,2,412.3,824.6
HITM0014849,HORD004736,PRD0990,1,164.36,164.36
HITM0014850,HORD004737,PRD0470,1,149.63,149.63
HITM0014851,HORD004737,PRD0578,3,307.89,923.67
HITM0014852,HORD004737,PRD0235,1,331.23,331.23
HITM0014853,HORD004738,PRD0047,1,859.23,859.23
HITM0014854,HORD004738,PRD0370,1,418.27,418.27
HITM0014855,HORD004738,PRD0968,1,213.37,213.37
HITM0014856,HORD004738,PRD0520,3,404.65,1213.95
HITM0014857,HORD004739,PRD0258,1,114.0,114.0
HITM0014858,HORD004739,PRD0434,2,1657.3,3314.6
HITM0014859,HORD004739,PRD0082,1,411.13,411.13
HITM0014860,HORD004740,PRD0147,3,172.97,518.91
HITM0014861,HORD004740,PRD0689,1,195.5,195.5
HITM0014862,HORD004741,PRD0238,1,459.3,459.3
HITM0014863,HORD004741,PRD0175,1,740.04,740.04
HITM0014864,HORD004741,PRD0044,1,4145.78,4145.78
HITM0014865,HORD004742,PRD0011,1,933.48,933.48
HITM0014866,HORD004742,PRD0416,1,463.25,463.25
HITM0014867,HORD004742,PRD0496,1,92.5,92.5
HITM0014868,HORD004742,PRD0806,1,541.85,541.85
HITM0014869,HORD004743,PRD0094,1,2315.3,2315.3
HITM0014870,HORD004743,PRD0204,1,759.0,759.0
HITM0014871,HORD004744,PRD0969,2,185.9,371.8
HITM0014872,HORD004744,PRD0282,2,521.34,1042.68
HITM0014873,HORD004744,PRD0185,1,925.9,925.9
HITM0014874,HORD004745,PRD0905,1,992.9,992.9
HITM0014875,HORD004745,PRD0159,3,852.41,2557.23
HITM0014876,HORD004745,PRD0374,1,517.56,517.56
HITM0014877,HORD004746,PRD0092,2,1240.54,2481.08
HITM0014878,HORD004746,PRD0775,1,152.04,152.04
HITM0014879,HORD004746,PRD0202,1,1161.02,1161.02
HITM0014880,HORD004746,PRD0449,1,884.72,884.72
HITM0014881,HORD004747,PRD0238,1,459.3,459.3
HITM0014882,HORD004747,PRD0180,1,256.4,256.4
HITM0014883,HORD004747,PRD0470,1,149.63,149.63
HITM0014884,HORD004747,PRD0903,2,1209.05,2418.1
HITM0014885,HORD004747,PRD0190,1,40.06,40.06
HITM0014886,HORD004748,PRD0054,1,821.51,821.51
HITM0014887,HORD004748,PRD0929,3,114.2,342.6
HITM0014888,HORD004748,PRD0326,1,639.28,639.28
HITM0014889,HORD004749,PRD0419,2,903.5,1807.0
HITM0014890,HORD004749,PRD0060,2,412.3,824.6
HITM0014891,HORD004749,PRD0690,1,344.6,344.6
HITM0014892,HORD004750,PRD0130,2,167.84,335.68
HITM0014893,HORD004750,PRD0139,1,323.99,323.99
HITM0014894,HORD004750,PRD0220,1,261.65,261.65
HITM0014895,HORD004750,PRD0208,3,481.08,1443.24
HITM0014896,HORD004751,PRD0557,1,669.73,669.73
HITM0014897,HORD004752,PRD0864,1,618.97,618.97
HITM0014898,HORD004752,PRD0056,1,204.63,204.63
HITM0014899,HORD004752,PRD0886,1,194.21,194.21
HITM0014900,HORD004752,PRD0972,2,1644.08,3288.16
HITM0014901,HORD004753,PRD0157,1,93.87,93.87
HITM0014902,HORD004753,PRD0625,2,458.46,916.92
HITM0014903,HORD004753,PRD0162,1,767.91,767.91
HITM0014904,HORD004754,PRD0222,2,761.26,1522.52
HITM0014905,HORD004754,PRD0144,1,434.98,434.98
HITM0014906,HORD004754,PRD0777,2,876.73,1753.46
HITM0014907,HORD004755,PRD0137,2,814.4,1628.8
HITM0014908,HORD004755,PRD0968,1,213.37,213.37
HITM0014909,HORD004755,PRD0868,2,421.43,842.86
HITM0014910,HORD004755,PRD0207,1,143.7,143.7
HITM0014911,HORD004755,PRD0797,2,1054.08,2108.16
HITM0014912,HORD004756,PRD0340,2,315.67,631.34
HITM0014913,HORD004756,PRD0012,2,1136.26,2272.52
HITM0014914,HORD004756,PRD0245,1,834.16,834.16
HITM0014915,HORD004756,PRD0085,2,195.1,390.2
HITM0014916,HORD004756,PRD0016,1,802.46,802.46
HITM0014917,HORD004757,PRD0547,1,2322.41,2322.41
HITM0014918,HORD004757,PRD0336,2,745.18,1490.36
HITM0014919,HORD004757,PRD0952,1,864.9,864.9
HITM0014920,HORD004758,PRD0073,1,674.71,674.71
HITM0014921,HORD004758,PRD0775,1,152.04,152.04
HITM0014922,HORD004758,PRD0797,1,1054.08,1054.08
HITM0014923,HORD004758,PRD0572,2,1663.78,3327.56
HITM0014924,HORD004759,PRD0248,1,204.13,204.13
HITM0014925,HORD004759,PRD0771,1,3066.74,3066.74
HITM0014926,HORD004760,PRD0182,1,908.42,908.42
HITM0014927,HORD004760,PRD0436,1,839.37,839.37
HITM0014928,HORD004760,PRD0528,1,1044.78,1044.78
HITM0014929,HORD004760,PRD0571,1,2591.37,2591.37
HITM0014930,HORD004761,PRD0440,1,306.74,306.74
HITM0014931,HORD004761,PRD0190,2,40.06,80.12
HITM0014932,HORD004761,PRD0794,1,3939.25,3939.25
HITM0014933,HORD004762,PRD0676,1,523.37,523.37
HITM0014934,HORD004762,PRD0315,2,779.51,1559.02
HITM0014935,HORD004763,PRD0201,1,2590.06,2590.06
HITM0014936,HORD004763,PRD0306,2,98.74,197.48
HITM0014937,HORD004764,PRD0756,2,389.58,779.16
HITM0014938,HORD004764,PRD0658,1,899.02,899.02
HITM0014939,HORD004765,PRD0810,1,140.27,140.27
HITM0014940,HORD004765,PRD0656,1,748.82,748.82
HITM0014941,HORD004765,PRD0168,1,663.91,663.91
HITM0014942,HORD004765,PRD0389,2,473.56,947.12
HITM0014943,HORD004766,PRD0256,1,42.53,42.53
HITM0014944,HORD004766,PRD0757,1,1982.25,1982.25
HITM0014945,HORD004766,PRD0714,1,1819.26,1819.26
HITM0014946,HORD004766,PRD0452,1,353.39,353.39
HITM0014947,HORD004767,PRD0746,2,367.02,734.04
HITM0014948,HORD004767,PRD0612,1,319.23,319.23
HITM0014949,HORD004767,PRD0866,1,492.83,492.83
HITM0014950,HORD004768,PRD0656,1,748.82,748.82
HITM0014951,HORD004768,PRD0522,1,496.11,496.11
HITM0014952,HORD004768,PRD0797,1,1054.08,1054.08
HITM0014953,HORD004768,PRD0186,1,386.44,386.44
HITM0014954,HORD004769,PRD0893,1,792.02,792.02
HITM0014955,HORD004769,PRD0384,1,830.01,830.01
HITM0014956,HORD004770,PRD0688,1,814.49,814.49
HITM0014957,HORD004770,PRD0375,1,1092.09,1092.09
HITM0014958,HORD004770,PRD0009,1,72.9,72.9
HITM0014959,HORD004770,PRD0215,1,665.12,665.12
HITM0014960,HORD004770,PRD0380,1,340.9,340.9
HITM0014961,HORD004771,PRD0802,1,914.18,914.18
HITM0014962,HORD004772,PRD0410,2,331.6,663.2
HITM0014963,HORD004772,PRD0082,1,411.13,411.13
HITM0014964,HORD004772,PRD0576,1,31.35,31.35
HITM0014965,HORD004772,PRD0560,1,114.38,114.38
HITM0014966,HORD004772,PRD0688,1,814.49,814.49
HITM0014967,HORD004773,PRD0769,1,633.25,633.25
HITM0014968,HORD004773,PRD0902,2,1853.74,3707.48
HITM0014969,HORD004773,PRD0662,1,1356.37,1356.37
HITM0014970,HORD004773,PRD0223,1,946.31,946.31
HITM0014971,HORD004773,PRD0248,1,204.13,204.13
HITM0014972,HORD004774,PRD0486,1,188.03,188.03
HITM0014973,HORD004774,PRD0923,1,771.16,771.16
HITM0014974,HORD004774,PRD0275,1,1101.48,1101.48
HITM0014975,HORD004774,PRD0943,1,1009.3,1009.3
HITM0014976,HORD004775,PRD0597,2,1808.07,3616.14
HITM0014977,HORD004775,PRD0419,1,903.5,903.5
HITM0014978,HORD004775,PRD0537,1,237.18,237.18
HITM0014979,HORD004775,PRD0664,2,1949.37,3898.74
HITM0014980,HORD004776,PRD0123,1,501.46,501.46
HITM0014981,HORD004777,PRD0411,1,1497.57,1497.57
HITM0014982,HORD004777,PRD0708,1,119.42,119.42
HITM0014983,HORD004777,PRD0315,2,779.51,1559.02
HITM0014984,HORD004777,PRD0969,2,185.9,371.8
HITM0014985,HORD004777,PRD0222,2,761.26,1522.52
HITM0014986,HORD004778,PRD0888,1,240.68,240.68
HITM0014987,HORD004778,PRD0053,1,1382.46,1382.46
HITM0014988,HORD004778,PRD0229,1,1480.27,1480.27
HITM0014989,HORD004778,PRD0665,2,480.38,960.76
HITM0014990,HORD004779,PRD1000,1,175.0,175.0
HITM0014991,HORD004779,PRD0320,2,28.7,57.4
HITM0014992,HORD004779,PRD0853,2,1074.57,2149.14
HITM0014993,HORD004779,PRD0043,1,634.32,634.32
HITM0014994,HORD004780,PRD0502,1,1155.49,1155.49
HITM0014995,HORD004780,PRD0903,2,1209.05,2418.1
HITM0014996,HORD004781,PRD0507,2,2383.22,4766.44
HITM0014997,HORD004781,PRD0493,2,760.85,1521.7
HITM0014998,HORD004782,PRD0658,1,899.02,899.02
HITM0014999,HORD004782,PRD0500,1,137.18,137.18
HITM0015000,HORD004782,PRD0030,1,278.37,278.37
HITM0015001,HORD004783,PRD0055,2,1019.33,2038.66
HITM0015002,HORD004783,PRD0088,1,994.41,994.41
HITM0015003,HORD004783,PRD0158,1,289.48,289.48
HITM0015004,HORD004784,PRD0543,1,1522.55,1522.55
HITM0015005,HORD004784,PRD0799,1,629.39,629.39
HITM0015006,HORD004785,PRD0909,1,1280.89,1280.89
HITM0015007,HORD004785,PRD0386,1,663.23,663.23
HITM0015008,HORD004785,PRD0300,1,51.94,51.94
HITM0015009,HORD004785,PRD0913,1,1112.44,1112.44
HITM0015010,HORD004785,PRD0550,1,224.46,224.46
HITM0015011,HORD004786,PRD0732,1,1724.37,1724.37
HITM0015012,HORD004786,PRD0238,1,459.3,459.3
HITM0015013,HORD004786,PRD0013,1,291.07,291.07
HITM0015014,HORD004787,PRD0969,2,185.9,371.8
HITM0015015,HORD004787,PRD0990,1,164.36,164.36
HITM0015016,HORD004787,PRD0211,1,2751.59,2751.59
HITM0015017,HORD004787,PRD0277,2,2331.99,4663.98
HITM0015018,HORD004788,PRD0204,1,759.0,759.0
HITM0015019,HORD004788,PRD0130,2,167.84,335.68
HITM0015020,HORD004789,PRD0616,1,242.48,242.48
HITM0015021,HORD004789,PRD0800,1,400.13,400.13
HITM0015022,HORD004790,PRD0150,1,199.69,199.69
HITM0015023,HORD004790,PRD0033,1,1345.52,1345.52
HITM0015024,HORD004790,PRD0892,2,1539.6,3079.2
HITM0015025,HORD004790,PRD0479,1,361.79,361.79
HITM0015026,HORD004791,PRD0178,1,963.54,963.54
HITM0015027,HORD004791,PRD0765,3,967.51,2902.53
HITM0015028,HORD004791,PRD0906,3,755.23,2265.69
HITM0015029,HORD004791,PRD0137,2,814.4,1628.8
HITM0015030,HORD004792,PRD0709,2,1432.58,2865.16
HITM0015031,HORD004792,PRD0240,2,73.63,147.26
HITM0015032,HORD004792,PRD0550,1,224.46,224.46
HITM0015033,HORD004792,PRD0652,1,1247.24,1247.24
HITM0015034,HORD004792,PRD0415,1,626.8,626.8
HITM0015035,HORD004793,PRD0162,1,767.91,767.91
HITM0015036,HORD004793,PRD0046,1,789.29,789.29
HITM0015037,HORD004793,PRD0056,1,204.63,204.63
HITM0015038,HORD004793,PRD0346,1,296.52,296.52
HITM0015039,HORD004793,PRD0304,1,969.28,969.28
HITM0015040,HORD004794,PRD0996,2,439.4,878.8
HITM0015041,HORD004795,PRD0829,1,1219.49,1219.49
HITM0015042,HORD004795,PRD0567,1,69.51,69.51
HITM0015043,HORD004796,PRD0401,1,2595.7,2595.7
HITM0015044,HORD004796,PRD0631,1,943.11,943.11
HITM0015045,HORD004796,PRD0763,1,863.1,863.1
HITM0015046,HORD004797,PRD0070,1,168.22,168.22
HITM0015047,HORD004797,PRD0105,1,655.02,655.02
HITM0015048,HORD004798,PRD0501,1,1843.99,1843.99
HITM0015049,HORD004798,PRD0867,1,1696.54,1696.54
HITM0015050,HORD004798,PRD0972,1,1644.08,1644.08
HITM0015051,HORD004799,PRD0352,1,1288.41,1288.41
HITM0015052,HORD004799,PRD0396,1,147.51,147.51
HITM0015053,HORD004799,PRD0325,1,325.22,325.22
HITM0015054,HORD004800,PRD0176,1,259.71,259.71
HITM0015055,HORD004800,PRD0775,3,152.04,456.12
HITM0015056,HORD004800,PRD0885,1,867.28,867.28
HITM0015057,HORD004800,PRD0219,2,450.54,901.08
HITM0015058,HORD004801,PRD0071,1,1793.74,1793.74
HITM0015059,HORD004801,PRD0324,1,4191.07,4191.07
HITM0015060,HORD004801,PRD0717,1,825.84,825.84
HITM0015061,HORD004801,PRD0678,1,133.66,133.66
HITM0015062,HORD004801,PRD0130,1,167.84,167.84
HITM0015063,HORD004802,PRD0979,2,96.35,192.7
HITM0015064,HORD004802,PRD0802,1,914.18,914.18
HITM0015065,HORD004802,PRD0769,1,633.25,633.25
HITM0015066,HORD004802,PRD0460,1,354.28,354.28
HITM0015067,HORD004803,PRD0524,1,405.7,405.7
HITM0015068,HORD004803,PRD0438,1,504.83,504.83
HITM0015069,HORD004803,PRD0137,1,814.4,814.4
HITM0015070,HORD004803,PRD0558,2,399.27,798.54
HITM0015071,HORD004804,PRD0124,1,2062.78,2062.78
HITM0015072,HORD004804,PRD0953,1,534.1,534.1
HITM0015073,HORD004804,PRD0019,1,708.96,708.96
HITM0015074,HORD004805,PRD0613,2,698.67,1397.34
HITM0015075,HORD004805,PRD0958,2,128.04,256.08
HITM0015076,HORD004805,PRD0456,1,700.91,700.91
HITM0015077,HORD004805,PRD0970,1,192.16,192.16
HITM0015078,HORD004806,PRD0953,1,534.1,534.1
HITM0015079,HORD004806,PRD0495,1,1168.15,1168.15
HITM0015080,HORD004806,PRD0385,1,602.62,602.62
HITM0015081,HORD004806,PRD0759,1,106.0,106.0
HITM0015082,HORD004807,PRD0260,2,157.69,315.38
HITM0015083,HORD004807,PRD0666,1,343.92,343.92
HITM0015084,HORD004808,PRD0624,1,565.88,565.88
HITM0015085,HORD004808,PRD0236,1,353.9,353.9
HITM0015086,HORD004808,PRD0041,1,1567.72,1567.72
HITM0015087,HORD004808,PRD0208,1,481.08,481.08
HITM0015088,HORD004809,PRD0192,1,491.21,491.21
HITM0015089,HORD004810,PRD0750,1,315.03,315.03
HITM0015090,HORD004810,PRD0968,1,213.37,213.37
HITM0015091,HORD004810,PRD0538,1,734.7,734.7
HITM0015092,HORD004811,PRD0049,1,578.63,578.63
HITM0015093,HORD004811,PRD0424,1,3384.56,3384.56
HITM0015094,HORD004811,PRD0791,1,2893.2,2893.2
HITM0015095,HORD004811,PRD0708,1,119.42,119.42
HITM0015096,HORD004812,PRD0489,2,1110.68,2221.36
HITM0015097,HORD004812,PRD0147,1,172.97,172.97
HITM0015098,HORD004812,PRD0739,1,345.91,345.91
HITM0015099,HORD004812,PRD0306,2,98.74,197.48
HITM0015100,HORD004813,PRD0927,1,672.07,672.07
HITM0015101,HORD004813,PRD0003,1,857.07,857.07
HITM0015102,HORD004813,PRD0665,2,480.38,960.76
HITM0015103,HORD004814,PRD0094,1,2315.3,2315.3
HITM0015104,HORD004814,PRD0657,2,582.44,1164.88
HITM0015105,HORD004814,PRD0882,1,492.86,492.86
HITM0015106,HORD004814,PRD0445,1,151.88,151.88
HITM0015107,HORD004814,PRD0915,1,741.57,741.57
HITM0015108,HORD004815,PRD0941,1,1693.86,1693.86
HITM0015109,HORD004815,PRD0369,1,663.84,663.84
HITM0015110,HORD004816,PRD0721,1,1687.59,1687.59
HITM0015111,HORD004816,PRD0181,1,1299.25,1299.25
HITM0015112,HORD004817,PRD0153,1,1119.38,1119.38
HITM0015113,HORD004817,PRD0232,3,321.21,963.63
HITM0015114,HORD004817,PRD0199,2,1326.1,2652.2
HITM0015115,HORD004817,PRD0306,1,98.74,98.74
HITM0015116,HORD004818,PRD0223,1,946.31,946.31
HITM0015117,HORD004818,PRD0503,1,892.6,892.6
HITM0015118,HORD004818,PRD0268,2,876.82,1753.64
HITM0015119,HORD004818,PRD0454,1,3062.46,3062.46
HITM0015120,HORD004819,PRD0784,1,3166.81,3166.81
HITM0015121,HORD004819,PRD0150,1,199.69,199.69
HITM0015122,HORD004819,PRD0448,1,455.26,455.26
HITM0015123,HORD004819,PRD0614,1,2476.54,2476.54
HITM0015124,HORD004819,PRD0109,1,732.2,732.2
HITM0015125,HORD004820,PRD0835,2,482.69,965.38
HITM0015126,HORD004820,PRD0072,1,1587.43,1587.43
HITM0015127,HORD004820,PRD0775,1,152.04,152.04
HITM0015128,HORD004821,PRD0937,1,1473.98,1473.98
HITM0015129,HORD004821,PRD0123,2,501.46,1002.92
HITM0015130,HORD004821,PRD0008,1,751.87,751.87
HITM0015131,HORD004821,PRD0825,1,522.15,522.15
HITM0015132,HORD004822,PRD0897,1,1151.44,1151.44
HITM0015133,HORD004822,PRD0365,1,454.18,454.18
HITM0015134,HORD004822,PRD0844,1,2177.73,2177.73
HITM0015135,HORD004822,PRD0824,2,3837.62,7675.24
HITM0015136,HORD004822,PRD0388,1,191.0,191.0
HITM0015137,HORD004823,PRD0283,1,1116.37,1116.37
HITM0015138,HORD004823,PRD0939,1,67.43,67.43
HITM0015139,HORD004823,PRD0466,1,276.92,276.92
HITM0015140,HORD004823,PRD0106,1,203.27,203.27
HITM0015141,HORD004823,PRD0153,1,1119.38,1119.38
HITM0015142,HORD004824,PRD0536,1,430.74,430.74
HITM0015143,HORD004824,PRD0732,1,1724.37,1724.37
HITM0015144,HORD004824,PRD0972,1,1644.08,1644.08
HITM0015145,HORD004824,PRD0546,1,180.12,180.12
HITM0015146,HORD004825,PRD0272,1,888.86,888.86
HITM0015147,HORD004825,PRD0989,1,71.59,71.59
HITM0015148,HORD004826,PRD0252,2,1339.74,2679.48
HITM0015149,HORD004826,PRD0986,1,318.21,318.21
HITM0015150,HORD004826,PRD0713,2,1024.28,2048.56
HITM0015151,HORD004826,PRD0450,1,162.55,162.55
HITM0015152,HORD004827,PRD0432,1,571.62,571.62
HITM0015153,HORD004828,PRD0665,1,480.38,480.38
HITM0015154,HORD004828,PRD0862,1,750.64,750.64
HITM0015155,HORD004828,PRD0820,1,149.51,149.51
HITM0015156,HORD004828,PRD0031,1,2301.05,2301.05
HITM0015157,HORD004829,PRD0246,1,799.39,799.39
HITM0015158,HORD004829,PRD0084,1,854.14,854.14
HITM0015159,HORD004829,PRD0645,1,295.19,295.19
HITM0015160,HORD004829,PRD0247,2,55.39,110.78
HITM0015161,HORD004830,PRD0759,1,106.0,106.0
HITM0015162,HORD004830,PRD0182,1,908.42,908.42
HITM0015163,HORD004830,PRD0571,1,2591.37,2591.37
HITM0015164,HORD004830,PRD0754,1,588.75,588.75
HITM0015165,HORD004831,PRD0986,2,318.21,636.42
HITM0015166,HORD004831,PRD0911,1,2410.39,2410.39
HITM0015167,HORD004831,PRD0607,1,73.33,73.33
HITM0015168,HORD004831,PRD0331,1,2268.14,2268.14
HITM0015169,HORD004832,PRD0459,2,261.43,522.86
HITM0015170,HORD004832,PRD0479,1,361.79,361.79
HITM0015171,HORD004832,PRD0215,1,665.12,665.12
HITM0015172,HORD004833,PRD0508,2,713.33,1426.66
HITM0015173,HORD004833,PRD0321,2,1311.96,2623.92
HITM0015174,HORD004833,PRD0069,1,1254.78,1254.78
HITM0015175,HORD004834,PRD0009,1,72.9,72.9
HITM0015176,HORD004834,PRD0955,1,1036.25,1036.25
HITM0015177,HORD004835,PRD0434,1,1657.3,1657.3
HITM0015178,HORD004836,PRD0004,1,4084.76,4084.76
HITM0015179,HORD004836,PRD0095,2,894.84,1789.68
HITM0015180,HORD004836,PRD0389,2,473.56,947.12
HITM0015181,HORD004836,PRD0442,1,327.53,327.53
HITM0015182,HORD004837,PRD0071,1,1793.74,1793.74
HITM0015183,HORD004837,PRD0768,1,149.86,149.86
HITM0015184,HORD004838,PRD0843,1,527.91,527.91
HITM0015185,HORD004838,PRD0630,1,167.94,167.94
HITM0015186,HORD004838,PRD0650,1,46.68,46.68
HITM0015187,HORD004839,PRD0147,2,172.97,345.94
HITM0015188,HORD004839,PRD0292,1,690.26,690.26
HITM0015189,HORD004839,PRD0438,2,504.83,1009.66
HITM0015190,HORD004839,PRD0930,1,307.61,307.61
HITM0015191,HORD004839,PRD0356,1,610.16,610.16
HITM0015192,HORD004840,PRD0355,1,703.23,703.23
HITM0015193,HORD004840,PRD0470,1,149.63,149.63
HITM0015194,HORD004841,PRD0473,1,296.86,296.86
HITM0015195,HORD004841,PRD0145,1,439.24,439.24
HITM0015196,HORD004841,PRD0085,1,195.1,195.1
HITM0015197,HORD004841,PRD0367,1,2471.53,2471.53
HITM0015198,HORD004842,PRD0800,1,400.13,400.13
HITM0015199,HORD004842,PRD0075,1,417.39,417.39
HITM0015200,HORD004842,PRD0300,1,51.94,51.94
HITM0015201,HORD004842,PRD0369,2,663.84,1327.68
HITM0015202,HORD004843,PRD0730,1,147.29,147.29
HITM0015203,HORD004843,PRD0033,2,1345.52,2691.04
HITM0015204,HORD004843,PRD0108,2,937.98,1875.96
HITM0015205,HORD004843,PRD0195,1,540.55,540.55
HITM0015206,HORD004844,PRD0023,1,394.6,394.6
HITM0015207,HORD004844,PRD0066,1,307.12,307.12
HITM0015208,HORD004844,PRD0624,1,565.88,565.88
HITM0015209,HORD004845,PRD0880,1,330.2,330.2
HITM0015210,HORD004845,PRD0710,1,397.66,397.66
HITM0015211,HORD004845,PRD0856,1,426.45,426.45
HITM0015212,HORD004845,PRD0705,1,369.85,369.85
HITM0015213,HORD004845,PRD0929,1,114.2,114.2
HITM0015214,HORD004846,PRD0956,1,339.76,339.76
HITM0015215,HORD004846,PRD0985,2,865.22,1730.44
HITM0015216,HORD004846,PRD0232,1,321.21,321.21
HITM0015217,HORD004846,PRD0534,1,459.7,459.7
HITM0015218,HORD004847,PRD0959,1,206.84,206.84
HITM0015219,HORD004847,PRD0708,2,119.42,238.84
HITM0015220,HORD004847,PRD0430,1,54.36,54.36
HITM0015221,HORD004847,PRD0863,1,916.89,916.89
HITM0015222,HORD004848,PRD0701,1,2630.13,2630.13
HITM0015223,HORD004848,PRD0376,1,294.68,294.68
HITM0015224,HORD004848,PRD0989,1,71.59,71.59
HITM0015225,HORD004848,PRD0260,1,157.69,157.69
HITM0015226,HORD004849,PRD0546,1,180.12,180.12
HITM0015227,HORD004849,PRD0938,1,471.07,471.07
HITM0015228,HORD004849,PRD0154,1,1730.69,1730.69
HITM0015229,HORD004849,PRD0119,1,752.72,752.72
HITM0015230,HORD004850,PRD0260,1,157.69,157.69
HITM0015231,HORD004850,PRD0703,2,1320.55,2641.1
HITM0015232,HORD004850,PRD0852,1,869.97,869.97
HITM0015233,HORD004851,PRD0761,1,1492.1,1492.1
HITM0015234,HORD004851,PRD0705,1,369.85,369.85
HITM0015235,HORD004851,PRD0174,1,442.41,442.41
HITM0015236,HORD004851,PRD0939,1,67.43,67.43
HITM0015237,HORD004852,PRD0747,1,1759.9,1759.9
HITM0015238,HORD004852,PRD0395,1,843.62,843.62
HITM0015239,HORD004852,PRD0005,1,171.8,171.8
HITM0015240,HORD004853,PRD0557,1,669.73,669.73
HITM0015241,HORD004853,PRD0212,1,1664.12,1664.12
HITM0015242,HORD004854,PRD0200,2,317.39,634.78
HITM0015243,HORD004854,PRD0404,1,2624.06,2624.06
HITM0015244,HORD004854,PRD0854,1,1723.49,1723.49
HITM0015245,HORD004854,PRD0499,1,782.47,782.47
HITM0015246,HORD004855,PRD0990,1,164.36,164.36
HITM0015247,HORD004855,PRD0412,2,1351.05,2702.1
HITM0015248,HORD004855,PRD0663,1,990.2,990.2
HITM0015249,HORD004855,PRD0571,1,2591.37,2591.37
HITM0015250,HORD004855,PRD0074,1,899.01,899.01
HITM0015251,HORD004856,PRD0084,3,854.14,2562.42
HITM0015252,HORD004856,PRD0947,3,1591.22,4773.66
HITM0015253,HORD004856,PRD0304,2,969.28,1938.56
HITM0015254,HORD004857,PRD0037,1,953.09,953.09
HITM0015255,HORD004857,PRD0471,2,985.84,1971.68
HITM0015256,HORD004858,PRD0431,1,2819.89,2819.89
HITM0015257,HORD004858,PRD0148,1,319.75,319.75
HITM0015258,HORD004859,PRD0630,1,167.94,167.94
HITM0015259,HORD004859,PRD0734,1,1461.44,1461.44
HITM0015260,HORD004859,PRD0603,1,380.05,380.05
HITM0015261,HORD004860,PRD0281,2,1116.42,2232.84
HITM0015262,HORD004860,PRD0605,1,584.43,584.43
HITM0015263,HORD004860,PRD0678,3,133.66,400.98
HITM0015264,HORD004860,PRD0063,1,951.82,951.82
HITM0015265,HORD004860,PRD0884,3,1284.0,3852.0
HITM0015266,HORD004861,PRD0191,1,3198.59,3198.59
HITM0015267,HORD004861,PRD0395,2,843.62,1687.24
HITM0015268,HORD004861,PRD0458,1,224.27,224.27
HITM0015269,HORD004862,PRD0398,1,135.19,135.19
HITM0015270,HORD004862,PRD0257,2,210.79,421.58
HITM0015271,HORD004862,PRD0423,1,371.68,371.68
HITM0015272,HORD004863,PRD0467,1,2210.83,2210.83
HITM0015273,HORD004863,PRD0776,1,133.13,133.13
HITM0015274,HORD004864,PRD0908,2,738.84,1477.68
HITM0015275,HORD004864,PRD0269,1,754.3,754.3
HITM0015276,HORD004864,PRD0470,1,149.63,149.63
HITM0015277,HORD004864,PRD0542,1,1005.69,1005.69
HITM0015278,HORD004865,PRD0772,1,356.92,356.92
HITM0015279,HORD004865,PRD0973,2,1197.47,2394.94
HITM0015280,HORD004865,PRD0543,1,1522.55,1522.55
HITM0015281,HORD004865,PRD0594,1,2621.32,2621.32
HITM0015282,HORD004866,PRD0310,1,125.16,125.16
HITM0015283,HORD004866,PRD0150,1,199.69,199.69
HITM0015284,HORD004866,PRD0894,1,1997.25,1997.25
HITM0015285,HORD004866,PRD0696,1,548.07,548.07
HITM0015286,HORD004867,PRD0176,1,259.71,259.71
HITM0015287,HORD004867,PRD0490,1,82.32,82.32
HITM0015288,HORD004867,PRD0216,2,833.75,1667.5
HITM0015289,HORD004867,PRD0593,1,826.29,826.29
HITM0015290,HORD004868,PRD0865,1,691.66,691.66
HITM0015291,HORD004868,PRD0450,2,162.55,325.1
HITM0015292,HORD004868,PRD0598,3,73.8,221.4
HITM0015293,HORD004868,PRD0579,1,842.98,842.98
HITM0015294,HORD004869,PRD0706,1,626.5,626.5
HITM0015295,HORD004869,PRD0803,1,395.35,395.35
HITM0015296,HORD004869,PRD0137,1,814.4,814.4
HITM0015297,HORD004869,PRD0232,3,321.21,963.63
HITM0015298,HORD004870,PRD0247,1,55.39,55.39
HITM0015299,HORD004870,PRD0954,1,766.53,766.53
HITM0015300,HORD004870,PRD0690,2,344.6,689.2
HITM0015301,HORD004871,PRD0320,1,28.7,28.7
HITM0015302,HORD004871,PRD0843,2,527.91,1055.82
HITM0015303,HORD004871,PRD0231,1,1403.44,1403.44
HITM0015304,HORD004872,PRD0516,1,478.24,478.24
HITM0015305,HORD004872,PRD0764,1,1624.39,1624.39
HITM0015306,HORD004872,PRD0858,1,421.26,421.26
HITM0015307,HORD004873,PRD0031,2,2301.05,4602.1
HITM0015308,HORD004873,PRD0150,1,199.69,199.69
HITM0015309,HORD004873,PRD0100,1,252.99,252.99
HITM0015310,HORD004874,PRD0924,1,938.45,938.45
HITM0015311,HORD004874,PRD0620,1,23.82,23.82
HITM0015312,HORD004874,PRD0036,1,115.89,115.89
HITM0015313,HORD004875,PRD0446,1,607.85,607.85
HITM0015314,HORD004875,PRD0391,2,1988.32,3976.64
HITM0015315,HORD004875,PRD0257,2,210.79,421.58
HITM0015316,HORD004875,PRD0810,1,140.27,140.27
HITM0015317,HORD004876,PRD0560,2,114.38,228.76
HITM0015318,HORD004876,PRD0608,1,200.97,200.97
HITM0015319,HORD004876,PRD0686,1,778.95,778.95
HITM0015320,HORD004876,PRD0348,1,312.21,312.21
HITM0015321,HORD004876,PRD0313,1,1347.84,1347.84
HITM0015322,HORD004877,PRD0376,1,294.68,294.68
HITM0015323,HORD004877,PRD0500,2,137.18,274.36
HITM0015324,HORD004878,PRD0578,2,307.89,615.78
HITM0015325,HORD004878,PRD0866,1,492.83,492.83
HITM0015326,HORD004878,PRD0835,2,482.69,965.38
HITM0015327,HORD004878,PRD0514,1,3221.3,3221.3
HITM0015328,HORD004878,PRD0333,1,741.56,741.56
HITM0015329,HORD004879,PRD0638,2,508.53,1017.06
HITM0015330,HORD004879,PRD0874,1,940.07,940.07
HITM0015331,HORD004879,PRD0658,1,899.02,899.02
HITM0015332,HORD004879,PRD0680,1,146.6,146.6
HITM0015333,HORD004879,PRD0198,1,1001.22,1001.22
HITM0015334,HORD004880,PRD0175,1,740.04,740.04
HITM0015335,HORD004880,PRD0976,1,554.65,554.65
HITM0015336,HORD004880,PRD0026,1,720.56,720.56
HITM0015337,HORD004880,PRD0262,1,1531.6,1531.6
HITM0015338,HORD004881,PRD0296,3,331.81,995.43
HITM0015339,HORD004881,PRD0766,1,74.26,74.26
HITM0015340,HORD004881,PRD0417,3,1462.01,4386.03
HITM0015341,HORD004881,PRD0412,1,1351.05,1351.05
HITM0015342,HORD004881,PRD0840,1,125.66,125.66
HITM0015343,HORD004882,PRD0088,2,994.41,1988.82
HITM0015344,HORD004882,PRD0137,1,814.4,814.4
HITM0015345,HORD004882,PRD0678,1,133.66,133.66
HITM0015346,HORD004882,PRD0536,1,430.74,430.74
HITM0015347,HORD004882,PRD0348,1,312.21,312.21
HITM0015348,HORD004883,PRD0304,2,969.28,1938.56
HITM0015349,HORD004883,PRD0246,3,799.39,2398.17
HITM0015350,HORD004883,PRD0388,1,191.0,191.0
HITM0015351,HORD004883,PRD0594,1,2621.32,2621.32
HITM0015352,HORD004883,PRD0279,2,766.46,1532.92
HITM0015353,HORD004884,PRD0589,2,222.62,445.24
HITM0015354,HORD004884,PRD0488,1,1046.44,1046.44
HITM0015355,HORD004884,PRD0866,1,492.83,492.83
HITM0015356,HORD004885,PRD0606,1,838.55,838.55
HITM0015357,HORD004885,PRD0439,1,236.05,236.05
HITM0015358,HORD004886,PRD0248,2,204.13,408.26
HITM0015359,HORD004886,PRD0664,2,1949.37,3898.74
HITM0015360,HORD004886,PRD0414,1,3331.8,3331.8
HITM0015361,HORD004886,PRD0257,1,210.79,210.79
HITM0015362,HORD004887,PRD0656,1,748.82,748.82
HITM0015363,HORD004887,PRD0580,1,50.37,50.37
HITM0015364,HORD004888,PRD0242,1,1247.04,1247.04
HITM0015365,HORD004889,PRD0963,1,541.41,541.41
HITM0015366,HORD004889,PRD0837,1,1658.39,1658.39
HITM0015367,HORD004889,PRD0463,1,1555.83,1555.83
HITM0015368,HORD004889,PRD0493,1,760.85,760.85
HITM0015369,HORD004890,PRD0236,1,353.9,353.9
HITM0015370,HORD004890,PRD0568,1,977.48,977.48
HITM0015371,HORD004890,PRD0849,2,1072.65,2145.3
HITM0015372,HORD004891,PRD0492,1,1140.56,1140.56
HITM0015373,HORD004891,PRD0981,2,1483.54,2967.08
HITM0015374,HORD004891,PRD0098,1,968.99,968.99
HITM0015375,HORD004891,PRD0180,1,256.4,256.4
HITM0015376,HORD004892,PRD0179,1,428.63,428.63
HITM0015377,HORD004892,PRD0005,1,171.8,171.8
HITM0015378,HORD004892,PRD0908,1,738.84,738.84
HITM0015379,HORD004893,PRD0104,1,2480.22,2480.22
HITM0015380,HORD004893,PRD0319,1,361.0,361.0
HITM0015381,HORD004893,PRD0288,1,114.25,114.25
HITM0015382,HORD004894,PRD0483,2,1169.19,2338.38
HITM0015383,HORD004894,PRD0337,2,2481.18,4962.36
HITM0015384,HORD004894,PRD0056,2,204.63,409.26
HITM0015385,HORD004894,PRD0278,2,105.64,211.28
HITM0015386,HORD004895,PRD0606,1,838.55,838.55
HITM0015387,HORD004895,PRD0068,1,980.14,980.14
HITM0015388,HORD004895,PRD0336,2,745.18,1490.36
HITM0015389,HORD004896,PRD0549,1,1345.32,1345.32
HITM0015390,HORD004896,PRD0001,2,2686.14,5372.28
HITM0015391,HORD004897,PRD0172,3,1723.75,5171.25
HITM0015392,HORD004897,PRD0936,1,825.41,825.41
HITM0015393,HORD004897,PRD0160,1,332.63,332.63
HITM0015394,HORD004897,PRD0219,1,450.54,450.54
HITM0015395,HORD004898,PRD0171,1,993.07,993.07
HITM0015396,HORD004898,PRD0287,1,1267.48,1267.48
HITM0015397,HORD004898,PRD0215,1,665.12,665.12
HITM0015398,HORD004898,PRD0818,2,184.36,368.72
HITM0015399,HORD004899,PRD0277,1,2331.99,2331.99
HITM0015400,HORD004899,PRD0330,1,96.82,96.82
HITM0015401,HORD004900,PRD0236,1,353.9,353.9
HITM0015402,HORD004901,PRD0115,1,630.18,630.18
HITM0015403,HORD004901,PRD0331,1,2268.14,2268.14
HITM0015404,HORD004901,PRD0649,1,879.59,879.59
HITM0015405,HORD004902,PRD0500,2,137.18,274.36
HITM0015406,HORD004902,PRD0250,2,184.24,368.48
HITM0015407,HORD004902,PRD0511,2,1567.37,3134.74
HITM0015408,HORD004902,PRD0570,1,337.54,337.54
HITM0015409,HORD004903,PRD0394,2,3192.43,6384.86
HITM0015410,HORD004903,PRD0100,1,252.99,252.99
HITM0015411,HORD004904,PRD0936,2,825.41,1650.82
HITM0015412,HORD004904,PRD0809,1,155.22,155.22
HITM0015413,HORD004904,PRD0285,1,929.48,929.48
HITM0015414,HORD004904,PRD0393,1,1454.74,1454.74
HITM0015415,HORD004904,PRD0845,1,355.13,355.13
HITM0015416,HORD004905,PRD0493,1,760.85,760.85
HITM0015417,HORD004906,PRD0180,1,256.4,256.4
HITM0015418,HORD004906,PRD0452,1,353.39,353.39
HITM0015419,HORD004907,PRD0098,1,968.99,968.99
HITM0015420,HORD004907,PRD0494,1,1355.96,1355.96
HITM0015421,HORD004907,PRD0959,1,206.84,206.84
HITM0015422,HORD004908,PRD0059,1,343.68,343.68
HITM0015423,HORD004908,PRD0848,1,227.53,227.53
HITM0015424,HORD004908,PRD0090,1,306.45,306.45
HITM0015425,HORD004908,PRD0331,1,2268.14,2268.14
HITM0015426,HORD004909,PRD0356,2,610.16,1220.32
HITM0015427,HORD004909,PRD0698,1,664.05,664.05
HITM0015428,HORD004909,PRD0054,1,821.51,821.51
HITM0015429,HORD004909,PRD0261,1,2556.63,2556.63
HITM0015430,HORD004910,PRD0663,1,990.2,990.2
HITM0015431,HORD004910,PRD0781,1,2064.25,2064.25
HITM0015432,HORD004911,PRD0482,1,1441.83,1441.83
HITM0015433,HORD004911,PRD0658,1,899.02,899.02
HITM0015434,HORD004912,PRD0938,1,471.07,471.07
HITM0015435,HORD004912,PRD0225,2,749.78,1499.56
HITM0015436,HORD004912,PRD0186,1,386.44,386.44
HITM0015437,HORD004913,PRD0430,1,54.36,54.36
HITM0015438,HORD004914,PRD0005,2,171.8,343.6
HITM0015439,HORD004914,PRD0548,2,858.63,1717.26
HITM0015440,HORD004914,PRD0715,2,636.68,1273.36
HITM0015441,HORD004914,PRD0862,1,750.64,750.64
HITM0015442,HORD004914,PRD0961,3,1247.08,3741.24
HITM0015443,HORD004915,PRD0245,1,834.16,834.16
HITM0015444,HORD004915,PRD0745,1,147.69,147.69
HITM0015445,HORD004915,PRD0165,2,808.77,1617.54
HITM0015446,HORD004916,PRD0791,1,2893.2,2893.2
HITM0015447,HORD004916,PRD0434,2,1657.3,3314.6
HITM0015448,HORD004916,PRD0363,2,1343.45,2686.9
HITM0015449,HORD004917,PRD0809,1,155.22,155.22
HITM0015450,HORD004917,PRD0542,1,1005.69,1005.69
HITM0015451,HORD004917,PRD0116,1,182.09,182.09
HITM0015452,HORD004918,PRD0644,1,940.11,940.11
HITM0015453,HORD004918,PRD0186,2,386.44,772.88
HITM0015454,HORD004918,PRD0638,1,508.53,508.53
HITM0015455,HORD004918,PRD0379,1,212.81,212.81
HITM0015456,HORD004918,PRD0056,1,204.63,204.63
HITM0015457,HORD004919,PRD0449,1,884.72,884.72
HITM0015458,HORD004919,PRD0234,1,4040.17,4040.17
HITM0015459,HORD004919,PRD0093,1,619.68,619.68
HITM0015460,HORD004920,PRD0170,1,419.43,419.43
HITM0015461,HORD004920,PRD0760,1,322.74,322.74
HITM0015462,HORD004920,PRD0562,1,1169.37,1169.37
HITM0015463,HORD004920,PRD0028,1,260.37,260.37
HITM0015464,HORD004921,PRD0807,1,1028.5,1028.5
HITM0015465,HORD004921,PRD0001,1,2686.14,2686.14
HITM0015466,HORD004922,PRD0310,2,125.16,250.32
HITM0015467,HORD004922,PRD0240,1,73.63,73.63
HITM0015468,HORD004922,PRD0116,2,182.09,364.18
HITM0015469,HORD004923,PRD0126,1,290.8,290.8
HITM0015470,HORD004923,PRD0940,1,127.15,127.15
HITM0015471,HORD004923,PRD0320,1,28.7,28.7
HITM0015472,HORD004924,PRD0830,1,231.45,231.45
HITM0015473,HORD004924,PRD0866,2,492.83,985.66
HITM0015474,HORD004925,PRD0522,1,496.11,496.11
HITM0015475,HORD004925,PRD0827,1,1518.31,1518.31
HITM0015476,HORD004925,PRD0125,1,1026.87,1026.87
HITM0015477,HORD004926,PRD0147,1,172.97,172.97
HITM0015478,HORD004926,PRD0010,1,253.38,253.38
HITM0015479,HORD004926,PRD0235,2,331.23,662.46
HITM0015480,HORD004927,PRD0540,1,343.79,343.79
HITM0015481,HORD004927,PRD0417,2,1462.01,2924.02
HITM0015482,HORD004928,PRD0871,2,920.12,1840.24
HITM0015483,HORD004928,PRD0059,1,343.68,343.68
HITM0015484,HORD004929,PRD0148,1,319.75,319.75
HITM0015485,HORD004929,PRD0204,3,759.0,2277.0
HITM0015486,HORD004930,PRD0087,1,1794.89,1794.89
HITM0015487,HORD004930,PRD0849,2,1072.65,2145.3
HITM0015488,HORD004930,PRD0410,2,331.6,663.2
HITM0015489,HORD004931,PRD0376,1,294.68,294.68
HITM0015490,HORD004931,PRD0892,1,1539.6,1539.6
HITM0015491,HORD004932,PRD0065,2,806.18,1612.36
HITM0015492,HORD004932,PRD0209,2,456.39,912.78
HITM0015493,HORD004932,PRD0988,1,461.62,461.62
HITM0015494,HORD004933,PRD0762,2,1723.61,3447.22
HITM0015495,HORD004933,PRD0432,1,571.62,571.62
HITM0015496,HORD004933,PRD0218,1,872.61,872.61
HITM0015497,HORD004934,PRD0371,1,2101.21,2101.21
HITM0015498,HORD004934,PRD0410,1,331.6,331.6
HITM0015499,HORD004935,PRD0439,1,236.05,236.05
HITM0015500,HORD004935,PRD0755,1,842.98,842.98
HITM0015501,HORD004935,PRD0110,1,392.12,392.12
HITM0015502,HORD004936,PRD0182,1,908.42,908.42
HITM0015503,HORD004936,PRD0256,2,42.53,85.06
HITM0015504,HORD004936,PRD0688,1,814.49,814.49
HITM0015505,HORD004937,PRD0213,1,1050.73,1050.73
HITM0015506,HORD004937,PRD0616,2,242.48,484.96
HITM0015507,HORD004937,PRD0235,1,331.23,331.23
HITM0015508,HORD004938,PRD0560,1,114.38,114.38
HITM0015509,HORD004938,PRD0670,2,278.65,557.3
HITM0015510,HORD004938,PRD0796,2,559.87,1119.74
HITM0015511,HORD004939,PRD0056,2,204.63,409.26
HITM0015512,HORD004939,PRD0423,1,371.68,371.68
HITM0015513,HORD004939,PRD0904,1,2754.33,2754.33
HITM0015514,HORD004939,PRD0755,1,842.98,842.98
HITM0015515,HORD004939,PRD0220,1,261.65,261.65
HITM0015516,HORD004940,PRD0466,1,276.92,276.92
HITM0015517,HORD004940,PRD0861,2,2778.32,5556.64
HITM0015518,HORD004940,PRD0276,1,670.27,670.27
HITM0015519,HORD004941,PRD0117,1,654.86,654.86
HITM0015520,HORD004941,PRD0208,1,481.08,481.08
HITM0015521,HORD004941,PRD0652,1,1247.24,1247.24
HITM0015522,HORD004941,PRD0924,2,938.45,1876.9
HITM0015523,HORD004942,PRD0288,2,114.25,228.5
HITM0015524,HORD004942,PRD0385,2,602.62,1205.24
HITM0015525,HORD004942,PRD0035,2,1056.72,2113.44
HITM0015526,HORD004943,PRD0330,2,96.82,193.64
HITM0015527,HORD004943,PRD0624,1,565.88,565.88
HITM0015528,HORD004943,PRD0705,1,369.85,369.85
HITM0015529,HORD004943,PRD0674,3,3470.37,10411.11
HITM0015530,HORD004943,PRD0578,1,307.89,307.89
HITM0015531,HORD004944,PRD0159,1,852.41,852.41
HITM0015532,HORD004944,PRD0027,1,2295.22,2295.22
HITM0015533,HORD004944,PRD0103,1,384.82,384.82
HITM0015534,HORD004944,PRD0802,2,914.18,1828.36
HITM0015535,HORD004945,PRD0416,2,463.25,926.5
HITM0015536,HORD004945,PRD0133,1,362.55,362.55
HITM0015537,HORD004946,PRD0011,1,933.48,933.48
HITM0015538,HORD004946,PRD0364,1,789.55,789.55
HITM0015539,HORD004946,PRD0551,1,3156.44,3156.44
HITM0015540,HORD004946,PRD0520,1,404.65,404.65
HITM0015541,HORD004947,PRD0380,1,340.9,340.9
HITM0015542,HORD004947,PRD0190,1,40.06,40.06
HITM0015543,HORD004947,PRD0248,1,204.13,204.13
HITM0015544,HORD004948,PRD0157,1,93.87,93.87
HITM0015545,HORD004948,PRD0997,1,1521.51,1521.51
HITM0015546,HORD004948,PRD0452,1,353.39,353.39
HITM0015547,HORD004948,PRD0016,1,802.46,802.46
HITM0015548,HORD004948,PRD0066,1,307.12,307.12
HITM0015549,HORD004949,PRD0708,1,119.42,119.42
HITM0015550,HORD004949,PRD0320,1,28.7,28.7
HITM0015551,HORD004949,PRD0583,1,268.64,268.64
HITM0015552,HORD004949,PRD0375,1,1092.09,1092.09
HITM0015553,HORD004950,PRD0777,1,876.73,876.73
HITM0015554,HORD004950,PRD0026,1,720.56,720.56
HITM0015555,HORD004950,PRD0737,2,194.63,389.26
HITM0015556,HORD004950,PRD0555,1,380.47,380.47
HITM0015557,HORD004950,PRD0366,1,111.28,111.28
HITM0015558,HORD004951,PRD0360,1,45.63,45.63
HITM0015559,HORD004951,PRD0996,1,439.4,439.4
HITM0015560,HORD004951,PRD0576,1,31.35,31.35
HITM0015561,HORD004951,PRD0459,3,261.43,784.29
HITM0015562,HORD004951,PRD0859,1,883.33,883.33
HITM0015563,HORD004952,PRD0212,1,1664.12,1664.12
HITM0015564,HORD004952,PRD0578,2,307.89,615.78
HITM0015565,HORD004952,PRD0712,2,810.01,1620.02
HITM0015566,HORD004953,PRD0157,1,93.87,93.87
HITM0015567,HORD004953,PRD0096,1,259.24,259.24
HITM0015568,HORD004953,PRD0126,1,290.8,290.8
HITM0015569,HORD004954,PRD0137,2,814.4,1628.8
HITM0015570,HORD004954,PRD0870,1,96.68,96.68
HITM0015571,HORD004955,PRD0236,1,353.9,353.9
HITM0015572,HORD004955,PRD0483,1,1169.19,1169.19
HITM0015573,HORD004955,PRD0477,2,610.76,1221.52
HITM0015574,HORD004956,PRD0248,1,204.13,204.13
HITM0015575,HORD004956,PRD0866,2,492.83,985.66
HITM0015576,HORD004956,PRD0926,1,532.72,532.72
HITM0015577,HORD004957,PRD0877,1,2091.32,2091.32
HITM0015578,HORD004957,PRD0130,1,167.84,167.84
HITM0015579,HORD004957,PRD0845,1,355.13,355.13
HITM0015580,HORD004958,PRD0260,1,157.69,157.69
HITM0015581,HORD004958,PRD0184,1,1417.97,1417.97
HITM0015582,HORD004958,PRD0706,1,626.5,626.5
HITM0015583,HORD004958,PRD0309,1,1241.8,1241.8
HITM0015584,HORD004959,PRD0152,1,509.94,509.94
HITM0015585,HORD004959,PRD0982,2,807.01,1614.02
HITM0015586,HORD004959,PRD0485,1,381.77,381.77
HITM0015587,HORD004959,PRD0971,1,1081.7,1081.7
HITM0015588,HORD004960,PRD0616,1,242.48,242.48
HITM0015589,HORD004960,PRD0576,1,31.35,31.35
HITM0015590,HORD004960,PRD0159,2,852.41,1704.82
HITM0015591,HORD004960,PRD0546,1,180.12,180.12
HITM0015592,HORD004961,PRD0514,3,3221.3,9663.9
HITM0015593,HORD004961,PRD0602,1,409.98,409.98
HITM0015594,HORD004961,PRD0320,2,28.7,57.4
HITM0015595,HORD004961,PRD0270,1,237.62,237.62
HITM0015596,HORD004961,PRD0698,1,664.05,664.05
HITM0015597,HORD004962,PRD0989,1,71.59,71.59
HITM0015598,HORD004962,PRD0658,1,899.02,899.02
HITM0015599,HORD004962,PRD0961,1,1247.08,1247.08
HITM0015600,HORD004962,PRD0940,1,127.15,127.15
HITM0015601,HORD004962,PRD0890,1,293.06,293.06
HITM0015602,HORD004963,PRD0460,2,354.28,708.56
HITM0015603,HORD004963,PRD0500,1,137.18,137.18
HITM0015604,HORD004963,PRD0823,1,1007.18,1007.18
HITM0015605,HORD004963,PRD0871,1,920.12,920.12
HITM0015606,HORD004964,PRD0190,2,40.06,80.12
HITM0015607,HORD004964,PRD0491,1,2151.39,2151.39
HITM0015608,HORD004964,PRD0517,1,898.69,898.69
HITM0015609,HORD004965,PRD0077,1,1534.37,1534.37
HITM0015610,HORD004965,PRD0620,1,23.82,23.82
HITM0015611,HORD004965,PRD0583,1,268.64,268.64
HITM0015612,HORD004966,PRD0865,1,691.66,691.66
HITM0015613,HORD004966,PRD0007,1,670.94,670.94
HITM0015614,HORD004967,PRD0736,1,773.17,773.17
HITM0015615,HORD004968,PRD0434,1,1657.3,1657.3
HITM0015616,HORD004968,PRD0940,2,127.15,254.3
HITM0015617,HORD004968,PRD0609,2,266.46,532.92
HITM0015618,HORD004969,PRD0985,1,865.22,865.22
HITM0015619,HORD004969,PRD0963,2,541.41,1082.82
HITM0015620,HORD004969,PRD0779,2,736.32,1472.64
HITM0015621,HORD004970,PRD0095,1,894.84,894.84
HITM0015622,HORD004970,PRD0388,2,191.0,382.0
HITM0015623,HORD004971,PRD0096,1,259.24,259.24
HITM0015624,HORD004971,PRD0680,1,146.6,146.6
HITM0015625,HORD004971,PRD0110,2,392.12,784.24
HITM0015626,HORD004971,PRD0292,2,690.26,1380.52
HITM0015627,HORD004971,PRD0995,1,1027.49,1027.49
HITM0015628,HORD004972,PRD0514,1,3221.3,3221.3
HITM0015629,HORD004972,PRD0529,1,923.93,923.93
HITM0015630,HORD004972,PRD0257,2,210.79,421.58
HITM0015631,HORD004973,PRD0133,1,362.55,362.55
HITM0015632,HORD004973,PRD0989,2,71.59,143.18
HITM0015633,HORD004973,PRD0040,1,348.21,348.21
HITM0015634,HORD004974,PRD0502,1,1155.49,1155.49
HITM0015635,HORD004974,PRD0809,1,155.22,155.22
HITM0015636,HORD004974,PRD0324,2,4191.07,8382.14
HITM0015637,HORD004975,PRD0230,1,112.24,112.24
HITM0015638,HORD004975,PRD0938,1,471.07,471.07
HITM0015639,HORD004975,PRD0093,1,619.68,619.68
HITM0015640,HORD004976,PRD0960,2,17.08,34.16
HITM0015641,HORD004976,PRD0277,1,2331.99,2331.99
HITM0015642,HORD004976,PRD0266,1,439.49,439.49
HITM0015643,HORD004977,PRD0881,1,2201.99,2201.99
HITM0015644,HORD004977,PRD0069,1,1254.78,1254.78
HITM0015645,HORD004977,PRD0129,2,763.45,1526.9
HITM0015646,HORD004977,PRD0022,1,473.77,473.77
HITM0015647,HORD004977,PRD0333,1,741.56,741.56
HITM0015648,HORD004978,PRD0577,3,1838.58,5515.74
HITM0015649,HORD004979,PRD0163,1,1233.05,1233.05
HITM0015650,HORD004979,PRD0200,1,317.39,317.39
HITM0015651,HORD004979,PRD0095,2,894.84,1789.68
HITM0015652,HORD004980,PRD0575,1,711.89,711.89
HITM0015653,HORD004980,PRD0425,1,477.89,477.89
HITM0015654,HORD004980,PRD0999,1,719.67,719.67
HITM0015655,HORD004980,PRD0845,1,355.13,355.13
HITM0015656,HORD004981,PRD0314,1,611.18,611.18
HITM0015657,HORD004981,PRD0308,2,798.16,1596.32
HITM0015658,HORD004981,PRD0013,1,291.07,291.07
HITM0015659,HORD004981,PRD0070,1,168.22,168.22
HITM0015660,HORD004982,PRD0933,1,296.95,296.95
HITM0015661,HORD004982,PRD0510,1,225.6,225.6
HITM0015662,HORD004982,PRD0001,1,2686.14,2686.14
HITM0015663,HORD004982,PRD0025,2,689.68,1379.36
HITM0015664,HORD004983,PRD0780,2,307.98,615.96
HITM0015665,HORD004983,PRD0633,2,763.72,1527.44
HITM0015666,HORD004984,PRD0154,1,1730.69,1730.69
HITM0015667,HORD004984,PRD0567,1,69.51,69.51
HITM0015668,HORD004984,PRD0477,1,610.76,610.76
HITM0015669,HORD004985,PRD0675,1,1138.38,1138.38
HITM0015670,HORD004986,PRD0194,1,3461.26,3461.26
HITM0015671,HORD004986,PRD0300,1,51.94,51.94
HITM0015672,HORD004986,PRD0924,1,938.45,938.45
HITM0015673,HORD004987,PRD0920,1,302.87,302.87
HITM0015674,HORD004987,PRD0273,1,1320.37,1320.37
HITM0015675,HORD004987,PRD0600,1,200.67,200.67
HITM0015676,HORD004987,PRD0846,3,428.47,1285.41
HITM0015677,HORD004988,PRD0929,1,114.2,114.2
HITM0015678,HORD004988,PRD0996,1,439.4,439.4
HITM0015679,HORD004988,PRD0325,1,325.22,325.22
HITM0015680,HORD004989,PRD0930,1,307.61,307.61
HITM0015681,HORD004989,PRD0850,2,216.39,432.78
HITM0015682,HORD004989,PRD0028,1,260.37,260.37
HITM0015683,HORD004990,PRD0929,1,114.2,114.2
HITM0015684,HORD004990,PRD0648,2,450.1,900.2
HITM0015685,HORD004991,PRD0430,1,54.36,54.36
HITM0015686,HORD004991,PRD0906,1,755.23,755.23
HITM0015687,HORD004992,PRD0966,1,272.72,272.72
HITM0015688,HORD004993,PRD0143,1,689.45,689.45
HITM0015689,HORD004993,PRD0108,1,937.98,937.98
HITM0015690,HORD004993,PRD0955,1,1036.25,1036.25
HITM0015691,HORD004993,PRD0441,1,2623.08,2623.08
HITM0015692,HORD004994,PRD0616,1,242.48,242.48
HITM0015693,HORD004994,PRD0555,1,380.47,380.47
HITM0015694,HORD004994,PRD0556,1,279.39,279.39
HITM0015695,HORD004995,PRD0406,1,533.79,533.79
HITM0015696,HORD004995,PRD0482,1,1441.83,1441.83
HITM0015697,HORD004995,PRD0536,1,430.74,430.74
HITM0015698,HORD004996,PRD0103,1,384.82,384.82
HITM0015699,HORD004996,PRD0857,1,1578.93,1578.93
HITM0015700,HORD004996,PRD0868,3,421.43,1264.29
HITM0015701,HORD004997,PRD0994,1,2727.51,2727.51
HITM0015702,HORD004997,PRD0071,1,1793.74,1793.74
HITM0015703,HORD004997,PRD0162,1,767.91,767.91
HITM0015704,HORD004998,PRD0820,2,149.51,299.02
HITM0015705,HORD004998,PRD0690,1,344.6,344.6
HITM0015706,HORD004998,PRD0951,1,2970.31,2970.31
HITM0015707,HORD004999,PRD0752,1,1432.08,1432.08
HITM0015708,HORD004999,PRD0537,1,237.18,237.18
HITM0015709,HORD004999,PRD0990,1,164.36,164.36
HITM0015710,HORD005000,PRD0008,1,751.87,751.87
HITM0015711,HORD005000,PRD0062,2,848.94,1697.88
