product_id,product_name,category,brand,unit_price,unit_cost,launch_year,warranty_months,weight_kg,product_sku,subcategory,model_family,colour,supplier_id,supplier_country,launch_date,tax_category,package_type,recyclable_packaging,active_flag,product_description_clean
PRD0001,Candle Bloom 100,Laptop,Candle,2686.14,1498.92,2014,24,1.551,SKU-CAN00001,Ultrabook,Arc,Graphite,SUP001,Australia,2014-06-26,GST_STANDARD,Recycled box,True,True,"ultrabook designed for portable document work and video meetings, in the arc family and supplied by candle with a 24-month warranty."
PRD0002,Vela Halo 101,Smartphone,Vela,1804.26,1165.04,2015,24,0.271,SKU-VEL00002,5G Smartphone,Atlas,Black,SUP002,Korea,2015-05-15,GST_STANDARD,Box,True,True,"5g smartphone designed for daily communication and navigation, in the atlas family and supplied by vela with a 24-month warranty."
PRD0003,Candle Quest 102,Tablet,Candle,857.07,510.69,2012,24,0.632,SKU-CAN00003,Productivity Tablet,Bloom,Black,SUP003,China,2012-09-21,GST_STANDARD,Box,True,True,"productivity tablet designed for reading, annotation and handwritten notes, in the bloom family and supplied by candle with a 24-month warranty."
PRD0004,Vela Wave 103,Home Entertainment,Vela,4084.76,2704.24,2012,24,9.128,SKU-VEL00004,Smart Display,Core,Black,SUP004,Japan,2012-08-14,GST_STANDARD,Box,True,True,"smart display designed for shared film and television viewing, in the core family and supplied by vela with a 24-month warranty."
PRD0005,Candle Edge 104,Audio,Candle,171.8,86.9,2014,12,0.521,SKU-CAN00005,Wireless Audio,Edge,Green,SUP005,Japan,2014-05-19,GST_STANDARD,Box,True,True,"wireless audio designed for commuting and spoken-content listening, in the edge family and supplied by candle with a 12-month warranty."
PRD0006,Vela Nova 105,Smart Home,Vela,520.51,252.74,2017,12,0.388,SKU-VEL00006,Home Automation,Echo,Red,SUP006,Australia,2017-11-13,GST_STANDARD,Recycled box,True,True,"home automation designed for app-controlled room lighting, in the echo family and supplied by vela with a 12-month warranty."
PRD0007,Candle Shift 106,Gaming,Candle,670.94,422.09,2016,24,1.607,SKU-CAN00007,Gaming Hardware,Flux,Graphite,SUP007,Malaysia,2016-01-18,GST_STANDARD,Box,True,False,"gaming hardware designed for long desktop gaming sessions, in the flux family and supplied by candle with a 24-month warranty."
PRD0008,Vela Atlas 107,Wearable,Vela,751.87,414.88,2013,12,0.088,SKU-VEL00008,Health Wearable,Halo,Black,SUP008,Australia,2013-07-23,GST_STANDARD,Protective case,True,True,"health wearable designed for daily activity and sleep tracking, in the halo family and supplied by vela with a 12-month warranty."
PRD0009,Candle Flux 108,Networking,Candle,72.9,45.05,2016,24,0.747,SKU-CAN00009,Connected Network,Lumen,Graphite,SUP009,Japan,2016-10-18,GST_STANDARD,Recycled box,False,True,"connected network designed for home-office wireless coverage, in the lumen family and supplied by candle with a 24-month warranty."
PRD0010,Vela Pulse 109,Accessory,Vela,253.38,132.27,2013,12,0.146,SKU-VEL00010,Mobile Accessory,Nova,Red,SUP010,Malaysia,2013-10-19,GST_STANDARD,Box,False,True,"mobile accessory designed for adjustable desk mounting and device positioning, in the nova family and supplied by vela with a 12-month warranty."
PRD0011,Candle Vista 110,Laptop,Candle,933.48,671.3,2016,24,1.238,SKU-CAN00011,Ultrabook,Orbit,Gold,SUP011,Malaysia,2016-04-03,GST_STANDARD,Box,False,True,"ultrabook designed for study, research and note taking, in the orbit family and supplied by candle with a 24-month warranty."
PRD0012,Vela Core 111,Smartphone,Vela,1136.26,830.67,2014,24,0.23,SKU-VEL00012,5G Smartphone,Pulse,Gold,SUP012,Malaysia,2014-06-22,GST_STANDARD,Protective case,True,True,"5g smartphone designed for mobile photography and messaging, in the pulse family and supplied by vela with a 24-month warranty."
PRD0013,Candle Lumen 112,Tablet,Candle,291.07,156.82,2017,24,0.649,SKU-CAN00013,Productivity Tablet,Quest,White,SUP013,Korea,2017-07-15,GST_STANDARD,Box,True,True,"productivity tablet designed for portable media and video calls, in the quest family and supplied by candle with a 24-month warranty."
PRD0014,Vela Ridge 113,Home Entertainment,Vela,2216.59,1558.07,2016,24,6.216,SKU-VEL00014,Smart Display,Ridge,Silver,SUP014,Vietnam,2016-01-09,GST_STANDARD,Box,True,True,"smart display designed for music and spoken-content playback, in the ridge family and supplied by vela with a 24-month warranty."
PRD0015,Candle Arc 114,Audio,Candle,1188.56,619.51,2012,12,0.433,SKU-CAN00015,Wireless Audio,Shift,Blue,SUP015,Japan,2012-11-01,GST_STANDARD,Protective case,True,True,"wireless audio designed for music during focused desk work, in the shift family and supplied by candle with a 12-month warranty."
PRD0016,Vela Echo 115,Smart Home,Vela,802.46,439.6,2016,12,0.354,SKU-VEL00016,Home Automation,Spark,Red,SUP016,Australia,2016-06-16,GST_STANDARD,Protective case,True,True,"home automation designed for scheduled control of a household power outlet, in the spark family and supplied by vela with a 12-month warranty."
PRD0017,Candle Orbit 116,Gaming,Candle,420.96,274.21,2015,24,1.513,SKU-CAN00017,Gaming Hardware,Vista,Blue,SUP017,Japan,2015-03-06,GST_STANDARD,Protective case,True,True,"gaming hardware designed for casual games in a shared room, in the vista family and supplied by candle with a 24-month warranty."
PRD0018,Vela Spark 117,Wearable,Vela,783.79,436.82,2016,12,0.09,SKU-VEL00018,Health Wearable,Wave,Gold,SUP018,Australia,2016-03-17,GST_STANDARD,Box,False,True,"health wearable designed for walking and commute notifications, in the wave family and supplied by vela with a 12-month warranty."
PRD0019,Candle Bloom 118,Networking,Candle,708.96,489.1,2014,24,0.781,SKU-CAN00019,Connected Network,Arc,Green,SUP019,Vietnam,2014-04-04,GST_STANDARD,Recycled box,True,True,"connected network designed for connecting several shared household devices, in the arc family and supplied by candle with a 24-month warranty."
PRD0020,Vela Halo 119,Accessory,Vela,277.78,164.65,2012,12,0.239,SKU-VEL00020,Mobile Accessory,Atlas,Gold,SUP020,Australia,2012-10-05,GST_STANDARD,Recycled box,True,True,"mobile accessory designed for protective storage during travel, in the atlas family and supplied by vela with a 12-month warranty."
PRD0021,Candle Quest 120,Laptop,Candle,1354.38,942.33,2012,24,1.501,SKU-CAN00021,Ultrabook,Bloom,White,SUP021,Japan,2012-09-09,GST_STANDARD,Protective case,False,True,"ultrabook designed for creative projects and media editing, in the bloom family and supplied by candle with a 24-month warranty."
PRD0022,Vela Wave 121,Smartphone,Vela,473.77,281.41,2015,24,0.236,SKU-VEL00022,5G Smartphone,Core,White,SUP022,Vietnam,2015-08-25,GST_STANDARD,Box,True,True,"5g smartphone designed for work calls and calendar management, in the core family and supplied by vela with a 24-month warranty."
PRD0023,Candle Edge 122,Tablet,Candle,394.6,223.12,2015,24,0.62,SKU-CAN00023,Productivity Tablet,Edge,Red,SUP023,Malaysia,2015-05-12,GST_STANDARD,Protective case,True,True,"productivity tablet designed for field forms and client presentations, in the edge family and supplied by candle with a 24-month warranty."
PRD0024,Vela Nova 123,Home Entertainment,Vela,3206.81,2413.22,2016,24,8.938,SKU-VEL00024,Smart Display,Echo,Blue,SUP024,Japan,2016-03-26,GST_STANDARD,Protective case,False,True,"smart display designed for family media streaming, in the echo family and supplied by vela with a 24-month warranty."
PRD0025,Candle Shift 124,Audio,Candle,689.68,474.28,2012,12,0.644,SKU-CAN00025,Wireless Audio,Flux,Graphite,SUP025,Vietnam,2012-07-23,GST_STANDARD,Box,True,True,"wireless audio designed for video calls and online classes, in the flux family and supplied by candle with a 12-month warranty."
PRD0026,Vela Atlas 125,Smart Home,Vela,720.56,503.64,2013,12,0.468,SKU-VEL00026,Home Automation,Halo,Graphite,SUP026,China,2013-03-18,GST_STANDARD,Box,False,True,"home automation designed for indoor temperature and humidity monitoring, in the halo family and supplied by vela with a 12-month warranty."
PRD0027,Candle Flux 126,Gaming,Candle,2295.22,1354.85,2017,24,1.386,SKU-CAN00027,Gaming Hardware,Lumen,Gold,SUP027,Vietnam,2017-09-09,GST_STANDARD,Recycled box,False,True,"gaming hardware designed for competitive play and voice communication, in the lumen family and supplied by candle with a 24-month warranty."
PRD0028,Vela Pulse 127,Wearable,Vela,260.37,188.65,2016,12,0.092,SKU-VEL00028,Health Wearable,Nova,Green,SUP028,Vietnam,2016-02-12,GST_STANDARD,Recycled box,True,True,"health wearable designed for exercise session summaries, in the nova family and supplied by vela with a 12-month warranty."
PRD0029,Candle Vista 128,Networking,Candle,853.57,534.76,2013,24,0.784,SKU-CAN00029,Connected Network,Orbit,Red,SUP029,China,2013-05-27,GST_STANDARD,Protective case,True,True,"connected network designed for video meetings and media streaming, in the orbit family and supplied by candle with a 24-month warranty."
PRD0030,Vela Core 129,Accessory,Vela,278.37,135.73,2014,12,0.218,SKU-VEL00030,Mobile Accessory,Pulse,Graphite,SUP030,Japan,2014-11-01,GST_STANDARD,Recycled box,False,True,"mobile accessory designed for charging-cable organisation, in the pulse family and supplied by vela with a 12-month warranty."
PRD0031,Candle Lumen 130,Laptop,Candle,2301.05,1171.88,2016,24,1.307,SKU-CAN00031,Ultrabook,Quest,Green,SUP031,Australia,2016-10-22,GST_STANDARD,Protective case,False,True,"ultrabook designed for shared home-office administration, in the quest family and supplied by candle with a 24-month warranty."
PRD0032,Vela Ridge 131,Smartphone,Vela,332.03,179.4,2014,24,0.179,SKU-VEL00032,5G Smartphone,Ridge,Green,SUP032,Vietnam,2014-01-23,GST_STANDARD,Box,True,True,"5g smartphone designed for travel planning and media use, in the ridge family and supplied by vela with a 24-month warranty."
PRD0033,Candle Arc 132,Tablet,Candle,1345.52,893.86,2015,24,0.533,SKU-CAN00033,Productivity Tablet,Shift,Green,SUP033,Australia,2015-08-17,GST_STANDARD,Protective case,True,True,"productivity tablet designed for family learning and shared browsing, in the shift family and supplied by candle with a 24-month warranty."
PRD0034,Vela Echo 133,Home Entertainment,Vela,3531.96,1829.75,2014,24,5.465,SKU-VEL00034,Smart Display,Spark,Gold,SUP034,Japan,2014-06-23,GST_STANDARD,Recycled box,True,True,"smart display designed for casual living-room gaming, in the spark family and supplied by vela with a 24-month warranty."
PRD0035,Candle Orbit 134,Audio,Candle,1056.72,730.87,2013,12,0.491,SKU-CAN00035,Wireless Audio,Vista,Blue,SUP035,Malaysia,2013-01-09,GST_STANDARD,Protective case,True,True,"wireless audio designed for shared-room music playback, in the vista family and supplied by candle with a 12-month warranty."
PRD0036,Vela Spark 135,Smart Home,Vela,115.89,76.46,2016,12,0.465,SKU-VEL00036,Home Automation,Wave,White,SUP036,Korea,2016-11-07,GST_STANDARD,Protective case,True,True,"home automation designed for door and window activity alerts, in the wave family and supplied by vela with a 12-month warranty."
PRD0037,Candle Bloom 136,Gaming,Candle,953.09,705.41,2012,24,1.354,SKU-CAN00037,Gaming Hardware,Arc,Black,SUP037,Japan,2012-08-12,GST_STANDARD,Protective case,False,True,"gaming hardware designed for portable gaming and travel, in the arc family and supplied by candle with a 24-month warranty."
PRD0038,Vela Halo 137,Wearable,Vela,553.02,351.06,2015,12,0.102,SKU-VEL00038,Health Wearable,Atlas,Gold,SUP001,Korea,2015-01-01,GST_STANDARD,Box,True,True,"health wearable designed for calendar alerts and quick message checks, in the atlas family and supplied by vela with a 12-month warranty."
PRD0039,Candle Quest 138,Networking,Candle,1008.92,627.0,2014,24,0.64,SKU-CAN00039,Connected Network,Bloom,Red,SUP002,China,2014-01-18,GST_STANDARD,Recycled box,True,True,"connected network designed for guest-network and device management, in the bloom family and supplied by candle with a 24-month warranty."
PRD0040,Vela Wave 139,Accessory,Vela,348.21,246.75,2014,12,0.17,SKU-VEL00040,Mobile Accessory,Core,Green,SUP003,China,2014-08-13,GST_STANDARD,Protective case,False,True,"mobile accessory designed for connecting several devices through one compact adapter, in the core family and supplied by vela with a 12-month warranty."
PRD0041,Candle Edge 140,Laptop,Candle,1567.72,980.42,2013,24,1.261,SKU-CAN00041,Ultrabook,Edge,Gold,SUP004,Vietnam,2013-09-01,GST_STANDARD,Box,True,True,"ultrabook designed for travel-based work and presentations, in the edge family and supplied by candle with a 24-month warranty."
PRD0042,Vela Nova 141,Smartphone,Vela,1767.57,1209.17,2014,24,0.194,SKU-VEL00042,5G Smartphone,Echo,Gold,SUP005,Australia,2014-03-11,GST_STANDARD,Box,True,True,"5g smartphone designed for family communication and casual apps, in the echo family and supplied by vela with a 24-month warranty."
PRD0043,Candle Shift 142,Tablet,Candle,634.32,314.19,2013,24,0.57,SKU-CAN00043,Productivity Tablet,Flux,Silver,SUP006,Korea,2013-03-05,GST_STANDARD,Recycled box,True,True,"productivity tablet designed for drawing and lightweight creative work, in the flux family and supplied by candle with a 24-month warranty."
PRD0044,Vela Atlas 143,Home Entertainment,Vela,4145.78,3075.52,2016,24,9.33,SKU-VEL00044,Smart Display,Halo,Blue,SUP007,China,2016-07-23,GST_STANDARD,Box,False,True,"smart display designed for presentations and photo viewing, in the halo family and supplied by vela with a 24-month warranty."
PRD0045,Candle Flux 144,Audio,Candle,368.84,258.08,2014,12,0.378,SKU-CAN00045,Wireless Audio,Lumen,Red,SUP008,Korea,2014-11-12,GST_STANDARD,Recycled box,True,True,"wireless audio designed for long listening sessions at home, in the lumen family and supplied by candle with a 12-month warranty."
PRD0046,Vela Pulse 145,Smart Home,Vela,789.29,420.39,2013,12,0.357,SKU-VEL00046,Home Automation,Nova,Blue,SUP009,Malaysia,2013-04-22,GST_STANDARD,Box,True,True,"home automation designed for automated blind and curtain routines, in the nova family and supplied by vela with a 12-month warranty."
PRD0047,Candle Vista 146,Gaming,Candle,859.23,569.1,2014,24,1.107,SKU-CAN00047,Gaming Hardware,Orbit,Silver,SUP010,Korea,2014-11-05,GST_STANDARD,Recycled box,True,True,"gaming hardware designed for game streaming and media capture, in the orbit family and supplied by candle with a 24-month warranty."
PRD0048,Vela Core 147,Wearable,Vela,533.35,270.72,2012,12,0.136,SKU-VEL00048,Health Wearable,Pulse,White,SUP011,Korea,2012-02-04,GST_STANDARD,Protective case,True,True,"health wearable designed for habit reminders and everyday timekeeping, in the pulse family and supplied by vela with a 12-month warranty."
PRD0049,Candle Lumen 148,Networking,Candle,578.63,382.79,2012,24,0.95,SKU-CAN00049,Connected Network,Quest,Red,SUP012,Korea,2012-01-05,GST_STANDARD,Protective case,False,True,"connected network designed for extending coverage between rooms, in the quest family and supplied by candle with a 24-month warranty."
PRD0050,Vela Ridge 149,Accessory,Vela,409.65,232.63,2015,12,0.216,SKU-VEL00050,Mobile Accessory,Ridge,Graphite,SUP013,Malaysia,2015-07-13,GST_STANDARD,Recycled box,True,False,"mobile accessory designed for hands-free device support in a shared workspace, in the ridge family and supplied by vela with a 12-month warranty."
PRD0051,Candle Arc 150,Laptop,Candle,2503.01,1262.42,2013,24,1.858,SKU-CAN00051,Ultrabook,Shift,Silver,SUP014,China,2013-01-16,GST_STANDARD,Recycled box,True,True,"ultrabook designed for portable document work and video meetings, in the shift family and supplied by candle with a 24-month warranty."
PRD0052,Vela Echo 151,Smartphone,Vela,502.9,369.63,2014,24,0.214,SKU-VEL00052,5G Smartphone,Spark,Black,SUP015,Japan,2014-04-25,GST_STANDARD,Recycled box,True,True,"5g smartphone designed for daily communication and navigation, in the spark family and supplied by vela with a 24-month warranty."
PRD0053,Candle Orbit 152,Tablet,Candle,1382.46,699.01,2012,24,0.478,SKU-CAN00053,Productivity Tablet,Vista,White,SUP016,Korea,2012-11-27,GST_STANDARD,Protective case,True,True,"productivity tablet designed for reading, annotation and handwritten notes, in the vista family and supplied by candle with a 24-month warranty."
PRD0054,Vela Spark 153,Home Entertainment,Vela,821.51,519.11,2013,24,7.032,SKU-VEL00054,Smart Display,Wave,Blue,SUP017,Korea,2013-10-13,GST_STANDARD,Recycled box,True,True,"smart display designed for shared film and television viewing, in the wave family and supplied by vela with a 24-month warranty."
PRD0055,Candle Bloom 154,Audio,Candle,1019.33,696.36,2016,12,0.379,SKU-CAN00055,Wireless Audio,Arc,Gold,SUP018,China,2016-10-22,GST_STANDARD,Protective case,False,True,"wireless audio designed for commuting and spoken-content listening, in the arc family and supplied by candle with a 12-month warranty."
PRD0056,Vela Halo 155,Smart Home,Vela,204.63,106.17,2014,12,0.26,SKU-VEL00056,Home Automation,Atlas,White,SUP019,Japan,2014-05-06,GST_STANDARD,Recycled box,True,True,"home automation designed for app-controlled room lighting, in the atlas family and supplied by vela with a 12-month warranty."
PRD0057,Candle Quest 156,Gaming,Candle,2000.1,1478.55,2016,24,1.583,SKU-CAN00057,Gaming Hardware,Bloom,Blue,SUP020,Japan,2016-11-17,GST_STANDARD,Recycled box,False,True,"gaming hardware designed for long desktop gaming sessions, in the bloom family and supplied by candle with a 24-month warranty."
PRD0058,Vela Wave 157,Wearable,Vela,774.04,473.1,2017,12,0.159,SKU-VEL00058,Health Wearable,Core,Graphite,SUP021,China,2017-02-21,GST_STANDARD,Box,True,True,"health wearable designed for daily activity and sleep tracking, in the core family and supplied by vela with a 12-month warranty."
PRD0059,Candle Edge 158,Networking,Candle,343.68,174.49,2016,24,0.872,SKU-CAN00059,Connected Network,Edge,Green,SUP022,Japan,2016-03-26,GST_STANDARD,Box,True,True,"connected network designed for home-office wireless coverage, in the edge family and supplied by candle with a 24-month warranty."
PRD0060,Vela Nova 159,Accessory,Vela,412.3,209.76,2015,12,0.178,SKU-VEL00060,Mobile Accessory,Echo,White,SUP023,China,2015-06-23,GST_STANDARD,Box,True,True,"mobile accessory designed for adjustable desk mounting and device positioning, in the echo family and supplied by vela with a 12-month warranty."
PRD0061,Candle Shift 160,Laptop,Candle,1919.38,1379.99,2012,24,1.517,SKU-CAN00061,Ultrabook,Flux,White,SUP024,Vietnam,2012-04-18,GST_STANDARD,Box,True,True,"ultrabook designed for study, research and note taking, in the flux family and supplied by candle with a 24-month warranty."
PRD0062,Vela Atlas 161,Smartphone,Vela,848.94,531.87,2017,24,0.23,SKU-VEL00062,5G Smartphone,Halo,White,SUP025,China,2017-08-03,GST_STANDARD,Box,True,True,"5g smartphone designed for mobile photography and messaging, in the halo family and supplied by vela with a 24-month warranty."
PRD0063,Candle Flux 162,Tablet,Candle,951.82,606.45,2014,24,0.774,SKU-CAN00063,Productivity Tablet,Lumen,Silver,SUP026,Korea,2014-06-02,GST_STANDARD,Recycled box,True,True,"productivity tablet designed for portable media and video calls, in the lumen family and supplied by candle with a 24-month warranty."
PRD0064,Vela Pulse 163,Home Entertainment,Vela,2568.99,1901.64,2017,24,10.016,SKU-VEL00064,Smart Display,Nova,Blue,SUP027,Malaysia,2017-03-09,GST_STANDARD,Box,False,True,"smart display designed for music and spoken-content playback, in the nova family and supplied by vela with a 24-month warranty."
PRD0065,Candle Vista 164,Audio,Candle,806.18,430.95,2012,12,0.42,SKU-CAN00065,Wireless Audio,Orbit,Graphite,SUP028,Malaysia,2012-02-17,GST_STANDARD,Box,True,True,"wireless audio designed for music during focused desk work, in the orbit family and supplied by candle with a 12-month warranty."
PRD0066,Vela Core 165,Smart Home,Vela,307.12,175.24,2014,12,0.432,SKU-VEL00066,Home Automation,Pulse,White,SUP029,Vietnam,2014-01-17,GST_STANDARD,Recycled box,True,True,"home automation designed for scheduled control of a household power outlet, in the pulse family and supplied by vela with a 12-month warranty."
PRD0067,Candle Lumen 166,Gaming,Candle,974.43,734.29,2013,24,0.992,SKU-CAN00067,Gaming Hardware,Quest,Silver,SUP030,Korea,2013-07-16,GST_STANDARD,Recycled box,True,True,"gaming hardware designed for casual games in a shared room, in the quest family and supplied by candle with a 24-month warranty."
PRD0068,Vela Ridge 167,Wearable,Vela,980.14,476.53,2012,12,0.137,SKU-VEL00068,Health Wearable,Ridge,White,SUP031,Vietnam,2012-11-06,GST_STANDARD,Protective case,True,True,"health wearable designed for walking and commute notifications, in the ridge family and supplied by vela with a 12-month warranty."
PRD0069,Candle Arc 168,Networking,Candle,1254.78,618.5,2017,24,0.666,SKU-CAN00069,Connected Network,Shift,Graphite,SUP032,Korea,2017-07-18,GST_STANDARD,Box,True,True,"connected network designed for connecting several shared household devices, in the shift family and supplied by candle with a 24-month warranty."
PRD0070,Vela Echo 169,Accessory,Vela,168.22,89.59,2012,12,0.187,SKU-VEL00070,Mobile Accessory,Spark,Green,SUP033,Vietnam,2012-01-27,GST_STANDARD,Protective case,True,True,"mobile accessory designed for protective storage during travel, in the spark family and supplied by vela with a 12-month warranty."
PRD0071,Candle Orbit 170,Laptop,Candle,1793.74,1037.76,2017,24,1.277,SKU-CAN00071,Ultrabook,Vista,Blue,SUP034,Vietnam,2017-07-18,GST_STANDARD,Protective case,True,True,"ultrabook designed for creative projects and media editing, in the vista family and supplied by candle with a 24-month warranty."
PRD0072,Vela Spark 171,Smartphone,Vela,1587.43,887.85,2013,24,0.266,SKU-VEL00072,5G Smartphone,Wave,Green,SUP035,Malaysia,2013-04-25,GST_STANDARD,Recycled box,True,True,"5g smartphone designed for work calls and calendar management, in the wave family and supplied by vela with a 24-month warranty."
PRD0073,Candle Bloom 172,Tablet,Candle,674.71,371.74,2013,24,0.477,SKU-CAN00073,Productivity Tablet,Arc,White,SUP036,Vietnam,2013-06-07,GST_STANDARD,Box,False,True,"productivity tablet designed for field forms and client presentations, in the arc family and supplied by candle with a 24-month warranty."
PRD0074,Vela Halo 173,Home Entertainment,Vela,899.01,572.68,2014,24,5.464,SKU-VEL00074,Smart Display,Atlas,White,SUP037,Vietnam,2014-09-20,GST_STANDARD,Protective case,False,True,"smart display designed for family media streaming, in the atlas family and supplied by vela with a 24-month warranty."
PRD0075,Candle Quest 174,Audio,Candle,417.39,303.38,2012,12,0.534,SKU-CAN00075,Wireless Audio,Bloom,Graphite,SUP001,Malaysia,2012-05-16,GST_STANDARD,Box,True,True,"wireless audio designed for video calls and online classes, in the bloom family and supplied by candle with a 12-month warranty."
PRD0076,Vela Wave 175,Smart Home,Vela,602.32,418.94,2015,12,0.289,SKU-VEL00076,Home Automation,Core,Green,SUP002,Vietnam,2015-08-20,GST_STANDARD,Recycled box,True,True,"home automation designed for indoor temperature and humidity monitoring, in the core family and supplied by vela with a 12-month warranty."
PRD0077,Candle Edge 176,Gaming,Candle,1534.37,771.99,2013,24,1.268,SKU-CAN00077,Gaming Hardware,Edge,Red,SUP003,Japan,2013-01-19,GST_STANDARD,Box,True,True,"gaming hardware designed for competitive play and voice communication, in the edge family and supplied by candle with a 24-month warranty."
PRD0078,Vela Nova 177,Wearable,Vela,991.52,648.82,2017,12,0.12,SKU-VEL00078,Health Wearable,Echo,Green,SUP004,Japan,2017-06-23,GST_STANDARD,Protective case,False,True,"health wearable designed for exercise session summaries, in the echo family and supplied by vela with a 12-month warranty."
PRD0079,Candle Shift 178,Networking,Candle,211.26,123.45,2014,24,0.788,SKU-CAN00079,Connected Network,Flux,Silver,SUP005,Japan,2014-08-14,GST_STANDARD,Recycled box,True,True,"connected network designed for video meetings and media streaming, in the flux family and supplied by candle with a 24-month warranty."
PRD0080,Vela Atlas 179,Accessory,Vela,302.02,157.79,2013,12,0.23,SKU-VEL00080,Mobile Accessory,Halo,Black,SUP006,China,2013-11-16,GST_STANDARD,Protective case,True,True,"mobile accessory designed for charging-cable organisation, in the halo family and supplied by vela with a 12-month warranty."
PRD0081,Candle Flux 180,Laptop,Candle,1775.5,1115.37,2015,24,1.629,SKU-CAN00081,Ultrabook,Lumen,Green,SUP007,Korea,2015-04-18,GST_STANDARD,Protective case,True,True,"ultrabook designed for shared home-office administration, in the lumen family and supplied by candle with a 24-month warranty."
PRD0082,Vela Pulse 181,Smartphone,Vela,411.13,216.2,2015,24,0.238,SKU-VEL00082,5G Smartphone,Nova,Blue,SUP008,Vietnam,2015-11-24,GST_STANDARD,Recycled box,True,True,"5g smartphone designed for travel planning and media use, in the nova family and supplied by vela with a 24-month warranty."
PRD0083,Candle Vista 182,Tablet,Candle,1520.68,975.87,2015,24,0.792,SKU-CAN00083,Productivity Tablet,Orbit,White,SUP009,Japan,2015-01-14,GST_STANDARD,Recycled box,True,True,"productivity tablet designed for family learning and shared browsing, in the orbit family and supplied by candle with a 24-month warranty."
PRD0084,Vela Core 183,Home Entertainment,Vela,854.14,594.17,2016,24,6.203,SKU-VEL00084,Smart Display,Pulse,Gold,SUP010,Malaysia,2016-10-14,GST_STANDARD,Box,True,True,"smart display designed for casual living-room gaming, in the pulse family and supplied by vela with a 24-month warranty."
PRD0085,Candle Lumen 184,Audio,Candle,195.1,147.15,2017,12,0.362,SKU-CAN00085,Wireless Audio,Quest,Blue,SUP011,Malaysia,2017-07-10,GST_STANDARD,Protective case,False,True,"wireless audio designed for shared-room music playback, in the quest family and supplied by candle with a 12-month warranty."
PRD0086,Vela Ridge 185,Smart Home,Vela,372.14,253.03,2012,12,0.374,SKU-VEL00086,Home Automation,Ridge,Graphite,SUP012,Vietnam,2012-06-20,GST_STANDARD,Recycled box,True,True,"home automation designed for door and window activity alerts, in the ridge family and supplied by vela with a 12-month warranty."
PRD0087,Candle Arc 186,Gaming,Candle,1794.89,1052.73,2012,24,1.211,SKU-CAN00087,Gaming Hardware,Shift,White,SUP013,Malaysia,2012-02-20,GST_STANDARD,Box,False,True,"gaming hardware designed for portable gaming and travel, in the shift family and supplied by candle with a 24-month warranty."
PRD0088,Vela Echo 187,Wearable,Vela,994.41,518.28,2014,12,0.106,SKU-VEL00088,Health Wearable,Spark,Graphite,SUP014,Korea,2014-07-08,GST_STANDARD,Protective case,True,True,"health wearable designed for calendar alerts and quick message checks, in the spark family and supplied by vela with a 12-month warranty."
PRD0089,Candle Orbit 188,Networking,Candle,462.29,291.95,2012,24,0.752,SKU-CAN00089,Connected Network,Vista,Red,SUP015,Vietnam,2012-10-21,GST_STANDARD,Recycled box,True,True,"connected network designed for guest-network and device management, in the vista family and supplied by candle with a 24-month warranty."
PRD0090,Vela Spark 189,Accessory,Vela,306.45,151.11,2015,12,0.153,SKU-VEL00090,Mobile Accessory,Wave,Graphite,SUP016,Vietnam,2015-09-07,GST_STANDARD,Recycled box,True,True,"mobile accessory designed for connecting several devices through one compact adapter, in the wave family and supplied by vela with a 12-month warranty."
PRD0091,Candle Bloom 190,Laptop,Candle,1365.66,829.13,2015,24,1.542,SKU-CAN00091,Ultrabook,Arc,Green,SUP017,China,2015-01-15,GST_STANDARD,Protective case,True,True,"ultrabook designed for travel-based work and presentations, in the arc family and supplied by candle with a 24-month warranty."
PRD0092,Vela Halo 191,Smartphone,Vela,1240.54,627.46,2013,24,0.16,SKU-VEL00092,5G Smartphone,Atlas,Green,SUP018,Japan,2013-07-17,GST_STANDARD,Recycled box,False,True,"5g smartphone designed for family communication and casual apps, in the atlas family and supplied by vela with a 24-month warranty."
PRD0093,Candle Quest 192,Tablet,Candle,619.68,361.27,2012,24,0.795,SKU-CAN00093,Productivity Tablet,Bloom,Graphite,SUP019,Korea,2012-10-12,GST_STANDARD,Recycled box,True,True,"productivity tablet designed for drawing and lightweight creative work, in the bloom family and supplied by candle with a 24-month warranty."
PRD0094,Vela Wave 193,Home Entertainment,Vela,2315.3,1512.64,2015,24,9.301,SKU-VEL00094,Smart Display,Core,Graphite,SUP020,Australia,2015-10-25,GST_STANDARD,Box,True,False,"smart display designed for presentations and photo viewing, in the core family and supplied by vela with a 24-month warranty."
PRD0095,Candle Edge 194,Audio,Candle,894.84,471.98,2017,12,0.382,SKU-CAN00095,Wireless Audio,Edge,Green,SUP021,China,2017-07-14,GST_STANDARD,Recycled box,True,True,"wireless audio designed for long listening sessions at home, in the edge family and supplied by candle with a 12-month warranty."
PRD0096,Vela Nova 195,Smart Home,Vela,259.24,133.38,2017,12,0.29,SKU-VEL00096,Home Automation,Echo,Silver,SUP022,Korea,2017-05-10,GST_STANDARD,Box,True,True,"home automation designed for automated blind and curtain routines, in the echo family and supplied by vela with a 12-month warranty."
PRD0097,Candle Shift 196,Gaming,Candle,2213.08,1365.77,2013,24,1.584,SKU-CAN00097,Gaming Hardware,Flux,White,SUP023,Australia,2013-03-12,GST_STANDARD,Box,False,True,"gaming hardware designed for game streaming and media capture, in the flux family and supplied by candle with a 24-month warranty."
PRD0098,Vela Atlas 197,Wearable,Vela,968.99,501.63,2014,12,0.116,SKU-VEL00098,Health Wearable,Halo,Graphite,SUP024,Malaysia,2014-11-11,GST_STANDARD,Recycled box,True,True,"health wearable designed for habit reminders and everyday timekeeping, in the halo family and supplied by vela with a 12-month warranty."
PRD0099,Candle Flux 198,Networking,Candle,1059.78,599.41,2012,24,0.673,SKU-CAN00099,Connected Network,Lumen,Black,SUP025,Vietnam,2012-11-20,GST_STANDARD,Protective case,True,True,"connected network designed for extending coverage between rooms, in the lumen family and supplied by candle with a 24-month warranty."
PRD0100,Vela Pulse 199,Accessory,Vela,252.99,173.61,2012,12,0.173,SKU-VEL00100,Mobile Accessory,Nova,Black,SUP026,Vietnam,2012-01-26,GST_STANDARD,Recycled box,True,True,"mobile accessory designed for hands-free device support in a shared workspace, in the nova family and supplied by vela with a 12-month warranty."
PRD0101,Candle Vista 200,Laptop,Candle,1370.24,1013.13,2013,24,1.488,SKU-CAN00101,Ultrabook,Orbit,White,SUP027,Vietnam,2013-07-18,GST_STANDARD,Recycled box,True,True,"ultrabook designed for portable document work and video meetings, in the orbit family and supplied by candle with a 24-month warranty."
PRD0102,Vela Core 201,Smartphone,Vela,1782.17,1055.89,2015,24,0.281,SKU-VEL00102,5G Smartphone,Pulse,Gold,SUP028,Japan,2015-08-13,GST_STANDARD,Box,True,True,"5g smartphone designed for daily communication and navigation, in the pulse family and supplied by vela with a 24-month warranty."
PRD0103,Candle Lumen 202,Tablet,Candle,384.82,187.23,2015,24,0.755,SKU-CAN00103,Productivity Tablet,Quest,Blue,SUP029,China,2015-02-09,GST_STANDARD,Protective case,True,True,"productivity tablet designed for reading, annotation and handwritten notes, in the quest family and supplied by candle with a 24-month warranty."
PRD0104,Vela Ridge 203,Home Entertainment,Vela,2480.22,1284.26,2015,24,10.072,SKU-VEL00104,Smart Display,Ridge,Graphite,SUP030,Malaysia,2015-05-11,GST_STANDARD,Box,False,True,"smart display designed for shared film and television viewing, in the ridge family and supplied by vela with a 24-month warranty."
PRD0105,Candle Arc 204,Audio,Candle,655.02,345.46,2012,12,0.473,SKU-CAN00105,Wireless Audio,Shift,Green,SUP031,Malaysia,2012-09-17,GST_STANDARD,Box,True,True,"wireless audio designed for commuting and spoken-content listening, in the shift family and supplied by candle with a 12-month warranty."
PRD0106,Vela Echo 205,Smart Home,Vela,203.27,100.93,2016,12,0.285,SKU-VEL00106,Home Automation,Spark,Gold,SUP032,Malaysia,2016-09-23,GST_STANDARD,Box,True,True,"home automation designed for app-controlled room lighting, in the spark family and supplied by vela with a 12-month warranty."
PRD0107,Candle Orbit 206,Gaming,Candle,1356.63,752.76,2017,24,1.388,SKU-CAN00107,Gaming Hardware,Vista,Blue,SUP033,Japan,2017-02-10,GST_STANDARD,Box,True,True,"gaming hardware designed for long desktop gaming sessions, in the vista family and supplied by candle with a 24-month warranty."
PRD0108,Vela Spark 207,Wearable,Vela,937.98,655.66,2014,12,0.154,SKU-VEL00108,Health Wearable,Wave,White,SUP034,China,2014-11-15,GST_STANDARD,Box,False,True,"health wearable designed for daily activity and sleep tracking, in the wave family and supplied by vela with a 12-month warranty."
PRD0109,Candle Bloom 208,Networking,Candle,732.2,390.02,2014,24,0.767,SKU-CAN00109,Connected Network,Arc,Blue,SUP035,China,2014-07-03,GST_STANDARD,Protective case,True,True,"connected network designed for home-office wireless coverage, in the arc family and supplied by candle with a 24-month warranty."
PRD0110,Vela Halo 209,Accessory,Vela,392.12,223.52,2014,12,0.246,SKU-VEL00110,Mobile Accessory,Atlas,Red,SUP036,Korea,2014-02-27,GST_STANDARD,Box,True,True,"mobile accessory designed for adjustable desk mounting and device positioning, in the atlas family and supplied by vela with a 12-month warranty."
PRD0111,Candle Quest 210,Laptop,Candle,2559.72,1690.52,2013,24,1.805,SKU-CAN00111,Ultrabook,Bloom,Silver,SUP037,Vietnam,2013-12-17,GST_STANDARD,Recycled box,True,True,"ultrabook designed for study, research and note taking, in the bloom family and supplied by candle with a 24-month warranty."
PRD0112,Vela Wave 211,Smartphone,Vela,1848.06,1289.64,2013,24,0.183,SKU-VEL00112,5G Smartphone,Core,Red,SUP001,Malaysia,2013-02-15,GST_STANDARD,Box,True,True,"5g smartphone designed for mobile photography and messaging, in the core family and supplied by vela with a 24-month warranty."
PRD0113,Candle Edge 212,Tablet,Candle,1263.27,797.22,2013,24,0.479,SKU-CAN00113,Productivity Tablet,Edge,Silver,SUP002,Vietnam,2013-04-10,GST_STANDARD,Recycled box,True,True,"productivity tablet designed for portable media and video calls, in the edge family and supplied by candle with a 24-month warranty."
PRD0114,Vela Nova 213,Home Entertainment,Vela,3188.59,2411.55,2014,24,5.433,SKU-VEL00114,Smart Display,Echo,Gold,SUP003,Korea,2014-04-02,GST_STANDARD,Box,False,True,"smart display designed for music and spoken-content playback, in the echo family and supplied by vela with a 24-month warranty."
PRD0115,Candle Shift 214,Audio,Candle,630.18,360.31,2017,12,0.562,SKU-CAN00115,Wireless Audio,Flux,Gold,SUP004,Malaysia,2017-01-04,GST_STANDARD,Recycled box,True,True,"wireless audio designed for music during focused desk work, in the flux family and supplied by candle with a 12-month warranty."
PRD0116,Vela Atlas 215,Smart Home,Vela,182.09,109.53,2013,12,0.392,SKU-VEL00116,Home Automation,Halo,Gold,SUP005,Korea,2013-02-27,GST_STANDARD,Box,True,True,"home automation designed for scheduled control of a household power outlet, in the halo family and supplied by vela with a 12-month warranty."
PRD0117,Candle Flux 216,Gaming,Candle,654.86,343.44,2017,24,1.365,SKU-CAN00117,Gaming Hardware,Lumen,Green,SUP006,Japan,2017-10-10,GST_STANDARD,Recycled box,True,True,"gaming hardware designed for casual games in a shared room, in the lumen family and supplied by candle with a 24-month warranty."
PRD0118,Vela Pulse 217,Wearable,Vela,184.23,128.37,2013,12,0.149,SKU-VEL00118,Health Wearable,Nova,Green,SUP007,China,2013-03-12,GST_STANDARD,Protective case,False,True,"health wearable designed for walking and commute notifications, in the nova family and supplied by vela with a 12-month warranty."
PRD0119,Candle Vista 218,Networking,Candle,752.72,536.45,2015,24,0.729,SKU-CAN00119,Connected Network,Orbit,Green,SUP008,Japan,2015-09-22,GST_STANDARD,Recycled box,True,True,"connected network designed for connecting several shared household devices, in the orbit family and supplied by candle with a 24-month warranty."
PRD0120,Vela Core 219,Accessory,Vela,249.64,159.3,2014,12,0.186,SKU-VEL00120,Mobile Accessory,Pulse,Green,SUP009,Vietnam,2014-04-12,GST_STANDARD,Box,True,True,"mobile accessory designed for protective storage during travel, in the pulse family and supplied by vela with a 12-month warranty."
PRD0121,Candle Lumen 220,Laptop,Candle,1415.78,874.51,2012,24,1.861,SKU-CAN00121,Ultrabook,Quest,Graphite,SUP010,Australia,2012-09-02,GST_STANDARD,Box,True,True,"ultrabook designed for creative projects and media editing, in the quest family and supplied by candle with a 24-month warranty."
PRD0122,Vela Ridge 221,Smartphone,Vela,1857.69,1378.92,2013,24,0.194,SKU-VEL00122,5G Smartphone,Ridge,Graphite,SUP011,China,2013-06-11,GST_STANDARD,Box,True,True,"5g smartphone designed for work calls and calendar management, in the ridge family and supplied by vela with a 24-month warranty."
PRD0123,Candle Arc 222,Tablet,Candle,501.46,315.06,2017,24,0.664,SKU-CAN00123,Productivity Tablet,Shift,Gold,SUP012,Japan,2017-07-23,GST_STANDARD,Box,False,True,"productivity tablet designed for field forms and client presentations, in the shift family and supplied by candle with a 24-month warranty."
PRD0124,Vela Echo 223,Home Entertainment,Vela,2062.78,1313.4,2015,24,8.709,SKU-VEL00124,Smart Display,Spark,Blue,SUP013,Korea,2015-05-20,GST_STANDARD,Recycled box,True,True,"smart display designed for family media streaming, in the spark family and supplied by vela with a 24-month warranty."
PRD0125,Candle Orbit 224,Audio,Candle,1026.87,687.88,2015,12,0.415,SKU-CAN00125,Wireless Audio,Vista,Blue,SUP014,China,2015-11-18,GST_STANDARD,Box,False,True,"wireless audio designed for video calls and online classes, in the vista family and supplied by candle with a 12-month warranty."
PRD0126,Vela Spark 225,Smart Home,Vela,290.8,185.72,2012,12,0.349,SKU-VEL00126,Home Automation,Wave,Graphite,SUP015,China,2012-07-01,GST_STANDARD,Protective case,True,False,"home automation designed for indoor temperature and humidity monitoring, in the wave family and supplied by vela with a 12-month warranty."
PRD0127,Candle Bloom 226,Gaming,Candle,477.02,267.47,2017,24,0.911,SKU-CAN00127,Gaming Hardware,Arc,Black,SUP016,Japan,2017-08-08,GST_STANDARD,Box,True,True,"gaming hardware designed for competitive play and voice communication, in the arc family and supplied by candle with a 24-month warranty."
PRD0128,Vela Halo 227,Wearable,Vela,1013.54,706.56,2017,12,0.105,SKU-VEL00128,Health Wearable,Atlas,Red,SUP017,China,2017-11-13,GST_STANDARD,Box,True,True,"health wearable designed for exercise session summaries, in the atlas family and supplied by vela with a 12-month warranty."
PRD0129,Candle Quest 228,Networking,Candle,763.45,459.19,2015,24,0.895,SKU-CAN00129,Connected Network,Bloom,Blue,SUP018,Japan,2015-11-21,GST_STANDARD,Box,True,True,"connected network designed for video meetings and media streaming, in the bloom family and supplied by candle with a 24-month warranty."
PRD0130,Vela Wave 229,Accessory,Vela,167.84,85.58,2013,12,0.186,SKU-VEL00130,Mobile Accessory,Core,White,SUP019,Australia,2013-04-23,GST_STANDARD,Recycled box,True,True,"mobile accessory designed for charging-cable organisation, in the core family and supplied by vela with a 12-month warranty."
PRD0131,Candle Edge 230,Laptop,Candle,1079.8,741.51,2017,24,2.067,SKU-CAN00131,Ultrabook,Edge,Graphite,SUP020,Malaysia,2017-06-15,GST_STANDARD,Box,True,True,"ultrabook designed for shared home-office administration, in the edge family and supplied by candle with a 24-month warranty."
PRD0132,Vela Nova 231,Smartphone,Vela,1025.41,526.48,2015,24,0.221,SKU-VEL00132,5G Smartphone,Echo,White,SUP021,China,2015-03-18,GST_STANDARD,Box,False,True,"5g smartphone designed for travel planning and media use, in the echo family and supplied by vela with a 24-month warranty."
PRD0133,Candle Shift 232,Tablet,Candle,362.55,235.16,2013,24,0.529,SKU-CAN00133,Productivity Tablet,Flux,Green,SUP022,China,2013-03-11,GST_STANDARD,Recycled box,True,True,"productivity tablet designed for family learning and shared browsing, in the flux family and supplied by candle with a 24-month warranty."
PRD0134,Vela Atlas 233,Home Entertainment,Vela,1553.3,1084.78,2013,24,6.747,SKU-VEL00134,Smart Display,Halo,Graphite,SUP023,China,2013-04-02,GST_STANDARD,Box,True,True,"smart display designed for casual living-room gaming, in the halo family and supplied by vela with a 24-month warranty."
PRD0135,Candle Flux 234,Audio,Candle,1050.45,637.54,2015,12,0.627,SKU-CAN00135,Wireless Audio,Lumen,Blue,SUP024,Korea,2015-09-18,GST_STANDARD,Recycled box,True,True,"wireless audio designed for shared-room music playback, in the lumen family and supplied by candle with a 12-month warranty."
PRD0136,Vela Pulse 235,Smart Home,Vela,279.93,209.97,2014,12,0.458,SKU-VEL00136,Home Automation,Nova,Gold,SUP025,China,2014-01-22,GST_STANDARD,Box,True,True,"home automation designed for door and window activity alerts, in the nova family and supplied by vela with a 12-month warranty."
PRD0137,Candle Vista 236,Gaming,Candle,814.4,555.86,2014,24,1.411,SKU-CAN00137,Gaming Hardware,Orbit,Green,SUP026,Vietnam,2014-07-04,GST_STANDARD,Protective case,False,True,"gaming hardware designed for portable gaming and travel, in the orbit family and supplied by candle with a 24-month warranty."
PRD0138,Vela Core 237,Wearable,Vela,889.51,522.06,2015,12,0.099,SKU-VEL00138,Health Wearable,Pulse,Black,SUP027,Malaysia,2015-09-09,GST_STANDARD,Protective case,True,False,"health wearable designed for calendar alerts and quick message checks, in the pulse family and supplied by vela with a 12-month warranty."
PRD0139,Candle Lumen 238,Networking,Candle,323.99,219.28,2012,24,0.777,SKU-CAN00139,Connected Network,Quest,Black,SUP028,Japan,2012-10-26,GST_STANDARD,Protective case,False,True,"connected network designed for guest-network and device management, in the quest family and supplied by candle with a 24-month warranty."
PRD0140,Vela Ridge 239,Accessory,Vela,211.53,102.53,2012,12,0.131,SKU-VEL00140,Mobile Accessory,Ridge,Green,SUP029,Australia,2012-07-17,GST_STANDARD,Box,True,True,"mobile accessory designed for connecting several devices through one compact adapter, in the ridge family and supplied by vela with a 12-month warranty."
PRD0141,Candle Arc 240,Laptop,Candle,3104.91,2262.38,2017,24,1.168,SKU-CAN00141,Ultrabook,Shift,Silver,SUP030,Malaysia,2017-04-11,GST_STANDARD,Box,True,True,"ultrabook designed for travel-based work and presentations, in the shift family and supplied by candle with a 24-month warranty."
PRD0142,Vela Echo 241,Smartphone,Vela,1146.72,588.39,2014,24,0.219,SKU-VEL00142,5G Smartphone,Spark,Blue,SUP031,China,2014-06-22,GST_STANDARD,Protective case,True,True,"5g smartphone designed for family communication and casual apps, in the spark family and supplied by vela with a 24-month warranty."
PRD0143,Candle Orbit 242,Tablet,Candle,689.45,390.57,2017,24,0.471,SKU-CAN00143,Productivity Tablet,Vista,White,SUP032,Malaysia,2017-04-21,GST_STANDARD,Recycled box,True,True,"productivity tablet designed for drawing and lightweight creative work, in the vista family and supplied by candle with a 24-month warranty."
PRD0144,Vela Spark 243,Home Entertainment,Vela,434.98,317.11,2016,24,5.937,SKU-VEL00144,Smart Display,Wave,Gold,SUP033,Vietnam,2016-12-26,GST_STANDARD,Protective case,True,True,"smart display designed for presentations and photo viewing, in the wave family and supplied by vela with a 24-month warranty."
PRD0145,Candle Bloom 244,Audio,Candle,439.24,266.51,2013,12,0.594,SKU-CAN00145,Wireless Audio,Arc,Gold,SUP034,Korea,2013-04-17,GST_STANDARD,Box,True,True,"wireless audio designed for long listening sessions at home, in the arc family and supplied by candle with a 12-month warranty."
PRD0146,Vela Halo 245,Smart Home,Vela,807.31,419.44,2013,12,0.284,SKU-VEL00146,Home Automation,Atlas,Green,SUP035,China,2013-01-02,GST_STANDARD,Protective case,False,True,"home automation designed for automated blind and curtain routines, in the atlas family and supplied by vela with a 12-month warranty."
PRD0147,Candle Quest 246,Gaming,Candle,172.97,88.4,2013,24,0.924,SKU-CAN00147,Gaming Hardware,Bloom,Graphite,SUP036,Vietnam,2013-02-17,GST_STANDARD,Box,False,True,"gaming hardware designed for game streaming and media capture, in the bloom family and supplied by candle with a 24-month warranty."
PRD0148,Vela Wave 247,Wearable,Vela,319.75,183.84,2012,12,0.097,SKU-VEL00148,Health Wearable,Core,Blue,SUP037,Korea,2012-11-02,GST_STANDARD,Recycled box,True,True,"health wearable designed for habit reminders and everyday timekeeping, in the core family and supplied by vela with a 12-month warranty."
PRD0149,Candle Edge 248,Networking,Candle,504.76,303.86,2016,24,0.512,SKU-CAN00149,Connected Network,Edge,Green,SUP001,China,2016-10-25,GST_STANDARD,Protective case,True,True,"connected network designed for extending coverage between rooms, in the edge family and supplied by candle with a 24-month warranty."
PRD0150,Vela Nova 249,Accessory,Vela,199.69,140.44,2013,12,0.185,SKU-VEL00150,Mobile Accessory,Echo,Gold,SUP002,Vietnam,2013-10-15,GST_STANDARD,Box,False,True,"mobile accessory designed for hands-free device support in a shared workspace, in the echo family and supplied by vela with a 12-month warranty."
PRD0151,Candle Shift 250,Laptop,Candle,3129.69,2054.52,2014,24,1.561,SKU-CAN00151,Ultrabook,Flux,Gold,SUP003,Malaysia,2014-11-08,GST_STANDARD,Recycled box,False,True,"ultrabook designed for portable document work and video meetings, in the flux family and supplied by candle with a 24-month warranty."
PRD0152,Vela Atlas 251,Smartphone,Vela,509.94,337.22,2017,24,0.262,SKU-VEL00152,5G Smartphone,Halo,White,SUP004,Japan,2017-04-18,GST_STANDARD,Protective case,True,True,"5g smartphone designed for daily communication and navigation, in the halo family and supplied by vela with a 24-month warranty."
PRD0153,Candle Flux 252,Tablet,Candle,1119.38,635.19,2015,24,0.597,SKU-CAN00153,Productivity Tablet,Lumen,Gold,SUP005,Vietnam,2015-06-06,GST_STANDARD,Recycled box,False,True,"productivity tablet designed for reading, annotation and handwritten notes, in the lumen family and supplied by candle with a 24-month warranty."
PRD0154,Vela Pulse 253,Home Entertainment,Vela,1730.69,953.01,2017,24,7.924,SKU-VEL00154,Smart Display,Nova,Green,SUP006,Japan,2017-02-05,GST_STANDARD,Box,False,True,"smart display designed for shared film and television viewing, in the nova family and supplied by vela with a 24-month warranty."
PRD0155,Candle Vista 254,Audio,Candle,903.43,577.28,2013,12,0.634,SKU-CAN00155,Wireless Audio,Orbit,Blue,SUP007,Korea,2013-03-08,GST_STANDARD,Recycled box,True,True,"wireless audio designed for commuting and spoken-content listening, in the orbit family and supplied by candle with a 12-month warranty."
PRD0156,Vela Core 255,Smart Home,Vela,832.48,456.08,2016,12,0.49,SKU-VEL00156,Home Automation,Pulse,Blue,SUP008,Vietnam,2016-08-14,GST_STANDARD,Box,True,True,"home automation designed for app-controlled room lighting, in the pulse family and supplied by vela with a 12-month warranty."
PRD0157,Candle Lumen 256,Gaming,Candle,93.87,60.39,2017,24,0.87,SKU-CAN00157,Gaming Hardware,Quest,Blue,SUP009,Australia,2017-06-01,GST_STANDARD,Protective case,False,False,"gaming hardware designed for long desktop gaming sessions, in the quest family and supplied by candle with a 24-month warranty."
PRD0158,Vela Ridge 257,Wearable,Vela,289.48,219.94,2016,12,0.107,SKU-VEL00158,Health Wearable,Ridge,Red,SUP010,Australia,2016-06-22,GST_STANDARD,Recycled box,True,True,"health wearable designed for daily activity and sleep tracking, in the ridge family and supplied by vela with a 12-month warranty."
PRD0159,Candle Arc 258,Networking,Candle,852.41,414.2,2017,24,0.738,SKU-CAN00159,Connected Network,Shift,Red,SUP011,China,2017-04-27,GST_STANDARD,Box,False,True,"connected network designed for home-office wireless coverage, in the shift family and supplied by candle with a 24-month warranty."
PRD0160,Vela Echo 259,Accessory,Vela,332.63,226.11,2016,12,0.132,SKU-VEL00160,Mobile Accessory,Spark,Red,SUP012,China,2016-04-18,GST_STANDARD,Box,True,True,"mobile accessory designed for adjustable desk mounting and device positioning, in the spark family and supplied by vela with a 12-month warranty."
PRD0161,Candle Orbit 260,Laptop,Candle,1639.58,801.95,2017,24,2.049,SKU-CAN00161,Ultrabook,Vista,Graphite,SUP013,Australia,2017-06-02,GST_STANDARD,Recycled box,True,True,"ultrabook designed for study, research and note taking, in the vista family and supplied by candle with a 24-month warranty."
PRD0162,Vela Spark 261,Smartphone,Vela,767.91,496.63,2016,24,0.214,SKU-VEL00162,5G Smartphone,Wave,Green,SUP014,Korea,2016-06-12,GST_STANDARD,Box,False,True,"5g smartphone designed for mobile photography and messaging, in the wave family and supplied by vela with a 24-month warranty."
PRD0163,Candle Bloom 262,Tablet,Candle,1233.05,766.55,2017,24,0.554,SKU-CAN00163,Productivity Tablet,Arc,Green,SUP015,Vietnam,2017-02-04,GST_STANDARD,Box,True,True,"productivity tablet designed for portable media and video calls, in the arc family and supplied by candle with a 24-month warranty."
PRD0164,Vela Halo 263,Home Entertainment,Vela,1335.24,794.68,2017,24,6.522,SKU-VEL00164,Smart Display,Atlas,White,SUP016,China,2017-08-09,GST_STANDARD,Recycled box,True,True,"smart display designed for music and spoken-content playback, in the atlas family and supplied by vela with a 24-month warranty."
PRD0165,Candle Quest 264,Audio,Candle,808.77,504.91,2017,12,0.503,SKU-CAN00165,Wireless Audio,Bloom,Silver,SUP017,Korea,2017-06-26,GST_STANDARD,Box,True,True,"wireless audio designed for music during focused desk work, in the bloom family and supplied by candle with a 12-month warranty."
PRD0166,Vela Wave 265,Smart Home,Vela,462.05,267.71,2016,12,0.465,SKU-VEL00166,Home Automation,Core,Green,SUP018,Australia,2016-08-19,GST_STANDARD,Box,True,True,"home automation designed for scheduled control of a household power outlet, in the core family and supplied by vela with a 12-month warranty."
PRD0167,Candle Edge 266,Gaming,Candle,2152.29,1484.96,2014,24,1.558,SKU-CAN00167,Gaming Hardware,Edge,Red,SUP019,Korea,2014-01-04,GST_STANDARD,Protective case,True,True,"gaming hardware designed for casual games in a shared room, in the edge family and supplied by candle with a 24-month warranty."
PRD0168,Vela Nova 267,Wearable,Vela,663.91,351.55,2016,12,0.127,SKU-VEL00168,Health Wearable,Echo,Gold,SUP020,Japan,2016-03-08,GST_STANDARD,Box,True,True,"health wearable designed for walking and commute notifications, in the echo family and supplied by vela with a 12-month warranty."
PRD0169,Candle Shift 268,Networking,Candle,585.79,351.56,2014,24,0.905,SKU-CAN00169,Connected Network,Flux,Gold,SUP021,Japan,2014-03-03,GST_STANDARD,Protective case,True,True,"connected network designed for connecting several shared household devices, in the flux family and supplied by candle with a 24-month warranty."
PRD0170,Vela Atlas 269,Accessory,Vela,419.43,213.78,2014,12,0.206,SKU-VEL00170,Mobile Accessory,Halo,Green,SUP022,Japan,2014-06-12,GST_STANDARD,Recycled box,True,True,"mobile accessory designed for protective storage during travel, in the halo family and supplied by vela with a 12-month warranty."
PRD0171,Candle Flux 270,Laptop,Candle,993.07,548.24,2012,24,1.351,SKU-CAN00171,Ultrabook,Lumen,Blue,SUP023,Malaysia,2012-02-21,GST_STANDARD,Recycled box,True,True,"ultrabook designed for creative projects and media editing, in the lumen family and supplied by candle with a 24-month warranty."
PRD0172,Vela Pulse 271,Smartphone,Vela,1723.75,998.4,2015,24,0.276,SKU-VEL00172,5G Smartphone,Nova,Gold,SUP024,Japan,2015-01-12,GST_STANDARD,Box,True,True,"5g smartphone designed for work calls and calendar management, in the nova family and supplied by vela with a 24-month warranty."
PRD0173,Candle Vista 272,Tablet,Candle,320.83,173.5,2013,24,0.565,SKU-CAN00173,Productivity Tablet,Orbit,Graphite,SUP025,Australia,2013-02-18,GST_STANDARD,Protective case,True,True,"productivity tablet designed for field forms and client presentations, in the orbit family and supplied by candle with a 24-month warranty."
PRD0174,Vela Core 273,Home Entertainment,Vela,442.41,287.12,2015,24,5.814,SKU-VEL00174,Smart Display,Pulse,Silver,SUP026,Australia,2015-04-18,GST_STANDARD,Protective case,False,True,"smart display designed for family media streaming, in the pulse family and supplied by vela with a 24-month warranty."
PRD0175,Candle Lumen 274,Audio,Candle,740.04,554.09,2015,12,0.657,SKU-CAN00175,Wireless Audio,Quest,Silver,SUP027,Vietnam,2015-10-14,GST_STANDARD,Protective case,False,True,"wireless audio designed for video calls and online classes, in the quest family and supplied by candle with a 12-month warranty."
PRD0176,Vela Ridge 275,Smart Home,Vela,259.71,138.43,2017,12,0.356,SKU-VEL00176,Home Automation,Ridge,Gold,SUP028,Australia,2017-07-07,GST_STANDARD,Recycled box,True,True,"home automation designed for indoor temperature and humidity monitoring, in the ridge family and supplied by vela with a 12-month warranty."
PRD0177,Candle Arc 276,Gaming,Candle,2318.68,1169.65,2016,24,1.593,SKU-CAN00177,Gaming Hardware,Shift,Silver,SUP029,Malaysia,2016-01-17,GST_STANDARD,Recycled box,False,True,"gaming hardware designed for competitive play and voice communication, in the shift family and supplied by candle with a 24-month warranty."
PRD0178,Vela Echo 277,Wearable,Vela,963.54,704.13,2015,12,0.123,SKU-VEL00178,Health Wearable,Spark,Black,SUP030,China,2015-07-18,GST_STANDARD,Protective case,True,True,"health wearable designed for exercise session summaries, in the spark family and supplied by vela with a 12-month warranty."
PRD0179,Candle Orbit 278,Networking,Candle,428.63,303.99,2013,24,0.795,SKU-CAN00179,Connected Network,Vista,Red,SUP031,Japan,2013-05-15,GST_STANDARD,Box,False,True,"connected network designed for video meetings and media streaming, in the vista family and supplied by candle with a 24-month warranty."
PRD0180,Vela Spark 279,Accessory,Vela,256.4,152.68,2013,12,0.173,SKU-VEL00180,Mobile Accessory,Wave,Red,SUP032,Vietnam,2013-10-27,GST_STANDARD,Protective case,True,False,"mobile accessory designed for charging-cable organisation, in the wave family and supplied by vela with a 12-month warranty."
PRD0181,Candle Bloom 280,Laptop,Candle,1299.25,887.14,2012,24,1.219,SKU-CAN00181,Ultrabook,Arc,Gold,SUP033,Australia,2012-08-19,GST_STANDARD,Box,False,True,"ultrabook designed for shared home-office administration, in the arc family and supplied by candle with a 24-month warranty."
PRD0182,Vela Halo 281,Smartphone,Vela,908.42,574.2,2017,24,0.252,SKU-VEL00182,5G Smartphone,Atlas,Black,SUP034,Japan,2017-11-07,GST_STANDARD,Box,True,True,"5g smartphone designed for travel planning and media use, in the atlas family and supplied by vela with a 24-month warranty."
PRD0183,Candle Quest 282,Tablet,Candle,1343.02,768.84,2017,24,0.505,SKU-CAN00183,Productivity Tablet,Bloom,Green,SUP035,China,2017-01-22,GST_STANDARD,Protective case,False,True,"productivity tablet designed for family learning and shared browsing, in the bloom family and supplied by candle with a 24-month warranty."
PRD0184,Vela Wave 283,Home Entertainment,Vela,1417.97,938.71,2013,24,6.714,SKU-VEL00184,Smart Display,Core,Green,SUP036,China,2013-05-01,GST_STANDARD,Recycled box,True,True,"smart display designed for casual living-room gaming, in the core family and supplied by vela with a 24-month warranty."
PRD0185,Candle Edge 284,Audio,Candle,925.9,467.87,2017,12,0.394,SKU-CAN00185,Wireless Audio,Edge,White,SUP037,Korea,2017-08-07,GST_STANDARD,Recycled box,True,True,"wireless audio designed for shared-room music playback, in the edge family and supplied by candle with a 12-month warranty."
PRD0186,Vela Nova 285,Smart Home,Vela,386.44,205.95,2017,12,0.314,SKU-VEL00186,Home Automation,Echo,White,SUP001,Malaysia,2017-11-27,GST_STANDARD,Recycled box,True,True,"home automation designed for door and window activity alerts, in the echo family and supplied by vela with a 12-month warranty."
PRD0187,Candle Shift 286,Gaming,Candle,2240.42,1598.14,2014,24,0.88,SKU-CAN00187,Gaming Hardware,Flux,Blue,SUP002,Australia,2014-04-22,GST_STANDARD,Protective case,True,True,"gaming hardware designed for portable gaming and travel, in the flux family and supplied by candle with a 24-month warranty."
PRD0188,Vela Atlas 287,Wearable,Vela,1032.34,731.64,2014,12,0.154,SKU-VEL00188,Health Wearable,Halo,Red,SUP003,Malaysia,2014-09-08,GST_STANDARD,Recycled box,True,True,"health wearable designed for calendar alerts and quick message checks, in the halo family and supplied by vela with a 12-month warranty."
PRD0189,Candle Flux 288,Networking,Candle,815.73,592.18,2013,24,0.518,SKU-CAN00189,Connected Network,Lumen,Blue,SUP004,Korea,2013-09-14,GST_STANDARD,Recycled box,True,True,"connected network designed for guest-network and device management, in the lumen family and supplied by candle with a 24-month warranty."
PRD0190,Vela Pulse 289,Accessory,Vela,40.06,24.2,2013,12,0.143,SKU-VEL00190,Mobile Accessory,Nova,Blue,SUP005,Malaysia,2013-06-16,GST_STANDARD,Box,True,True,"mobile accessory designed for connecting several devices through one compact adapter, in the nova family and supplied by vela with a 12-month warranty."
PRD0191,Candle Vista 290,Laptop,Candle,3198.59,1607.75,2016,24,1.499,SKU-CAN00191,Ultrabook,Orbit,Black,SUP006,Korea,2016-09-27,GST_STANDARD,Protective case,False,True,"ultrabook designed for travel-based work and presentations, in the orbit family and supplied by candle with a 24-month warranty."
PRD0192,Vela Core 291,Smartphone,Vela,491.21,258.11,2015,24,0.199,SKU-VEL00192,5G Smartphone,Pulse,Graphite,SUP007,Vietnam,2015-07-14,GST_STANDARD,Recycled box,True,True,"5g smartphone designed for family communication and casual apps, in the pulse family and supplied by vela with a 24-month warranty."
PRD0193,Candle Lumen 292,Tablet,Candle,890.72,543.12,2013,24,0.624,SKU-CAN00193,Productivity Tablet,Quest,Silver,SUP008,Korea,2013-08-22,GST_STANDARD,Box,False,True,"productivity tablet designed for drawing and lightweight creative work, in the quest family and supplied by candle with a 24-month warranty."
PRD0194,Vela Ridge 293,Home Entertainment,Vela,3461.26,2577.38,2014,24,8.914,SKU-VEL00194,Smart Display,Ridge,Black,SUP009,China,2014-06-20,GST_STANDARD,Recycled box,True,True,"smart display designed for presentations and photo viewing, in the ridge family and supplied by vela with a 24-month warranty."
PRD0195,Candle Arc 294,Audio,Candle,540.55,376.35,2014,12,0.493,SKU-CAN00195,Wireless Audio,Shift,Graphite,SUP010,Malaysia,2014-03-25,GST_STANDARD,Recycled box,True,True,"wireless audio designed for long listening sessions at home, in the shift family and supplied by candle with a 12-month warranty."
PRD0196,Vela Echo 295,Smart Home,Vela,525.15,272.23,2017,12,0.471,SKU-VEL00196,Home Automation,Spark,Black,SUP011,China,2017-11-15,GST_STANDARD,Box,True,True,"home automation designed for automated blind and curtain routines, in the spark family and supplied by vela with a 12-month warranty."
PRD0197,Candle Orbit 296,Gaming,Candle,925.36,685.89,2017,24,1.228,SKU-CAN00197,Gaming Hardware,Vista,Silver,SUP012,Japan,2017-01-27,GST_STANDARD,Recycled box,True,True,"gaming hardware designed for game streaming and media capture, in the vista family and supplied by candle with a 24-month warranty."
PRD0198,Vela Spark 297,Wearable,Vela,1001.22,608.75,2015,12,0.128,SKU-VEL00198,Health Wearable,Wave,Gold,SUP013,Australia,2015-06-16,GST_STANDARD,Box,False,True,"health wearable designed for habit reminders and everyday timekeeping, in the wave family and supplied by vela with a 12-month warranty."
PRD0199,Candle Bloom 298,Networking,Candle,1326.1,702.23,2013,24,0.818,SKU-CAN00199,Connected Network,Arc,Graphite,SUP014,China,2013-12-16,GST_STANDARD,Box,False,True,"connected network designed for extending coverage between rooms, in the arc family and supplied by candle with a 24-month warranty."
PRD0200,Vela Halo 299,Accessory,Vela,317.39,153.65,2014,12,0.133,SKU-VEL00200,Mobile Accessory,Atlas,White,SUP015,Korea,2014-01-04,GST_STANDARD,Recycled box,True,True,"mobile accessory designed for hands-free device support in a shared workspace, in the atlas family and supplied by vela with a 12-month warranty."
PRD0201,Candle Quest 300,Laptop,Candle,2590.06,1508.13,2014,24,1.849,SKU-CAN00201,Ultrabook,Bloom,Blue,SUP016,Australia,2014-10-09,GST_STANDARD,Recycled box,True,False,"ultrabook designed for portable document work and video meetings, in the bloom family and supplied by candle with a 24-month warranty."
PRD0202,Vela Wave 301,Smartphone,Vela,1161.02,881.99,2017,24,0.303,SKU-VEL00202,5G Smartphone,Core,Red,SUP017,China,2017-05-24,GST_STANDARD,Protective case,False,True,"5g smartphone designed for daily communication and navigation, in the core family and supplied by vela with a 24-month warranty."
PRD0203,Candle Edge 302,Tablet,Candle,724.48,432.43,2012,24,0.518,SKU-CAN00203,Productivity Tablet,Edge,Graphite,SUP018,Korea,2012-12-09,GST_STANDARD,Protective case,True,True,"productivity tablet designed for reading, annotation and handwritten notes, in the edge family and supplied by candle with a 24-month warranty."
PRD0204,Vela Nova 303,Home Entertainment,Vela,759.0,451.42,2015,24,9.905,SKU-VEL00204,Smart Display,Echo,Gold,SUP019,Japan,2015-02-08,GST_STANDARD,Recycled box,True,True,"smart display designed for shared film and television viewing, in the echo family and supplied by vela with a 24-month warranty."
PRD0205,Candle Shift 304,Audio,Candle,645.51,383.68,2013,12,0.543,SKU-CAN00205,Wireless Audio,Flux,Silver,SUP020,Korea,2013-04-14,GST_STANDARD,Box,True,True,"wireless audio designed for commuting and spoken-content listening, in the flux family and supplied by candle with a 12-month warranty."
PRD0206,Vela Atlas 305,Smart Home,Vela,691.31,440.34,2017,12,0.458,SKU-VEL00206,Home Automation,Halo,Black,SUP021,Vietnam,2017-03-21,GST_STANDARD,Box,False,True,"home automation designed for app-controlled room lighting, in the halo family and supplied by vela with a 12-month warranty."
PRD0207,Candle Flux 306,Gaming,Candle,143.7,79.93,2013,24,1.532,SKU-CAN00207,Gaming Hardware,Lumen,Green,SUP022,Vietnam,2013-06-26,GST_STANDARD,Recycled box,False,True,"gaming hardware designed for long desktop gaming sessions, in the lumen family and supplied by candle with a 24-month warranty."
PRD0208,Vela Pulse 307,Wearable,Vela,481.08,306.75,2013,12,0.152,SKU-VEL00208,Health Wearable,Nova,Graphite,SUP023,Malaysia,2013-06-09,GST_STANDARD,Recycled box,True,True,"health wearable designed for daily activity and sleep tracking, in the nova family and supplied by vela with a 12-month warranty."
PRD0209,Candle Vista 308,Networking,Candle,456.39,344.6,2012,24,0.565,SKU-CAN00209,Connected Network,Orbit,Blue,SUP024,Korea,2012-07-08,GST_STANDARD,Protective case,True,True,"connected network designed for home-office wireless coverage, in the orbit family and supplied by candle with a 24-month warranty."
PRD0210,Vela Core 309,Accessory,Vela,206.42,132.34,2017,12,0.2,SKU-VEL00210,Mobile Accessory,Pulse,Silver,SUP025,Korea,2017-06-04,GST_STANDARD,Recycled box,False,True,"mobile accessory designed for adjustable desk mounting and device positioning, in the pulse family and supplied by vela with a 12-month warranty."
PRD0211,Candle Lumen 310,Laptop,Candle,2751.59,1593.62,2016,24,1.922,SKU-CAN00211,Ultrabook,Quest,Green,SUP026,China,2016-06-09,GST_STANDARD,Protective case,True,True,"ultrabook designed for study, research and note taking, in the quest family and supplied by candle with a 24-month warranty."
PRD0212,Vela Ridge 311,Smartphone,Vela,1664.12,803.66,2016,24,0.165,SKU-VEL00212,5G Smartphone,Ridge,White,SUP027,Japan,2016-11-21,GST_STANDARD,Protective case,True,True,"5g smartphone designed for mobile photography and messaging, in the ridge family and supplied by vela with a 24-month warranty."
PRD0213,Candle Arc 312,Tablet,Candle,1050.73,662.89,2016,24,0.647,SKU-CAN00213,Productivity Tablet,Shift,Graphite,SUP028,China,2016-01-10,GST_STANDARD,Recycled box,False,True,"productivity tablet designed for portable media and video calls, in the shift family and supplied by candle with a 24-month warranty."
PRD0214,Vela Echo 313,Home Entertainment,Vela,3361.08,2075.59,2014,24,10.052,SKU-VEL00214,Smart Display,Spark,Blue,SUP029,Malaysia,2014-01-05,GST_STANDARD,Box,False,True,"smart display designed for music and spoken-content playback, in the spark family and supplied by vela with a 24-month warranty."
PRD0215,Candle Orbit 314,Audio,Candle,665.12,503.15,2015,12,0.508,SKU-CAN00215,Wireless Audio,Vista,White,SUP030,China,2015-01-19,GST_STANDARD,Box,True,True,"wireless audio designed for music during focused desk work, in the vista family and supplied by candle with a 12-month warranty."
PRD0216,Vela Spark 315,Smart Home,Vela,833.75,611.11,2013,12,0.312,SKU-VEL00216,Home Automation,Wave,White,SUP031,Malaysia,2013-06-03,GST_STANDARD,Recycled box,True,True,"home automation designed for scheduled control of a household power outlet, in the wave family and supplied by vela with a 12-month warranty."
PRD0217,Candle Bloom 316,Gaming,Candle,2308.51,1461.38,2012,24,0.866,SKU-CAN00217,Gaming Hardware,Arc,Silver,SUP032,Australia,2012-12-17,GST_STANDARD,Recycled box,True,True,"gaming hardware designed for casual games in a shared room, in the arc family and supplied by candle with a 24-month warranty."
PRD0218,Vela Halo 317,Wearable,Vela,872.61,660.56,2015,12,0.089,SKU-VEL00218,Health Wearable,Atlas,White,SUP033,Korea,2015-03-03,GST_STANDARD,Protective case,True,True,"health wearable designed for walking and commute notifications, in the atlas family and supplied by vela with a 12-month warranty."
PRD0219,Candle Quest 318,Networking,Candle,450.54,288.52,2015,24,0.919,SKU-CAN00219,Connected Network,Bloom,Red,SUP034,Japan,2015-12-10,GST_STANDARD,Protective case,True,True,"connected network designed for connecting several shared household devices, in the bloom family and supplied by candle with a 24-month warranty."
PRD0220,Vela Wave 319,Accessory,Vela,261.65,138.31,2014,12,0.166,SKU-VEL00220,Mobile Accessory,Core,Gold,SUP035,Australia,2014-05-17,GST_STANDARD,Protective case,False,True,"mobile accessory designed for protective storage during travel, in the core family and supplied by vela with a 12-month warranty."
PRD0221,Candle Edge 320,Laptop,Candle,3086.03,2333.96,2013,24,1.314,SKU-CAN00221,Ultrabook,Edge,Green,SUP036,China,2013-02-10,GST_STANDARD,Recycled box,True,True,"ultrabook designed for creative projects and media editing, in the edge family and supplied by candle with a 24-month warranty."
PRD0222,Vela Nova 321,Smartphone,Vela,761.26,483.01,2012,24,0.205,SKU-VEL00222,5G Smartphone,Echo,Red,SUP037,Vietnam,2012-01-20,GST_STANDARD,Recycled box,True,True,"5g smartphone designed for work calls and calendar management, in the echo family and supplied by vela with a 24-month warranty."
PRD0223,Candle Shift 322,Tablet,Candle,946.31,493.44,2016,24,0.818,SKU-CAN00223,Productivity Tablet,Flux,Blue,SUP001,Malaysia,2016-03-13,GST_STANDARD,Recycled box,True,True,"productivity tablet designed for field forms and client presentations, in the flux family and supplied by candle with a 24-month warranty."
PRD0224,Vela Atlas 323,Home Entertainment,Vela,3987.47,2148.0,2014,24,6.89,SKU-VEL00224,Smart Display,Halo,Gold,SUP002,Australia,2014-09-05,GST_STANDARD,Box,True,True,"smart display designed for family media streaming, in the halo family and supplied by vela with a 24-month warranty."
PRD0225,Candle Flux 324,Audio,Candle,749.78,543.44,2014,12,0.57,SKU-CAN00225,Wireless Audio,Lumen,Silver,SUP003,China,2014-06-27,GST_STANDARD,Box,True,True,"wireless audio designed for video calls and online classes, in the lumen family and supplied by candle with a 12-month warranty."
PRD0226,Vela Pulse 325,Smart Home,Vela,549.99,352.11,2014,12,0.373,SKU-VEL00226,Home Automation,Nova,Black,SUP004,Japan,2014-04-10,GST_STANDARD,Recycled box,True,True,"home automation designed for indoor temperature and humidity monitoring, in the nova family and supplied by vela with a 12-month warranty."
PRD0227,Candle Vista 326,Gaming,Candle,2409.78,1296.12,2015,24,1.283,SKU-CAN00227,Gaming Hardware,Orbit,Silver,SUP005,Japan,2015-11-05,GST_STANDARD,Protective case,False,True,"gaming hardware designed for competitive play and voice communication, in the orbit family and supplied by candle with a 24-month warranty."
PRD0228,Vela Core 327,Wearable,Vela,575.39,280.0,2012,12,0.158,SKU-VEL00228,Health Wearable,Pulse,Silver,SUP006,Australia,2012-07-25,GST_STANDARD,Recycled box,True,True,"health wearable designed for exercise session summaries, in the pulse family and supplied by vela with a 12-month warranty."
PRD0229,Candle Lumen 328,Networking,Candle,1480.27,765.73,2013,24,0.779,SKU-CAN00229,Connected Network,Quest,Green,SUP007,Vietnam,2013-02-22,GST_STANDARD,Recycled box,False,True,"connected network designed for video meetings and media streaming, in the quest family and supplied by candle with a 24-month warranty."
PRD0230,Vela Ridge 329,Accessory,Vela,112.24,63.6,2016,12,0.228,SKU-VEL00230,Mobile Accessory,Ridge,Graphite,SUP008,China,2016-12-10,GST_STANDARD,Protective case,True,True,"mobile accessory designed for charging-cable organisation, in the ridge family and supplied by vela with a 12-month warranty."
PRD0231,Candle Arc 330,Laptop,Candle,1403.44,848.15,2013,24,2.008,SKU-CAN00231,Ultrabook,Shift,Silver,SUP009,Australia,2013-04-19,GST_STANDARD,Recycled box,True,True,"ultrabook designed for shared home-office administration, in the shift family and supplied by candle with a 24-month warranty."
PRD0232,Vela Echo 331,Smartphone,Vela,321.21,212.89,2017,24,0.166,SKU-VEL00232,5G Smartphone,Spark,Silver,SUP010,Malaysia,2017-03-12,GST_STANDARD,Protective case,True,True,"5g smartphone designed for travel planning and media use, in the spark family and supplied by vela with a 24-month warranty."
PRD0233,Candle Orbit 332,Tablet,Candle,942.53,511.44,2013,24,0.538,SKU-CAN00233,Productivity Tablet,Vista,Gold,SUP011,China,2013-06-06,GST_STANDARD,Box,True,True,"productivity tablet designed for family learning and shared browsing, in the vista family and supplied by candle with a 24-month warranty."
PRD0234,Vela Spark 333,Home Entertainment,Vela,4040.17,2444.26,2014,24,9.935,SKU-VEL00234,Smart Display,Wave,Silver,SUP012,Korea,2014-12-15,GST_STANDARD,Protective case,True,True,"smart display designed for casual living-room gaming, in the wave family and supplied by vela with a 24-month warranty."
PRD0235,Candle Bloom 334,Audio,Candle,331.23,177.21,2015,12,0.48,SKU-CAN00235,Wireless Audio,Arc,White,SUP013,Japan,2015-09-03,GST_STANDARD,Protective case,True,True,"wireless audio designed for shared-room music playback, in the arc family and supplied by candle with a 12-month warranty."
PRD0236,Vela Halo 335,Smart Home,Vela,353.9,248.0,2014,12,0.324,SKU-VEL00236,Home Automation,Atlas,Blue,SUP014,Korea,2014-09-04,GST_STANDARD,Box,True,True,"home automation designed for door and window activity alerts, in the atlas family and supplied by vela with a 12-month warranty."
PRD0237,Candle Quest 336,Gaming,Candle,1847.39,1151.03,2015,24,1.252,SKU-CAN00237,Gaming Hardware,Bloom,Graphite,SUP015,Korea,2015-08-05,GST_STANDARD,Protective case,True,True,"gaming hardware designed for portable gaming and travel, in the bloom family and supplied by candle with a 24-month warranty."
PRD0238,Vela Wave 337,Wearable,Vela,459.3,339.21,2013,12,0.122,SKU-VEL00238,Health Wearable,Core,Green,SUP016,Australia,2013-05-23,GST_STANDARD,Box,True,True,"health wearable designed for calendar alerts and quick message checks, in the core family and supplied by vela with a 12-month warranty."
PRD0239,Candle Edge 338,Networking,Candle,1388.63,733.09,2014,24,0.794,SKU-CAN00239,Connected Network,Edge,Black,SUP017,Malaysia,2014-07-16,GST_STANDARD,Protective case,False,True,"connected network designed for guest-network and device management, in the edge family and supplied by candle with a 24-month warranty."
PRD0240,Vela Nova 339,Accessory,Vela,73.63,48.21,2012,12,0.241,SKU-VEL00240,Mobile Accessory,Echo,Blue,SUP018,Japan,2012-09-18,GST_STANDARD,Protective case,False,True,"mobile accessory designed for connecting several devices through one compact adapter, in the echo family and supplied by vela with a 12-month warranty."
PRD0241,Candle Shift 340,Laptop,Candle,1492.13,824.28,2017,24,1.717,SKU-CAN00241,Ultrabook,Flux,White,SUP019,Malaysia,2017-08-08,GST_STANDARD,Protective case,True,True,"ultrabook designed for travel-based work and presentations, in the flux family and supplied by candle with a 24-month warranty."
PRD0242,Vela Atlas 341,Smartphone,Vela,1247.04,690.08,2015,24,0.301,SKU-VEL00242,5G Smartphone,Halo,Graphite,SUP020,Malaysia,2015-03-05,GST_STANDARD,Box,True,True,"5g smartphone designed for family communication and casual apps, in the halo family and supplied by vela with a 24-month warranty."
PRD0243,Candle Flux 342,Tablet,Candle,734.66,368.45,2012,24,0.664,SKU-CAN00243,Productivity Tablet,Lumen,Black,SUP021,Korea,2012-09-04,GST_STANDARD,Box,False,True,"productivity tablet designed for drawing and lightweight creative work, in the lumen family and supplied by candle with a 24-month warranty."
PRD0244,Vela Pulse 343,Home Entertainment,Vela,2106.41,1073.41,2013,24,7.655,SKU-VEL00244,Smart Display,Nova,Green,SUP022,Malaysia,2013-09-27,GST_STANDARD,Box,True,True,"smart display designed for presentations and photo viewing, in the nova family and supplied by vela with a 24-month warranty."
PRD0245,Candle Vista 344,Audio,Candle,834.16,575.55,2014,12,0.583,SKU-CAN00245,Wireless Audio,Orbit,Red,SUP023,China,2014-10-04,GST_STANDARD,Box,False,True,"wireless audio designed for long listening sessions at home, in the orbit family and supplied by candle with a 12-month warranty."
PRD0246,Vela Core 345,Smart Home,Vela,799.39,422.27,2014,12,0.474,SKU-VEL00246,Home Automation,Pulse,White,SUP024,Australia,2014-03-16,GST_STANDARD,Protective case,True,True,"home automation designed for automated blind and curtain routines, in the pulse family and supplied by vela with a 12-month warranty."
PRD0247,Candle Lumen 346,Gaming,Candle,55.39,34.68,2017,24,1.605,SKU-CAN00247,Gaming Hardware,Quest,Silver,SUP025,Japan,2017-04-16,GST_STANDARD,Box,True,True,"gaming hardware designed for game streaming and media capture, in the quest family and supplied by candle with a 24-month warranty."
PRD0248,Vela Ridge 347,Wearable,Vela,204.13,150.85,2015,12,0.128,SKU-VEL00248,Health Wearable,Ridge,Silver,SUP026,Korea,2015-07-20,GST_STANDARD,Protective case,True,True,"health wearable designed for habit reminders and everyday timekeeping, in the ridge family and supplied by vela with a 12-month warranty."
PRD0249,Candle Arc 348,Networking,Candle,682.98,514.24,2017,24,0.6,SKU-CAN00249,Connected Network,Shift,Graphite,SUP027,China,2017-04-12,GST_STANDARD,Box,True,True,"connected network designed for extending coverage between rooms, in the shift family and supplied by candle with a 24-month warranty."
PRD0250,Vela Echo 349,Accessory,Vela,184.24,129.03,2013,12,0.167,SKU-VEL00250,Mobile Accessory,Spark,White,SUP028,Australia,2013-07-19,GST_STANDARD,Protective case,True,True,"mobile accessory designed for hands-free device support in a shared workspace, in the spark family and supplied by vela with a 12-month warranty."
PRD0251,Candle Orbit 350,Laptop,Candle,1750.4,1127.48,2014,24,1.68,SKU-CAN00251,Ultrabook,Vista,Red,SUP029,Malaysia,2014-05-01,GST_STANDARD,Protective case,False,True,"ultrabook designed for portable document work and video meetings, in the vista family and supplied by candle with a 24-month warranty."
PRD0252,Vela Spark 351,Smartphone,Vela,1339.74,799.86,2012,24,0.162,SKU-VEL00252,5G Smartphone,Wave,Gold,SUP030,China,2012-03-17,GST_STANDARD,Recycled box,True,True,"5g smartphone designed for daily communication and navigation, in the wave family and supplied by vela with a 24-month warranty."
PRD0253,Candle Bloom 352,Tablet,Candle,1519.1,962.39,2015,24,0.851,SKU-CAN00253,Productivity Tablet,Arc,Graphite,SUP031,Japan,2015-06-27,GST_STANDARD,Box,True,True,"productivity tablet designed for reading, annotation and handwritten notes, in the arc family and supplied by candle with a 24-month warranty."
PRD0254,Vela Halo 353,Home Entertainment,Vela,980.48,646.07,2016,24,9.387,SKU-VEL00254,Smart Display,Atlas,Blue,SUP032,Japan,2016-12-10,GST_STANDARD,Box,False,True,"smart display designed for shared film and television viewing, in the atlas family and supplied by vela with a 24-month warranty."
PRD0255,Candle Quest 354,Audio,Candle,690.05,334.61,2012,12,0.461,SKU-CAN00255,Wireless Audio,Bloom,White,SUP033,Australia,2012-09-04,GST_STANDARD,Recycled box,True,True,"wireless audio designed for commuting and spoken-content listening, in the bloom family and supplied by candle with a 12-month warranty."
PRD0256,Vela Wave 355,Smart Home,Vela,42.53,32.29,2014,12,0.274,SKU-VEL00256,Home Automation,Core,White,SUP034,Japan,2014-06-14,GST_STANDARD,Recycled box,True,True,"home automation designed for app-controlled room lighting, in the core family and supplied by vela with a 12-month warranty."
PRD0257,Candle Edge 356,Gaming,Candle,210.79,106.32,2017,24,1.151,SKU-CAN00257,Gaming Hardware,Edge,White,SUP035,Malaysia,2017-11-10,GST_STANDARD,Recycled box,True,True,"gaming hardware designed for long desktop gaming sessions, in the edge family and supplied by candle with a 24-month warranty."
PRD0258,Vela Nova 357,Wearable,Vela,114.0,56.81,2013,12,0.089,SKU-VEL00258,Health Wearable,Echo,Green,SUP036,China,2013-12-02,GST_STANDARD,Box,True,True,"health wearable designed for daily activity and sleep tracking, in the echo family and supplied by vela with a 12-month warranty."
PRD0259,Candle Shift 358,Networking,Candle,983.93,600.38,2016,24,0.873,SKU-CAN00259,Connected Network,Flux,Red,SUP037,Korea,2016-08-22,GST_STANDARD,Box,True,True,"connected network designed for home-office wireless coverage, in the flux family and supplied by candle with a 24-month warranty."
PRD0260,Vela Atlas 359,Accessory,Vela,157.69,104.33,2017,12,0.245,SKU-VEL00260,Mobile Accessory,Halo,White,SUP001,China,2017-11-22,GST_STANDARD,Recycled box,False,True,"mobile accessory designed for adjustable desk mounting and device positioning, in the halo family and supplied by vela with a 12-month warranty."
PRD0261,Candle Flux 360,Laptop,Candle,2556.63,1349.33,2017,24,1.765,SKU-CAN00261,Ultrabook,Lumen,Silver,SUP002,Malaysia,2017-09-04,GST_STANDARD,Box,True,True,"ultrabook designed for study, research and note taking, in the lumen family and supplied by candle with a 24-month warranty."
PRD0262,Vela Pulse 361,Smartphone,Vela,1531.6,751.81,2016,24,0.231,SKU-VEL00262,5G Smartphone,Nova,Blue,SUP003,Vietnam,2016-02-13,GST_STANDARD,Recycled box,True,True,"5g smartphone designed for mobile photography and messaging, in the nova family and supplied by vela with a 24-month warranty."
PRD0263,Candle Vista 362,Tablet,Candle,1358.3,980.42,2014,24,0.559,SKU-CAN00263,Productivity Tablet,Orbit,Gold,SUP004,Malaysia,2014-05-13,GST_STANDARD,Box,True,True,"productivity tablet designed for portable media and video calls, in the orbit family and supplied by candle with a 24-month warranty."
PRD0264,Vela Core 363,Home Entertainment,Vela,998.11,720.17,2015,24,5.656,SKU-VEL00264,Smart Display,Pulse,Red,SUP005,China,2015-02-04,GST_STANDARD,Box,True,True,"smart display designed for music and spoken-content playback, in the pulse family and supplied by vela with a 24-month warranty."
PRD0265,Candle Lumen 364,Audio,Candle,697.49,386.51,2013,12,0.444,SKU-CAN00265,Wireless Audio,Quest,Graphite,SUP006,Korea,2013-11-06,GST_STANDARD,Recycled box,True,True,"wireless audio designed for music during focused desk work, in the quest family and supplied by candle with a 12-month warranty."
PRD0266,Vela Ridge 365,Smart Home,Vela,439.49,237.42,2015,12,0.321,SKU-VEL00266,Home Automation,Ridge,Graphite,SUP007,Australia,2015-08-01,GST_STANDARD,Box,False,True,"home automation designed for scheduled control of a household power outlet, in the ridge family and supplied by vela with a 12-month warranty."
PRD0267,Candle Arc 366,Gaming,Candle,2497.14,1463.36,2015,24,0.867,SKU-CAN00267,Gaming Hardware,Shift,Silver,SUP008,Malaysia,2015-06-07,GST_STANDARD,Recycled box,True,True,"gaming hardware designed for casual games in a shared room, in the shift family and supplied by candle with a 24-month warranty."
PRD0268,Vela Echo 367,Wearable,Vela,876.82,641.89,2012,12,0.13,SKU-VEL00268,Health Wearable,Spark,Red,SUP009,Korea,2012-01-20,GST_STANDARD,Protective case,True,True,"health wearable designed for walking and commute notifications, in the spark family and supplied by vela with a 12-month warranty."
PRD0269,Candle Orbit 368,Networking,Candle,754.3,417.29,2014,24,0.795,SKU-CAN00269,Connected Network,Vista,Silver,SUP010,Vietnam,2014-04-16,GST_STANDARD,Box,True,True,"connected network designed for connecting several shared household devices, in the vista family and supplied by candle with a 24-month warranty."
PRD0270,Vela Spark 369,Accessory,Vela,237.62,123.59,2012,12,0.222,SKU-VEL00270,Mobile Accessory,Wave,Black,SUP011,Japan,2012-02-09,GST_STANDARD,Box,False,True,"mobile accessory designed for protective storage during travel, in the wave family and supplied by vela with a 12-month warranty."
PRD0271,Candle Bloom 370,Laptop,Candle,2739.77,1320.82,2012,24,1.197,SKU-CAN00271,Ultrabook,Arc,Blue,SUP012,Japan,2012-01-08,GST_STANDARD,Recycled box,True,True,"ultrabook designed for creative projects and media editing, in the arc family and supplied by candle with a 24-month warranty."
PRD0272,Vela Halo 371,Smartphone,Vela,888.86,671.0,2013,24,0.205,SKU-VEL00272,5G Smartphone,Atlas,Blue,SUP013,China,2013-07-12,GST_STANDARD,Protective case,True,True,"5g smartphone designed for work calls and calendar management, in the atlas family and supplied by vela with a 24-month warranty."
PRD0273,Candle Quest 372,Tablet,Candle,1320.37,750.91,2015,24,0.654,SKU-CAN00273,Productivity Tablet,Bloom,Graphite,SUP014,China,2015-05-17,GST_STANDARD,Protective case,False,True,"productivity tablet designed for field forms and client presentations, in the bloom family and supplied by candle with a 24-month warranty."
PRD0274,Vela Wave 373,Home Entertainment,Vela,1282.28,774.95,2013,24,8.151,SKU-VEL00274,Smart Display,Core,Blue,SUP015,Vietnam,2013-04-04,GST_STANDARD,Recycled box,True,True,"smart display designed for family media streaming, in the core family and supplied by vela with a 24-month warranty."
PRD0275,Candle Edge 374,Audio,Candle,1101.48,666.9,2017,12,0.511,SKU-CAN00275,Wireless Audio,Edge,Green,SUP016,Korea,2017-08-14,GST_STANDARD,Protective case,True,True,"wireless audio designed for video calls and online classes, in the edge family and supplied by candle with a 12-month warranty."
PRD0276,Vela Nova 375,Smart Home,Vela,670.27,418.97,2017,12,0.29,SKU-VEL00276,Home Automation,Echo,Blue,SUP017,Japan,2017-05-01,GST_STANDARD,Recycled box,True,True,"home automation designed for indoor temperature and humidity monitoring, in the echo family and supplied by vela with a 12-month warranty."
PRD0277,Candle Shift 376,Gaming,Candle,2331.99,1379.06,2012,24,1.261,SKU-CAN00277,Gaming Hardware,Flux,White,SUP018,Japan,2012-05-20,GST_STANDARD,Protective case,True,True,"gaming hardware designed for competitive play and voice communication, in the flux family and supplied by candle with a 24-month warranty."
PRD0278,Vela Atlas 377,Wearable,Vela,105.64,78.33,2013,12,0.137,SKU-VEL00278,Health Wearable,Halo,Silver,SUP019,Vietnam,2013-10-21,GST_STANDARD,Box,True,True,"health wearable designed for exercise session summaries, in the halo family and supplied by vela with a 12-month warranty."
PRD0279,Candle Flux 378,Networking,Candle,766.46,406.66,2012,24,0.809,SKU-CAN00279,Connected Network,Lumen,White,SUP020,Malaysia,2012-03-19,GST_STANDARD,Recycled box,True,True,"connected network designed for video meetings and media streaming, in the lumen family and supplied by candle with a 24-month warranty."
PRD0280,Vela Pulse 379,Accessory,Vela,228.25,139.28,2017,12,0.187,SKU-VEL00280,Mobile Accessory,Nova,Silver,SUP021,Australia,2017-05-15,GST_STANDARD,Recycled box,True,True,"mobile accessory designed for charging-cable organisation, in the nova family and supplied by vela with a 12-month warranty."
PRD0281,Candle Vista 380,Laptop,Candle,1116.42,571.61,2013,24,1.962,SKU-CAN00281,Ultrabook,Orbit,Black,SUP022,Australia,2013-02-07,GST_STANDARD,Box,True,True,"ultrabook designed for shared home-office administration, in the orbit family and supplied by candle with a 24-month warranty."
PRD0282,Vela Core 381,Smartphone,Vela,521.34,338.98,2017,24,0.16,SKU-VEL00282,5G Smartphone,Pulse,White,SUP023,Japan,2017-08-24,GST_STANDARD,Recycled box,True,True,"5g smartphone designed for travel planning and media use, in the pulse family and supplied by vela with a 24-month warranty."
PRD0283,Candle Lumen 382,Tablet,Candle,1116.37,750.99,2014,24,0.506,SKU-CAN00283,Productivity Tablet,Quest,White,SUP024,Japan,2014-02-14,GST_STANDARD,Protective case,False,True,"productivity tablet designed for family learning and shared browsing, in the quest family and supplied by candle with a 24-month warranty."
PRD0284,Vela Ridge 383,Home Entertainment,Vela,4114.93,2108.62,2015,24,7.814,SKU-VEL00284,Smart Display,Ridge,Blue,SUP025,Korea,2015-12-21,GST_STANDARD,Protective case,True,True,"smart display designed for casual living-room gaming, in the ridge family and supplied by vela with a 24-month warranty."
PRD0285,Candle Arc 384,Audio,Candle,929.48,570.86,2014,12,0.389,SKU-CAN00285,Wireless Audio,Shift,Black,SUP026,Korea,2014-04-14,GST_STANDARD,Box,False,True,"wireless audio designed for shared-room music playback, in the shift family and supplied by candle with a 12-month warranty."
PRD0286,Vela Echo 385,Smart Home,Vela,752.91,425.72,2017,12,0.362,SKU-VEL00286,Home Automation,Spark,Black,SUP027,Japan,2017-03-04,GST_STANDARD,Protective case,True,True,"home automation designed for door and window activity alerts, in the spark family and supplied by vela with a 12-month warranty."
PRD0287,Candle Orbit 386,Gaming,Candle,1267.48,925.2,2014,24,0.908,SKU-CAN00287,Gaming Hardware,Vista,Graphite,SUP028,Australia,2014-02-09,GST_STANDARD,Box,True,True,"gaming hardware designed for portable gaming and travel, in the vista family and supplied by candle with a 24-month warranty."
PRD0288,Vela Spark 387,Wearable,Vela,114.25,66.5,2014,12,0.152,SKU-VEL00288,Health Wearable,Wave,Black,SUP029,Japan,2014-03-10,GST_STANDARD,Box,True,True,"health wearable designed for calendar alerts and quick message checks, in the wave family and supplied by vela with a 12-month warranty."
PRD0289,Candle Bloom 388,Networking,Candle,1238.69,797.18,2014,24,0.546,SKU-CAN00289,Connected Network,Arc,Green,SUP030,Malaysia,2014-02-02,GST_STANDARD,Box,True,True,"connected network designed for guest-network and device management, in the arc family and supplied by candle with a 24-month warranty."
PRD0290,Vela Halo 389,Accessory,Vela,246.93,123.08,2016,12,0.219,SKU-VEL00290,Mobile Accessory,Atlas,Red,SUP031,Vietnam,2016-10-06,GST_STANDARD,Protective case,False,True,"mobile accessory designed for connecting several devices through one compact adapter, in the atlas family and supplied by vela with a 12-month warranty."
PRD0291,Candle Quest 390,Laptop,Candle,1210.2,882.93,2015,24,1.275,SKU-CAN00291,Ultrabook,Bloom,Black,SUP032,Korea,2015-04-05,GST_STANDARD,Recycled box,True,True,"ultrabook designed for travel-based work and presentations, in the bloom family and supplied by candle with a 24-month warranty."
PRD0292,Vela Wave 391,Smartphone,Vela,690.26,362.33,2017,24,0.171,SKU-VEL00292,5G Smartphone,Core,Gold,SUP033,Vietnam,2017-02-24,GST_STANDARD,Protective case,True,True,"5g smartphone designed for family communication and casual apps, in the core family and supplied by vela with a 24-month warranty."
PRD0293,Candle Edge 392,Tablet,Candle,663.82,362.77,2017,24,0.579,SKU-CAN00293,Productivity Tablet,Edge,Graphite,SUP034,Japan,2017-07-26,GST_STANDARD,Recycled box,True,True,"productivity tablet designed for drawing and lightweight creative work, in the edge family and supplied by candle with a 24-month warranty."
PRD0294,Vela Nova 393,Home Entertainment,Vela,2664.13,1902.97,2014,24,7.527,SKU-VEL00294,Smart Display,Echo,Blue,SUP035,Korea,2014-03-14,GST_STANDARD,Protective case,True,True,"smart display designed for presentations and photo viewing, in the echo family and supplied by vela with a 24-month warranty."
PRD0295,Candle Shift 394,Audio,Candle,284.65,157.46,2013,12,0.577,SKU-CAN00295,Wireless Audio,Flux,Gold,SUP036,Vietnam,2013-09-26,GST_STANDARD,Protective case,True,True,"wireless audio designed for long listening sessions at home, in the flux family and supplied by candle with a 12-month warranty."
PRD0296,Vela Atlas 395,Smart Home,Vela,331.81,238.14,2014,12,0.323,SKU-VEL00296,Home Automation,Halo,Green,SUP037,Japan,2014-12-17,GST_STANDARD,Box,False,True,"home automation designed for automated blind and curtain routines, in the halo family and supplied by vela with a 12-month warranty."
PRD0297,Candle Flux 396,Gaming,Candle,2578.59,1893.68,2016,24,0.977,SKU-CAN00297,Gaming Hardware,Lumen,Black,SUP001,Japan,2016-11-05,GST_STANDARD,Protective case,True,True,"gaming hardware designed for game streaming and media capture, in the lumen family and supplied by candle with a 24-month warranty."
PRD0298,Vela Pulse 397,Wearable,Vela,727.39,396.5,2012,12,0.162,SKU-VEL00298,Health Wearable,Nova,Graphite,SUP002,Vietnam,2012-05-13,GST_STANDARD,Protective case,True,True,"health wearable designed for habit reminders and everyday timekeeping, in the nova family and supplied by vela with a 12-month warranty."
PRD0299,Candle Vista 398,Networking,Candle,1412.32,827.96,2016,24,0.628,SKU-CAN00299,Connected Network,Orbit,Black,SUP003,Australia,2016-05-27,GST_STANDARD,Recycled box,True,True,"connected network designed for extending coverage between rooms, in the orbit family and supplied by candle with a 24-month warranty."
PRD0300,Vela Core 399,Accessory,Vela,51.94,27.2,2013,12,0.208,SKU-VEL00300,Mobile Accessory,Pulse,White,SUP004,Vietnam,2013-12-19,GST_STANDARD,Protective case,True,True,"mobile accessory designed for hands-free device support in a shared workspace, in the pulse family and supplied by vela with a 12-month warranty."
PRD0301,Candle Lumen 400,Laptop,Candle,1468.04,1073.05,2014,24,1.614,SKU-CAN00301,Ultrabook,Quest,Blue,SUP005,Japan,2014-05-14,GST_STANDARD,Box,True,True,"ultrabook designed for portable document work and video meetings, in the quest family and supplied by candle with a 24-month warranty."
PRD0302,Vela Ridge 401,Smartphone,Vela,987.84,721.4,2016,24,0.162,SKU-VEL00302,5G Smartphone,Ridge,Graphite,SUP006,Vietnam,2016-08-10,GST_STANDARD,Protective case,True,True,"5g smartphone designed for daily communication and navigation, in the ridge family and supplied by vela with a 24-month warranty."
PRD0303,Candle Arc 402,Tablet,Candle,922.23,693.39,2016,24,0.639,SKU-CAN00303,Productivity Tablet,Shift,Silver,SUP007,Korea,2016-07-22,GST_STANDARD,Recycled box,True,True,"productivity tablet designed for reading, annotation and handwritten notes, in the shift family and supplied by candle with a 24-month warranty."
PRD0304,Vela Echo 403,Home Entertainment,Vela,969.28,494.94,2012,24,9.24,SKU-VEL00304,Smart Display,Spark,Graphite,SUP008,Vietnam,2012-11-27,GST_STANDARD,Recycled box,False,True,"smart display designed for shared film and television viewing, in the spark family and supplied by vela with a 24-month warranty."
PRD0305,Candle Orbit 404,Audio,Candle,924.51,493.43,2014,12,0.59,SKU-CAN00305,Wireless Audio,Vista,Silver,SUP009,Vietnam,2014-11-14,GST_STANDARD,Box,True,True,"wireless audio designed for commuting and spoken-content listening, in the vista family and supplied by candle with a 12-month warranty."
PRD0306,Vela Spark 405,Smart Home,Vela,98.74,66.35,2016,12,0.368,SKU-VEL00306,Home Automation,Wave,Blue,SUP010,Australia,2016-05-18,GST_STANDARD,Protective case,True,True,"home automation designed for app-controlled room lighting, in the wave family and supplied by vela with a 12-month warranty."
PRD0307,Candle Bloom 406,Gaming,Candle,2188.41,1494.65,2014,24,1.213,SKU-CAN00307,Gaming Hardware,Arc,Green,SUP011,China,2014-06-13,GST_STANDARD,Recycled box,True,True,"gaming hardware designed for long desktop gaming sessions, in the arc family and supplied by candle with a 24-month warranty."
PRD0308,Vela Halo 407,Wearable,Vela,798.16,576.44,2013,12,0.096,SKU-VEL00308,Health Wearable,Atlas,Black,SUP012,China,2013-08-17,GST_STANDARD,Recycled box,True,True,"health wearable designed for daily activity and sleep tracking, in the atlas family and supplied by vela with a 12-month warranty."
PRD0309,Candle Quest 408,Networking,Candle,1241.8,861.57,2015,24,0.521,SKU-CAN00309,Connected Network,Bloom,Graphite,SUP013,Japan,2015-12-14,GST_STANDARD,Recycled box,True,True,"connected network designed for home-office wireless coverage, in the bloom family and supplied by candle with a 24-month warranty."
PRD0310,Vela Wave 409,Accessory,Vela,125.16,80.42,2014,12,0.223,SKU-VEL00310,Mobile Accessory,Core,White,SUP014,Malaysia,2014-03-19,GST_STANDARD,Protective case,True,True,"mobile accessory designed for adjustable desk mounting and device positioning, in the core family and supplied by vela with a 12-month warranty."
PRD0311,Candle Edge 410,Laptop,Candle,2276.13,1130.2,2014,24,1.37,SKU-CAN00311,Ultrabook,Edge,White,SUP015,Australia,2014-08-02,GST_STANDARD,Box,True,True,"ultrabook designed for study, research and note taking, in the edge family and supplied by candle with a 24-month warranty."
PRD0312,Vela Nova 411,Smartphone,Vela,1542.36,902.23,2013,24,0.299,SKU-VEL00312,5G Smartphone,Echo,Red,SUP016,Korea,2013-05-09,GST_STANDARD,Protective case,True,True,"5g smartphone designed for mobile photography and messaging, in the echo family and supplied by vela with a 24-month warranty."
PRD0313,Candle Shift 412,Tablet,Candle,1347.84,964.44,2012,24,0.527,SKU-CAN00313,Productivity Tablet,Flux,Red,SUP017,Australia,2012-03-10,GST_STANDARD,Protective case,False,True,"productivity tablet designed for portable media and video calls, in the flux family and supplied by candle with a 24-month warranty."
PRD0314,Vela Atlas 413,Home Entertainment,Vela,611.18,416.64,2012,24,7.588,SKU-VEL00314,Smart Display,Halo,Green,SUP018,Vietnam,2012-06-07,GST_STANDARD,Box,True,True,"smart display designed for music and spoken-content playback, in the halo family and supplied by vela with a 24-month warranty."
PRD0315,Candle Flux 414,Audio,Candle,779.51,566.44,2013,12,0.496,SKU-CAN00315,Wireless Audio,Lumen,Silver,SUP019,Australia,2013-10-24,GST_STANDARD,Recycled box,True,True,"wireless audio designed for music during focused desk work, in the lumen family and supplied by candle with a 12-month warranty."
PRD0316,Vela Pulse 415,Smart Home,Vela,653.66,377.62,2012,12,0.343,SKU-VEL00316,Home Automation,Nova,Red,SUP020,China,2012-01-14,GST_STANDARD,Box,True,True,"home automation designed for scheduled control of a household power outlet, in the nova family and supplied by vela with a 12-month warranty."
PRD0317,Candle Vista 416,Gaming,Candle,641.82,466.3,2012,24,1.575,SKU-CAN00317,Gaming Hardware,Orbit,White,SUP021,Korea,2012-05-25,GST_STANDARD,Recycled box,True,True,"gaming hardware designed for casual games in a shared room, in the orbit family and supplied by candle with a 24-month warranty."
PRD0318,Vela Core 417,Wearable,Vela,656.01,344.23,2012,12,0.161,SKU-VEL00318,Health Wearable,Pulse,Silver,SUP022,Japan,2012-01-15,GST_STANDARD,Box,True,True,"health wearable designed for walking and commute notifications, in the pulse family and supplied by vela with a 12-month warranty."
PRD0319,Candle Lumen 418,Networking,Candle,361.0,243.76,2013,24,0.928,SKU-CAN00319,Connected Network,Quest,Green,SUP023,Australia,2013-06-18,GST_STANDARD,Protective case,True,True,"connected network designed for connecting several shared household devices, in the quest family and supplied by candle with a 24-month warranty."
PRD0320,Vela Ridge 419,Accessory,Vela,28.7,21.75,2014,12,0.248,SKU-VEL00320,Mobile Accessory,Ridge,Red,SUP024,Australia,2014-12-07,GST_STANDARD,Protective case,True,False,"mobile accessory designed for protective storage during travel, in the ridge family and supplied by vela with a 12-month warranty."
PRD0321,Candle Arc 420,Laptop,Candle,1311.96,983.83,2013,24,1.937,SKU-CAN00321,Ultrabook,Shift,White,SUP025,Vietnam,2013-01-06,GST_STANDARD,Box,True,True,"ultrabook designed for creative projects and media editing, in the shift family and supplied by candle with a 24-month warranty."
PRD0322,Vela Echo 421,Smartphone,Vela,326.02,163.64,2014,24,0.238,SKU-VEL00322,5G Smartphone,Spark,Black,SUP026,Malaysia,2014-04-19,GST_STANDARD,Recycled box,True,True,"5g smartphone designed for work calls and calendar management, in the spark family and supplied by vela with a 24-month warranty."
PRD0323,Candle Orbit 422,Tablet,Candle,1295.86,852.2,2012,24,0.545,SKU-CAN00323,Productivity Tablet,Vista,Gold,SUP027,Australia,2012-10-26,GST_STANDARD,Recycled box,True,True,"productivity tablet designed for field forms and client presentations, in the vista family and supplied by candle with a 24-month warranty."
PRD0324,Vela Spark 423,Home Entertainment,Vela,4191.07,2803.0,2017,24,8.368,SKU-VEL00324,Smart Display,Wave,White,SUP028,Australia,2017-01-09,GST_STANDARD,Protective case,False,True,"smart display designed for family media streaming, in the wave family and supplied by vela with a 24-month warranty."
PRD0325,Candle Bloom 424,Audio,Candle,325.22,218.94,2014,12,0.637,SKU-CAN00325,Wireless Audio,Arc,Red,SUP029,China,2014-12-18,GST_STANDARD,Recycled box,True,True,"wireless audio designed for video calls and online classes, in the arc family and supplied by candle with a 12-month warranty."
PRD0326,Vela Halo 425,Smart Home,Vela,639.28,443.77,2017,12,0.351,SKU-VEL00326,Home Automation,Atlas,Silver,SUP030,Malaysia,2017-11-09,GST_STANDARD,Box,True,True,"home automation designed for indoor temperature and humidity monitoring, in the atlas family and supplied by vela with a 12-month warranty."
PRD0327,Candle Quest 426,Gaming,Candle,1138.43,821.36,2015,24,1.051,SKU-CAN00327,Gaming Hardware,Bloom,Red,SUP031,Vietnam,2015-05-02,GST_STANDARD,Protective case,False,True,"gaming hardware designed for competitive play and voice communication, in the bloom family and supplied by candle with a 24-month warranty."
PRD0328,Vela Wave 427,Wearable,Vela,911.22,677.85,2017,12,0.102,SKU-VEL00328,Health Wearable,Core,Red,SUP032,Japan,2017-10-11,GST_STANDARD,Recycled box,False,True,"health wearable designed for exercise session summaries, in the core family and supplied by vela with a 12-month warranty."
PRD0329,Candle Edge 428,Networking,Candle,716.82,389.06,2017,24,0.673,SKU-CAN00329,Connected Network,Edge,Blue,SUP033,Malaysia,2017-05-09,GST_STANDARD,Recycled box,False,True,"connected network designed for video meetings and media streaming, in the edge family and supplied by candle with a 24-month warranty."
PRD0330,Vela Nova 429,Accessory,Vela,96.82,54.76,2013,12,0.2,SKU-VEL00330,Mobile Accessory,Echo,Silver,SUP034,Japan,2013-04-08,GST_STANDARD,Box,False,False,"mobile accessory designed for charging-cable organisation, in the echo family and supplied by vela with a 12-month warranty."
PRD0331,Candle Shift 430,Laptop,Candle,2268.14,1135.06,2012,24,1.609,SKU-CAN00331,Ultrabook,Flux,White,SUP035,Vietnam,2012-11-21,GST_STANDARD,Protective case,True,True,"ultrabook designed for shared home-office administration, in the flux family and supplied by candle with a 24-month warranty."
PRD0332,Vela Atlas 431,Smartphone,Vela,1700.56,926.43,2015,24,0.288,SKU-VEL00332,5G Smartphone,Halo,White,SUP036,Vietnam,2015-12-23,GST_STANDARD,Box,True,False,"5g smartphone designed for travel planning and media use, in the halo family and supplied by vela with a 24-month warranty."
PRD0333,Candle Flux 432,Tablet,Candle,741.56,559.29,2017,24,0.632,SKU-CAN00333,Productivity Tablet,Lumen,Silver,SUP037,China,2017-08-22,GST_STANDARD,Box,True,True,"productivity tablet designed for family learning and shared browsing, in the lumen family and supplied by candle with a 24-month warranty."
PRD0334,Vela Pulse 433,Home Entertainment,Vela,1878.87,1225.78,2012,24,8.878,SKU-VEL00334,Smart Display,Nova,Gold,SUP001,Japan,2012-04-18,GST_STANDARD,Protective case,True,True,"smart display designed for casual living-room gaming, in the nova family and supplied by vela with a 24-month warranty."
PRD0335,Candle Vista 434,Audio,Candle,826.82,458.12,2016,12,0.561,SKU-CAN00335,Wireless Audio,Orbit,Silver,SUP002,Australia,2016-05-15,GST_STANDARD,Protective case,True,True,"wireless audio designed for shared-room music playback, in the orbit family and supplied by candle with a 12-month warranty."
PRD0336,Vela Core 435,Smart Home,Vela,745.18,421.81,2016,12,0.375,SKU-VEL00336,Home Automation,Pulse,Graphite,SUP003,Vietnam,2016-01-04,GST_STANDARD,Recycled box,True,True,"home automation designed for door and window activity alerts, in the pulse family and supplied by vela with a 12-month warranty."
PRD0337,Candle Lumen 436,Gaming,Candle,2481.18,1583.9,2015,24,1.03,SKU-CAN00337,Gaming Hardware,Quest,Gold,SUP004,Korea,2015-10-05,GST_STANDARD,Recycled box,True,True,"gaming hardware designed for portable gaming and travel, in the quest family and supplied by candle with a 24-month warranty."
PRD0338,Vela Ridge 437,Wearable,Vela,484.72,285.64,2013,12,0.105,SKU-VEL00338,Health Wearable,Ridge,Green,SUP005,Japan,2013-05-08,GST_STANDARD,Recycled box,True,True,"health wearable designed for calendar alerts and quick message checks, in the ridge family and supplied by vela with a 12-month warranty."
PRD0339,Candle Arc 438,Networking,Candle,1125.45,621.11,2015,24,0.807,SKU-CAN00339,Connected Network,Shift,Black,SUP006,Malaysia,2015-12-08,GST_STANDARD,Protective case,False,False,"connected network designed for guest-network and device management, in the shift family and supplied by candle with a 24-month warranty."
PRD0340,Vela Echo 439,Accessory,Vela,315.67,151.96,2017,12,0.147,SKU-VEL00340,Mobile Accessory,Spark,Black,SUP007,Japan,2017-07-14,GST_STANDARD,Box,True,True,"mobile accessory designed for connecting several devices through one compact adapter, in the spark family and supplied by vela with a 12-month warranty."
PRD0341,Candle Orbit 440,Laptop,Candle,2089.96,1092.79,2017,24,1.344,SKU-CAN00341,Ultrabook,Vista,Red,SUP008,Australia,2017-09-24,GST_STANDARD,Recycled box,False,True,"ultrabook designed for travel-based work and presentations, in the vista family and supplied by candle with a 24-month warranty."
PRD0342,Vela Spark 441,Smartphone,Vela,1575.88,941.89,2014,24,0.251,SKU-VEL00342,5G Smartphone,Wave,Blue,SUP009,Australia,2014-05-01,GST_STANDARD,Box,False,True,"5g smartphone designed for family communication and casual apps, in the wave family and supplied by vela with a 24-month warranty."
PRD0343,Candle Bloom 442,Tablet,Candle,1454.71,780.85,2013,24,0.771,SKU-CAN00343,Productivity Tablet,Arc,Green,SUP010,Korea,2013-05-19,GST_STANDARD,Box,True,True,"productivity tablet designed for drawing and lightweight creative work, in the arc family and supplied by candle with a 24-month warranty."
PRD0344,Vela Halo 443,Home Entertainment,Vela,4097.8,2415.07,2014,24,8.874,SKU-VEL00344,Smart Display,Atlas,Black,SUP011,China,2014-01-10,GST_STANDARD,Recycled box,False,True,"smart display designed for presentations and photo viewing, in the atlas family and supplied by vela with a 24-month warranty."
PRD0345,Candle Quest 444,Audio,Candle,257.9,127.66,2012,12,0.612,SKU-CAN00345,Wireless Audio,Bloom,White,SUP012,Australia,2012-04-13,GST_STANDARD,Protective case,False,True,"wireless audio designed for long listening sessions at home, in the bloom family and supplied by candle with a 12-month warranty."
PRD0346,Vela Wave 445,Smart Home,Vela,296.52,167.83,2014,12,0.297,SKU-VEL00346,Home Automation,Core,Gold,SUP013,Malaysia,2014-08-10,GST_STANDARD,Protective case,True,True,"home automation designed for automated blind and curtain routines, in the core family and supplied by vela with a 12-month warranty."
PRD0347,Candle Edge 446,Gaming,Candle,339.84,223.56,2014,24,1.068,SKU-CAN00347,Gaming Hardware,Edge,Blue,SUP014,Australia,2014-10-04,GST_STANDARD,Protective case,True,True,"gaming hardware designed for game streaming and media capture, in the edge family and supplied by candle with a 24-month warranty."
PRD0348,Vela Nova 447,Wearable,Vela,312.21,224.86,2015,12,0.148,SKU-VEL00348,Health Wearable,Echo,Red,SUP015,China,2015-12-13,GST_STANDARD,Box,True,True,"health wearable designed for habit reminders and everyday timekeeping, in the echo family and supplied by vela with a 12-month warranty."
PRD0349,Candle Shift 448,Networking,Candle,1289.14,827.2,2012,24,0.829,SKU-CAN00349,Connected Network,Flux,Silver,SUP016,Korea,2012-12-23,GST_STANDARD,Box,False,True,"connected network designed for extending coverage between rooms, in the flux family and supplied by candle with a 24-month warranty."
PRD0350,Vela Atlas 449,Accessory,Vela,351.6,264.42,2013,12,0.139,SKU-VEL00350,Mobile Accessory,Halo,Red,SUP017,Japan,2013-04-09,GST_STANDARD,Protective case,False,True,"mobile accessory designed for hands-free device support in a shared workspace, in the halo family and supplied by vela with a 12-month warranty."
PRD0351,Candle Flux 450,Laptop,Candle,2766.45,1397.67,2015,24,1.23,SKU-CAN00351,Ultrabook,Lumen,White,SUP018,Vietnam,2015-01-20,GST_STANDARD,Recycled box,True,True,"ultrabook designed for portable document work and video meetings, in the lumen family and supplied by candle with a 24-month warranty."
PRD0352,Vela Pulse 451,Smartphone,Vela,1288.41,650.29,2015,24,0.212,SKU-VEL00352,5G Smartphone,Nova,White,SUP019,Malaysia,2015-06-21,GST_STANDARD,Box,True,True,"5g smartphone designed for daily communication and navigation, in the nova family and supplied by vela with a 24-month warranty."
PRD0353,Candle Vista 452,Tablet,Candle,1448.25,1045.82,2012,24,0.652,SKU-CAN00353,Productivity Tablet,Orbit,Silver,SUP020,Australia,2012-08-12,GST_STANDARD,Protective case,False,True,"productivity tablet designed for reading, annotation and handwritten notes, in the orbit family and supplied by candle with a 24-month warranty."
PRD0354,Vela Core 453,Home Entertainment,Vela,2839.63,1810.64,2017,24,9.346,SKU-VEL00354,Smart Display,Pulse,Graphite,SUP021,Australia,2017-04-16,GST_STANDARD,Recycled box,True,True,"smart display designed for shared film and television viewing, in the pulse family and supplied by vela with a 24-month warranty."
PRD0355,Candle Lumen 454,Audio,Candle,703.23,425.13,2016,12,0.487,SKU-CAN00355,Wireless Audio,Quest,Green,SUP022,China,2016-07-13,GST_STANDARD,Recycled box,True,True,"wireless audio designed for commuting and spoken-content listening, in the quest family and supplied by candle with a 12-month warranty."
PRD0356,Vela Ridge 455,Smart Home,Vela,610.16,295.97,2014,12,0.345,SKU-VEL00356,Home Automation,Ridge,Black,SUP023,Vietnam,2014-11-02,GST_STANDARD,Recycled box,True,True,"home automation designed for app-controlled room lighting, in the ridge family and supplied by vela with a 12-month warranty."
PRD0357,Candle Arc 456,Gaming,Candle,1301.71,935.44,2012,24,1.291,SKU-CAN00357,Gaming Hardware,Shift,Black,SUP024,Malaysia,2012-06-16,GST_STANDARD,Protective case,True,True,"gaming hardware designed for long desktop gaming sessions, in the shift family and supplied by candle with a 24-month warranty."
PRD0358,Vela Echo 457,Wearable,Vela,981.34,681.31,2012,12,0.142,SKU-VEL00358,Health Wearable,Spark,Blue,SUP025,Australia,2012-02-23,GST_STANDARD,Recycled box,False,True,"health wearable designed for daily activity and sleep tracking, in the spark family and supplied by vela with a 12-month warranty."
PRD0359,Candle Orbit 458,Networking,Candle,329.3,222.37,2014,24,0.697,SKU-CAN00359,Connected Network,Vista,Black,SUP026,China,2014-12-07,GST_STANDARD,Recycled box,True,True,"connected network designed for home-office wireless coverage, in the vista family and supplied by candle with a 24-month warranty."
PRD0360,Vela Spark 459,Accessory,Vela,45.63,22.88,2012,12,0.154,SKU-VEL00360,Mobile Accessory,Wave,Red,SUP027,Australia,2012-03-25,GST_STANDARD,Recycled box,True,True,"mobile accessory designed for adjustable desk mounting and device positioning, in the wave family and supplied by vela with a 12-month warranty."
PRD0361,Candle Bloom 460,Laptop,Candle,2952.43,1476.05,2017,24,1.451,SKU-CAN00361,Ultrabook,Arc,White,SUP028,Australia,2017-09-13,GST_STANDARD,Recycled box,True,True,"ultrabook designed for study, research and note taking, in the arc family and supplied by candle with a 24-month warranty."
PRD0362,Vela Halo 461,Smartphone,Vela,301.32,158.03,2015,24,0.214,SKU-VEL00362,5G Smartphone,Atlas,Red,SUP029,Malaysia,2015-01-11,GST_STANDARD,Box,False,False,"5g smartphone designed for mobile photography and messaging, in the atlas family and supplied by vela with a 24-month warranty."
PRD0363,Candle Quest 462,Tablet,Candle,1343.45,842.67,2015,24,0.713,SKU-CAN00363,Productivity Tablet,Bloom,Red,SUP030,Australia,2015-06-10,GST_STANDARD,Box,True,True,"productivity tablet designed for portable media and video calls, in the bloom family and supplied by candle with a 24-month warranty."
PRD0364,Vela Wave 463,Home Entertainment,Vela,789.55,581.22,2013,24,5.779,SKU-VEL00364,Smart Display,Core,Graphite,SUP031,Vietnam,2013-02-13,GST_STANDARD,Recycled box,True,True,"smart display designed for music and spoken-content playback, in the core family and supplied by vela with a 24-month warranty."
PRD0365,Candle Edge 464,Audio,Candle,454.18,235.81,2016,12,0.599,SKU-CAN00365,Wireless Audio,Edge,Gold,SUP032,Japan,2016-09-23,GST_STANDARD,Recycled box,True,True,"wireless audio designed for music during focused desk work, in the edge family and supplied by candle with a 12-month warranty."
PRD0366,Vela Nova 465,Smart Home,Vela,111.28,55.27,2014,12,0.272,SKU-VEL00366,Home Automation,Echo,Black,SUP033,China,2014-11-09,GST_STANDARD,Recycled box,True,True,"home automation designed for scheduled control of a household power outlet, in the echo family and supplied by vela with a 12-month warranty."
PRD0367,Candle Shift 466,Gaming,Candle,2471.53,1391.33,2014,24,0.949,SKU-CAN00367,Gaming Hardware,Flux,Red,SUP034,Vietnam,2014-12-24,GST_STANDARD,Recycled box,True,True,"gaming hardware designed for casual games in a shared room, in the flux family and supplied by candle with a 24-month warranty."
PRD0368,Vela Atlas 467,Wearable,Vela,567.82,404.52,2014,12,0.165,SKU-VEL00368,Health Wearable,Halo,Red,SUP035,China,2014-05-04,GST_STANDARD,Box,True,True,"health wearable designed for walking and commute notifications, in the halo family and supplied by vela with a 12-month warranty."
PRD0369,Candle Flux 468,Networking,Candle,663.84,420.76,2013,24,0.808,SKU-CAN00369,Connected Network,Lumen,White,SUP036,Japan,2013-11-24,GST_STANDARD,Box,True,True,"connected network designed for connecting several shared household devices, in the lumen family and supplied by candle with a 24-month warranty."
PRD0370,Vela Pulse 469,Accessory,Vela,418.27,246.37,2012,12,0.223,SKU-VEL00370,Mobile Accessory,Nova,Red,SUP037,Korea,2012-08-27,GST_STANDARD,Recycled box,True,True,"mobile accessory designed for protective storage during travel, in the nova family and supplied by vela with a 12-month warranty."
PRD0371,Candle Vista 470,Laptop,Candle,2101.21,1034.16,2014,24,1.238,SKU-CAN00371,Ultrabook,Orbit,Blue,SUP001,Vietnam,2014-10-17,GST_STANDARD,Box,True,True,"ultrabook designed for creative projects and media editing, in the orbit family and supplied by candle with a 24-month warranty."
PRD0372,Vela Core 471,Smartphone,Vela,748.02,551.19,2016,24,0.174,SKU-VEL00372,5G Smartphone,Pulse,Red,SUP002,Malaysia,2016-01-05,GST_STANDARD,Recycled box,True,True,"5g smartphone designed for work calls and calendar management, in the pulse family and supplied by vela with a 24-month warranty."
PRD0373,Candle Lumen 472,Tablet,Candle,1247.39,705.08,2014,24,0.635,SKU-CAN00373,Productivity Tablet,Quest,Blue,SUP003,Japan,2014-02-12,GST_STANDARD,Recycled box,False,True,"productivity tablet designed for field forms and client presentations, in the quest family and supplied by candle with a 24-month warranty."
PRD0374,Vela Ridge 473,Home Entertainment,Vela,517.56,291.24,2017,24,9.91,SKU-VEL00374,Smart Display,Ridge,Black,SUP004,Malaysia,2017-06-23,GST_STANDARD,Box,False,True,"smart display designed for family media streaming, in the ridge family and supplied by vela with a 24-month warranty."
PRD0375,Candle Arc 474,Audio,Candle,1092.09,782.63,2013,12,0.422,SKU-CAN00375,Wireless Audio,Shift,White,SUP005,China,2013-01-14,GST_STANDARD,Box,True,True,"wireless audio designed for video calls and online classes, in the shift family and supplied by candle with a 12-month warranty."
PRD0376,Vela Echo 475,Smart Home,Vela,294.68,192.19,2013,12,0.284,SKU-VEL00376,Home Automation,Spark,Black,SUP006,Korea,2013-10-03,GST_STANDARD,Protective case,True,True,"home automation designed for indoor temperature and humidity monitoring, in the spark family and supplied by vela with a 12-month warranty."
PRD0377,Candle Orbit 476,Gaming,Candle,1537.07,878.97,2013,24,1.252,SKU-CAN00377,Gaming Hardware,Vista,White,SUP007,Japan,2013-10-21,GST_STANDARD,Box,False,True,"gaming hardware designed for competitive play and voice communication, in the vista family and supplied by candle with a 24-month warranty."
PRD0378,Vela Spark 477,Wearable,Vela,751.56,480.01,2013,12,0.151,SKU-VEL00378,Health Wearable,Wave,Gold,SUP008,Malaysia,2013-01-20,GST_STANDARD,Protective case,True,True,"health wearable designed for exercise session summaries, in the wave family and supplied by vela with a 12-month warranty."
PRD0379,Candle Bloom 478,Networking,Candle,212.81,145.79,2012,24,0.72,SKU-CAN00379,Connected Network,Arc,Gold,SUP009,Malaysia,2012-05-22,GST_STANDARD,Recycled box,False,True,"connected network designed for video meetings and media streaming, in the arc family and supplied by candle with a 24-month warranty."
PRD0380,Vela Halo 479,Accessory,Vela,340.9,257.64,2016,12,0.166,SKU-VEL00380,Mobile Accessory,Atlas,Black,SUP010,Malaysia,2016-12-01,GST_STANDARD,Box,True,True,"mobile accessory designed for charging-cable organisation, in the atlas family and supplied by vela with a 12-month warranty."
PRD0381,Candle Quest 480,Laptop,Candle,1136.28,841.72,2015,24,1.238,SKU-CAN00381,Ultrabook,Bloom,Graphite,SUP011,Vietnam,2015-09-14,GST_STANDARD,Recycled box,True,True,"ultrabook designed for shared home-office administration, in the bloom family and supplied by candle with a 24-month warranty."
PRD0382,Vela Wave 481,Smartphone,Vela,680.83,480.04,2016,24,0.301,SKU-VEL00382,5G Smartphone,Core,Silver,SUP012,Japan,2016-01-23,GST_STANDARD,Box,True,True,"5g smartphone designed for travel planning and media use, in the core family and supplied by vela with a 24-month warranty."
PRD0383,Candle Edge 482,Tablet,Candle,1554.0,1153.51,2016,24,0.664,SKU-CAN00383,Productivity Tablet,Edge,Gold,SUP013,Japan,2016-06-18,GST_STANDARD,Protective case,True,True,"productivity tablet designed for family learning and shared browsing, in the edge family and supplied by candle with a 24-month warranty."
PRD0384,Vela Nova 483,Home Entertainment,Vela,830.01,400.45,2012,24,6.806,SKU-VEL00384,Smart Display,Echo,Blue,SUP014,Japan,2012-11-19,GST_STANDARD,Box,False,True,"smart display designed for casual living-room gaming, in the echo family and supplied by vela with a 24-month warranty."
PRD0385,Candle Shift 484,Audio,Candle,602.62,308.78,2016,12,0.661,SKU-CAN00385,Wireless Audio,Flux,Gold,SUP015,Vietnam,2016-09-24,GST_STANDARD,Protective case,True,True,"wireless audio designed for shared-room music playback, in the flux family and supplied by candle with a 12-month warranty."
PRD0386,Vela Atlas 485,Smart Home,Vela,663.23,341.04,2012,12,0.328,SKU-VEL00386,Home Automation,Halo,Blue,SUP016,Australia,2012-09-19,GST_STANDARD,Recycled box,False,False,"home automation designed for door and window activity alerts, in the halo family and supplied by vela with a 12-month warranty."
PRD0387,Candle Flux 486,Gaming,Candle,1127.53,624.84,2012,24,1.543,SKU-CAN00387,Gaming Hardware,Lumen,Silver,SUP017,Malaysia,2012-12-07,GST_STANDARD,Recycled box,True,True,"gaming hardware designed for portable gaming and travel, in the lumen family and supplied by candle with a 24-month warranty."
PRD0388,Vela Pulse 487,Wearable,Vela,191.0,115.03,2012,12,0.165,SKU-VEL00388,Health Wearable,Nova,Gold,SUP018,Korea,2012-04-13,GST_STANDARD,Box,True,True,"health wearable designed for calendar alerts and quick message checks, in the nova family and supplied by vela with a 12-month warranty."
PRD0389,Candle Vista 488,Networking,Candle,473.56,324.43,2012,24,0.717,SKU-CAN00389,Connected Network,Orbit,Gold,SUP019,China,2012-09-23,GST_STANDARD,Box,True,True,"connected network designed for guest-network and device management, in the orbit family and supplied by candle with a 24-month warranty."
PRD0390,Vela Core 489,Accessory,Vela,408.91,219.79,2013,12,0.183,SKU-VEL00390,Mobile Accessory,Pulse,Blue,SUP020,Korea,2013-01-02,GST_STANDARD,Protective case,True,True,"mobile accessory designed for connecting several devices through one compact adapter, in the pulse family and supplied by vela with a 12-month warranty."
PRD0391,Candle Lumen 490,Laptop,Candle,1988.32,1026.64,2015,24,1.175,SKU-CAN00391,Ultrabook,Quest,Gold,SUP021,Malaysia,2015-02-23,GST_STANDARD,Protective case,True,True,"ultrabook designed for travel-based work and presentations, in the quest family and supplied by candle with a 24-month warranty."
PRD0392,Vela Ridge 491,Smartphone,Vela,1830.74,1299.52,2016,24,0.274,SKU-VEL00392,5G Smartphone,Ridge,Black,SUP022,Korea,2016-01-17,GST_STANDARD,Recycled box,False,True,"5g smartphone designed for family communication and casual apps, in the ridge family and supplied by vela with a 24-month warranty."
PRD0393,Candle Arc 492,Tablet,Candle,1454.74,851.55,2016,24,0.459,SKU-CAN00393,Productivity Tablet,Shift,Black,SUP023,Japan,2016-02-24,GST_STANDARD,Protective case,True,True,"productivity tablet designed for drawing and lightweight creative work, in the shift family and supplied by candle with a 24-month warranty."
PRD0394,Vela Echo 493,Home Entertainment,Vela,3192.43,2227.46,2014,24,9.747,SKU-VEL00394,Smart Display,Spark,White,SUP024,China,2014-10-26,GST_STANDARD,Recycled box,False,True,"smart display designed for presentations and photo viewing, in the spark family and supplied by vela with a 24-month warranty."
PRD0395,Candle Orbit 494,Audio,Candle,843.62,584.84,2016,12,0.531,SKU-CAN00395,Wireless Audio,Vista,Gold,SUP025,Australia,2016-05-17,GST_STANDARD,Recycled box,True,True,"wireless audio designed for long listening sessions at home, in the vista family and supplied by candle with a 12-month warranty."
PRD0396,Vela Spark 495,Smart Home,Vela,147.51,109.06,2015,12,0.394,SKU-VEL00396,Home Automation,Wave,Graphite,SUP026,Korea,2015-07-05,GST_STANDARD,Recycled box,True,True,"home automation designed for automated blind and curtain routines, in the wave family and supplied by vela with a 12-month warranty."
PRD0397,Candle Bloom 496,Gaming,Candle,2107.06,1204.89,2017,24,1.61,SKU-CAN00397,Gaming Hardware,Arc,Graphite,SUP027,Korea,2017-10-20,GST_STANDARD,Box,False,True,"gaming hardware designed for game streaming and media capture, in the arc family and supplied by candle with a 24-month warranty."
PRD0398,Vela Halo 497,Wearable,Vela,135.19,66.64,2015,12,0.142,SKU-VEL00398,Health Wearable,Atlas,White,SUP028,China,2015-11-22,GST_STANDARD,Recycled box,True,True,"health wearable designed for habit reminders and everyday timekeeping, in the atlas family and supplied by vela with a 12-month warranty."
PRD0399,Candle Quest 498,Networking,Candle,1304.71,668.47,2014,24,0.691,SKU-CAN00399,Connected Network,Bloom,Green,SUP029,China,2014-12-12,GST_STANDARD,Box,True,True,"connected network designed for extending coverage between rooms, in the bloom family and supplied by candle with a 24-month warranty."
PRD0400,Vela Wave 499,Accessory,Vela,124.47,91.06,2015,12,0.185,SKU-VEL00400,Mobile Accessory,Core,White,SUP030,Australia,2015-09-05,GST_STANDARD,Protective case,True,True,"mobile accessory designed for hands-free device support in a shared workspace, in the core family and supplied by vela with a 12-month warranty."
PRD0401,Candle Edge 500,Laptop,Candle,2595.7,1527.74,2016,24,1.259,SKU-CAN00401,Ultrabook,Edge,White,SUP031,Korea,2016-09-10,GST_STANDARD,Protective case,False,True,"ultrabook designed for portable document work and video meetings, in the edge family and supplied by candle with a 24-month warranty."
PRD0402,Vela Nova 501,Smartphone,Vela,1863.84,1400.92,2016,24,0.206,SKU-VEL00402,5G Smartphone,Echo,Silver,SUP032,Malaysia,2016-12-14,GST_STANDARD,Box,True,True,"5g smartphone designed for daily communication and navigation, in the echo family and supplied by vela with a 24-month warranty."
PRD0403,Candle Shift 502,Tablet,Candle,1470.68,1090.73,2012,24,0.651,SKU-CAN00403,Productivity Tablet,Flux,Red,SUP033,Korea,2012-08-21,GST_STANDARD,Recycled box,True,True,"productivity tablet designed for reading, annotation and handwritten notes, in the flux family and supplied by candle with a 24-month warranty."
PRD0404,Vela Atlas 503,Home Entertainment,Vela,2624.06,1776.96,2012,24,7.15,SKU-VEL00404,Smart Display,Halo,White,SUP034,Korea,2012-07-18,GST_STANDARD,Recycled box,True,True,"smart display designed for shared film and television viewing, in the halo family and supplied by vela with a 24-month warranty."
PRD0405,Candle Flux 504,Audio,Candle,406.75,208.61,2016,12,0.626,SKU-CAN00405,Wireless Audio,Lumen,Graphite,SUP035,Malaysia,2016-05-22,GST_STANDARD,Box,True,True,"wireless audio designed for commuting and spoken-content listening, in the lumen family and supplied by candle with a 12-month warranty."
PRD0406,Vela Pulse 505,Smart Home,Vela,533.79,353.69,2013,12,0.483,SKU-VEL00406,Home Automation,Nova,Graphite,SUP036,Korea,2013-08-10,GST_STANDARD,Box,True,True,"home automation designed for app-controlled room lighting, in the nova family and supplied by vela with a 12-month warranty."
PRD0407,Candle Vista 506,Gaming,Candle,1240.23,698.56,2016,24,1.111,SKU-CAN00407,Gaming Hardware,Orbit,Blue,SUP037,Australia,2016-11-06,GST_STANDARD,Recycled box,False,True,"gaming hardware designed for long desktop gaming sessions, in the orbit family and supplied by candle with a 24-month warranty."
PRD0408,Vela Core 507,Wearable,Vela,297.69,207.49,2014,12,0.087,SKU-VEL00408,Health Wearable,Pulse,Silver,SUP001,Australia,2014-06-26,GST_STANDARD,Protective case,True,True,"health wearable designed for daily activity and sleep tracking, in the pulse family and supplied by vela with a 12-month warranty."
PRD0409,Candle Lumen 508,Networking,Candle,607.08,412.46,2016,24,0.67,SKU-CAN00409,Connected Network,Quest,Gold,SUP002,Malaysia,2016-08-16,GST_STANDARD,Protective case,True,True,"connected network designed for home-office wireless coverage, in the quest family and supplied by candle with a 24-month warranty."
PRD0410,Vela Ridge 509,Accessory,Vela,331.6,165.04,2014,12,0.151,SKU-VEL00410,Mobile Accessory,Ridge,Graphite,SUP003,Malaysia,2014-03-18,GST_STANDARD,Box,True,True,"mobile accessory designed for adjustable desk mounting and device positioning, in the ridge family and supplied by vela with a 12-month warranty."
PRD0411,Candle Arc 510,Laptop,Candle,1497.57,928.52,2017,24,1.895,SKU-CAN00411,Ultrabook,Shift,Gold,SUP004,Japan,2017-02-17,GST_STANDARD,Box,True,True,"ultrabook designed for study, research and note taking, in the shift family and supplied by candle with a 24-month warranty."
PRD0412,Vela Echo 511,Smartphone,Vela,1351.05,828.89,2017,24,0.235,SKU-VEL00412,5G Smartphone,Spark,Red,SUP005,Australia,2017-09-05,GST_STANDARD,Protective case,False,True,"5g smartphone designed for mobile photography and messaging, in the spark family and supplied by vela with a 24-month warranty."
PRD0413,Candle Orbit 512,Tablet,Candle,1181.55,857.63,2017,24,0.616,SKU-CAN00413,Productivity Tablet,Vista,White,SUP006,Malaysia,2017-09-05,GST_STANDARD,Recycled box,False,True,"productivity tablet designed for portable media and video calls, in the vista family and supplied by candle with a 24-month warranty."
PRD0414,Vela Spark 513,Home Entertainment,Vela,3331.8,1639.35,2017,24,9.138,SKU-VEL00414,Smart Display,Wave,Graphite,SUP007,China,2017-02-17,GST_STANDARD,Protective case,True,True,"smart display designed for music and spoken-content playback, in the wave family and supplied by vela with a 24-month warranty."
PRD0415,Candle Bloom 514,Audio,Candle,626.8,464.09,2017,12,0.446,SKU-CAN00415,Wireless Audio,Arc,White,SUP008,Malaysia,2017-02-04,GST_STANDARD,Protective case,True,True,"wireless audio designed for music during focused desk work, in the arc family and supplied by candle with a 12-month warranty."
PRD0416,Vela Halo 515,Smart Home,Vela,463.25,342.32,2015,12,0.324,SKU-VEL00416,Home Automation,Atlas,Gold,SUP009,Korea,2015-07-01,GST_STANDARD,Protective case,True,True,"home automation designed for scheduled control of a household power outlet, in the atlas family and supplied by vela with a 12-month warranty."
PRD0417,Candle Quest 516,Gaming,Candle,1462.01,965.29,2012,24,1.243,SKU-CAN00417,Gaming Hardware,Bloom,White,SUP010,Vietnam,2012-06-24,GST_STANDARD,Protective case,False,True,"gaming hardware designed for casual games in a shared room, in the bloom family and supplied by candle with a 24-month warranty."
PRD0418,Vela Wave 517,Wearable,Vela,735.73,464.22,2015,12,0.159,SKU-VEL00418,Health Wearable,Core,Gold,SUP011,Malaysia,2015-09-09,GST_STANDARD,Recycled box,False,True,"health wearable designed for walking and commute notifications, in the core family and supplied by vela with a 12-month warranty."
PRD0419,Candle Edge 518,Networking,Candle,903.5,681.87,2014,24,0.663,SKU-CAN00419,Connected Network,Edge,Black,SUP012,Vietnam,2014-02-20,GST_STANDARD,Box,True,True,"connected network designed for connecting several shared household devices, in the edge family and supplied by candle with a 24-month warranty."
PRD0420,Vela Nova 519,Accessory,Vela,409.7,291.8,2015,12,0.153,SKU-VEL00420,Mobile Accessory,Echo,Gold,SUP013,Korea,2015-10-03,GST_STANDARD,Recycled box,True,True,"mobile accessory designed for protective storage during travel, in the echo family and supplied by vela with a 12-month warranty."
PRD0421,Candle Shift 520,Laptop,Candle,2357.2,1619.85,2015,24,2.05,SKU-CAN00421,Ultrabook,Flux,Gold,SUP014,Vietnam,2015-02-02,GST_STANDARD,Box,False,True,"ultrabook designed for creative projects and media editing, in the flux family and supplied by candle with a 24-month warranty."
PRD0422,Vela Atlas 521,Smartphone,Vela,1010.5,635.54,2014,24,0.3,SKU-VEL00422,5G Smartphone,Halo,White,SUP015,Malaysia,2014-05-10,GST_STANDARD,Recycled box,True,True,"5g smartphone designed for work calls and calendar management, in the halo family and supplied by vela with a 24-month warranty."
PRD0423,Candle Flux 522,Tablet,Candle,371.68,277.27,2017,24,0.806,SKU-CAN00423,Productivity Tablet,Lumen,Green,SUP016,Vietnam,2017-04-21,GST_STANDARD,Box,True,True,"productivity tablet designed for field forms and client presentations, in the lumen family and supplied by candle with a 24-month warranty."
PRD0424,Vela Pulse 523,Home Entertainment,Vela,3384.56,2560.65,2012,24,5.764,SKU-VEL00424,Smart Display,Nova,Blue,SUP017,Korea,2012-11-22,GST_STANDARD,Recycled box,True,True,"smart display designed for family media streaming, in the nova family and supplied by vela with a 24-month warranty."
PRD0425,Candle Vista 524,Audio,Candle,477.89,233.07,2017,12,0.504,SKU-CAN00425,Wireless Audio,Orbit,Graphite,SUP018,Malaysia,2017-04-01,GST_STANDARD,Protective case,True,True,"wireless audio designed for video calls and online classes, in the orbit family and supplied by candle with a 12-month warranty."
PRD0426,Vela Core 525,Smart Home,Vela,708.75,432.79,2014,12,0.303,SKU-VEL00426,Home Automation,Pulse,Red,SUP019,Malaysia,2014-06-27,GST_STANDARD,Box,False,True,"home automation designed for indoor temperature and humidity monitoring, in the pulse family and supplied by vela with a 12-month warranty."
PRD0427,Candle Lumen 526,Gaming,Candle,1110.4,841.17,2016,24,1.251,SKU-CAN00427,Gaming Hardware,Quest,Gold,SUP020,China,2016-04-25,GST_STANDARD,Protective case,True,True,"gaming hardware designed for competitive play and voice communication, in the quest family and supplied by candle with a 24-month warranty."
PRD0428,Vela Ridge 527,Wearable,Vela,353.32,239.55,2012,12,0.152,SKU-VEL00428,Health Wearable,Ridge,Green,SUP021,Vietnam,2012-08-17,GST_STANDARD,Recycled box,False,True,"health wearable designed for exercise session summaries, in the ridge family and supplied by vela with a 12-month warranty."
PRD0429,Candle Arc 528,Networking,Candle,618.41,392.38,2014,24,0.686,SKU-CAN00429,Connected Network,Shift,Gold,SUP022,Korea,2014-03-14,GST_STANDARD,Recycled box,False,True,"connected network designed for video meetings and media streaming, in the shift family and supplied by candle with a 24-month warranty."
PRD0430,Vela Echo 529,Accessory,Vela,54.36,35.48,2013,12,0.163,SKU-VEL00430,Mobile Accessory,Spark,Silver,SUP023,China,2013-05-04,GST_STANDARD,Box,True,False,"mobile accessory designed for charging-cable organisation, in the spark family and supplied by vela with a 12-month warranty."
PRD0431,Candle Orbit 530,Laptop,Candle,2819.89,2090.6,2016,24,1.242,SKU-CAN00431,Ultrabook,Vista,Red,SUP024,Vietnam,2016-09-18,GST_STANDARD,Box,True,True,"ultrabook designed for shared home-office administration, in the vista family and supplied by candle with a 24-month warranty."
PRD0432,Vela Spark 531,Smartphone,Vela,571.62,370.58,2013,24,0.285,SKU-VEL00432,5G Smartphone,Wave,Red,SUP025,Japan,2013-06-20,GST_STANDARD,Recycled box,True,True,"5g smartphone designed for travel planning and media use, in the wave family and supplied by vela with a 24-month warranty."
PRD0433,Candle Bloom 532,Tablet,Candle,641.45,334.15,2015,24,0.502,SKU-CAN00433,Productivity Tablet,Arc,Graphite,SUP026,Korea,2015-08-02,GST_STANDARD,Box,True,True,"productivity tablet designed for family learning and shared browsing, in the arc family and supplied by candle with a 24-month warranty."
PRD0434,Vela Halo 533,Home Entertainment,Vela,1657.3,899.0,2017,24,9.549,SKU-VEL00434,Smart Display,Atlas,Silver,SUP027,Australia,2017-02-23,GST_STANDARD,Protective case,True,True,"smart display designed for casual living-room gaming, in the atlas family and supplied by vela with a 24-month warranty."
PRD0435,Candle Quest 534,Audio,Candle,1185.75,871.06,2014,12,0.356,SKU-CAN00435,Wireless Audio,Bloom,Gold,SUP028,Malaysia,2014-07-24,GST_STANDARD,Box,True,True,"wireless audio designed for shared-room music playback, in the bloom family and supplied by candle with a 12-month warranty."
PRD0436,Vela Wave 535,Smart Home,Vela,839.37,411.74,2012,12,0.291,SKU-VEL00436,Home Automation,Core,Green,SUP029,Malaysia,2012-11-18,GST_STANDARD,Box,True,True,"home automation designed for door and window activity alerts, in the core family and supplied by vela with a 12-month warranty."
PRD0437,Candle Edge 536,Gaming,Candle,662.34,424.47,2017,24,1.026,SKU-CAN00437,Gaming Hardware,Edge,Gold,SUP030,China,2017-04-15,GST_STANDARD,Box,False,True,"gaming hardware designed for portable gaming and travel, in the edge family and supplied by candle with a 24-month warranty."
PRD0438,Vela Nova 537,Wearable,Vela,504.83,252.66,2015,12,0.121,SKU-VEL00438,Health Wearable,Echo,Gold,SUP031,Malaysia,2015-03-11,GST_STANDARD,Protective case,False,True,"health wearable designed for calendar alerts and quick message checks, in the echo family and supplied by vela with a 12-month warranty."
PRD0439,Candle Shift 538,Networking,Candle,236.05,177.55,2014,24,0.508,SKU-CAN00439,Connected Network,Flux,Green,SUP032,Japan,2014-02-24,GST_STANDARD,Protective case,False,True,"connected network designed for guest-network and device management, in the flux family and supplied by candle with a 24-month warranty."
PRD0440,Vela Atlas 539,Accessory,Vela,306.74,212.49,2012,12,0.133,SKU-VEL00440,Mobile Accessory,Halo,White,SUP033,Japan,2012-08-27,GST_STANDARD,Box,False,True,"mobile accessory designed for connecting several devices through one compact adapter, in the halo family and supplied by vela with a 12-month warranty."
PRD0441,Candle Flux 540,Laptop,Candle,2623.08,1453.84,2012,24,1.406,SKU-CAN00441,Ultrabook,Lumen,Black,SUP034,Malaysia,2012-01-01,GST_STANDARD,Recycled box,True,True,"ultrabook designed for travel-based work and presentations, in the lumen family and supplied by candle with a 24-month warranty."
PRD0442,Vela Pulse 541,Smartphone,Vela,327.53,211.59,2013,24,0.187,SKU-VEL00442,5G Smartphone,Nova,Green,SUP035,Malaysia,2013-06-15,GST_STANDARD,Box,False,True,"5g smartphone designed for family communication and casual apps, in the nova family and supplied by vela with a 24-month warranty."
PRD0443,Candle Vista 542,Tablet,Candle,684.87,491.88,2014,24,0.614,SKU-CAN00443,Productivity Tablet,Orbit,Black,SUP036,China,2014-06-18,GST_STANDARD,Box,False,True,"productivity tablet designed for drawing and lightweight creative work, in the orbit family and supplied by candle with a 24-month warranty."
PRD0444,Vela Core 543,Home Entertainment,Vela,2746.34,1538.71,2013,24,8.415,SKU-VEL00444,Smart Display,Pulse,Green,SUP037,Vietnam,2013-07-05,GST_STANDARD,Box,False,True,"smart display designed for presentations and photo viewing, in the pulse family and supplied by vela with a 24-month warranty."
PRD0445,Candle Lumen 544,Audio,Candle,151.88,94.96,2017,12,0.478,SKU-CAN00445,Wireless Audio,Quest,Blue,SUP001,Vietnam,2017-09-20,GST_STANDARD,Protective case,True,True,"wireless audio designed for long listening sessions at home, in the quest family and supplied by candle with a 12-month warranty."
PRD0446,Vela Ridge 545,Smart Home,Vela,607.85,351.61,2013,12,0.374,SKU-VEL00446,Home Automation,Ridge,Red,SUP002,Malaysia,2013-12-14,GST_STANDARD,Box,True,True,"home automation designed for automated blind and curtain routines, in the ridge family and supplied by vela with a 12-month warranty."
PRD0447,Candle Arc 546,Gaming,Candle,640.94,358.32,2017,24,1.243,SKU-CAN00447,Gaming Hardware,Shift,Silver,SUP003,Japan,2017-04-06,GST_STANDARD,Recycled box,True,True,"gaming hardware designed for game streaming and media capture, in the shift family and supplied by candle with a 24-month warranty."
PRD0448,Vela Echo 547,Wearable,Vela,455.26,247.46,2016,12,0.113,SKU-VEL00448,Health Wearable,Spark,Red,SUP004,Australia,2016-04-12,GST_STANDARD,Recycled box,True,True,"health wearable designed for habit reminders and everyday timekeeping, in the spark family and supplied by vela with a 12-month warranty."
PRD0449,Candle Orbit 548,Networking,Candle,884.72,465.31,2014,24,0.688,SKU-CAN00449,Connected Network,Vista,Blue,SUP005,China,2014-12-21,GST_STANDARD,Box,True,True,"connected network designed for extending coverage between rooms, in the vista family and supplied by candle with a 24-month warranty."
PRD0450,Vela Spark 549,Accessory,Vela,162.55,117.31,2015,12,0.197,SKU-VEL00450,Mobile Accessory,Wave,Blue,SUP006,Vietnam,2015-07-24,GST_STANDARD,Protective case,True,True,"mobile accessory designed for hands-free device support in a shared workspace, in the wave family and supplied by vela with a 12-month warranty."
PRD0451,Candle Bloom 550,Laptop,Candle,2999.57,1474.97,2014,24,1.251,SKU-CAN00451,Ultrabook,Arc,White,SUP007,Japan,2014-01-15,GST_STANDARD,Protective case,True,True,"ultrabook designed for portable document work and video meetings, in the arc family and supplied by candle with a 24-month warranty."
PRD0452,Vela Halo 551,Smartphone,Vela,353.39,187.42,2014,24,0.203,SKU-VEL00452,5G Smartphone,Atlas,Black,SUP008,Malaysia,2014-09-01,GST_STANDARD,Protective case,False,True,"5g smartphone designed for daily communication and navigation, in the atlas family and supplied by vela with a 24-month warranty."
PRD0453,Candle Quest 552,Tablet,Candle,1439.62,868.94,2013,24,0.718,SKU-CAN00453,Productivity Tablet,Bloom,White,SUP009,Australia,2013-03-07,GST_STANDARD,Protective case,True,True,"productivity tablet designed for reading, annotation and handwritten notes, in the bloom family and supplied by candle with a 24-month warranty."
PRD0454,Vela Wave 553,Home Entertainment,Vela,3062.46,2269.57,2017,24,8.152,SKU-VEL00454,Smart Display,Core,Blue,SUP010,Korea,2017-04-06,GST_STANDARD,Box,True,True,"smart display designed for shared film and television viewing, in the core family and supplied by vela with a 24-month warranty."
PRD0455,Candle Edge 554,Audio,Candle,858.23,603.29,2013,12,0.514,SKU-CAN00455,Wireless Audio,Edge,White,SUP011,Japan,2013-06-11,GST_STANDARD,Recycled box,True,True,"wireless audio designed for commuting and spoken-content listening, in the edge family and supplied by candle with a 12-month warranty."
PRD0456,Vela Nova 555,Smart Home,Vela,700.91,390.13,2015,12,0.341,SKU-VEL00456,Home Automation,Echo,Green,SUP012,Australia,2015-09-03,GST_STANDARD,Box,True,True,"home automation designed for app-controlled room lighting, in the echo family and supplied by vela with a 12-month warranty."
PRD0457,Candle Shift 556,Gaming,Candle,269.37,168.96,2013,24,1.398,SKU-CAN00457,Gaming Hardware,Flux,Green,SUP013,Malaysia,2013-02-21,GST_STANDARD,Recycled box,False,True,"gaming hardware designed for long desktop gaming sessions, in the flux family and supplied by candle with a 24-month warranty."
PRD0458,Vela Atlas 557,Wearable,Vela,224.27,143.03,2012,12,0.105,SKU-VEL00458,Health Wearable,Halo,Red,SUP014,China,2012-04-22,GST_STANDARD,Box,True,True,"health wearable designed for daily activity and sleep tracking, in the halo family and supplied by vela with a 12-month warranty."
PRD0459,Candle Flux 558,Networking,Candle,261.43,179.74,2014,24,0.545,SKU-CAN00459,Connected Network,Lumen,Green,SUP015,Japan,2014-09-14,GST_STANDARD,Recycled box,False,True,"connected network designed for home-office wireless coverage, in the lumen family and supplied by candle with a 24-month warranty."
PRD0460,Vela Pulse 559,Accessory,Vela,354.28,231.53,2017,12,0.197,SKU-VEL00460,Mobile Accessory,Nova,Black,SUP016,Korea,2017-05-24,GST_STANDARD,Box,False,True,"mobile accessory designed for adjustable desk mounting and device positioning, in the nova family and supplied by vela with a 12-month warranty."
PRD0461,Candle Vista 560,Laptop,Candle,1412.1,762.5,2017,24,1.704,SKU-CAN00461,Ultrabook,Orbit,Graphite,SUP017,Australia,2017-11-24,GST_STANDARD,Protective case,False,True,"ultrabook designed for study, research and note taking, in the orbit family and supplied by candle with a 24-month warranty."
PRD0462,Vela Core 561,Smartphone,Vela,1478.68,1085.03,2015,24,0.247,SKU-VEL00462,5G Smartphone,Pulse,Black,SUP018,Japan,2015-05-21,GST_STANDARD,Recycled box,True,True,"5g smartphone designed for mobile photography and messaging, in the pulse family and supplied by vela with a 24-month warranty."
PRD0463,Candle Lumen 562,Tablet,Candle,1555.83,1055.54,2012,24,0.545,SKU-CAN00463,Productivity Tablet,Quest,Silver,SUP019,Japan,2012-01-27,GST_STANDARD,Box,True,True,"productivity tablet designed for portable media and video calls, in the quest family and supplied by candle with a 24-month warranty."
PRD0464,Vela Ridge 563,Home Entertainment,Vela,3796.9,1994.53,2012,24,9.11,SKU-VEL00464,Smart Display,Ridge,White,SUP020,Malaysia,2012-03-07,GST_STANDARD,Recycled box,True,True,"smart display designed for music and spoken-content playback, in the ridge family and supplied by vela with a 24-month warranty."
PRD0465,Candle Arc 564,Audio,Candle,614.27,422.13,2014,12,0.633,SKU-CAN00465,Wireless Audio,Shift,Black,SUP021,Korea,2014-09-13,GST_STANDARD,Protective case,True,True,"wireless audio designed for music during focused desk work, in the shift family and supplied by candle with a 12-month warranty."
PRD0466,Vela Echo 565,Smart Home,Vela,276.92,167.06,2013,12,0.388,SKU-VEL00466,Home Automation,Spark,Blue,SUP022,China,2013-05-09,GST_STANDARD,Box,False,True,"home automation designed for scheduled control of a household power outlet, in the spark family and supplied by vela with a 12-month warranty."
PRD0467,Candle Orbit 566,Gaming,Candle,2210.83,1621.19,2017,24,1.586,SKU-CAN00467,Gaming Hardware,Vista,Gold,SUP023,Korea,2017-10-17,GST_STANDARD,Protective case,True,True,"gaming hardware designed for casual games in a shared room, in the vista family and supplied by candle with a 24-month warranty."
PRD0468,Vela Spark 567,Wearable,Vela,714.1,522.41,2017,12,0.1,SKU-VEL00468,Health Wearable,Wave,White,SUP024,Japan,2017-01-17,GST_STANDARD,Box,True,True,"health wearable designed for walking and commute notifications, in the wave family and supplied by vela with a 12-month warranty."
PRD0469,Candle Bloom 568,Networking,Candle,767.67,405.73,2012,24,0.833,SKU-CAN00469,Connected Network,Arc,Black,SUP025,Australia,2012-01-27,GST_STANDARD,Box,True,True,"connected network designed for connecting several shared household devices, in the arc family and supplied by candle with a 24-month warranty."
PRD0470,Vela Halo 569,Accessory,Vela,149.63,99.31,2013,12,0.209,SKU-VEL00470,Mobile Accessory,Atlas,Gold,SUP026,Korea,2013-04-26,GST_STANDARD,Box,True,True,"mobile accessory designed for protective storage during travel, in the atlas family and supplied by vela with a 12-month warranty."
PRD0471,Candle Quest 570,Laptop,Candle,985.84,724.87,2017,24,1.939,SKU-CAN00471,Ultrabook,Bloom,White,SUP027,Korea,2017-05-20,GST_STANDARD,Protective case,False,True,"ultrabook designed for creative projects and media editing, in the bloom family and supplied by candle with a 24-month warranty."
PRD0472,Vela Wave 571,Smartphone,Vela,819.03,518.15,2016,24,0.243,SKU-VEL00472,5G Smartphone,Core,Red,SUP028,Vietnam,2016-06-15,GST_STANDARD,Recycled box,True,True,"5g smartphone designed for work calls and calendar management, in the core family and supplied by vela with a 24-month warranty."
PRD0473,Candle Edge 572,Tablet,Candle,296.86,176.5,2017,24,0.622,SKU-CAN00473,Productivity Tablet,Edge,Black,SUP029,China,2017-05-03,GST_STANDARD,Recycled box,True,True,"productivity tablet designed for field forms and client presentations, in the edge family and supplied by candle with a 24-month warranty."
PRD0474,Vela Nova 573,Home Entertainment,Vela,2324.49,1303.24,2015,24,7.619,SKU-VEL00474,Smart Display,Echo,Graphite,SUP030,Australia,2015-09-04,GST_STANDARD,Recycled box,True,True,"smart display designed for family media streaming, in the echo family and supplied by vela with a 24-month warranty."
PRD0475,Candle Shift 574,Audio,Candle,1066.51,800.72,2017,12,0.476,SKU-CAN00475,Wireless Audio,Flux,Graphite,SUP031,Japan,2017-02-19,GST_STANDARD,Protective case,True,True,"wireless audio designed for video calls and online classes, in the flux family and supplied by candle with a 12-month warranty."
PRD0476,Vela Atlas 575,Smart Home,Vela,336.11,203.43,2017,12,0.462,SKU-VEL00476,Home Automation,Halo,Blue,SUP032,China,2017-10-27,GST_STANDARD,Box,True,True,"home automation designed for indoor temperature and humidity monitoring, in the halo family and supplied by vela with a 12-month warranty."
PRD0477,Candle Flux 576,Gaming,Candle,610.76,383.64,2016,24,0.921,SKU-CAN00477,Gaming Hardware,Lumen,Black,SUP033,Korea,2016-04-13,GST_STANDARD,Protective case,True,True,"gaming hardware designed for competitive play and voice communication, in the lumen family and supplied by candle with a 24-month warranty."
PRD0478,Vela Pulse 577,Wearable,Vela,1005.98,697.94,2015,12,0.142,SKU-VEL00478,Health Wearable,Nova,Graphite,SUP034,Australia,2015-12-04,GST_STANDARD,Box,True,True,"health wearable designed for exercise session summaries, in the nova family and supplied by vela with a 12-month warranty."
PRD0479,Candle Vista 578,Networking,Candle,361.79,253.01,2012,24,0.547,SKU-CAN00479,Connected Network,Orbit,Silver,SUP035,Australia,2012-09-26,GST_STANDARD,Box,True,True,"connected network designed for video meetings and media streaming, in the orbit family and supplied by candle with a 24-month warranty."
PRD0480,Vela Core 579,Accessory,Vela,79.31,56.15,2013,12,0.222,SKU-VEL00480,Mobile Accessory,Pulse,Red,SUP036,Malaysia,2013-07-06,GST_STANDARD,Protective case,True,True,"mobile accessory designed for charging-cable organisation, in the pulse family and supplied by vela with a 12-month warranty."
PRD0481,Candle Lumen 580,Laptop,Candle,1590.61,904.84,2016,24,1.695,SKU-CAN00481,Ultrabook,Quest,Blue,SUP037,Korea,2016-01-21,GST_STANDARD,Protective case,True,True,"ultrabook designed for shared home-office administration, in the quest family and supplied by candle with a 24-month warranty."
PRD0482,Vela Ridge 581,Smartphone,Vela,1441.83,786.36,2013,24,0.181,SKU-VEL00482,5G Smartphone,Ridge,White,SUP001,Australia,2013-03-23,GST_STANDARD,Protective case,False,True,"5g smartphone designed for travel planning and media use, in the ridge family and supplied by vela with a 24-month warranty."
PRD0483,Candle Arc 582,Tablet,Candle,1169.19,563.14,2012,24,0.559,SKU-CAN00483,Productivity Tablet,Shift,White,SUP002,China,2012-03-01,GST_STANDARD,Box,False,False,"productivity tablet designed for family learning and shared browsing, in the shift family and supplied by candle with a 24-month warranty."
PRD0484,Vela Echo 583,Home Entertainment,Vela,2872.29,1991.14,2014,24,7.684,SKU-VEL00484,Smart Display,Spark,White,SUP003,Malaysia,2014-07-27,GST_STANDARD,Protective case,False,True,"smart display designed for casual living-room gaming, in the spark family and supplied by vela with a 24-month warranty."
PRD0485,Candle Orbit 584,Audio,Candle,381.77,216.38,2015,12,0.503,SKU-CAN00485,Wireless Audio,Vista,Black,SUP004,China,2015-02-20,GST_STANDARD,Recycled box,True,True,"wireless audio designed for shared-room music playback, in the vista family and supplied by candle with a 12-month warranty."
PRD0486,Vela Spark 585,Smart Home,Vela,188.03,104.3,2015,12,0.493,SKU-VEL00486,Home Automation,Wave,Green,SUP005,Malaysia,2015-11-10,GST_STANDARD,Box,True,True,"home automation designed for door and window activity alerts, in the wave family and supplied by vela with a 12-month warranty."
PRD0487,Candle Bloom 586,Gaming,Candle,2539.52,1651.11,2015,24,1.458,SKU-CAN00487,Gaming Hardware,Arc,Silver,SUP006,Malaysia,2015-03-12,GST_STANDARD,Recycled box,True,True,"gaming hardware designed for portable gaming and travel, in the arc family and supplied by candle with a 24-month warranty."
PRD0488,Vela Halo 587,Wearable,Vela,1046.44,697.82,2014,12,0.131,SKU-VEL00488,Health Wearable,Atlas,Gold,SUP007,Japan,2014-12-23,GST_STANDARD,Recycled box,False,True,"health wearable designed for calendar alerts and quick message checks, in the atlas family and supplied by vela with a 12-month warranty."
PRD0489,Candle Quest 588,Networking,Candle,1110.68,844.08,2015,24,0.538,SKU-CAN00489,Connected Network,Bloom,Blue,SUP008,Vietnam,2015-11-01,GST_STANDARD,Protective case,True,True,"connected network designed for guest-network and device management, in the bloom family and supplied by candle with a 24-month warranty."
PRD0490,Vela Wave 589,Accessory,Vela,82.32,48.13,2015,12,0.174,SKU-VEL00490,Mobile Accessory,Core,White,SUP009,Vietnam,2015-07-20,GST_STANDARD,Protective case,True,True,"mobile accessory designed for connecting several devices through one compact adapter, in the core family and supplied by vela with a 12-month warranty."
PRD0491,Candle Edge 590,Laptop,Candle,2151.39,1519.3,2015,24,1.219,SKU-CAN00491,Ultrabook,Edge,Silver,SUP010,Japan,2015-10-25,GST_STANDARD,Protective case,True,True,"ultrabook designed for travel-based work and presentations, in the edge family and supplied by candle with a 24-month warranty."
PRD0492,Vela Nova 591,Smartphone,Vela,1140.56,649.11,2016,24,0.259,SKU-VEL00492,5G Smartphone,Echo,Black,SUP011,Malaysia,2016-12-17,GST_STANDARD,Recycled box,False,True,"5g smartphone designed for family communication and casual apps, in the echo family and supplied by vela with a 24-month warranty."
PRD0493,Candle Shift 592,Tablet,Candle,760.85,419.74,2016,24,0.669,SKU-CAN00493,Productivity Tablet,Flux,Blue,SUP012,Australia,2016-01-20,GST_STANDARD,Protective case,True,True,"productivity tablet designed for drawing and lightweight creative work, in the flux family and supplied by candle with a 24-month warranty."
PRD0494,Vela Atlas 593,Home Entertainment,Vela,1355.96,924.49,2012,24,7.079,SKU-VEL00494,Smart Display,Halo,Silver,SUP013,Korea,2012-05-26,GST_STANDARD,Box,False,True,"smart display designed for presentations and photo viewing, in the halo family and supplied by vela with a 24-month warranty."
PRD0495,Candle Flux 594,Audio,Candle,1168.15,730.39,2015,12,0.46,SKU-CAN00495,Wireless Audio,Lumen,White,SUP014,Vietnam,2015-07-16,GST_STANDARD,Box,True,True,"wireless audio designed for long listening sessions at home, in the lumen family and supplied by candle with a 12-month warranty."
PRD0496,Vela Pulse 595,Smart Home,Vela,92.5,63.39,2015,12,0.345,SKU-VEL00496,Home Automation,Nova,Graphite,SUP015,China,2015-02-05,GST_STANDARD,Recycled box,False,True,"home automation designed for automated blind and curtain routines, in the nova family and supplied by vela with a 12-month warranty."
PRD0497,Candle Vista 596,Gaming,Candle,2286.18,1145.62,2016,24,1.633,SKU-CAN00497,Gaming Hardware,Orbit,Graphite,SUP016,Australia,2016-03-06,GST_STANDARD,Box,False,True,"gaming hardware designed for game streaming and media capture, in the orbit family and supplied by candle with a 24-month warranty."
PRD0498,Vela Core 597,Wearable,Vela,373.64,239.13,2017,12,0.113,SKU-VEL00498,Health Wearable,Pulse,Red,SUP017,Japan,2017-10-19,GST_STANDARD,Protective case,False,True,"health wearable designed for habit reminders and everyday timekeeping, in the pulse family and supplied by vela with a 12-month warranty."
PRD0499,Candle Lumen 598,Networking,Candle,782.47,562.51,2012,24,0.907,SKU-CAN00499,Connected Network,Quest,Graphite,SUP018,China,2012-07-13,GST_STANDARD,Recycled box,True,True,"connected network designed for extending coverage between rooms, in the quest family and supplied by candle with a 24-month warranty."
PRD0500,Vela Ridge 599,Accessory,Vela,137.18,81.68,2014,12,0.139,SKU-VEL00500,Mobile Accessory,Ridge,Green,SUP019,Malaysia,2014-08-01,GST_STANDARD,Box,True,True,"mobile accessory designed for hands-free device support in a shared workspace, in the ridge family and supplied by vela with a 12-month warranty."
PRD0501,Candle Arc 600,Laptop,Candle,1843.99,954.87,2016,24,1.723,SKU-CAN00501,Ultrabook,Shift,Green,SUP020,China,2016-10-08,GST_STANDARD,Recycled box,True,True,"ultrabook designed for portable document work and video meetings, in the shift family and supplied by candle with a 24-month warranty."
PRD0502,Vela Echo 601,Smartphone,Vela,1155.49,751.26,2012,24,0.294,SKU-VEL00502,5G Smartphone,Spark,Black,SUP021,Korea,2012-02-26,GST_STANDARD,Protective case,False,True,"5g smartphone designed for daily communication and navigation, in the spark family and supplied by vela with a 24-month warranty."
PRD0503,Candle Orbit 602,Tablet,Candle,892.6,527.52,2012,24,0.795,SKU-CAN00503,Productivity Tablet,Vista,Red,SUP022,Australia,2012-01-22,GST_STANDARD,Recycled box,True,False,"productivity tablet designed for reading, annotation and handwritten notes, in the vista family and supplied by candle with a 24-month warranty."
PRD0504,Vela Spark 603,Home Entertainment,Vela,3728.54,2196.71,2015,24,6.368,SKU-VEL00504,Smart Display,Wave,Red,SUP023,Australia,2015-10-02,GST_STANDARD,Recycled box,True,True,"smart display designed for shared film and television viewing, in the wave family and supplied by vela with a 24-month warranty."
PRD0505,Candle Bloom 604,Audio,Candle,268.59,175.8,2016,12,0.376,SKU-CAN00505,Wireless Audio,Arc,White,SUP024,Korea,2016-08-20,GST_STANDARD,Box,True,True,"wireless audio designed for commuting and spoken-content listening, in the arc family and supplied by candle with a 12-month warranty."
PRD0506,Vela Halo 605,Smart Home,Vela,669.77,506.84,2014,12,0.443,SKU-VEL00506,Home Automation,Atlas,Black,SUP025,Malaysia,2014-06-12,GST_STANDARD,Box,False,True,"home automation designed for app-controlled room lighting, in the atlas family and supplied by vela with a 12-month warranty."
PRD0507,Candle Quest 606,Gaming,Candle,2383.22,1312.38,2017,24,1.336,SKU-CAN00507,Gaming Hardware,Bloom,Green,SUP026,China,2017-03-14,GST_STANDARD,Recycled box,True,True,"gaming hardware designed for long desktop gaming sessions, in the bloom family and supplied by candle with a 24-month warranty."
PRD0508,Vela Wave 607,Wearable,Vela,713.33,536.46,2012,12,0.143,SKU-VEL00508,Health Wearable,Core,Blue,SUP027,Vietnam,2012-08-19,GST_STANDARD,Box,False,True,"health wearable designed for daily activity and sleep tracking, in the core family and supplied by vela with a 12-month warranty."
PRD0509,Candle Edge 608,Networking,Candle,849.35,611.7,2012,24,0.737,SKU-CAN00509,Connected Network,Edge,Silver,SUP028,Australia,2012-12-05,GST_STANDARD,Protective case,False,True,"connected network designed for home-office wireless coverage, in the edge family and supplied by candle with a 24-month warranty."
PRD0510,Vela Nova 609,Accessory,Vela,225.6,156.92,2014,12,0.158,SKU-VEL00510,Mobile Accessory,Echo,Gold,SUP029,Australia,2014-10-13,GST_STANDARD,Recycled box,True,True,"mobile accessory designed for adjustable desk mounting and device positioning, in the echo family and supplied by vela with a 12-month warranty."
PRD0511,Candle Shift 610,Laptop,Candle,1567.37,1170.27,2012,24,1.995,SKU-CAN00511,Ultrabook,Flux,Green,SUP030,Vietnam,2012-12-18,GST_STANDARD,Box,True,True,"ultrabook designed for study, research and note taking, in the flux family and supplied by candle with a 24-month warranty."
PRD0512,Vela Atlas 611,Smartphone,Vela,853.67,507.64,2016,24,0.287,SKU-VEL00512,5G Smartphone,Halo,Silver,SUP031,Korea,2016-05-14,GST_STANDARD,Protective case,True,True,"5g smartphone designed for mobile photography and messaging, in the halo family and supplied by vela with a 24-month warranty."
PRD0513,Candle Flux 612,Tablet,Candle,412.83,265.27,2013,24,0.768,SKU-CAN00513,Productivity Tablet,Lumen,Blue,SUP032,Korea,2013-06-23,GST_STANDARD,Protective case,True,True,"productivity tablet designed for portable media and video calls, in the lumen family and supplied by candle with a 24-month warranty."
PRD0514,Vela Pulse 613,Home Entertainment,Vela,3221.3,1622.85,2014,24,8.774,SKU-VEL00514,Smart Display,Nova,White,SUP033,Vietnam,2014-10-08,GST_STANDARD,Recycled box,False,True,"smart display designed for music and spoken-content playback, in the nova family and supplied by vela with a 24-month warranty."
PRD0515,Candle Vista 614,Audio,Candle,957.39,682.26,2012,12,0.512,SKU-CAN00515,Wireless Audio,Orbit,Green,SUP034,China,2012-03-12,GST_STANDARD,Protective case,True,True,"wireless audio designed for music during focused desk work, in the orbit family and supplied by candle with a 12-month warranty."
PRD0516,Vela Core 615,Smart Home,Vela,478.24,246.51,2017,12,0.342,SKU-VEL00516,Home Automation,Pulse,Silver,SUP035,Korea,2017-12-22,GST_STANDARD,Box,False,True,"home automation designed for scheduled control of a household power outlet, in the pulse family and supplied by vela with a 12-month warranty."
PRD0517,Candle Lumen 616,Gaming,Candle,898.69,490.45,2016,24,1.019,SKU-CAN00517,Gaming Hardware,Quest,Gold,SUP036,Japan,2016-10-14,GST_STANDARD,Protective case,True,True,"gaming hardware designed for casual games in a shared room, in the quest family and supplied by candle with a 24-month warranty."
PRD0518,Vela Ridge 617,Wearable,Vela,69.83,37.1,2013,12,0.12,SKU-VEL00518,Health Wearable,Ridge,Gold,SUP037,Vietnam,2013-04-10,GST_STANDARD,Protective case,True,True,"health wearable designed for walking and commute notifications, in the ridge family and supplied by vela with a 12-month warranty."
PRD0519,Candle Arc 618,Networking,Candle,700.92,522.59,2015,24,0.75,SKU-CAN00519,Connected Network,Shift,Black,SUP001,Korea,2015-02-17,GST_STANDARD,Box,True,True,"connected network designed for connecting several shared household devices, in the shift family and supplied by candle with a 24-month warranty."
PRD0520,Vela Echo 619,Accessory,Vela,404.65,271.68,2017,12,0.23,SKU-VEL00520,Mobile Accessory,Spark,Blue,SUP002,Vietnam,2017-11-04,GST_STANDARD,Box,True,True,"mobile accessory designed for protective storage during travel, in the spark family and supplied by vela with a 12-month warranty."
PRD0521,Candle Orbit 620,Laptop,Candle,2988.2,1623.89,2015,24,1.322,SKU-CAN00521,Ultrabook,Vista,Graphite,SUP003,Vietnam,2015-04-08,GST_STANDARD,Recycled box,True,True,"ultrabook designed for creative projects and media editing, in the vista family and supplied by candle with a 24-month warranty."
PRD0522,Vela Spark 621,Smartphone,Vela,496.11,317.44,2015,24,0.219,SKU-VEL00522,5G Smartphone,Wave,Graphite,SUP004,Malaysia,2015-07-08,GST_STANDARD,Protective case,False,True,"5g smartphone designed for work calls and calendar management, in the wave family and supplied by vela with a 24-month warranty."
PRD0523,Candle Bloom 622,Tablet,Candle,837.7,541.8,2017,24,0.743,SKU-CAN00523,Productivity Tablet,Arc,Gold,SUP005,Malaysia,2017-01-23,GST_STANDARD,Protective case,False,False,"productivity tablet designed for field forms and client presentations, in the arc family and supplied by candle with a 24-month warranty."
PRD0524,Vela Halo 623,Home Entertainment,Vela,405.7,213.47,2012,24,9.543,SKU-VEL00524,Smart Display,Atlas,Graphite,SUP006,Korea,2012-11-12,GST_STANDARD,Box,True,True,"smart display designed for family media streaming, in the atlas family and supplied by vela with a 24-month warranty."
PRD0525,Candle Quest 624,Audio,Candle,360.27,190.92,2013,12,0.509,SKU-CAN00525,Wireless Audio,Bloom,Black,SUP007,Malaysia,2013-09-07,GST_STANDARD,Recycled box,True,True,"wireless audio designed for video calls and online classes, in the bloom family and supplied by candle with a 12-month warranty."
PRD0526,Vela Wave 625,Smart Home,Vela,567.06,395.83,2015,12,0.332,SKU-VEL00526,Home Automation,Core,Silver,SUP008,Australia,2015-05-27,GST_STANDARD,Protective case,True,True,"home automation designed for indoor temperature and humidity monitoring, in the core family and supplied by vela with a 12-month warranty."
PRD0527,Candle Edge 626,Gaming,Candle,934.45,522.8,2014,24,1.264,SKU-CAN00527,Gaming Hardware,Edge,Graphite,SUP009,China,2014-09-13,GST_STANDARD,Protective case,True,True,"gaming hardware designed for competitive play and voice communication, in the edge family and supplied by candle with a 24-month warranty."
PRD0528,Vela Nova 627,Wearable,Vela,1044.78,790.4,2017,12,0.157,SKU-VEL00528,Health Wearable,Echo,Gold,SUP010,China,2017-04-13,GST_STANDARD,Recycled box,True,True,"health wearable designed for exercise session summaries, in the echo family and supplied by vela with a 12-month warranty."
PRD0529,Candle Shift 628,Networking,Candle,923.93,645.81,2014,24,0.809,SKU-CAN00529,Connected Network,Flux,Silver,SUP011,Australia,2014-11-19,GST_STANDARD,Recycled box,True,True,"connected network designed for video meetings and media streaming, in the flux family and supplied by candle with a 24-month warranty."
PRD0530,Vela Atlas 629,Accessory,Vela,338.05,252.94,2012,12,0.229,SKU-VEL00530,Mobile Accessory,Halo,Graphite,SUP012,Korea,2012-02-27,GST_STANDARD,Recycled box,True,True,"mobile accessory designed for charging-cable organisation, in the halo family and supplied by vela with a 12-month warranty."
PRD0531,Candle Flux 630,Laptop,Candle,1957.27,1194.56,2016,24,1.255,SKU-CAN00531,Ultrabook,Lumen,Green,SUP013,Korea,2016-07-08,GST_STANDARD,Protective case,True,True,"ultrabook designed for shared home-office administration, in the lumen family and supplied by candle with a 24-month warranty."
PRD0532,Vela Pulse 631,Smartphone,Vela,837.86,569.49,2012,24,0.238,SKU-VEL00532,5G Smartphone,Nova,Gold,SUP014,Korea,2012-04-11,GST_STANDARD,Box,True,True,"5g smartphone designed for travel planning and media use, in the nova family and supplied by vela with a 24-month warranty."
PRD0533,Candle Vista 632,Tablet,Candle,1416.06,830.05,2012,24,0.682,SKU-CAN00533,Productivity Tablet,Orbit,Gold,SUP015,Korea,2012-02-24,GST_STANDARD,Protective case,True,True,"productivity tablet designed for family learning and shared browsing, in the orbit family and supplied by candle with a 24-month warranty."
PRD0534,Vela Core 633,Home Entertainment,Vela,459.7,322.94,2014,24,8.286,SKU-VEL00534,Smart Display,Pulse,Graphite,SUP016,China,2014-07-25,GST_STANDARD,Box,True,True,"smart display designed for casual living-room gaming, in the pulse family and supplied by vela with a 24-month warranty."
PRD0535,Candle Lumen 634,Audio,Candle,992.5,692.36,2013,12,0.649,SKU-CAN00535,Wireless Audio,Quest,Graphite,SUP017,Malaysia,2013-04-08,GST_STANDARD,Recycled box,True,True,"wireless audio designed for shared-room music playback, in the quest family and supplied by candle with a 12-month warranty."
PRD0536,Vela Ridge 635,Smart Home,Vela,430.74,208.24,2012,12,0.282,SKU-VEL00536,Home Automation,Ridge,Gold,SUP018,Malaysia,2012-03-25,GST_STANDARD,Protective case,True,True,"home automation designed for door and window activity alerts, in the ridge family and supplied by vela with a 12-month warranty."
PRD0537,Candle Arc 636,Gaming,Candle,237.18,153.79,2014,24,0.936,SKU-CAN00537,Gaming Hardware,Shift,Black,SUP019,China,2014-01-10,GST_STANDARD,Box,True,True,"gaming hardware designed for portable gaming and travel, in the shift family and supplied by candle with a 24-month warranty."
PRD0538,Vela Echo 637,Wearable,Vela,734.7,364.69,2014,12,0.156,SKU-VEL00538,Health Wearable,Spark,Graphite,SUP020,Vietnam,2014-01-01,GST_STANDARD,Recycled box,False,True,"health wearable designed for calendar alerts and quick message checks, in the spark family and supplied by vela with a 12-month warranty."
PRD0539,Candle Orbit 638,Networking,Candle,642.49,343.43,2016,24,0.948,SKU-CAN00539,Connected Network,Vista,Green,SUP021,China,2016-02-16,GST_STANDARD,Protective case,False,True,"connected network designed for guest-network and device management, in the vista family and supplied by candle with a 24-month warranty."
PRD0540,Vela Spark 639,Accessory,Vela,343.79,191.86,2012,12,0.176,SKU-VEL00540,Mobile Accessory,Wave,Silver,SUP022,Korea,2012-05-16,GST_STANDARD,Protective case,True,True,"mobile accessory designed for connecting several devices through one compact adapter, in the wave family and supplied by vela with a 12-month warranty."
PRD0541,Candle Bloom 640,Laptop,Candle,2828.87,1851.4,2014,24,2.014,SKU-CAN00541,Ultrabook,Arc,Silver,SUP023,Australia,2014-10-22,GST_STANDARD,Recycled box,True,True,"ultrabook designed for travel-based work and presentations, in the arc family and supplied by candle with a 24-month warranty."
PRD0542,Vela Halo 641,Smartphone,Vela,1005.69,578.56,2012,24,0.21,SKU-VEL00542,5G Smartphone,Atlas,Red,SUP024,Korea,2012-07-22,GST_STANDARD,Recycled box,False,True,"5g smartphone designed for family communication and casual apps, in the atlas family and supplied by vela with a 24-month warranty."
PRD0543,Candle Quest 642,Tablet,Candle,1522.55,951.96,2015,24,0.811,SKU-CAN00543,Productivity Tablet,Bloom,Green,SUP025,Japan,2015-06-27,GST_STANDARD,Recycled box,True,True,"productivity tablet designed for drawing and lightweight creative work, in the bloom family and supplied by candle with a 24-month warranty."
PRD0544,Vela Wave 643,Home Entertainment,Vela,3608.38,2453.28,2015,24,8.069,SKU-VEL00544,Smart Display,Core,White,SUP026,Australia,2015-09-17,GST_STANDARD,Recycled box,True,True,"smart display designed for presentations and photo viewing, in the core family and supplied by vela with a 24-month warranty."
PRD0545,Candle Edge 644,Audio,Candle,456.26,275.99,2012,12,0.423,SKU-CAN00545,Wireless Audio,Edge,Red,SUP027,Malaysia,2012-08-11,GST_STANDARD,Box,True,True,"wireless audio designed for long listening sessions at home, in the edge family and supplied by candle with a 12-month warranty."
PRD0546,Vela Nova 645,Smart Home,Vela,180.12,112.94,2017,12,0.285,SKU-VEL00546,Home Automation,Echo,Red,SUP028,Vietnam,2017-02-09,GST_STANDARD,Protective case,True,True,"home automation designed for automated blind and curtain routines, in the echo family and supplied by vela with a 12-month warranty."
PRD0547,Candle Shift 646,Gaming,Candle,2322.41,1338.74,2013,24,1.051,SKU-CAN00547,Gaming Hardware,Flux,Silver,SUP029,Malaysia,2013-10-11,GST_STANDARD,Protective case,True,True,"gaming hardware designed for game streaming and media capture, in the flux family and supplied by candle with a 24-month warranty."
PRD0548,Vela Atlas 647,Wearable,Vela,858.63,571.36,2014,12,0.1,SKU-VEL00548,Health Wearable,Halo,Blue,SUP030,Korea,2014-04-10,GST_STANDARD,Recycled box,True,True,"health wearable designed for habit reminders and everyday timekeeping, in the halo family and supplied by vela with a 12-month warranty."
PRD0549,Candle Flux 648,Networking,Candle,1345.32,801.07,2012,24,0.741,SKU-CAN00549,Connected Network,Lumen,Blue,SUP031,Australia,2012-09-06,GST_STANDARD,Protective case,False,True,"connected network designed for extending coverage between rooms, in the lumen family and supplied by candle with a 24-month warranty."
PRD0550,Vela Pulse 649,Accessory,Vela,224.46,148.29,2013,12,0.231,SKU-VEL00550,Mobile Accessory,Nova,White,SUP032,Australia,2013-01-27,GST_STANDARD,Protective case,False,True,"mobile accessory designed for hands-free device support in a shared workspace, in the nova family and supplied by vela with a 12-month warranty."
PRD0551,Candle Vista 650,Laptop,Candle,3156.44,1603.5,2016,24,1.495,SKU-CAN00551,Ultrabook,Orbit,Graphite,SUP033,Malaysia,2016-06-24,GST_STANDARD,Recycled box,True,True,"ultrabook designed for portable document work and video meetings, in the orbit family and supplied by candle with a 24-month warranty."
PRD0552,Vela Core 651,Smartphone,Vela,359.04,214.43,2016,24,0.205,SKU-VEL00552,5G Smartphone,Pulse,Green,SUP034,Vietnam,2016-03-07,GST_STANDARD,Recycled box,True,True,"5g smartphone designed for daily communication and navigation, in the pulse family and supplied by vela with a 24-month warranty."
PRD0553,Candle Lumen 652,Tablet,Candle,1559.12,823.2,2013,24,0.712,SKU-CAN00553,Productivity Tablet,Quest,Blue,SUP035,Australia,2013-02-18,GST_STANDARD,Recycled box,True,True,"productivity tablet designed for reading, annotation and handwritten notes, in the quest family and supplied by candle with a 24-month warranty."
PRD0554,Vela Ridge 653,Home Entertainment,Vela,2579.35,1384.99,2013,24,9.625,SKU-VEL00554,Smart Display,Ridge,White,SUP036,Malaysia,2013-02-27,GST_STANDARD,Recycled box,True,True,"smart display designed for shared film and television viewing, in the ridge family and supplied by vela with a 24-month warranty."
PRD0555,Candle Arc 654,Audio,Candle,380.47,283.37,2016,12,0.503,SKU-CAN00555,Wireless Audio,Shift,Blue,SUP037,Vietnam,2016-07-12,GST_STANDARD,Protective case,True,True,"wireless audio designed for commuting and spoken-content listening, in the shift family and supplied by candle with a 12-month warranty."
PRD0556,Vela Echo 655,Smart Home,Vela,279.39,171.77,2014,12,0.365,SKU-VEL00556,Home Automation,Spark,Green,SUP001,China,2014-09-12,GST_STANDARD,Protective case,True,True,"home automation designed for app-controlled room lighting, in the spark family and supplied by vela with a 12-month warranty."
PRD0557,Candle Orbit 656,Gaming,Candle,669.73,493.99,2015,24,1.138,SKU-CAN00557,Gaming Hardware,Vista,Green,SUP002,Japan,2015-11-02,GST_STANDARD,Protective case,False,True,"gaming hardware designed for long desktop gaming sessions, in the vista family and supplied by candle with a 24-month warranty."
PRD0558,Vela Spark 657,Wearable,Vela,399.27,194.81,2015,12,0.162,SKU-VEL00558,Health Wearable,Wave,Black,SUP003,Australia,2015-11-18,GST_STANDARD,Box,True,True,"health wearable designed for daily activity and sleep tracking, in the wave family and supplied by vela with a 12-month warranty."
PRD0559,Candle Bloom 658,Networking,Candle,1310.74,775.39,2015,24,0.957,SKU-CAN00559,Connected Network,Arc,Black,SUP004,China,2015-01-18,GST_STANDARD,Protective case,True,True,"connected network designed for home-office wireless coverage, in the arc family and supplied by candle with a 24-month warranty."
PRD0560,Vela Halo 659,Accessory,Vela,114.38,71.43,2016,12,0.207,SKU-VEL00560,Mobile Accessory,Atlas,Green,SUP005,China,2016-06-23,GST_STANDARD,Box,True,True,"mobile accessory designed for adjustable desk mounting and device positioning, in the atlas family and supplied by vela with a 12-month warranty."
PRD0561,Candle Quest 660,Laptop,Candle,1093.04,535.31,2014,24,2.046,SKU-CAN00561,Ultrabook,Bloom,Green,SUP006,Australia,2014-10-04,GST_STANDARD,Recycled box,False,True,"ultrabook designed for study, research and note taking, in the bloom family and supplied by candle with a 24-month warranty."
PRD0562,Vela Wave 661,Smartphone,Vela,1169.37,580.45,2013,24,0.276,SKU-VEL00562,5G Smartphone,Core,Green,SUP007,Japan,2013-09-02,GST_STANDARD,Recycled box,True,True,"5g smartphone designed for mobile photography and messaging, in the core family and supplied by vela with a 24-month warranty."
PRD0563,Candle Edge 662,Tablet,Candle,957.85,562.81,2017,24,0.523,SKU-CAN00563,Productivity Tablet,Edge,Silver,SUP008,Japan,2017-11-06,GST_STANDARD,Box,True,True,"productivity tablet designed for portable media and video calls, in the edge family and supplied by candle with a 24-month warranty."
PRD0564,Vela Nova 663,Home Entertainment,Vela,3993.14,2353.03,2014,24,9.013,SKU-VEL00564,Smart Display,Echo,Green,SUP009,Vietnam,2014-08-06,GST_STANDARD,Protective case,True,True,"smart display designed for music and spoken-content playback, in the echo family and supplied by vela with a 24-month warranty."
PRD0565,Candle Shift 664,Audio,Candle,124.28,69.61,2015,12,0.431,SKU-CAN00565,Wireless Audio,Flux,Gold,SUP010,Australia,2015-12-22,GST_STANDARD,Protective case,True,True,"wireless audio designed for music during focused desk work, in the flux family and supplied by candle with a 12-month warranty."
PRD0566,Vela Atlas 665,Smart Home,Vela,242.05,152.41,2013,12,0.266,SKU-VEL00566,Home Automation,Halo,Blue,SUP011,Japan,2013-08-05,GST_STANDARD,Protective case,True,True,"home automation designed for scheduled control of a household power outlet, in the halo family and supplied by vela with a 12-month warranty."
PRD0567,Candle Flux 666,Gaming,Candle,69.51,36.97,2017,24,1.22,SKU-CAN00567,Gaming Hardware,Lumen,White,SUP012,Malaysia,2017-08-19,GST_STANDARD,Protective case,True,True,"gaming hardware designed for casual games in a shared room, in the lumen family and supplied by candle with a 24-month warranty."
PRD0568,Vela Pulse 667,Wearable,Vela,977.48,585.79,2015,12,0.135,SKU-VEL00568,Health Wearable,Nova,Graphite,SUP013,China,2015-02-21,GST_STANDARD,Box,True,True,"health wearable designed for walking and commute notifications, in the nova family and supplied by vela with a 12-month warranty."
PRD0569,Candle Vista 668,Networking,Candle,928.26,581.53,2017,24,0.612,SKU-CAN00569,Connected Network,Orbit,Black,SUP014,Vietnam,2017-05-21,GST_STANDARD,Box,False,True,"connected network designed for connecting several shared household devices, in the orbit family and supplied by candle with a 24-month warranty."
PRD0570,Vela Core 669,Accessory,Vela,337.54,165.14,2017,12,0.144,SKU-VEL00570,Mobile Accessory,Pulse,Green,SUP015,Japan,2017-12-26,GST_STANDARD,Recycled box,False,False,"mobile accessory designed for protective storage during travel, in the pulse family and supplied by vela with a 12-month warranty."
PRD0571,Candle Lumen 670,Laptop,Candle,2591.37,1329.3,2014,24,2.002,SKU-CAN00571,Ultrabook,Quest,Silver,SUP016,Vietnam,2014-01-05,GST_STANDARD,Recycled box,True,True,"ultrabook designed for creative projects and media editing, in the quest family and supplied by candle with a 24-month warranty."
PRD0572,Vela Ridge 671,Smartphone,Vela,1663.78,1146.81,2017,24,0.217,SKU-VEL00572,5G Smartphone,Ridge,Black,SUP017,Vietnam,2017-08-19,GST_STANDARD,Protective case,True,True,"5g smartphone designed for work calls and calendar management, in the ridge family and supplied by vela with a 24-month warranty."
PRD0573,Candle Arc 672,Tablet,Candle,850.28,517.65,2012,24,0.564,SKU-CAN00573,Productivity Tablet,Shift,Blue,SUP018,Malaysia,2012-09-27,GST_STANDARD,Protective case,True,True,"productivity tablet designed for field forms and client presentations, in the shift family and supplied by candle with a 24-month warranty."
PRD0574,Vela Echo 673,Home Entertainment,Vela,1591.27,959.02,2015,24,9.049,SKU-VEL00574,Smart Display,Spark,White,SUP019,Korea,2015-12-24,GST_STANDARD,Protective case,True,True,"smart display designed for family media streaming, in the spark family and supplied by vela with a 24-month warranty."
PRD0575,Candle Orbit 674,Audio,Candle,711.89,348.8,2017,12,0.361,SKU-CAN00575,Wireless Audio,Vista,Red,SUP020,Malaysia,2017-03-26,GST_STANDARD,Recycled box,True,True,"wireless audio designed for video calls and online classes, in the vista family and supplied by candle with a 12-month warranty."
PRD0576,Vela Spark 675,Smart Home,Vela,31.35,19.84,2012,12,0.38,SKU-VEL00576,Home Automation,Wave,Gold,SUP021,Australia,2012-06-05,GST_STANDARD,Protective case,True,True,"home automation designed for indoor temperature and humidity monitoring, in the wave family and supplied by vela with a 12-month warranty."
PRD0577,Candle Bloom 676,Gaming,Candle,1838.58,908.07,2012,24,1.323,SKU-CAN00577,Gaming Hardware,Arc,Red,SUP022,Vietnam,2012-06-26,GST_STANDARD,Recycled box,True,True,"gaming hardware designed for competitive play and voice communication, in the arc family and supplied by candle with a 24-month warranty."
PRD0578,Vela Halo 677,Wearable,Vela,307.89,192.63,2013,12,0.139,SKU-VEL00578,Health Wearable,Atlas,Silver,SUP023,Vietnam,2013-07-26,GST_STANDARD,Recycled box,False,True,"health wearable designed for exercise session summaries, in the atlas family and supplied by vela with a 12-month warranty."
PRD0579,Candle Quest 678,Networking,Candle,842.98,418.4,2017,24,0.692,SKU-CAN00579,Connected Network,Bloom,White,SUP024,China,2017-04-18,GST_STANDARD,Recycled box,True,True,"connected network designed for video meetings and media streaming, in the bloom family and supplied by candle with a 24-month warranty."
PRD0580,Vela Wave 679,Accessory,Vela,50.37,28.1,2012,12,0.203,SKU-VEL00580,Mobile Accessory,Core,Blue,SUP025,Korea,2012-03-17,GST_STANDARD,Box,True,True,"mobile accessory designed for charging-cable organisation, in the core family and supplied by vela with a 12-month warranty."
PRD0581,Candle Edge 680,Laptop,Candle,1656.04,1069.56,2016,24,2.04,SKU-CAN00581,Ultrabook,Edge,Gold,SUP026,Vietnam,2016-08-08,GST_STANDARD,Recycled box,True,True,"ultrabook designed for shared home-office administration, in the edge family and supplied by candle with a 24-month warranty."
PRD0582,Vela Nova 681,Smartphone,Vela,1229.26,669.32,2013,24,0.227,SKU-VEL00582,5G Smartphone,Echo,Graphite,SUP027,Korea,2013-02-20,GST_STANDARD,Recycled box,True,True,"5g smartphone designed for travel planning and media use, in the echo family and supplied by vela with a 24-month warranty."
PRD0583,Candle Shift 682,Tablet,Candle,268.64,152.38,2016,24,0.499,SKU-CAN00583,Productivity Tablet,Flux,Green,SUP028,Australia,2016-11-19,GST_STANDARD,Protective case,True,True,"productivity tablet designed for family learning and shared browsing, in the flux family and supplied by candle with a 24-month warranty."
PRD0584,Vela Atlas 683,Home Entertainment,Vela,2405.29,1543.44,2017,24,6.408,SKU-VEL00584,Smart Display,Halo,Silver,SUP029,Vietnam,2017-02-13,GST_STANDARD,Protective case,False,True,"smart display designed for casual living-room gaming, in the halo family and supplied by vela with a 24-month warranty."
PRD0585,Candle Flux 684,Audio,Candle,883.47,612.72,2013,12,0.5,SKU-CAN00585,Wireless Audio,Lumen,Silver,SUP030,China,2013-07-08,GST_STANDARD,Box,True,True,"wireless audio designed for shared-room music playback, in the lumen family and supplied by candle with a 12-month warranty."
PRD0586,Vela Pulse 685,Smart Home,Vela,421.13,243.46,2014,12,0.399,SKU-VEL00586,Home Automation,Nova,White,SUP031,Vietnam,2014-03-06,GST_STANDARD,Recycled box,True,True,"home automation designed for door and window activity alerts, in the nova family and supplied by vela with a 12-month warranty."
PRD0587,Candle Vista 686,Gaming,Candle,1075.68,680.59,2016,24,1.208,SKU-CAN00587,Gaming Hardware,Orbit,Graphite,SUP032,Australia,2016-03-22,GST_STANDARD,Box,True,True,"gaming hardware designed for portable gaming and travel, in the orbit family and supplied by candle with a 24-month warranty."
PRD0588,Vela Core 687,Wearable,Vela,914.0,468.76,2013,12,0.09,SKU-VEL00588,Health Wearable,Pulse,Silver,SUP033,Japan,2013-06-17,GST_STANDARD,Protective case,True,True,"health wearable designed for calendar alerts and quick message checks, in the pulse family and supplied by vela with a 12-month warranty."
PRD0589,Candle Lumen 688,Networking,Candle,222.62,162.82,2012,24,0.934,SKU-CAN00589,Connected Network,Quest,Graphite,SUP034,China,2012-02-15,GST_STANDARD,Protective case,False,True,"connected network designed for guest-network and device management, in the quest family and supplied by candle with a 24-month warranty."
PRD0590,Vela Ridge 689,Accessory,Vela,197.67,127.59,2013,12,0.204,SKU-VEL00590,Mobile Accessory,Ridge,Green,SUP035,Vietnam,2013-02-22,GST_STANDARD,Box,True,True,"mobile accessory designed for connecting several devices through one compact adapter, in the ridge family and supplied by vela with a 12-month warranty."
PRD0591,Candle Arc 690,Laptop,Candle,2913.54,1404.29,2014,24,1.611,SKU-CAN00591,Ultrabook,Shift,Black,SUP036,Australia,2014-08-02,GST_STANDARD,Box,True,True,"ultrabook designed for travel-based work and presentations, in the shift family and supplied by candle with a 24-month warranty."
PRD0592,Vela Echo 691,Smartphone,Vela,1152.46,820.51,2014,24,0.242,SKU-VEL00592,5G Smartphone,Spark,Graphite,SUP037,Australia,2014-06-14,GST_STANDARD,Protective case,True,True,"5g smartphone designed for family communication and casual apps, in the spark family and supplied by vela with a 24-month warranty."
PRD0593,Candle Orbit 692,Tablet,Candle,826.29,573.56,2015,24,0.483,SKU-CAN00593,Productivity Tablet,Vista,Gold,SUP001,Korea,2015-04-18,GST_STANDARD,Recycled box,False,True,"productivity tablet designed for drawing and lightweight creative work, in the vista family and supplied by candle with a 24-month warranty."
PRD0594,Vela Spark 693,Home Entertainment,Vela,2621.32,1439.06,2015,24,7.147,SKU-VEL00594,Smart Display,Wave,Green,SUP002,Vietnam,2015-05-17,GST_STANDARD,Recycled box,True,True,"smart display designed for presentations and photo viewing, in the wave family and supplied by vela with a 24-month warranty."
PRD0595,Candle Bloom 694,Audio,Candle,126.92,73.59,2013,12,0.386,SKU-CAN00595,Wireless Audio,Arc,Green,SUP003,Japan,2013-01-23,GST_STANDARD,Box,True,True,"wireless audio designed for long listening sessions at home, in the arc family and supplied by candle with a 12-month warranty."
PRD0596,Vela Halo 695,Smart Home,Vela,792.27,386.94,2014,12,0.268,SKU-VEL00596,Home Automation,Atlas,Blue,SUP004,Korea,2014-01-14,GST_STANDARD,Recycled box,True,False,"home automation designed for automated blind and curtain routines, in the atlas family and supplied by vela with a 12-month warranty."
PRD0597,Candle Quest 696,Gaming,Candle,1808.07,1084.14,2016,24,1.637,SKU-CAN00597,Gaming Hardware,Bloom,White,SUP005,Japan,2016-06-08,GST_STANDARD,Recycled box,False,True,"gaming hardware designed for game streaming and media capture, in the bloom family and supplied by candle with a 24-month warranty."
PRD0598,Vela Wave 697,Wearable,Vela,73.8,40.67,2013,12,0.151,SKU-VEL00598,Health Wearable,Core,Green,SUP006,Korea,2013-02-22,GST_STANDARD,Protective case,False,False,"health wearable designed for habit reminders and everyday timekeeping, in the core family and supplied by vela with a 12-month warranty."
PRD0599,Candle Edge 698,Networking,Candle,1008.74,627.85,2014,24,0.929,SKU-CAN00599,Connected Network,Edge,Graphite,SUP007,Malaysia,2014-05-23,GST_STANDARD,Recycled box,True,True,"connected network designed for extending coverage between rooms, in the edge family and supplied by candle with a 24-month warranty."
PRD0600,Vela Nova 699,Accessory,Vela,200.67,124.62,2013,12,0.164,SKU-VEL00600,Mobile Accessory,Echo,Green,SUP008,Australia,2013-04-21,GST_STANDARD,Recycled box,False,False,"mobile accessory designed for hands-free device support in a shared workspace, in the echo family and supplied by vela with a 12-month warranty."
PRD0601,Candle Shift 700,Laptop,Candle,3067.12,2252.59,2014,24,1.311,SKU-CAN00601,Ultrabook,Flux,Blue,SUP009,Malaysia,2014-12-22,GST_STANDARD,Protective case,True,True,"ultrabook designed for portable document work and video meetings, in the flux family and supplied by candle with a 24-month warranty."
PRD0602,Vela Atlas 701,Smartphone,Vela,409.98,283.67,2017,24,0.175,SKU-VEL00602,5G Smartphone,Halo,Red,SUP010,China,2017-04-17,GST_STANDARD,Protective case,True,True,"5g smartphone designed for daily communication and navigation, in the halo family and supplied by vela with a 24-month warranty."
PRD0603,Candle Flux 702,Tablet,Candle,380.05,224.96,2015,24,0.765,SKU-CAN00603,Productivity Tablet,Lumen,Green,SUP011,Malaysia,2015-11-21,GST_STANDARD,Protective case,True,False,"productivity tablet designed for reading, annotation and handwritten notes, in the lumen family and supplied by candle with a 24-month warranty."
PRD0604,Vela Pulse 703,Home Entertainment,Vela,1091.2,796.91,2012,24,8.953,SKU-VEL00604,Smart Display,Nova,Blue,SUP012,Australia,2012-03-04,GST_STANDARD,Recycled box,True,True,"smart display designed for shared film and television viewing, in the nova family and supplied by vela with a 24-month warranty."
PRD0605,Candle Vista 704,Audio,Candle,584.43,344.32,2017,12,0.552,SKU-CAN00605,Wireless Audio,Orbit,Green,SUP013,Korea,2017-05-05,GST_STANDARD,Recycled box,True,True,"wireless audio designed for commuting and spoken-content listening, in the orbit family and supplied by candle with a 12-month warranty."
PRD0606,Vela Core 705,Smart Home,Vela,838.55,422.07,2012,12,0.493,SKU-VEL00606,Home Automation,Pulse,Green,SUP014,Australia,2012-11-12,GST_STANDARD,Recycled box,True,True,"home automation designed for app-controlled room lighting, in the pulse family and supplied by vela with a 12-month warranty."
PRD0607,Candle Lumen 706,Gaming,Candle,73.33,36.32,2015,24,1.165,SKU-CAN00607,Gaming Hardware,Quest,Green,SUP015,Malaysia,2015-07-20,GST_STANDARD,Recycled box,True,True,"gaming hardware designed for long desktop gaming sessions, in the quest family and supplied by candle with a 24-month warranty."
PRD0608,Vela Ridge 707,Wearable,Vela,200.97,106.65,2012,12,0.147,SKU-VEL00608,Health Wearable,Ridge,Red,SUP016,China,2012-07-13,GST_STANDARD,Recycled box,False,True,"health wearable designed for daily activity and sleep tracking, in the ridge family and supplied by vela with a 12-month warranty."
PRD0609,Candle Arc 708,Networking,Candle,266.46,131.61,2012,24,0.526,SKU-CAN00609,Connected Network,Shift,Black,SUP017,China,2012-11-25,GST_STANDARD,Recycled box,True,True,"connected network designed for home-office wireless coverage, in the shift family and supplied by candle with a 24-month warranty."
PRD0610,Vela Echo 709,Accessory,Vela,394.62,220.07,2016,12,0.165,SKU-VEL00610,Mobile Accessory,Spark,Gold,SUP018,Malaysia,2016-05-25,GST_STANDARD,Recycled box,False,True,"mobile accessory designed for adjustable desk mounting and device positioning, in the spark family and supplied by vela with a 12-month warranty."
PRD0611,Candle Orbit 710,Laptop,Candle,2190.89,1424.36,2016,24,1.769,SKU-CAN00611,Ultrabook,Vista,Blue,SUP019,Australia,2016-10-03,GST_STANDARD,Recycled box,False,True,"ultrabook designed for study, research and note taking, in the vista family and supplied by candle with a 24-month warranty."
PRD0612,Vela Spark 711,Smartphone,Vela,319.23,176.87,2016,24,0.223,SKU-VEL00612,5G Smartphone,Wave,Black,SUP020,China,2016-11-25,GST_STANDARD,Box,True,True,"5g smartphone designed for mobile photography and messaging, in the wave family and supplied by vela with a 24-month warranty."
PRD0613,Candle Bloom 712,Tablet,Candle,698.67,335.64,2012,24,0.78,SKU-CAN00613,Productivity Tablet,Arc,Black,SUP021,Malaysia,2012-08-03,GST_STANDARD,Protective case,False,True,"productivity tablet designed for portable media and video calls, in the arc family and supplied by candle with a 24-month warranty."
PRD0614,Vela Halo 713,Home Entertainment,Vela,2476.54,1866.54,2014,24,8.289,SKU-VEL00614,Smart Display,Atlas,Black,SUP022,Vietnam,2014-02-18,GST_STANDARD,Protective case,True,True,"smart display designed for music and spoken-content playback, in the atlas family and supplied by vela with a 24-month warranty."
PRD0615,Candle Quest 714,Audio,Candle,925.7,521.01,2013,12,0.466,SKU-CAN00615,Wireless Audio,Bloom,White,SUP023,Australia,2013-12-11,GST_STANDARD,Recycled box,False,True,"wireless audio designed for music during focused desk work, in the bloom family and supplied by candle with a 12-month warranty."
PRD0616,Vela Wave 715,Smart Home,Vela,242.48,157.8,2012,12,0.3,SKU-VEL00616,Home Automation,Core,Blue,SUP024,Vietnam,2012-04-02,GST_STANDARD,Box,True,True,"home automation designed for scheduled control of a household power outlet, in the core family and supplied by vela with a 12-month warranty."
PRD0617,Candle Edge 716,Gaming,Candle,540.8,368.98,2017,24,1.376,SKU-CAN00617,Gaming Hardware,Edge,Gold,SUP025,Malaysia,2017-06-14,GST_STANDARD,Recycled box,True,True,"gaming hardware designed for casual games in a shared room, in the edge family and supplied by candle with a 24-month warranty."
PRD0618,Vela Nova 717,Wearable,Vela,409.5,255.86,2016,12,0.097,SKU-VEL00618,Health Wearable,Echo,Silver,SUP026,Malaysia,2016-09-20,GST_STANDARD,Protective case,False,True,"health wearable designed for walking and commute notifications, in the echo family and supplied by vela with a 12-month warranty."
PRD0619,Candle Shift 718,Networking,Candle,889.11,551.65,2014,24,0.732,SKU-CAN00619,Connected Network,Flux,Graphite,SUP027,Malaysia,2014-10-23,GST_STANDARD,Protective case,False,True,"connected network designed for connecting several shared household devices, in the flux family and supplied by candle with a 24-month warranty."
PRD0620,Vela Atlas 719,Accessory,Vela,23.82,11.44,2013,12,0.2,SKU-VEL00620,Mobile Accessory,Halo,Graphite,SUP028,Malaysia,2013-08-19,GST_STANDARD,Box,False,True,"mobile accessory designed for protective storage during travel, in the halo family and supplied by vela with a 12-month warranty."
PRD0621,Candle Flux 720,Laptop,Candle,1483.46,742.39,2013,24,1.469,SKU-CAN00621,Ultrabook,Lumen,White,SUP029,Malaysia,2013-08-17,GST_STANDARD,Box,True,True,"ultrabook designed for creative projects and media editing, in the lumen family and supplied by candle with a 24-month warranty."
PRD0622,Vela Pulse 721,Smartphone,Vela,1760.81,1081.98,2013,24,0.186,SKU-VEL00622,5G Smartphone,Nova,Black,SUP030,Vietnam,2013-10-04,GST_STANDARD,Box,True,True,"5g smartphone designed for work calls and calendar management, in the nova family and supplied by vela with a 24-month warranty."
PRD0623,Candle Vista 722,Tablet,Candle,857.91,521.67,2012,24,0.808,SKU-CAN00623,Productivity Tablet,Orbit,Graphite,SUP031,Vietnam,2012-05-05,GST_STANDARD,Box,True,True,"productivity tablet designed for field forms and client presentations, in the orbit family and supplied by candle with a 24-month warranty."
PRD0624,Vela Core 723,Home Entertainment,Vela,565.88,298.58,2015,24,8.499,SKU-VEL00624,Smart Display,Pulse,Green,SUP032,Australia,2015-08-21,GST_STANDARD,Box,True,True,"smart display designed for family media streaming, in the pulse family and supplied by vela with a 24-month warranty."
PRD0625,Candle Lumen 724,Audio,Candle,458.46,232.24,2016,12,0.465,SKU-CAN00625,Wireless Audio,Quest,Green,SUP033,Vietnam,2016-03-10,GST_STANDARD,Box,True,True,"wireless audio designed for video calls and online classes, in the quest family and supplied by candle with a 12-month warranty."
PRD0626,Vela Ridge 725,Smart Home,Vela,362.78,187.28,2012,12,0.344,SKU-VEL00626,Home Automation,Ridge,White,SUP034,Malaysia,2012-02-25,GST_STANDARD,Recycled box,True,True,"home automation designed for indoor temperature and humidity monitoring, in the ridge family and supplied by vela with a 12-month warranty."
PRD0627,Candle Arc 726,Gaming,Candle,931.65,637.65,2017,24,1.382,SKU-CAN00627,Gaming Hardware,Shift,Gold,SUP035,China,2017-08-23,GST_STANDARD,Box,False,True,"gaming hardware designed for competitive play and voice communication, in the shift family and supplied by candle with a 24-month warranty."
PRD0628,Vela Echo 727,Wearable,Vela,586.24,328.57,2013,12,0.114,SKU-VEL00628,Health Wearable,Spark,White,SUP036,Vietnam,2013-12-24,GST_STANDARD,Box,True,True,"health wearable designed for exercise session summaries, in the spark family and supplied by vela with a 12-month warranty."
PRD0629,Candle Orbit 728,Networking,Candle,1480.27,1114.05,2017,24,0.556,SKU-CAN00629,Connected Network,Vista,Graphite,SUP037,China,2017-03-04,GST_STANDARD,Recycled box,False,True,"connected network designed for video meetings and media streaming, in the vista family and supplied by candle with a 24-month warranty."
PRD0630,Vela Spark 729,Accessory,Vela,167.94,122.48,2013,12,0.237,SKU-VEL00630,Mobile Accessory,Wave,White,SUP001,Japan,2013-03-18,GST_STANDARD,Recycled box,False,False,"mobile accessory designed for charging-cable organisation, in the wave family and supplied by vela with a 12-month warranty."
PRD0631,Candle Bloom 730,Laptop,Candle,943.11,546.23,2016,24,1.319,SKU-CAN00631,Ultrabook,Arc,Blue,SUP002,China,2016-05-09,GST_STANDARD,Box,True,True,"ultrabook designed for shared home-office administration, in the arc family and supplied by candle with a 24-month warranty."
PRD0632,Vela Halo 731,Smartphone,Vela,878.95,516.33,2013,24,0.241,SKU-VEL00632,5G Smartphone,Atlas,Silver,SUP003,Australia,2013-11-20,GST_STANDARD,Box,True,True,"5g smartphone designed for travel planning and media use, in the atlas family and supplied by vela with a 24-month warranty."
PRD0633,Candle Quest 732,Tablet,Candle,763.72,450.21,2014,24,0.613,SKU-CAN00633,Productivity Tablet,Bloom,Black,SUP004,Japan,2014-09-17,GST_STANDARD,Protective case,True,True,"productivity tablet designed for family learning and shared browsing, in the bloom family and supplied by candle with a 24-month warranty."
PRD0634,Vela Wave 733,Home Entertainment,Vela,1993.72,998.4,2014,24,9.326,SKU-VEL00634,Smart Display,Core,Blue,SUP005,Vietnam,2014-04-20,GST_STANDARD,Recycled box,True,True,"smart display designed for casual living-room gaming, in the core family and supplied by vela with a 24-month warranty."
PRD0635,Candle Edge 734,Audio,Candle,475.82,265.96,2017,12,0.542,SKU-CAN00635,Wireless Audio,Edge,Black,SUP006,China,2017-03-24,GST_STANDARD,Box,False,True,"wireless audio designed for shared-room music playback, in the edge family and supplied by candle with a 12-month warranty."
PRD0636,Vela Nova 735,Smart Home,Vela,249.94,152.1,2012,12,0.395,SKU-VEL00636,Home Automation,Echo,White,SUP007,Australia,2012-07-05,GST_STANDARD,Protective case,False,True,"home automation designed for door and window activity alerts, in the echo family and supplied by vela with a 12-month warranty."
PRD0637,Candle Shift 736,Gaming,Candle,2406.77,1234.29,2014,24,1.343,SKU-CAN00637,Gaming Hardware,Flux,Red,SUP008,China,2014-02-17,GST_STANDARD,Box,False,True,"gaming hardware designed for portable gaming and travel, in the flux family and supplied by candle with a 24-month warranty."
PRD0638,Vela Atlas 737,Wearable,Vela,508.53,246.46,2013,12,0.115,SKU-VEL00638,Health Wearable,Halo,Black,SUP009,Vietnam,2013-08-19,GST_STANDARD,Recycled box,True,True,"health wearable designed for calendar alerts and quick message checks, in the halo family and supplied by vela with a 12-month warranty."
PRD0639,Candle Flux 738,Networking,Candle,537.34,391.46,2013,24,0.84,SKU-CAN00639,Connected Network,Lumen,Silver,SUP010,Vietnam,2013-02-23,GST_STANDARD,Protective case,True,True,"connected network designed for guest-network and device management, in the lumen family and supplied by candle with a 24-month warranty."
PRD0640,Vela Pulse 739,Accessory,Vela,362.06,214.3,2014,12,0.2,SKU-VEL00640,Mobile Accessory,Nova,Blue,SUP011,Vietnam,2014-01-06,GST_STANDARD,Protective case,True,True,"mobile accessory designed for connecting several devices through one compact adapter, in the nova family and supplied by vela with a 12-month warranty."
PRD0641,Candle Vista 740,Laptop,Candle,1767.13,1059.15,2014,24,1.852,SKU-CAN00641,Ultrabook,Orbit,Gold,SUP012,Vietnam,2014-11-11,GST_STANDARD,Recycled box,True,True,"ultrabook designed for travel-based work and presentations, in the orbit family and supplied by candle with a 24-month warranty."
PRD0642,Vela Core 741,Smartphone,Vela,1123.98,662.48,2015,24,0.162,SKU-VEL00642,5G Smartphone,Pulse,Red,SUP013,China,2015-07-08,GST_STANDARD,Box,True,True,"5g smartphone designed for family communication and casual apps, in the pulse family and supplied by vela with a 24-month warranty."
PRD0643,Candle Lumen 742,Tablet,Candle,614.82,319.21,2016,24,0.748,SKU-CAN00643,Productivity Tablet,Quest,Silver,SUP014,Japan,2016-04-21,GST_STANDARD,Recycled box,False,True,"productivity tablet designed for drawing and lightweight creative work, in the quest family and supplied by candle with a 24-month warranty."
PRD0644,Vela Ridge 743,Home Entertainment,Vela,940.11,670.46,2013,24,6.777,SKU-VEL00644,Smart Display,Ridge,Silver,SUP015,Korea,2013-10-08,GST_STANDARD,Recycled box,True,True,"smart display designed for presentations and photo viewing, in the ridge family and supplied by vela with a 24-month warranty."
PRD0645,Candle Arc 744,Audio,Candle,295.19,212.65,2012,12,0.513,SKU-CAN00645,Wireless Audio,Shift,Blue,SUP016,China,2012-04-06,GST_STANDARD,Recycled box,True,True,"wireless audio designed for long listening sessions at home, in the shift family and supplied by candle with a 12-month warranty."
PRD0646,Vela Echo 745,Smart Home,Vela,525.73,319.87,2017,12,0.493,SKU-VEL00646,Home Automation,Spark,Red,SUP017,China,2017-09-17,GST_STANDARD,Protective case,False,True,"home automation designed for automated blind and curtain routines, in the spark family and supplied by vela with a 12-month warranty."
PRD0647,Candle Orbit 746,Gaming,Candle,1716.02,828.47,2012,24,1.33,SKU-CAN00647,Gaming Hardware,Vista,Graphite,SUP018,Vietnam,2012-06-23,GST_STANDARD,Protective case,True,True,"gaming hardware designed for game streaming and media capture, in the vista family and supplied by candle with a 24-month warranty."
PRD0648,Vela Spark 747,Wearable,Vela,450.1,335.52,2016,12,0.119,SKU-VEL00648,Health Wearable,Wave,Red,SUP019,China,2016-10-12,GST_STANDARD,Recycled box,False,True,"health wearable designed for habit reminders and everyday timekeeping, in the wave family and supplied by vela with a 12-month warranty."
PRD0649,Candle Bloom 748,Networking,Candle,879.59,431.53,2016,24,0.832,SKU-CAN00649,Connected Network,Arc,Green,SUP020,Japan,2016-04-05,GST_STANDARD,Box,True,True,"connected network designed for extending coverage between rooms, in the arc family and supplied by candle with a 24-month warranty."
PRD0650,Vela Halo 749,Accessory,Vela,46.68,29.89,2014,12,0.219,SKU-VEL00650,Mobile Accessory,Atlas,White,SUP021,Japan,2014-04-23,GST_STANDARD,Recycled box,True,True,"mobile accessory designed for hands-free device support in a shared workspace, in the atlas family and supplied by vela with a 12-month warranty."
PRD0651,Candle Quest 750,Laptop,Candle,1704.13,1052.65,2016,24,1.501,SKU-CAN00651,Ultrabook,Bloom,Green,SUP022,Vietnam,2016-02-09,GST_STANDARD,Protective case,True,True,"ultrabook designed for portable document work and video meetings, in the bloom family and supplied by candle with a 24-month warranty."
PRD0652,Vela Wave 751,Smartphone,Vela,1247.24,634.69,2016,24,0.181,SKU-VEL00652,5G Smartphone,Core,Green,SUP023,Malaysia,2016-05-04,GST_STANDARD,Box,True,True,"5g smartphone designed for daily communication and navigation, in the core family and supplied by vela with a 24-month warranty."
PRD0653,Candle Edge 752,Tablet,Candle,1595.48,1172.77,2017,24,0.59,SKU-CAN00653,Productivity Tablet,Edge,Silver,SUP024,China,2017-11-06,GST_STANDARD,Box,True,True,"productivity tablet designed for reading, annotation and handwritten notes, in the edge family and supplied by candle with a 24-month warranty."
PRD0654,Vela Nova 753,Home Entertainment,Vela,2104.89,1463.58,2012,24,6.186,SKU-VEL00654,Smart Display,Echo,Silver,SUP025,Japan,2012-07-12,GST_STANDARD,Box,True,True,"smart display designed for shared film and television viewing, in the echo family and supplied by vela with a 24-month warranty."
PRD0655,Candle Shift 754,Audio,Candle,1072.3,734.36,2013,12,0.616,SKU-CAN00655,Wireless Audio,Flux,Green,SUP026,China,2013-02-20,GST_STANDARD,Protective case,False,True,"wireless audio designed for commuting and spoken-content listening, in the flux family and supplied by candle with a 12-month warranty."
PRD0656,Vela Atlas 755,Smart Home,Vela,748.82,422.8,2012,12,0.486,SKU-VEL00656,Home Automation,Halo,Green,SUP027,Korea,2012-05-03,GST_STANDARD,Protective case,False,True,"home automation designed for app-controlled room lighting, in the halo family and supplied by vela with a 12-month warranty."
PRD0657,Candle Flux 756,Gaming,Candle,582.44,299.62,2014,24,1.088,SKU-CAN00657,Gaming Hardware,Lumen,Red,SUP028,Japan,2014-10-17,GST_STANDARD,Recycled box,True,True,"gaming hardware designed for long desktop gaming sessions, in the lumen family and supplied by candle with a 24-month warranty."
PRD0658,Vela Pulse 757,Wearable,Vela,899.02,626.33,2017,12,0.097,SKU-VEL00658,Health Wearable,Nova,Graphite,SUP029,Australia,2017-09-17,GST_STANDARD,Protective case,True,True,"health wearable designed for daily activity and sleep tracking, in the nova family and supplied by vela with a 12-month warranty."
PRD0659,Candle Vista 758,Networking,Candle,1177.04,643.73,2014,24,0.653,SKU-CAN00659,Connected Network,Orbit,Silver,SUP030,Korea,2014-12-07,GST_STANDARD,Protective case,True,True,"connected network designed for home-office wireless coverage, in the orbit family and supplied by candle with a 24-month warranty."
PRD0660,Vela Core 759,Accessory,Vela,74.81,54.92,2012,12,0.17,SKU-VEL00660,Mobile Accessory,Pulse,Black,SUP031,Korea,2012-12-25,GST_STANDARD,Recycled box,True,True,"mobile accessory designed for adjustable desk mounting and device positioning, in the pulse family and supplied by vela with a 12-month warranty."
PRD0661,Candle Lumen 760,Laptop,Candle,2207.93,1325.44,2016,24,1.509,SKU-CAN00661,Ultrabook,Quest,Graphite,SUP032,Vietnam,2016-02-15,GST_STANDARD,Recycled box,True,True,"ultrabook designed for study, research and note taking, in the quest family and supplied by candle with a 24-month warranty."
PRD0662,Vela Ridge 761,Smartphone,Vela,1356.37,874.11,2015,24,0.284,SKU-VEL00662,5G Smartphone,Ridge,Gold,SUP033,Japan,2015-08-03,GST_STANDARD,Protective case,False,True,"5g smartphone designed for mobile photography and messaging, in the ridge family and supplied by vela with a 24-month warranty."
PRD0663,Candle Arc 762,Tablet,Candle,990.2,523.04,2017,24,0.546,SKU-CAN00663,Productivity Tablet,Shift,Gold,SUP034,Japan,2017-06-09,GST_STANDARD,Protective case,True,True,"productivity tablet designed for portable media and video calls, in the shift family and supplied by candle with a 24-month warranty."
PRD0664,Vela Echo 763,Home Entertainment,Vela,1949.37,1424.46,2016,24,7.015,SKU-VEL00664,Smart Display,Spark,Silver,SUP035,Australia,2016-09-06,GST_STANDARD,Box,True,True,"smart display designed for music and spoken-content playback, in the spark family and supplied by vela with a 24-month warranty."
PRD0665,Candle Orbit 764,Audio,Candle,480.38,356.59,2013,12,0.596,SKU-CAN00665,Wireless Audio,Vista,Green,SUP036,Australia,2013-08-21,GST_STANDARD,Box,True,True,"wireless audio designed for music during focused desk work, in the vista family and supplied by candle with a 12-month warranty."
PRD0666,Vela Spark 765,Smart Home,Vela,343.92,258.91,2015,12,0.429,SKU-VEL00666,Home Automation,Wave,White,SUP037,China,2015-09-20,GST_STANDARD,Box,True,False,"home automation designed for scheduled control of a household power outlet, in the wave family and supplied by vela with a 12-month warranty."
PRD0667,Candle Bloom 766,Gaming,Candle,1613.98,820.03,2014,24,1.592,SKU-CAN00667,Gaming Hardware,Arc,Blue,SUP001,Australia,2014-02-03,GST_STANDARD,Recycled box,True,False,"gaming hardware designed for casual games in a shared room, in the arc family and supplied by candle with a 24-month warranty."
PRD0668,Vela Halo 767,Wearable,Vela,598.5,289.4,2013,12,0.145,SKU-VEL00668,Health Wearable,Atlas,Blue,SUP002,China,2013-06-27,GST_STANDARD,Protective case,True,True,"health wearable designed for walking and commute notifications, in the atlas family and supplied by vela with a 12-month warranty."
PRD0669,Candle Quest 768,Networking,Candle,736.46,417.42,2015,24,0.687,SKU-CAN00669,Connected Network,Bloom,Gold,SUP003,Australia,2015-02-04,GST_STANDARD,Box,True,True,"connected network designed for connecting several shared household devices, in the bloom family and supplied by candle with a 24-month warranty."
PRD0670,Vela Wave 769,Accessory,Vela,278.65,187.31,2015,12,0.199,SKU-VEL00670,Mobile Accessory,Core,Red,SUP004,Vietnam,2015-01-09,GST_STANDARD,Protective case,True,True,"mobile accessory designed for protective storage during travel, in the core family and supplied by vela with a 12-month warranty."
PRD0671,Candle Edge 770,Laptop,Candle,1959.57,1471.06,2017,24,1.274,SKU-CAN00671,Ultrabook,Edge,Black,SUP005,Vietnam,2017-04-17,GST_STANDARD,Recycled box,False,True,"ultrabook designed for creative projects and media editing, in the edge family and supplied by candle with a 24-month warranty."
PRD0672,Vela Nova 771,Smartphone,Vela,1815.6,926.98,2012,24,0.164,SKU-VEL00672,5G Smartphone,Echo,Silver,SUP006,Japan,2012-08-13,GST_STANDARD,Recycled box,True,True,"5g smartphone designed for work calls and calendar management, in the echo family and supplied by vela with a 24-month warranty."
PRD0673,Candle Shift 772,Tablet,Candle,666.78,448.7,2014,24,0.618,SKU-CAN00673,Productivity Tablet,Flux,Green,SUP007,China,2014-10-10,GST_STANDARD,Box,True,True,"productivity tablet designed for field forms and client presentations, in the flux family and supplied by candle with a 24-month warranty."
PRD0674,Vela Atlas 773,Home Entertainment,Vela,3470.37,1940.32,2017,24,6.746,SKU-VEL00674,Smart Display,Halo,Gold,SUP008,Korea,2017-06-25,GST_STANDARD,Box,True,True,"smart display designed for family media streaming, in the halo family and supplied by vela with a 24-month warranty."
PRD0675,Candle Flux 774,Audio,Candle,1138.38,725.24,2013,12,0.534,SKU-CAN00675,Wireless Audio,Lumen,Green,SUP009,Malaysia,2013-09-10,GST_STANDARD,Recycled box,True,True,"wireless audio designed for video calls and online classes, in the lumen family and supplied by candle with a 12-month warranty."
PRD0676,Vela Pulse 775,Smart Home,Vela,523.37,356.02,2014,12,0.426,SKU-VEL00676,Home Automation,Nova,Gold,SUP010,Japan,2014-06-27,GST_STANDARD,Protective case,False,True,"home automation designed for indoor temperature and humidity monitoring, in the nova family and supplied by vela with a 12-month warranty."
PRD0677,Candle Vista 776,Gaming,Candle,1475.57,789.27,2013,24,1.098,SKU-CAN00677,Gaming Hardware,Orbit,Silver,SUP011,Australia,2013-09-12,GST_STANDARD,Protective case,False,True,"gaming hardware designed for competitive play and voice communication, in the orbit family and supplied by candle with a 24-month warranty."
PRD0678,Vela Core 777,Wearable,Vela,133.66,72.48,2014,12,0.163,SKU-VEL00678,Health Wearable,Pulse,Blue,SUP012,Vietnam,2014-03-03,GST_STANDARD,Box,True,True,"health wearable designed for exercise session summaries, in the pulse family and supplied by vela with a 12-month warranty."
PRD0679,Candle Lumen 778,Networking,Candle,399.42,204.82,2016,24,0.592,SKU-CAN00679,Connected Network,Quest,Black,SUP013,Australia,2016-02-21,GST_STANDARD,Box,True,True,"connected network designed for video meetings and media streaming, in the quest family and supplied by candle with a 24-month warranty."
PRD0680,Vela Ridge 779,Accessory,Vela,146.6,110.12,2013,12,0.202,SKU-VEL00680,Mobile Accessory,Ridge,Green,SUP014,Malaysia,2013-11-16,GST_STANDARD,Box,True,True,"mobile accessory designed for charging-cable organisation, in the ridge family and supplied by vela with a 12-month warranty."
PRD0681,Candle Arc 780,Laptop,Candle,2318.05,1619.37,2014,24,1.938,SKU-CAN00681,Ultrabook,Shift,Graphite,SUP015,Japan,2014-08-01,GST_STANDARD,Recycled box,False,True,"ultrabook designed for shared home-office administration, in the shift family and supplied by candle with a 24-month warranty."
PRD0682,Vela Echo 781,Smartphone,Vela,1036.2,612.51,2015,24,0.181,SKU-VEL00682,5G Smartphone,Spark,Red,SUP016,Malaysia,2015-12-27,GST_STANDARD,Box,True,True,"5g smartphone designed for travel planning and media use, in the spark family and supplied by vela with a 24-month warranty."
PRD0683,Candle Orbit 782,Tablet,Candle,736.53,401.5,2014,24,0.543,SKU-CAN00683,Productivity Tablet,Vista,Black,SUP017,Australia,2014-10-01,GST_STANDARD,Recycled box,False,True,"productivity tablet designed for family learning and shared browsing, in the vista family and supplied by candle with a 24-month warranty."
PRD0684,Vela Spark 783,Home Entertainment,Vela,3311.29,1656.73,2014,24,6.317,SKU-VEL00684,Smart Display,Wave,Gold,SUP018,Malaysia,2014-08-07,GST_STANDARD,Box,True,True,"smart display designed for casual living-room gaming, in the wave family and supplied by vela with a 24-month warranty."
PRD0685,Candle Bloom 784,Audio,Candle,755.89,449.85,2015,12,0.639,SKU-CAN00685,Wireless Audio,Arc,White,SUP019,China,2015-09-25,GST_STANDARD,Box,True,True,"wireless audio designed for shared-room music playback, in the arc family and supplied by candle with a 12-month warranty."
PRD0686,Vela Halo 785,Smart Home,Vela,778.95,497.51,2017,12,0.475,SKU-VEL00686,Home Automation,Atlas,Blue,SUP020,China,2017-08-26,GST_STANDARD,Recycled box,True,True,"home automation designed for door and window activity alerts, in the atlas family and supplied by vela with a 12-month warranty."
PRD0687,Candle Quest 786,Gaming,Candle,1192.37,629.32,2014,24,1.589,SKU-CAN00687,Gaming Hardware,Bloom,Blue,SUP021,China,2014-10-10,GST_STANDARD,Recycled box,False,True,"gaming hardware designed for portable gaming and travel, in the bloom family and supplied by candle with a 24-month warranty."
PRD0688,Vela Wave 787,Wearable,Vela,814.49,507.73,2013,12,0.113,SKU-VEL00688,Health Wearable,Core,Black,SUP022,Japan,2013-04-08,GST_STANDARD,Recycled box,True,True,"health wearable designed for calendar alerts and quick message checks, in the core family and supplied by vela with a 12-month warranty."
PRD0689,Candle Edge 788,Networking,Candle,195.5,110.67,2017,24,0.532,SKU-CAN00689,Connected Network,Edge,White,SUP023,Malaysia,2017-03-06,GST_STANDARD,Recycled box,True,True,"connected network designed for guest-network and device management, in the edge family and supplied by candle with a 24-month warranty."
PRD0690,Vela Nova 789,Accessory,Vela,344.6,204.58,2012,12,0.141,SKU-VEL00690,Mobile Accessory,Echo,Silver,SUP024,Australia,2012-11-04,GST_STANDARD,Protective case,True,True,"mobile accessory designed for connecting several devices through one compact adapter, in the echo family and supplied by vela with a 12-month warranty."
PRD0691,Candle Shift 790,Laptop,Candle,1463.28,1042.4,2012,24,2.057,SKU-CAN00691,Ultrabook,Flux,Gold,SUP025,Malaysia,2012-11-17,GST_STANDARD,Box,False,True,"ultrabook designed for travel-based work and presentations, in the flux family and supplied by candle with a 24-month warranty."
PRD0692,Vela Atlas 791,Smartphone,Vela,1364.52,793.1,2013,24,0.28,SKU-VEL00692,5G Smartphone,Halo,Silver,SUP026,Japan,2013-02-22,GST_STANDARD,Protective case,False,True,"5g smartphone designed for family communication and casual apps, in the halo family and supplied by vela with a 24-month warranty."
PRD0693,Candle Flux 792,Tablet,Candle,635.88,396.58,2013,24,0.726,SKU-CAN00693,Productivity Tablet,Lumen,Graphite,SUP027,Vietnam,2013-08-05,GST_STANDARD,Protective case,True,True,"productivity tablet designed for drawing and lightweight creative work, in the lumen family and supplied by candle with a 24-month warranty."
PRD0694,Vela Pulse 793,Home Entertainment,Vela,721.36,502.36,2015,24,8.725,SKU-VEL00694,Smart Display,Nova,White,SUP028,Korea,2015-04-11,GST_STANDARD,Box,False,True,"smart display designed for presentations and photo viewing, in the nova family and supplied by vela with a 24-month warranty."
PRD0695,Candle Vista 794,Audio,Candle,1012.45,581.93,2015,12,0.615,SKU-CAN00695,Wireless Audio,Orbit,Green,SUP029,Japan,2015-05-15,GST_STANDARD,Recycled box,True,True,"wireless audio designed for long listening sessions at home, in the orbit family and supplied by candle with a 12-month warranty."
PRD0696,Vela Core 795,Smart Home,Vela,548.07,395.11,2017,12,0.409,SKU-VEL00696,Home Automation,Pulse,Black,SUP030,Australia,2017-06-09,GST_STANDARD,Protective case,False,True,"home automation designed for automated blind and curtain routines, in the pulse family and supplied by vela with a 12-month warranty."
PRD0697,Candle Lumen 796,Gaming,Candle,1839.57,1197.09,2012,24,1.291,SKU-CAN00697,Gaming Hardware,Quest,Green,SUP031,Australia,2012-10-16,GST_STANDARD,Recycled box,False,True,"gaming hardware designed for game streaming and media capture, in the quest family and supplied by candle with a 24-month warranty."
PRD0698,Vela Ridge 797,Wearable,Vela,664.05,368.09,2017,12,0.105,SKU-VEL00698,Health Wearable,Ridge,Red,SUP032,Japan,2017-01-13,GST_STANDARD,Recycled box,True,True,"health wearable designed for habit reminders and everyday timekeeping, in the ridge family and supplied by vela with a 12-month warranty."
PRD0699,Candle Arc 798,Networking,Candle,649.93,344.52,2014,24,0.931,SKU-CAN00699,Connected Network,Shift,Blue,SUP033,Malaysia,2014-03-27,GST_STANDARD,Recycled box,True,True,"connected network designed for extending coverage between rooms, in the shift family and supplied by candle with a 24-month warranty."
PRD0700,Vela Echo 799,Accessory,Vela,164.38,123.28,2015,12,0.174,SKU-VEL00700,Mobile Accessory,Spark,Graphite,SUP034,Australia,2015-01-27,GST_STANDARD,Recycled box,False,True,"mobile accessory designed for hands-free device support in a shared workspace, in the spark family and supplied by vela with a 12-month warranty."
PRD0701,Candle Orbit 800,Laptop,Candle,2630.13,1976.58,2017,24,1.361,SKU-CAN00701,Ultrabook,Vista,Black,SUP035,Malaysia,2017-06-20,GST_STANDARD,Protective case,True,True,"ultrabook designed for portable document work and video meetings, in the vista family and supplied by candle with a 24-month warranty."
PRD0702,Vela Spark 801,Smartphone,Vela,403.74,195.16,2013,24,0.267,SKU-VEL00702,5G Smartphone,Wave,Blue,SUP036,China,2013-08-03,GST_STANDARD,Box,False,False,"5g smartphone designed for daily communication and navigation, in the wave family and supplied by vela with a 24-month warranty."
PRD0703,Candle Bloom 802,Tablet,Candle,1320.55,766.95,2012,24,0.778,SKU-CAN00703,Productivity Tablet,Arc,Blue,SUP037,Malaysia,2012-10-02,GST_STANDARD,Recycled box,True,True,"productivity tablet designed for reading, annotation and handwritten notes, in the arc family and supplied by candle with a 24-month warranty."
PRD0704,Vela Halo 803,Home Entertainment,Vela,2898.48,1800.93,2012,24,8.703,SKU-VEL00704,Smart Display,Atlas,Silver,SUP001,Malaysia,2012-08-08,GST_STANDARD,Protective case,False,True,"smart display designed for shared film and television viewing, in the atlas family and supplied by vela with a 24-month warranty."
PRD0705,Candle Quest 804,Audio,Candle,369.85,199.61,2014,12,0.516,SKU-CAN00705,Wireless Audio,Bloom,Blue,SUP002,Japan,2014-03-19,GST_STANDARD,Recycled box,True,True,"wireless audio designed for commuting and spoken-content listening, in the bloom family and supplied by candle with a 12-month warranty."
PRD0706,Vela Wave 805,Smart Home,Vela,626.5,357.26,2016,12,0.4,SKU-VEL00706,Home Automation,Core,Graphite,SUP003,Malaysia,2016-07-15,GST_STANDARD,Protective case,True,True,"home automation designed for app-controlled room lighting, in the core family and supplied by vela with a 12-month warranty."
PRD0707,Candle Edge 806,Gaming,Candle,1840.72,1211.17,2015,24,1.431,SKU-CAN00707,Gaming Hardware,Edge,Gold,SUP004,Malaysia,2015-11-17,GST_STANDARD,Box,True,True,"gaming hardware designed for long desktop gaming sessions, in the edge family and supplied by candle with a 24-month warranty."
PRD0708,Vela Nova 807,Wearable,Vela,119.42,90.66,2015,12,0.131,SKU-VEL00708,Health Wearable,Echo,Red,SUP005,Korea,2015-10-06,GST_STANDARD,Recycled box,True,True,"health wearable designed for daily activity and sleep tracking, in the echo family and supplied by vela with a 12-month warranty."
PRD0709,Candle Shift 808,Networking,Candle,1432.58,922.84,2014,24,0.809,SKU-CAN00709,Connected Network,Flux,Blue,SUP006,Malaysia,2014-10-09,GST_STANDARD,Protective case,True,True,"connected network designed for home-office wireless coverage, in the flux family and supplied by candle with a 24-month warranty."
PRD0710,Vela Atlas 809,Accessory,Vela,397.66,258.84,2013,12,0.237,SKU-VEL00710,Mobile Accessory,Halo,Silver,SUP007,Australia,2013-06-24,GST_STANDARD,Protective case,True,True,"mobile accessory designed for adjustable desk mounting and device positioning, in the halo family and supplied by vela with a 12-month warranty."
PRD0711,Candle Flux 810,Laptop,Candle,2153.38,1116.17,2016,24,1.983,SKU-CAN00711,Ultrabook,Lumen,Green,SUP008,China,2016-04-01,GST_STANDARD,Protective case,True,True,"ultrabook designed for study, research and note taking, in the lumen family and supplied by candle with a 24-month warranty."
PRD0712,Vela Pulse 811,Smartphone,Vela,810.01,551.19,2012,24,0.199,SKU-VEL00712,5G Smartphone,Nova,Blue,SUP009,Australia,2012-10-05,GST_STANDARD,Recycled box,False,True,"5g smartphone designed for mobile photography and messaging, in the nova family and supplied by vela with a 24-month warranty."
PRD0713,Candle Vista 812,Tablet,Candle,1024.28,679.87,2013,24,0.769,SKU-CAN00713,Productivity Tablet,Orbit,Silver,SUP010,Vietnam,2013-03-08,GST_STANDARD,Protective case,False,True,"productivity tablet designed for portable media and video calls, in the orbit family and supplied by candle with a 24-month warranty."
PRD0714,Vela Core 813,Home Entertainment,Vela,1819.26,1088.88,2014,24,7.491,SKU-VEL00714,Smart Display,Pulse,Blue,SUP011,Korea,2014-12-18,GST_STANDARD,Box,True,True,"smart display designed for music and spoken-content playback, in the pulse family and supplied by vela with a 24-month warranty."
PRD0715,Candle Lumen 814,Audio,Candle,636.68,473.93,2017,12,0.389,SKU-CAN00715,Wireless Audio,Quest,Red,SUP012,China,2017-11-22,GST_STANDARD,Box,True,True,"wireless audio designed for music during focused desk work, in the quest family and supplied by candle with a 12-month warranty."
PRD0716,Vela Ridge 815,Smart Home,Vela,744.09,509.33,2013,12,0.364,SKU-VEL00716,Home Automation,Ridge,Black,SUP013,Australia,2013-08-24,GST_STANDARD,Recycled box,True,True,"home automation designed for scheduled control of a household power outlet, in the ridge family and supplied by vela with a 12-month warranty."
PRD0717,Candle Arc 816,Gaming,Candle,825.84,432.41,2014,24,1.286,SKU-CAN00717,Gaming Hardware,Shift,White,SUP014,Australia,2014-08-22,GST_STANDARD,Protective case,True,True,"gaming hardware designed for casual games in a shared room, in the shift family and supplied by candle with a 24-month warranty."
PRD0718,Vela Echo 817,Wearable,Vela,880.28,525.33,2015,12,0.162,SKU-VEL00718,Health Wearable,Spark,Black,SUP015,Vietnam,2015-07-11,GST_STANDARD,Recycled box,True,True,"health wearable designed for walking and commute notifications, in the spark family and supplied by vela with a 12-month warranty."
PRD0719,Candle Orbit 818,Networking,Candle,1107.84,576.87,2016,24,0.55,SKU-CAN00719,Connected Network,Vista,Graphite,SUP016,Japan,2016-10-15,GST_STANDARD,Recycled box,False,True,"connected network designed for connecting several shared household devices, in the vista family and supplied by candle with a 24-month warranty."
PRD0720,Vela Spark 819,Accessory,Vela,391.11,235.49,2016,12,0.171,SKU-VEL00720,Mobile Accessory,Wave,Black,SUP017,Malaysia,2016-04-12,GST_STANDARD,Protective case,True,True,"mobile accessory designed for protective storage during travel, in the wave family and supplied by vela with a 12-month warranty."
PRD0721,Candle Bloom 820,Laptop,Candle,1687.59,1219.85,2015,24,2.019,SKU-CAN00721,Ultrabook,Arc,Silver,SUP018,Korea,2015-09-15,GST_STANDARD,Box,True,True,"ultrabook designed for creative projects and media editing, in the arc family and supplied by candle with a 24-month warranty."
PRD0722,Vela Halo 821,Smartphone,Vela,1628.14,1213.78,2013,24,0.166,SKU-VEL00722,5G Smartphone,Atlas,Green,SUP019,Malaysia,2013-07-22,GST_STANDARD,Box,True,True,"5g smartphone designed for work calls and calendar management, in the atlas family and supplied by vela with a 24-month warranty."
PRD0723,Candle Quest 822,Tablet,Candle,550.47,306.57,2013,24,0.663,SKU-CAN00723,Productivity Tablet,Bloom,Silver,SUP020,China,2013-11-06,GST_STANDARD,Recycled box,True,True,"productivity tablet designed for field forms and client presentations, in the bloom family and supplied by candle with a 24-month warranty."
PRD0724,Vela Wave 823,Home Entertainment,Vela,1568.29,1009.07,2014,24,10.041,SKU-VEL00724,Smart Display,Core,White,SUP021,China,2014-08-23,GST_STANDARD,Box,False,True,"smart display designed for family media streaming, in the core family and supplied by vela with a 24-month warranty."
PRD0725,Candle Edge 824,Audio,Candle,1096.49,608.68,2015,12,0.524,SKU-CAN00725,Wireless Audio,Edge,Black,SUP022,Australia,2015-03-21,GST_STANDARD,Box,True,True,"wireless audio designed for video calls and online classes, in the edge family and supplied by candle with a 12-month warranty."
PRD0726,Vela Nova 825,Smart Home,Vela,830.43,567.17,2016,12,0.454,SKU-VEL00726,Home Automation,Echo,Black,SUP023,Vietnam,2016-11-11,GST_STANDARD,Box,True,False,"home automation designed for indoor temperature and humidity monitoring, in the echo family and supplied by vela with a 12-month warranty."
PRD0727,Candle Shift 826,Gaming,Candle,1950.79,1477.4,2015,24,1.244,SKU-CAN00727,Gaming Hardware,Flux,Graphite,SUP024,Malaysia,2015-10-24,GST_STANDARD,Box,True,True,"gaming hardware designed for competitive play and voice communication, in the flux family and supplied by candle with a 24-month warranty."
PRD0728,Vela Atlas 827,Wearable,Vela,1077.83,808.03,2013,12,0.154,SKU-VEL00728,Health Wearable,Halo,Red,SUP025,Korea,2013-07-01,GST_STANDARD,Box,False,True,"health wearable designed for exercise session summaries, in the halo family and supplied by vela with a 12-month warranty."
PRD0729,Candle Flux 828,Networking,Candle,348.79,248.84,2015,24,0.642,SKU-CAN00729,Connected Network,Lumen,Gold,SUP026,Australia,2015-02-11,GST_STANDARD,Recycled box,True,True,"connected network designed for video meetings and media streaming, in the lumen family and supplied by candle with a 24-month warranty."
PRD0730,Vela Pulse 829,Accessory,Vela,147.29,92.05,2014,12,0.229,SKU-VEL00730,Mobile Accessory,Nova,Silver,SUP027,Japan,2014-08-22,GST_STANDARD,Recycled box,False,True,"mobile accessory designed for charging-cable organisation, in the nova family and supplied by vela with a 12-month warranty."
PRD0731,Candle Vista 830,Laptop,Candle,1123.57,553.58,2014,24,1.982,SKU-CAN00731,Ultrabook,Orbit,White,SUP028,Korea,2014-09-04,GST_STANDARD,Box,True,True,"ultrabook designed for shared home-office administration, in the orbit family and supplied by candle with a 24-month warranty."
PRD0732,Vela Core 831,Smartphone,Vela,1724.37,1281.28,2014,24,0.282,SKU-VEL00732,5G Smartphone,Pulse,Graphite,SUP029,Japan,2014-10-14,GST_STANDARD,Protective case,True,True,"5g smartphone designed for travel planning and media use, in the pulse family and supplied by vela with a 24-month warranty."
PRD0733,Candle Lumen 832,Tablet,Candle,281.18,206.57,2015,24,0.733,SKU-CAN00733,Productivity Tablet,Quest,Black,SUP030,Japan,2015-02-11,GST_STANDARD,Protective case,True,False,"productivity tablet designed for family learning and shared browsing, in the quest family and supplied by candle with a 24-month warranty."
PRD0734,Vela Ridge 833,Home Entertainment,Vela,1461.44,789.08,2017,24,6.176,SKU-VEL00734,Smart Display,Ridge,Graphite,SUP031,Malaysia,2017-02-23,GST_STANDARD,Box,True,True,"smart display designed for casual living-room gaming, in the ridge family and supplied by vela with a 24-month warranty."
PRD0735,Candle Arc 834,Audio,Candle,549.71,305.81,2014,12,0.457,SKU-CAN00735,Wireless Audio,Shift,Gold,SUP032,Korea,2014-06-23,GST_STANDARD,Protective case,False,True,"wireless audio designed for shared-room music playback, in the shift family and supplied by candle with a 12-month warranty."
PRD0736,Vela Echo 835,Smart Home,Vela,773.17,457.23,2013,12,0.454,SKU-VEL00736,Home Automation,Spark,Silver,SUP033,China,2013-05-17,GST_STANDARD,Protective case,False,True,"home automation designed for door and window activity alerts, in the spark family and supplied by vela with a 12-month warranty."
PRD0737,Candle Orbit 836,Gaming,Candle,194.63,145.42,2015,24,1.148,SKU-CAN00737,Gaming Hardware,Vista,Blue,SUP034,Japan,2015-06-02,GST_STANDARD,Protective case,True,True,"gaming hardware designed for portable gaming and travel, in the vista family and supplied by candle with a 24-month warranty."
PRD0738,Vela Spark 837,Wearable,Vela,629.85,327.28,2012,12,0.122,SKU-VEL00738,Health Wearable,Wave,Graphite,SUP035,China,2012-11-17,GST_STANDARD,Protective case,True,True,"health wearable designed for calendar alerts and quick message checks, in the wave family and supplied by vela with a 12-month warranty."
PRD0739,Candle Bloom 838,Networking,Candle,345.91,201.77,2016,24,0.682,SKU-CAN00739,Connected Network,Arc,Red,SUP036,Malaysia,2016-11-09,GST_STANDARD,Recycled box,True,True,"connected network designed for guest-network and device management, in the arc family and supplied by candle with a 24-month warranty."
PRD0740,Vela Halo 839,Accessory,Vela,235.84,129.54,2016,12,0.169,SKU-VEL00740,Mobile Accessory,Atlas,Red,SUP037,Malaysia,2016-07-23,GST_STANDARD,Box,True,True,"mobile accessory designed for connecting several devices through one compact adapter, in the atlas family and supplied by vela with a 12-month warranty."
PRD0741,Candle Quest 840,Laptop,Candle,1342.0,791.69,2016,24,1.522,SKU-CAN00741,Ultrabook,Bloom,Silver,SUP001,Vietnam,2016-05-25,GST_STANDARD,Box,True,True,"ultrabook designed for travel-based work and presentations, in the bloom family and supplied by candle with a 24-month warranty."
PRD0742,Vela Wave 841,Smartphone,Vela,1768.06,1065.65,2014,24,0.293,SKU-VEL00742,5G Smartphone,Core,Green,SUP002,Japan,2014-10-11,GST_STANDARD,Recycled box,True,True,"5g smartphone designed for family communication and casual apps, in the core family and supplied by vela with a 24-month warranty."
PRD0743,Candle Edge 842,Tablet,Candle,718.63,491.5,2012,24,0.64,SKU-CAN00743,Productivity Tablet,Edge,Black,SUP003,Australia,2012-03-17,GST_STANDARD,Protective case,False,True,"productivity tablet designed for drawing and lightweight creative work, in the edge family and supplied by candle with a 24-month warranty."
PRD0744,Vela Nova 843,Home Entertainment,Vela,3214.18,2300.77,2016,24,6.448,SKU-VEL00744,Smart Display,Echo,Gold,SUP004,Vietnam,2016-01-01,GST_STANDARD,Box,True,True,"smart display designed for presentations and photo viewing, in the echo family and supplied by vela with a 24-month warranty."
PRD0745,Candle Shift 844,Audio,Candle,147.69,77.76,2013,12,0.443,SKU-CAN00745,Wireless Audio,Flux,Gold,SUP005,Malaysia,2013-06-01,GST_STANDARD,Box,False,True,"wireless audio designed for long listening sessions at home, in the flux family and supplied by candle with a 12-month warranty."
PRD0746,Vela Atlas 845,Smart Home,Vela,367.02,272.73,2014,12,0.485,SKU-VEL00746,Home Automation,Halo,White,SUP006,Malaysia,2014-11-15,GST_STANDARD,Recycled box,True,True,"home automation designed for automated blind and curtain routines, in the halo family and supplied by vela with a 12-month warranty."
PRD0747,Candle Flux 846,Gaming,Candle,1759.9,1294.26,2012,24,1.556,SKU-CAN00747,Gaming Hardware,Lumen,White,SUP007,Malaysia,2012-11-13,GST_STANDARD,Recycled box,False,True,"gaming hardware designed for game streaming and media capture, in the lumen family and supplied by candle with a 24-month warranty."
PRD0748,Vela Pulse 847,Wearable,Vela,1008.17,713.29,2012,12,0.15,SKU-VEL00748,Health Wearable,Nova,Gold,SUP008,Malaysia,2012-07-26,GST_STANDARD,Protective case,False,True,"health wearable designed for habit reminders and everyday timekeeping, in the nova family and supplied by vela with a 12-month warranty."
PRD0749,Candle Vista 848,Networking,Candle,285.2,171.84,2016,24,0.897,SKU-CAN00749,Connected Network,Orbit,Silver,SUP009,Vietnam,2016-02-14,GST_STANDARD,Recycled box,False,True,"connected network designed for extending coverage between rooms, in the orbit family and supplied by candle with a 24-month warranty."
PRD0750,Vela Core 849,Accessory,Vela,315.03,195.82,2017,12,0.2,SKU-VEL00750,Mobile Accessory,Pulse,Blue,SUP010,Malaysia,2017-02-12,GST_STANDARD,Box,True,True,"mobile accessory designed for hands-free device support in a shared workspace, in the pulse family and supplied by vela with a 12-month warranty."
PRD0751,Candle Lumen 850,Laptop,Candle,2375.48,1249.18,2016,24,1.149,SKU-CAN00751,Ultrabook,Quest,Graphite,SUP011,Vietnam,2016-01-24,GST_STANDARD,Recycled box,False,True,"ultrabook designed for portable document work and video meetings, in the quest family and supplied by candle with a 24-month warranty."
PRD0752,Vela Ridge 851,Smartphone,Vela,1432.08,957.91,2015,24,0.198,SKU-VEL00752,5G Smartphone,Ridge,Blue,SUP012,Korea,2015-01-11,GST_STANDARD,Protective case,True,True,"5g smartphone designed for daily communication and navigation, in the ridge family and supplied by vela with a 24-month warranty."
PRD0753,Candle Arc 852,Tablet,Candle,720.25,521.07,2014,24,0.814,SKU-CAN00753,Productivity Tablet,Shift,Red,SUP013,Australia,2014-04-15,GST_STANDARD,Protective case,True,True,"productivity tablet designed for reading, annotation and handwritten notes, in the shift family and supplied by candle with a 24-month warranty."
PRD0754,Vela Echo 853,Home Entertainment,Vela,588.75,351.12,2014,24,7.777,SKU-VEL00754,Smart Display,Spark,Red,SUP014,China,2014-01-12,GST_STANDARD,Recycled box,True,True,"smart display designed for shared film and television viewing, in the spark family and supplied by vela with a 24-month warranty."
PRD0755,Candle Orbit 854,Audio,Candle,842.98,577.36,2013,12,0.374,SKU-CAN00755,Wireless Audio,Vista,Silver,SUP015,China,2013-02-07,GST_STANDARD,Recycled box,True,True,"wireless audio designed for commuting and spoken-content listening, in the vista family and supplied by candle with a 12-month warranty."
PRD0756,Vela Spark 855,Smart Home,Vela,389.58,201.12,2017,12,0.323,SKU-VEL00756,Home Automation,Wave,Black,SUP016,Korea,2017-04-11,GST_STANDARD,Protective case,False,True,"home automation designed for app-controlled room lighting, in the wave family and supplied by vela with a 12-month warranty."
PRD0757,Candle Bloom 856,Gaming,Candle,1982.25,1113.79,2017,24,1.198,SKU-CAN00757,Gaming Hardware,Arc,Red,SUP017,Vietnam,2017-05-06,GST_STANDARD,Recycled box,True,True,"gaming hardware designed for long desktop gaming sessions, in the arc family and supplied by candle with a 24-month warranty."
PRD0758,Vela Halo 857,Wearable,Vela,261.9,163.77,2014,12,0.108,SKU-VEL00758,Health Wearable,Atlas,White,SUP018,Vietnam,2014-05-17,GST_STANDARD,Recycled box,True,True,"health wearable designed for daily activity and sleep tracking, in the atlas family and supplied by vela with a 12-month warranty."
PRD0759,Candle Quest 858,Networking,Candle,106.0,73.77,2014,24,0.948,SKU-CAN00759,Connected Network,Bloom,Graphite,SUP019,Korea,2014-03-14,GST_STANDARD,Box,False,True,"connected network designed for home-office wireless coverage, in the bloom family and supplied by candle with a 24-month warranty."
PRD0760,Vela Wave 859,Accessory,Vela,322.74,241.64,2014,12,0.235,SKU-VEL00760,Mobile Accessory,Core,Graphite,SUP020,China,2014-03-22,GST_STANDARD,Recycled box,True,True,"mobile accessory designed for adjustable desk mounting and device positioning, in the core family and supplied by vela with a 12-month warranty."
PRD0761,Candle Edge 860,Laptop,Candle,1492.1,993.6,2016,24,1.863,SKU-CAN00761,Ultrabook,Edge,Silver,SUP021,Vietnam,2016-10-26,GST_STANDARD,Recycled box,True,True,"ultrabook designed for study, research and note taking, in the edge family and supplied by candle with a 24-month warranty."
PRD0762,Vela Nova 861,Smartphone,Vela,1723.61,1197.51,2014,24,0.247,SKU-VEL00762,5G Smartphone,Echo,Gold,SUP022,Australia,2014-01-12,GST_STANDARD,Protective case,True,True,"5g smartphone designed for mobile photography and messaging, in the echo family and supplied by vela with a 24-month warranty."
PRD0763,Candle Shift 862,Tablet,Candle,863.1,541.28,2014,24,0.743,SKU-CAN00763,Productivity Tablet,Flux,White,SUP023,China,2014-03-08,GST_STANDARD,Protective case,True,True,"productivity tablet designed for portable media and video calls, in the flux family and supplied by candle with a 24-month warranty."
PRD0764,Vela Atlas 863,Home Entertainment,Vela,1624.39,1137.63,2017,24,8.103,SKU-VEL00764,Smart Display,Halo,Green,SUP024,Australia,2017-10-09,GST_STANDARD,Box,True,True,"smart display designed for music and spoken-content playback, in the halo family and supplied by vela with a 24-month warranty."
PRD0765,Candle Flux 864,Audio,Candle,967.51,557.33,2017,12,0.637,SKU-CAN00765,Wireless Audio,Lumen,Green,SUP025,Australia,2017-04-01,GST_STANDARD,Recycled box,True,True,"wireless audio designed for music during focused desk work, in the lumen family and supplied by candle with a 12-month warranty."
PRD0766,Vela Pulse 865,Smart Home,Vela,74.26,43.67,2013,12,0.388,SKU-VEL00766,Home Automation,Nova,Gold,SUP026,Malaysia,2013-09-13,GST_STANDARD,Protective case,False,True,"home automation designed for scheduled control of a household power outlet, in the nova family and supplied by vela with a 12-month warranty."
PRD0767,Candle Vista 866,Gaming,Candle,1276.85,655.0,2016,24,1.507,SKU-CAN00767,Gaming Hardware,Orbit,Red,SUP027,China,2016-06-11,GST_STANDARD,Recycled box,True,True,"gaming hardware designed for casual games in a shared room, in the orbit family and supplied by candle with a 24-month warranty."
PRD0768,Vela Core 867,Wearable,Vela,149.86,101.25,2017,12,0.163,SKU-VEL00768,Health Wearable,Pulse,Gold,SUP028,Australia,2017-01-05,GST_STANDARD,Box,True,True,"health wearable designed for walking and commute notifications, in the pulse family and supplied by vela with a 12-month warranty."
PRD0769,Candle Lumen 868,Networking,Candle,633.25,341.14,2017,24,0.89,SKU-CAN00769,Connected Network,Quest,Silver,SUP029,Japan,2017-07-25,GST_STANDARD,Box,True,True,"connected network designed for connecting several shared household devices, in the quest family and supplied by candle with a 24-month warranty."
PRD0770,Vela Ridge 869,Accessory,Vela,376.65,219.68,2014,12,0.13,SKU-VEL00770,Mobile Accessory,Ridge,Silver,SUP030,Japan,2014-02-07,GST_STANDARD,Box,False,True,"mobile accessory designed for protective storage during travel, in the ridge family and supplied by vela with a 12-month warranty."
PRD0771,Candle Arc 870,Laptop,Candle,3066.74,1778.64,2017,24,1.714,SKU-CAN00771,Ultrabook,Shift,Green,SUP031,Japan,2017-12-20,GST_STANDARD,Box,True,True,"ultrabook designed for creative projects and media editing, in the shift family and supplied by candle with a 24-month warranty."
PRD0772,Vela Echo 871,Smartphone,Vela,356.92,180.3,2015,24,0.293,SKU-VEL00772,5G Smartphone,Spark,Silver,SUP032,Japan,2015-03-06,GST_STANDARD,Recycled box,True,True,"5g smartphone designed for work calls and calendar management, in the spark family and supplied by vela with a 24-month warranty."
PRD0773,Candle Orbit 872,Tablet,Candle,497.83,337.42,2017,24,0.587,SKU-CAN00773,Productivity Tablet,Vista,Graphite,SUP033,China,2017-05-17,GST_STANDARD,Box,True,True,"productivity tablet designed for field forms and client presentations, in the vista family and supplied by candle with a 24-month warranty."
PRD0774,Vela Spark 873,Home Entertainment,Vela,1438.07,794.46,2017,24,7.412,SKU-VEL00774,Smart Display,Wave,Green,SUP034,Vietnam,2017-10-02,GST_STANDARD,Box,True,True,"smart display designed for family media streaming, in the wave family and supplied by vela with a 24-month warranty."
PRD0775,Candle Bloom 874,Audio,Candle,152.04,97.9,2012,12,0.509,SKU-CAN00775,Wireless Audio,Arc,White,SUP035,Malaysia,2012-03-24,GST_STANDARD,Box,True,True,"wireless audio designed for video calls and online classes, in the arc family and supplied by candle with a 12-month warranty."
PRD0776,Vela Halo 875,Smart Home,Vela,133.13,97.33,2017,12,0.484,SKU-VEL00776,Home Automation,Atlas,Red,SUP036,Australia,2017-04-18,GST_STANDARD,Recycled box,True,True,"home automation designed for indoor temperature and humidity monitoring, in the atlas family and supplied by vela with a 12-month warranty."
PRD0777,Candle Quest 876,Gaming,Candle,876.73,473.1,2012,24,1.069,SKU-CAN00777,Gaming Hardware,Bloom,Graphite,SUP037,Japan,2012-11-19,GST_STANDARD,Recycled box,True,True,"gaming hardware designed for competitive play and voice communication, in the bloom family and supplied by candle with a 24-month warranty."
PRD0778,Vela Wave 877,Wearable,Vela,271.67,172.94,2012,12,0.151,SKU-VEL00778,Health Wearable,Core,Red,SUP001,Vietnam,2012-11-15,GST_STANDARD,Protective case,False,True,"health wearable designed for exercise session summaries, in the core family and supplied by vela with a 12-month warranty."
PRD0779,Candle Edge 878,Networking,Candle,736.32,477.09,2014,24,0.772,SKU-CAN00779,Connected Network,Edge,Graphite,SUP002,Vietnam,2014-10-22,GST_STANDARD,Protective case,True,True,"connected network designed for video meetings and media streaming, in the edge family and supplied by candle with a 24-month warranty."
PRD0780,Vela Nova 879,Accessory,Vela,307.98,168.27,2014,12,0.234,SKU-VEL00780,Mobile Accessory,Echo,Silver,SUP003,Vietnam,2014-07-27,GST_STANDARD,Box,True,True,"mobile accessory designed for charging-cable organisation, in the echo family and supplied by vela with a 12-month warranty."
PRD0781,Candle Shift 880,Laptop,Candle,2064.25,1190.7,2013,24,1.262,SKU-CAN00781,Ultrabook,Flux,Red,SUP004,Malaysia,2013-07-09,GST_STANDARD,Recycled box,True,True,"ultrabook designed for shared home-office administration, in the flux family and supplied by candle with a 24-month warranty."
PRD0782,Vela Atlas 881,Smartphone,Vela,743.41,415.7,2012,24,0.227,SKU-VEL00782,5G Smartphone,Halo,Red,SUP005,Japan,2012-04-02,GST_STANDARD,Recycled box,True,True,"5g smartphone designed for travel planning and media use, in the halo family and supplied by vela with a 24-month warranty."
PRD0783,Candle Flux 882,Tablet,Candle,962.73,489.32,2013,24,0.649,SKU-CAN00783,Productivity Tablet,Lumen,Green,SUP006,Vietnam,2013-08-13,GST_STANDARD,Protective case,True,True,"productivity tablet designed for family learning and shared browsing, in the lumen family and supplied by candle with a 24-month warranty."
PRD0784,Vela Pulse 883,Home Entertainment,Vela,3166.81,1709.81,2012,24,9.612,SKU-VEL00784,Smart Display,Nova,Red,SUP007,Japan,2012-06-11,GST_STANDARD,Protective case,True,True,"smart display designed for casual living-room gaming, in the nova family and supplied by vela with a 24-month warranty."
PRD0785,Candle Vista 884,Audio,Candle,1024.27,608.67,2012,12,0.401,SKU-CAN00785,Wireless Audio,Orbit,Silver,SUP008,Vietnam,2012-08-02,GST_STANDARD,Box,True,True,"wireless audio designed for shared-room music playback, in the orbit family and supplied by candle with a 12-month warranty."
PRD0786,Vela Core 885,Smart Home,Vela,664.7,439.97,2014,12,0.273,SKU-VEL00786,Home Automation,Pulse,Black,SUP009,Korea,2014-12-20,GST_STANDARD,Protective case,True,True,"home automation designed for door and window activity alerts, in the pulse family and supplied by vela with a 12-month warranty."
PRD0787,Candle Lumen 886,Gaming,Candle,1661.26,803.52,2012,24,1.401,SKU-CAN00787,Gaming Hardware,Quest,Black,SUP010,Korea,2012-03-13,GST_STANDARD,Recycled box,True,True,"gaming hardware designed for portable gaming and travel, in the quest family and supplied by candle with a 24-month warranty."
PRD0788,Vela Ridge 887,Wearable,Vela,862.04,529.48,2014,12,0.111,SKU-VEL00788,Health Wearable,Ridge,White,SUP011,Japan,2014-03-03,GST_STANDARD,Protective case,False,True,"health wearable designed for calendar alerts and quick message checks, in the ridge family and supplied by vela with a 12-month warranty."
PRD0789,Candle Arc 888,Networking,Candle,1032.76,748.54,2016,24,0.943,SKU-CAN00789,Connected Network,Shift,Green,SUP012,Malaysia,2016-08-24,GST_STANDARD,Protective case,True,True,"connected network designed for guest-network and device management, in the shift family and supplied by candle with a 24-month warranty."
PRD0790,Vela Echo 889,Accessory,Vela,67.36,47.46,2012,12,0.164,SKU-VEL00790,Mobile Accessory,Spark,Red,SUP013,Australia,2012-06-21,GST_STANDARD,Recycled box,True,True,"mobile accessory designed for connecting several devices through one compact adapter, in the spark family and supplied by vela with a 12-month warranty."
PRD0791,Candle Orbit 890,Laptop,Candle,2893.2,1918.66,2013,24,1.719,SKU-CAN00791,Ultrabook,Vista,Blue,SUP014,China,2013-06-11,GST_STANDARD,Protective case,True,True,"ultrabook designed for travel-based work and presentations, in the vista family and supplied by candle with a 24-month warranty."
PRD0792,Vela Spark 891,Smartphone,Vela,1464.66,964.21,2012,24,0.183,SKU-VEL00792,5G Smartphone,Wave,Silver,SUP015,Korea,2012-08-14,GST_STANDARD,Recycled box,False,True,"5g smartphone designed for family communication and casual apps, in the wave family and supplied by vela with a 24-month warranty."
PRD0793,Candle Bloom 892,Tablet,Candle,1315.85,755.57,2016,24,0.471,SKU-CAN00793,Productivity Tablet,Arc,Black,SUP016,Australia,2016-11-17,GST_STANDARD,Recycled box,True,True,"productivity tablet designed for drawing and lightweight creative work, in the arc family and supplied by candle with a 24-month warranty."
PRD0794,Vela Halo 893,Home Entertainment,Vela,3939.25,2628.06,2014,24,6.531,SKU-VEL00794,Smart Display,Atlas,Blue,SUP017,Korea,2014-01-08,GST_STANDARD,Box,True,True,"smart display designed for presentations and photo viewing, in the atlas family and supplied by vela with a 24-month warranty."
PRD0795,Candle Quest 894,Audio,Candle,1162.94,733.75,2013,12,0.46,SKU-CAN00795,Wireless Audio,Bloom,Red,SUP018,Korea,2013-01-04,GST_STANDARD,Recycled box,True,True,"wireless audio designed for long listening sessions at home, in the bloom family and supplied by candle with a 12-month warranty."
PRD0796,Vela Wave 895,Smart Home,Vela,559.87,357.08,2013,12,0.261,SKU-VEL00796,Home Automation,Core,Graphite,SUP019,Japan,2013-10-26,GST_STANDARD,Box,True,True,"home automation designed for automated blind and curtain routines, in the core family and supplied by vela with a 12-month warranty."
PRD0797,Candle Edge 896,Gaming,Candle,1054.08,521.73,2017,24,1.078,SKU-CAN00797,Gaming Hardware,Edge,White,SUP020,Vietnam,2017-07-18,GST_STANDARD,Box,True,True,"gaming hardware designed for game streaming and media capture, in the edge family and supplied by candle with a 24-month warranty."
PRD0798,Vela Nova 897,Wearable,Vela,901.72,560.45,2017,12,0.123,SKU-VEL00798,Health Wearable,Echo,Red,SUP021,China,2017-12-03,GST_STANDARD,Box,False,True,"health wearable designed for habit reminders and everyday timekeeping, in the echo family and supplied by vela with a 12-month warranty."
PRD0799,Candle Shift 898,Networking,Candle,629.39,458.6,2012,24,0.73,SKU-CAN00799,Connected Network,Flux,Silver,SUP022,Korea,2012-04-20,GST_STANDARD,Protective case,True,True,"connected network designed for extending coverage between rooms, in the flux family and supplied by candle with a 24-month warranty."
PRD0800,Vela Atlas 899,Accessory,Vela,400.13,257.14,2016,12,0.215,SKU-VEL00800,Mobile Accessory,Halo,Silver,SUP023,Malaysia,2016-10-17,GST_STANDARD,Protective case,True,True,"mobile accessory designed for hands-free device support in a shared workspace, in the halo family and supplied by vela with a 12-month warranty."
PRD0801,Candle Flux 900,Laptop,Candle,3111.15,2096.36,2013,24,1.136,SKU-CAN00801,Ultrabook,Lumen,Graphite,SUP024,China,2013-09-25,GST_STANDARD,Box,False,True,"ultrabook designed for portable document work and video meetings, in the lumen family and supplied by candle with a 24-month warranty."
PRD0802,Vela Pulse 901,Smartphone,Vela,914.18,688.81,2012,24,0.293,SKU-VEL00802,5G Smartphone,Nova,White,SUP025,Malaysia,2012-10-17,GST_STANDARD,Protective case,False,True,"5g smartphone designed for daily communication and navigation, in the nova family and supplied by vela with a 24-month warranty."
PRD0803,Candle Vista 902,Tablet,Candle,395.35,241.03,2013,24,0.565,SKU-CAN00803,Productivity Tablet,Orbit,Red,SUP026,China,2013-04-20,GST_STANDARD,Recycled box,True,True,"productivity tablet designed for reading, annotation and handwritten notes, in the orbit family and supplied by candle with a 24-month warranty."
PRD0804,Vela Core 903,Home Entertainment,Vela,3851.02,2708.05,2016,24,7.88,SKU-VEL00804,Smart Display,Pulse,Gold,SUP027,Vietnam,2016-06-21,GST_STANDARD,Box,True,True,"smart display designed for shared film and television viewing, in the pulse family and supplied by vela with a 24-month warranty."
PRD0805,Candle Lumen 904,Audio,Candle,503.71,248.37,2014,12,0.404,SKU-CAN00805,Wireless Audio,Quest,White,SUP028,Japan,2014-01-23,GST_STANDARD,Protective case,True,True,"wireless audio designed for commuting and spoken-content listening, in the quest family and supplied by candle with a 12-month warranty."
PRD0806,Vela Ridge 905,Smart Home,Vela,541.85,349.09,2012,12,0.423,SKU-VEL00806,Home Automation,Ridge,Gold,SUP029,Malaysia,2012-03-09,GST_STANDARD,Box,True,True,"home automation designed for app-controlled room lighting, in the ridge family and supplied by vela with a 12-month warranty."
PRD0807,Candle Arc 906,Gaming,Candle,1028.5,702.99,2013,24,0.887,SKU-CAN00807,Gaming Hardware,Shift,Graphite,SUP030,Malaysia,2013-05-04,GST_STANDARD,Recycled box,False,True,"gaming hardware designed for long desktop gaming sessions, in the shift family and supplied by candle with a 24-month warranty."
PRD0808,Vela Echo 907,Wearable,Vela,444.53,245.43,2013,12,0.164,SKU-VEL00808,Health Wearable,Spark,White,SUP031,China,2013-12-13,GST_STANDARD,Protective case,True,False,"health wearable designed for daily activity and sleep tracking, in the spark family and supplied by vela with a 12-month warranty."
PRD0809,Candle Orbit 908,Networking,Candle,155.22,116.89,2014,24,0.52,SKU-CAN00809,Connected Network,Vista,Black,SUP032,Malaysia,2014-09-02,GST_STANDARD,Protective case,True,True,"connected network designed for home-office wireless coverage, in the vista family and supplied by candle with a 24-month warranty."
PRD0810,Vela Spark 909,Accessory,Vela,140.27,84.61,2016,12,0.136,SKU-VEL00810,Mobile Accessory,Wave,Graphite,SUP033,China,2016-11-17,GST_STANDARD,Recycled box,False,True,"mobile accessory designed for adjustable desk mounting and device positioning, in the wave family and supplied by vela with a 12-month warranty."
PRD0811,Candle Bloom 910,Laptop,Candle,1819.95,1035.13,2015,24,1.868,SKU-CAN00811,Ultrabook,Arc,Red,SUP034,Australia,2015-07-24,GST_STANDARD,Recycled box,True,True,"ultrabook designed for study, research and note taking, in the arc family and supplied by candle with a 24-month warranty."
PRD0812,Vela Halo 911,Smartphone,Vela,1554.96,888.57,2015,24,0.172,SKU-VEL00812,5G Smartphone,Atlas,Graphite,SUP035,Vietnam,2015-08-01,GST_STANDARD,Box,True,True,"5g smartphone designed for mobile photography and messaging, in the atlas family and supplied by vela with a 24-month warranty."
PRD0813,Candle Quest 912,Tablet,Candle,372.89,277.39,2015,24,0.563,SKU-CAN00813,Productivity Tablet,Bloom,Graphite,SUP036,Australia,2015-09-10,GST_STANDARD,Box,False,True,"productivity tablet designed for portable media and video calls, in the bloom family and supplied by candle with a 24-month warranty."
PRD0814,Vela Wave 913,Home Entertainment,Vela,1627.99,807.12,2012,24,5.39,SKU-VEL00814,Smart Display,Core,Black,SUP037,Australia,2012-12-26,GST_STANDARD,Protective case,False,True,"smart display designed for music and spoken-content playback, in the core family and supplied by vela with a 24-month warranty."
PRD0815,Candle Edge 914,Audio,Candle,735.95,487.33,2014,12,0.623,SKU-CAN00815,Wireless Audio,Edge,Graphite,SUP001,Australia,2014-09-06,GST_STANDARD,Protective case,True,True,"wireless audio designed for music during focused desk work, in the edge family and supplied by candle with a 12-month warranty."
PRD0816,Vela Nova 915,Smart Home,Vela,211.9,126.08,2013,12,0.412,SKU-VEL00816,Home Automation,Echo,Blue,SUP002,Vietnam,2013-09-01,GST_STANDARD,Protective case,True,True,"home automation designed for scheduled control of a household power outlet, in the echo family and supplied by vela with a 12-month warranty."
PRD0817,Candle Shift 916,Gaming,Candle,1148.51,831.09,2016,24,1.184,SKU-CAN00817,Gaming Hardware,Flux,Gold,SUP003,Malaysia,2016-07-19,GST_STANDARD,Protective case,True,True,"gaming hardware designed for casual games in a shared room, in the flux family and supplied by candle with a 24-month warranty."
PRD0818,Vela Atlas 917,Wearable,Vela,184.36,122.85,2017,12,0.111,SKU-VEL00818,Health Wearable,Halo,Green,SUP004,Korea,2017-05-26,GST_STANDARD,Protective case,True,True,"health wearable designed for walking and commute notifications, in the halo family and supplied by vela with a 12-month warranty."
PRD0819,Candle Flux 918,Networking,Candle,1070.76,687.56,2012,24,0.789,SKU-CAN00819,Connected Network,Lumen,White,SUP005,Japan,2012-07-25,GST_STANDARD,Recycled box,False,True,"connected network designed for connecting several shared household devices, in the lumen family and supplied by candle with a 24-month warranty."
PRD0820,Vela Pulse 919,Accessory,Vela,149.51,79.58,2012,12,0.197,SKU-VEL00820,Mobile Accessory,Nova,Graphite,SUP006,China,2012-08-18,GST_STANDARD,Box,True,True,"mobile accessory designed for protective storage during travel, in the nova family and supplied by vela with a 12-month warranty."
PRD0821,Candle Vista 920,Laptop,Candle,1210.81,885.74,2017,24,1.372,SKU-CAN00821,Ultrabook,Orbit,Black,SUP007,Japan,2017-03-19,GST_STANDARD,Recycled box,True,True,"ultrabook designed for creative projects and media editing, in the orbit family and supplied by candle with a 24-month warranty."
PRD0822,Vela Core 921,Smartphone,Vela,324.31,216.52,2012,24,0.195,SKU-VEL00822,5G Smartphone,Pulse,White,SUP008,China,2012-03-05,GST_STANDARD,Protective case,False,True,"5g smartphone designed for work calls and calendar management, in the pulse family and supplied by vela with a 24-month warranty."
PRD0823,Candle Lumen 922,Tablet,Candle,1007.18,640.06,2017,24,0.723,SKU-CAN00823,Productivity Tablet,Quest,Graphite,SUP009,Japan,2017-08-26,GST_STANDARD,Recycled box,True,True,"productivity tablet designed for field forms and client presentations, in the quest family and supplied by candle with a 24-month warranty."
PRD0824,Vela Ridge 923,Home Entertainment,Vela,3837.62,2829.47,2012,24,7.687,SKU-VEL00824,Smart Display,Ridge,Gold,SUP010,Malaysia,2012-06-17,GST_STANDARD,Protective case,True,True,"smart display designed for family media streaming, in the ridge family and supplied by vela with a 24-month warranty."
PRD0825,Candle Arc 924,Audio,Candle,522.15,376.15,2016,12,0.348,SKU-CAN00825,Wireless Audio,Shift,Red,SUP011,Australia,2016-12-08,GST_STANDARD,Protective case,True,True,"wireless audio designed for video calls and online classes, in the shift family and supplied by candle with a 12-month warranty."
PRD0826,Vela Echo 925,Smart Home,Vela,774.78,514.05,2013,12,0.264,SKU-VEL00826,Home Automation,Spark,Black,SUP012,Malaysia,2013-07-05,GST_STANDARD,Box,True,True,"home automation designed for indoor temperature and humidity monitoring, in the spark family and supplied by vela with a 12-month warranty."
PRD0827,Candle Orbit 926,Gaming,Candle,1518.31,898.66,2013,24,1.587,SKU-CAN00827,Gaming Hardware,Vista,Red,SUP013,Malaysia,2013-01-16,GST_STANDARD,Box,True,True,"gaming hardware designed for competitive play and voice communication, in the vista family and supplied by candle with a 24-month warranty."
PRD0828,Vela Spark 927,Wearable,Vela,1072.53,528.32,2014,12,0.106,SKU-VEL00828,Health Wearable,Wave,White,SUP014,Malaysia,2014-01-01,GST_STANDARD,Recycled box,False,True,"health wearable designed for exercise session summaries, in the wave family and supplied by vela with a 12-month warranty."
PRD0829,Candle Bloom 928,Networking,Candle,1219.49,595.01,2012,24,0.773,SKU-CAN00829,Connected Network,Arc,Gold,SUP015,Vietnam,2012-02-12,GST_STANDARD,Recycled box,False,True,"connected network designed for video meetings and media streaming, in the arc family and supplied by candle with a 24-month warranty."
PRD0830,Vela Halo 929,Accessory,Vela,231.45,163.91,2013,12,0.163,SKU-VEL00830,Mobile Accessory,Atlas,Graphite,SUP016,China,2013-09-21,GST_STANDARD,Protective case,False,True,"mobile accessory designed for charging-cable organisation, in the atlas family and supplied by vela with a 12-month warranty."
PRD0831,Candle Quest 930,Laptop,Candle,2116.77,1025.46,2012,24,1.861,SKU-CAN00831,Ultrabook,Bloom,Green,SUP017,Australia,2012-12-20,GST_STANDARD,Recycled box,False,True,"ultrabook designed for shared home-office administration, in the bloom family and supplied by candle with a 24-month warranty."
PRD0832,Vela Wave 931,Smartphone,Vela,1674.37,1164.95,2017,24,0.181,SKU-VEL00832,5G Smartphone,Core,Red,SUP018,China,2017-09-19,GST_STANDARD,Box,False,True,"5g smartphone designed for travel planning and media use, in the core family and supplied by vela with a 24-month warranty."
PRD0833,Candle Edge 932,Tablet,Candle,1527.84,810.5,2013,24,0.837,SKU-CAN00833,Productivity Tablet,Edge,Blue,SUP019,China,2013-06-11,GST_STANDARD,Recycled box,True,True,"productivity tablet designed for family learning and shared browsing, in the edge family and supplied by candle with a 24-month warranty."
PRD0834,Vela Nova 933,Home Entertainment,Vela,702.11,481.53,2016,24,8.311,SKU-VEL00834,Smart Display,Echo,Black,SUP020,Malaysia,2016-05-13,GST_STANDARD,Recycled box,False,True,"smart display designed for casual living-room gaming, in the echo family and supplied by vela with a 24-month warranty."
PRD0835,Candle Shift 934,Audio,Candle,482.69,295.37,2016,12,0.602,SKU-CAN00835,Wireless Audio,Flux,White,SUP021,China,2016-05-18,GST_STANDARD,Recycled box,False,True,"wireless audio designed for shared-room music playback, in the flux family and supplied by candle with a 12-month warranty."
PRD0836,Vela Atlas 935,Smart Home,Vela,836.56,444.33,2017,12,0.455,SKU-VEL00836,Home Automation,Halo,Graphite,SUP022,Japan,2017-12-15,GST_STANDARD,Box,True,True,"home automation designed for door and window activity alerts, in the halo family and supplied by vela with a 12-month warranty."
PRD0837,Candle Flux 936,Gaming,Candle,1658.39,1103.43,2016,24,1.297,SKU-CAN00837,Gaming Hardware,Lumen,Green,SUP023,Japan,2016-12-24,GST_STANDARD,Recycled box,False,True,"gaming hardware designed for portable gaming and travel, in the lumen family and supplied by candle with a 24-month warranty."
PRD0838,Vela Pulse 937,Wearable,Vela,771.2,435.15,2015,12,0.131,SKU-VEL00838,Health Wearable,Nova,Silver,SUP024,China,2015-12-05,GST_STANDARD,Box,True,True,"health wearable designed for calendar alerts and quick message checks, in the nova family and supplied by vela with a 12-month warranty."
PRD0839,Candle Vista 938,Networking,Candle,511.61,357.9,2013,24,0.914,SKU-CAN00839,Connected Network,Orbit,Graphite,SUP025,Australia,2013-09-20,GST_STANDARD,Box,False,False,"connected network designed for guest-network and device management, in the orbit family and supplied by candle with a 24-month warranty."
PRD0840,Vela Core 939,Accessory,Vela,125.66,75.12,2017,12,0.147,SKU-VEL00840,Mobile Accessory,Pulse,Black,SUP026,Vietnam,2017-01-03,GST_STANDARD,Protective case,True,True,"mobile accessory designed for connecting several devices through one compact adapter, in the pulse family and supplied by vela with a 12-month warranty."
PRD0841,Candle Lumen 940,Laptop,Candle,1754.04,1211.82,2013,24,1.41,SKU-CAN00841,Ultrabook,Quest,Blue,SUP027,China,2013-01-13,GST_STANDARD,Box,False,True,"ultrabook designed for travel-based work and presentations, in the quest family and supplied by candle with a 24-month warranty."
PRD0842,Vela Ridge 941,Smartphone,Vela,1443.81,1096.37,2013,24,0.223,SKU-VEL00842,5G Smartphone,Ridge,Green,SUP028,Australia,2013-08-10,GST_STANDARD,Box,True,True,"5g smartphone designed for family communication and casual apps, in the ridge family and supplied by vela with a 24-month warranty."
PRD0843,Candle Arc 942,Tablet,Candle,527.91,271.62,2016,24,0.774,SKU-CAN00843,Productivity Tablet,Shift,Blue,SUP029,Malaysia,2016-07-24,GST_STANDARD,Box,False,True,"productivity tablet designed for drawing and lightweight creative work, in the shift family and supplied by candle with a 24-month warranty."
PRD0844,Vela Echo 943,Home Entertainment,Vela,2177.73,1146.48,2014,24,8.195,SKU-VEL00844,Smart Display,Spark,Red,SUP030,Australia,2014-11-11,GST_STANDARD,Box,True,True,"smart display designed for presentations and photo viewing, in the spark family and supplied by vela with a 24-month warranty."
PRD0845,Candle Orbit 944,Audio,Candle,355.13,213.68,2017,12,0.581,SKU-CAN00845,Wireless Audio,Vista,Graphite,SUP031,Japan,2017-01-16,GST_STANDARD,Recycled box,False,True,"wireless audio designed for long listening sessions at home, in the vista family and supplied by candle with a 12-month warranty."
PRD0846,Vela Spark 945,Smart Home,Vela,428.47,223.0,2013,12,0.356,SKU-VEL00846,Home Automation,Wave,Black,SUP032,Korea,2013-02-13,GST_STANDARD,Box,False,True,"home automation designed for automated blind and curtain routines, in the wave family and supplied by vela with a 12-month warranty."
PRD0847,Candle Bloom 946,Gaming,Candle,553.63,285.07,2015,24,1.069,SKU-CAN00847,Gaming Hardware,Arc,Gold,SUP033,Malaysia,2015-07-19,GST_STANDARD,Recycled box,True,True,"gaming hardware designed for game streaming and media capture, in the arc family and supplied by candle with a 24-month warranty."
PRD0848,Vela Halo 947,Wearable,Vela,227.53,162.94,2015,12,0.129,SKU-VEL00848,Health Wearable,Atlas,Gold,SUP034,Vietnam,2015-05-17,GST_STANDARD,Protective case,True,True,"health wearable designed for habit reminders and everyday timekeeping, in the atlas family and supplied by vela with a 12-month warranty."
PRD0849,Candle Quest 948,Networking,Candle,1072.65,788.65,2016,24,0.625,SKU-CAN00849,Connected Network,Bloom,Blue,SUP035,Vietnam,2016-11-20,GST_STANDARD,Recycled box,False,True,"connected network designed for extending coverage between rooms, in the bloom family and supplied by candle with a 24-month warranty."
PRD0850,Vela Wave 949,Accessory,Vela,216.39,146.74,2012,12,0.13,SKU-VEL00850,Mobile Accessory,Core,Black,SUP036,Malaysia,2012-03-21,GST_STANDARD,Box,False,True,"mobile accessory designed for hands-free device support in a shared workspace, in the core family and supplied by vela with a 12-month warranty."
PRD0851,Candle Edge 950,Laptop,Candle,955.38,562.34,2017,24,1.955,SKU-CAN00851,Ultrabook,Edge,Blue,SUP037,Vietnam,2017-01-02,GST_STANDARD,Protective case,True,True,"ultrabook designed for portable document work and video meetings, in the edge family and supplied by candle with a 24-month warranty."
PRD0852,Vela Nova 951,Smartphone,Vela,869.97,626.6,2014,24,0.221,SKU-VEL00852,5G Smartphone,Echo,Blue,SUP001,China,2014-11-04,GST_STANDARD,Recycled box,True,True,"5g smartphone designed for daily communication and navigation, in the echo family and supplied by vela with a 24-month warranty."
PRD0853,Candle Shift 952,Tablet,Candle,1074.57,576.72,2015,24,0.689,SKU-CAN00853,Productivity Tablet,Flux,Black,SUP002,Malaysia,2015-12-27,GST_STANDARD,Box,True,False,"productivity tablet designed for reading, annotation and handwritten notes, in the flux family and supplied by candle with a 24-month warranty."
PRD0854,Vela Atlas 953,Home Entertainment,Vela,1723.49,1117.66,2017,24,9.243,SKU-VEL00854,Smart Display,Halo,Black,SUP003,Vietnam,2017-02-14,GST_STANDARD,Protective case,True,True,"smart display designed for shared film and television viewing, in the halo family and supplied by vela with a 24-month warranty."
PRD0855,Candle Flux 954,Audio,Candle,641.38,441.32,2013,12,0.424,SKU-CAN00855,Wireless Audio,Lumen,Blue,SUP004,China,2013-08-21,GST_STANDARD,Protective case,False,True,"wireless audio designed for commuting and spoken-content listening, in the lumen family and supplied by candle with a 12-month warranty."
PRD0856,Vela Pulse 955,Smart Home,Vela,426.45,255.11,2014,12,0.37,SKU-VEL00856,Home Automation,Nova,Gold,SUP005,Japan,2014-07-21,GST_STANDARD,Recycled box,True,True,"home automation designed for app-controlled room lighting, in the nova family and supplied by vela with a 12-month warranty."
PRD0857,Candle Vista 956,Gaming,Candle,1578.93,800.65,2013,24,0.94,SKU-CAN00857,Gaming Hardware,Orbit,Silver,SUP006,Korea,2013-11-14,GST_STANDARD,Box,True,True,"gaming hardware designed for long desktop gaming sessions, in the orbit family and supplied by candle with a 24-month warranty."
PRD0858,Vela Core 957,Wearable,Vela,421.26,224.56,2015,12,0.094,SKU-VEL00858,Health Wearable,Pulse,Graphite,SUP007,Japan,2015-09-01,GST_STANDARD,Protective case,True,True,"health wearable designed for daily activity and sleep tracking, in the pulse family and supplied by vela with a 12-month warranty."
PRD0859,Candle Lumen 958,Networking,Candle,883.33,533.51,2017,24,0.667,SKU-CAN00859,Connected Network,Quest,Blue,SUP008,Vietnam,2017-07-26,GST_STANDARD,Protective case,True,True,"connected network designed for home-office wireless coverage, in the quest family and supplied by candle with a 24-month warranty."
PRD0860,Vela Ridge 959,Accessory,Vela,386.3,211.03,2017,12,0.235,SKU-VEL00860,Mobile Accessory,Ridge,Silver,SUP009,Korea,2017-12-13,GST_STANDARD,Box,True,True,"mobile accessory designed for adjustable desk mounting and device positioning, in the ridge family and supplied by vela with a 12-month warranty."
PRD0861,Candle Arc 960,Laptop,Candle,2778.32,1767.14,2013,24,1.147,SKU-CAN00861,Ultrabook,Shift,Graphite,SUP010,Korea,2013-08-24,GST_STANDARD,Recycled box,True,True,"ultrabook designed for study, research and note taking, in the shift family and supplied by candle with a 24-month warranty."
PRD0862,Vela Echo 961,Smartphone,Vela,750.64,494.22,2017,24,0.228,SKU-VEL00862,5G Smartphone,Spark,Graphite,SUP011,Malaysia,2017-05-05,GST_STANDARD,Recycled box,True,True,"5g smartphone designed for mobile photography and messaging, in the spark family and supplied by vela with a 24-month warranty."
PRD0863,Candle Orbit 962,Tablet,Candle,916.89,684.67,2014,24,0.824,SKU-CAN00863,Productivity Tablet,Vista,Gold,SUP012,Australia,2014-01-09,GST_STANDARD,Protective case,True,True,"productivity tablet designed for portable media and video calls, in the vista family and supplied by candle with a 24-month warranty."
PRD0864,Vela Spark 963,Home Entertainment,Vela,618.97,436.52,2015,24,8.119,SKU-VEL00864,Smart Display,Wave,White,SUP013,Korea,2015-06-19,GST_STANDARD,Box,True,True,"smart display designed for music and spoken-content playback, in the wave family and supplied by vela with a 24-month warranty."
PRD0865,Candle Bloom 964,Audio,Candle,691.66,340.83,2013,12,0.626,SKU-CAN00865,Wireless Audio,Arc,Blue,SUP014,Malaysia,2013-09-09,GST_STANDARD,Box,True,True,"wireless audio designed for music during focused desk work, in the arc family and supplied by candle with a 12-month warranty."
PRD0866,Vela Halo 965,Smart Home,Vela,492.83,345.48,2013,12,0.397,SKU-VEL00866,Home Automation,Atlas,Red,SUP015,Australia,2013-10-09,GST_STANDARD,Protective case,True,True,"home automation designed for scheduled control of a household power outlet, in the atlas family and supplied by vela with a 12-month warranty."
PRD0867,Candle Quest 966,Gaming,Candle,1696.54,848.92,2016,24,0.937,SKU-CAN00867,Gaming Hardware,Bloom,Blue,SUP016,Korea,2016-07-17,GST_STANDARD,Protective case,True,True,"gaming hardware designed for casual games in a shared room, in the bloom family and supplied by candle with a 24-month warranty."
PRD0868,Vela Wave 967,Wearable,Vela,421.43,265.84,2016,12,0.161,SKU-VEL00868,Health Wearable,Core,Silver,SUP017,Korea,2016-06-17,GST_STANDARD,Box,True,True,"health wearable designed for walking and commute notifications, in the core family and supplied by vela with a 12-month warranty."
PRD0869,Candle Edge 968,Networking,Candle,1315.16,797.59,2016,24,0.692,SKU-CAN00869,Connected Network,Edge,Graphite,SUP018,Malaysia,2016-04-09,GST_STANDARD,Box,True,True,"connected network designed for connecting several shared household devices, in the edge family and supplied by candle with a 24-month warranty."
PRD0870,Vela Nova 969,Accessory,Vela,96.68,72.81,2017,12,0.161,SKU-VEL00870,Mobile Accessory,Echo,Green,SUP019,Malaysia,2017-06-14,GST_STANDARD,Protective case,True,True,"mobile accessory designed for protective storage during travel, in the echo family and supplied by vela with a 12-month warranty."
PRD0871,Candle Shift 970,Laptop,Candle,920.12,647.42,2016,24,1.239,SKU-CAN00871,Ultrabook,Flux,Silver,SUP020,Malaysia,2016-08-16,GST_STANDARD,Protective case,True,True,"ultrabook designed for creative projects and media editing, in the flux family and supplied by candle with a 24-month warranty."
PRD0872,Vela Atlas 971,Smartphone,Vela,1197.21,712.31,2016,24,0.227,SKU-VEL00872,5G Smartphone,Halo,Blue,SUP021,Malaysia,2016-11-25,GST_STANDARD,Recycled box,True,True,"5g smartphone designed for work calls and calendar management, in the halo family and supplied by vela with a 24-month warranty."
PRD0873,Candle Flux 972,Tablet,Candle,448.66,305.67,2013,24,0.576,SKU-CAN00873,Productivity Tablet,Lumen,Graphite,SUP022,Vietnam,2013-02-23,GST_STANDARD,Protective case,True,True,"productivity tablet designed for field forms and client presentations, in the lumen family and supplied by candle with a 24-month warranty."
PRD0874,Vela Pulse 973,Home Entertainment,Vela,940.07,660.05,2013,24,7.759,SKU-VEL00874,Smart Display,Nova,Black,SUP023,Australia,2013-03-16,GST_STANDARD,Box,True,True,"smart display designed for family media streaming, in the nova family and supplied by vela with a 24-month warranty."
PRD0875,Candle Vista 974,Audio,Candle,1038.39,765.48,2016,12,0.622,SKU-CAN00875,Wireless Audio,Orbit,Silver,SUP024,Australia,2016-11-23,GST_STANDARD,Box,True,True,"wireless audio designed for video calls and online classes, in the orbit family and supplied by candle with a 12-month warranty."
PRD0876,Vela Core 975,Smart Home,Vela,844.64,548.23,2016,12,0.325,SKU-VEL00876,Home Automation,Pulse,Green,SUP025,Malaysia,2016-05-15,GST_STANDARD,Box,True,True,"home automation designed for indoor temperature and humidity monitoring, in the pulse family and supplied by vela with a 12-month warranty."
PRD0877,Candle Lumen 976,Gaming,Candle,2091.32,1441.13,2014,24,1.376,SKU-CAN00877,Gaming Hardware,Quest,Red,SUP026,Australia,2014-12-16,GST_STANDARD,Protective case,True,True,"gaming hardware designed for competitive play and voice communication, in the quest family and supplied by candle with a 24-month warranty."
PRD0878,Vela Ridge 977,Wearable,Vela,453.25,295.6,2017,12,0.131,SKU-VEL00878,Health Wearable,Ridge,Gold,SUP027,Malaysia,2017-07-10,GST_STANDARD,Recycled box,False,True,"health wearable designed for exercise session summaries, in the ridge family and supplied by vela with a 12-month warranty."
PRD0879,Candle Arc 978,Networking,Candle,329.13,233.1,2016,24,0.664,SKU-CAN00879,Connected Network,Shift,Green,SUP028,Australia,2016-05-08,GST_STANDARD,Protective case,False,True,"connected network designed for video meetings and media streaming, in the shift family and supplied by candle with a 24-month warranty."
PRD0880,Vela Echo 979,Accessory,Vela,330.2,206.24,2017,12,0.184,SKU-VEL00880,Mobile Accessory,Spark,Black,SUP029,Japan,2017-07-10,GST_STANDARD,Recycled box,False,True,"mobile accessory designed for charging-cable organisation, in the spark family and supplied by vela with a 12-month warranty."
PRD0881,Candle Orbit 980,Laptop,Candle,2201.99,1209.37,2014,24,1.202,SKU-CAN00881,Ultrabook,Vista,Blue,SUP030,China,2014-12-13,GST_STANDARD,Protective case,True,True,"ultrabook designed for shared home-office administration, in the vista family and supplied by candle with a 24-month warranty."
PRD0882,Vela Spark 981,Smartphone,Vela,492.86,252.7,2017,24,0.288,SKU-VEL00882,5G Smartphone,Wave,Silver,SUP031,Australia,2017-01-02,GST_STANDARD,Recycled box,True,True,"5g smartphone designed for travel planning and media use, in the wave family and supplied by vela with a 24-month warranty."
PRD0883,Candle Bloom 982,Tablet,Candle,1321.14,634.63,2012,24,0.521,SKU-CAN00883,Productivity Tablet,Arc,Red,SUP032,China,2012-09-15,GST_STANDARD,Recycled box,True,True,"productivity tablet designed for family learning and shared browsing, in the arc family and supplied by candle with a 24-month warranty."
PRD0884,Vela Halo 983,Home Entertainment,Vela,1284.0,788.13,2013,24,8.288,SKU-VEL00884,Smart Display,Atlas,White,SUP033,Australia,2013-08-23,GST_STANDARD,Box,True,True,"smart display designed for casual living-room gaming, in the atlas family and supplied by vela with a 24-month warranty."
PRD0885,Candle Quest 984,Audio,Candle,867.28,657.35,2017,12,0.53,SKU-CAN00885,Wireless Audio,Bloom,Silver,SUP034,China,2017-11-19,GST_STANDARD,Protective case,True,True,"wireless audio designed for shared-room music playback, in the bloom family and supplied by candle with a 12-month warranty."
PRD0886,Vela Wave 985,Smart Home,Vela,194.21,141.14,2013,12,0.31,SKU-VEL00886,Home Automation,Core,White,SUP035,Japan,2013-08-26,GST_STANDARD,Box,False,True,"home automation designed for door and window activity alerts, in the core family and supplied by vela with a 12-month warranty."
PRD0887,Candle Edge 986,Gaming,Candle,447.24,336.05,2012,24,1.407,SKU-CAN00887,Gaming Hardware,Edge,Graphite,SUP036,Korea,2012-01-18,GST_STANDARD,Box,False,True,"gaming hardware designed for portable gaming and travel, in the edge family and supplied by candle with a 24-month warranty."
PRD0888,Vela Nova 987,Wearable,Vela,240.68,177.57,2013,12,0.165,SKU-VEL00888,Health Wearable,Echo,White,SUP037,Korea,2013-05-23,GST_STANDARD,Recycled box,True,True,"health wearable designed for calendar alerts and quick message checks, in the echo family and supplied by vela with a 12-month warranty."
PRD0889,Candle Shift 988,Networking,Candle,743.48,524.95,2017,24,0.523,SKU-CAN00889,Connected Network,Flux,Silver,SUP001,China,2017-10-18,GST_STANDARD,Box,False,True,"connected network designed for guest-network and device management, in the flux family and supplied by candle with a 24-month warranty."
PRD0890,Vela Atlas 989,Accessory,Vela,293.06,163.98,2013,12,0.144,SKU-VEL00890,Mobile Accessory,Halo,Silver,SUP002,Vietnam,2013-11-23,GST_STANDARD,Box,True,True,"mobile accessory designed for connecting several devices through one compact adapter, in the halo family and supplied by vela with a 12-month warranty."
PRD0891,Candle Flux 990,Laptop,Candle,1468.42,987.47,2013,24,1.677,SKU-CAN00891,Ultrabook,Lumen,Blue,SUP003,China,2013-02-11,GST_STANDARD,Recycled box,True,False,"ultrabook designed for travel-based work and presentations, in the lumen family and supplied by candle with a 24-month warranty."
PRD0892,Vela Pulse 991,Smartphone,Vela,1539.6,1026.86,2017,24,0.225,SKU-VEL00892,5G Smartphone,Nova,White,SUP004,Malaysia,2017-05-04,GST_STANDARD,Box,True,True,"5g smartphone designed for family communication and casual apps, in the nova family and supplied by vela with a 24-month warranty."
PRD0893,Candle Vista 992,Tablet,Candle,792.02,579.96,2016,24,0.804,SKU-CAN00893,Productivity Tablet,Orbit,Silver,SUP005,China,2016-08-24,GST_STANDARD,Recycled box,False,True,"productivity tablet designed for drawing and lightweight creative work, in the orbit family and supplied by candle with a 24-month warranty."
PRD0894,Vela Core 993,Home Entertainment,Vela,1997.25,1154.44,2013,24,8.58,SKU-VEL00894,Smart Display,Pulse,Green,SUP006,Australia,2013-04-24,GST_STANDARD,Recycled box,True,True,"smart display designed for presentations and photo viewing, in the pulse family and supplied by vela with a 24-month warranty."
PRD0895,Candle Lumen 994,Audio,Candle,675.49,373.27,2012,12,0.522,SKU-CAN00895,Wireless Audio,Quest,White,SUP007,Australia,2012-11-19,GST_STANDARD,Recycled box,False,True,"wireless audio designed for long listening sessions at home, in the quest family and supplied by candle with a 12-month warranty."
PRD0896,Vela Ridge 995,Smart Home,Vela,466.99,318.0,2015,12,0.283,SKU-VEL00896,Home Automation,Ridge,Green,SUP008,China,2015-03-18,GST_STANDARD,Protective case,True,True,"home automation designed for automated blind and curtain routines, in the ridge family and supplied by vela with a 12-month warranty."
PRD0897,Candle Arc 996,Gaming,Candle,1151.44,590.21,2016,24,1.321,SKU-CAN00897,Gaming Hardware,Shift,Silver,SUP009,Vietnam,2016-07-13,GST_STANDARD,Recycled box,False,True,"gaming hardware designed for game streaming and media capture, in the shift family and supplied by candle with a 24-month warranty."
PRD0898,Vela Echo 997,Wearable,Vela,450.61,337.93,2013,12,0.134,SKU-VEL00898,Health Wearable,Spark,Graphite,SUP010,Vietnam,2013-03-07,GST_STANDARD,Recycled box,False,True,"health wearable designed for habit reminders and everyday timekeeping, in the spark family and supplied by vela with a 12-month warranty."
PRD0899,Candle Orbit 998,Networking,Candle,1454.64,1020.59,2013,24,0.631,SKU-CAN00899,Connected Network,Vista,Gold,SUP011,Korea,2013-02-04,GST_STANDARD,Box,True,True,"connected network designed for extending coverage between rooms, in the vista family and supplied by candle with a 24-month warranty."
PRD0900,Vela Spark 999,Accessory,Vela,346.54,201.17,2014,12,0.166,SKU-VEL00900,Mobile Accessory,Wave,Blue,SUP012,Vietnam,2014-01-03,GST_STANDARD,Recycled box,True,True,"mobile accessory designed for hands-free device support in a shared workspace, in the wave family and supplied by vela with a 12-month warranty."
PRD0901,Candle Bloom 1000,Laptop,Candle,1649.8,829.94,2012,24,1.596,SKU-CAN00901,Ultrabook,Arc,Red,SUP013,China,2012-11-17,GST_STANDARD,Box,True,True,"ultrabook designed for portable document work and video meetings, in the arc family and supplied by candle with a 24-month warranty."
PRD0902,Vela Halo 1001,Smartphone,Vela,1853.74,1149.7,2012,24,0.297,SKU-VEL00902,5G Smartphone,Atlas,Green,SUP014,Korea,2012-09-13,GST_STANDARD,Protective case,True,True,"5g smartphone designed for daily communication and navigation, in the atlas family and supplied by vela with a 24-month warranty."
PRD0903,Candle Quest 1002,Tablet,Candle,1209.05,843.71,2012,24,0.603,SKU-CAN00903,Productivity Tablet,Bloom,White,SUP015,Japan,2012-09-25,GST_STANDARD,Box,True,True,"productivity tablet designed for reading, annotation and handwritten notes, in the bloom family and supplied by candle with a 24-month warranty."
PRD0904,Vela Wave 1003,Home Entertainment,Vela,2754.33,1371.43,2013,24,8.67,SKU-VEL00904,Smart Display,Core,Red,SUP016,China,2013-12-14,GST_STANDARD,Recycled box,True,True,"smart display designed for shared film and television viewing, in the core family and supplied by vela with a 24-month warranty."
PRD0905,Candle Edge 1004,Audio,Candle,992.9,601.58,2016,12,0.554,SKU-CAN00905,Wireless Audio,Edge,Red,SUP017,Australia,2016-10-05,GST_STANDARD,Box,True,True,"wireless audio designed for commuting and spoken-content listening, in the edge family and supplied by candle with a 12-month warranty."
PRD0906,Vela Nova 1005,Smart Home,Vela,755.23,429.13,2014,12,0.312,SKU-VEL00906,Home Automation,Echo,Black,SUP018,Australia,2014-12-19,GST_STANDARD,Recycled box,True,True,"home automation designed for app-controlled room lighting, in the echo family and supplied by vela with a 12-month warranty."
PRD0907,Candle Shift 1006,Gaming,Candle,60.75,44.7,2016,24,1.567,SKU-CAN00907,Gaming Hardware,Flux,Silver,SUP019,Vietnam,2016-11-19,GST_STANDARD,Box,True,True,"gaming hardware designed for long desktop gaming sessions, in the flux family and supplied by candle with a 24-month warranty."
PRD0908,Vela Atlas 1007,Wearable,Vela,738.84,546.31,2012,12,0.109,SKU-VEL00908,Health Wearable,Halo,White,SUP020,Vietnam,2012-02-08,GST_STANDARD,Recycled box,True,True,"health wearable designed for daily activity and sleep tracking, in the halo family and supplied by vela with a 12-month warranty."
PRD0909,Candle Flux 1008,Networking,Candle,1280.89,703.17,2016,24,0.545,SKU-CAN00909,Connected Network,Lumen,White,SUP021,Korea,2016-10-03,GST_STANDARD,Protective case,True,True,"connected network designed for home-office wireless coverage, in the lumen family and supplied by candle with a 24-month warranty."
PRD0910,Vela Pulse 1009,Accessory,Vela,334.83,215.76,2014,12,0.19,SKU-VEL00910,Mobile Accessory,Nova,Silver,SUP022,Australia,2014-10-15,GST_STANDARD,Box,True,True,"mobile accessory designed for adjustable desk mounting and device positioning, in the nova family and supplied by vela with a 12-month warranty."
PRD0911,Candle Vista 1010,Laptop,Candle,2410.39,1725.39,2017,24,1.109,SKU-CAN00911,Ultrabook,Orbit,Gold,SUP023,Japan,2017-04-17,GST_STANDARD,Box,False,True,"ultrabook designed for study, research and note taking, in the orbit family and supplied by candle with a 24-month warranty."
PRD0912,Vela Core 1011,Smartphone,Vela,1802.22,900.26,2012,24,0.211,SKU-VEL00912,5G Smartphone,Pulse,Green,SUP024,Korea,2012-02-09,GST_STANDARD,Recycled box,False,True,"5g smartphone designed for mobile photography and messaging, in the pulse family and supplied by vela with a 24-month warranty."
PRD0913,Candle Lumen 1012,Tablet,Candle,1112.44,805.54,2017,24,0.724,SKU-CAN00913,Productivity Tablet,Quest,Blue,SUP025,Vietnam,2017-12-14,GST_STANDARD,Protective case,True,True,"productivity tablet designed for portable media and video calls, in the quest family and supplied by candle with a 24-month warranty."
PRD0914,Vela Ridge 1013,Home Entertainment,Vela,4046.92,2567.87,2016,24,5.901,SKU-VEL00914,Smart Display,Ridge,Gold,SUP026,China,2016-04-22,GST_STANDARD,Recycled box,True,False,"smart display designed for music and spoken-content playback, in the ridge family and supplied by vela with a 24-month warranty."
PRD0915,Candle Arc 1014,Audio,Candle,741.57,528.66,2013,12,0.597,SKU-CAN00915,Wireless Audio,Shift,Red,SUP027,Malaysia,2013-08-20,GST_STANDARD,Recycled box,True,True,"wireless audio designed for music during focused desk work, in the shift family and supplied by candle with a 12-month warranty."
PRD0916,Vela Echo 1015,Smart Home,Vela,515.65,375.95,2013,12,0.332,SKU-VEL00916,Home Automation,Spark,Graphite,SUP028,Japan,2013-03-01,GST_STANDARD,Box,True,True,"home automation designed for scheduled control of a household power outlet, in the spark family and supplied by vela with a 12-month warranty."
PRD0917,Candle Orbit 1016,Gaming,Candle,1918.86,983.02,2017,24,0.962,SKU-CAN00917,Gaming Hardware,Vista,Green,SUP029,Japan,2017-05-10,GST_STANDARD,Recycled box,False,True,"gaming hardware designed for casual games in a shared room, in the vista family and supplied by candle with a 24-month warranty."
PRD0918,Vela Spark 1017,Wearable,Vela,697.62,342.08,2017,12,0.147,SKU-VEL00918,Health Wearable,Wave,Blue,SUP030,Vietnam,2017-08-13,GST_STANDARD,Box,True,True,"health wearable designed for walking and commute notifications, in the wave family and supplied by vela with a 12-month warranty."
PRD0919,Candle Bloom 1018,Networking,Candle,1414.1,1044.7,2015,24,0.962,SKU-CAN00919,Connected Network,Arc,White,SUP031,Japan,2015-10-22,GST_STANDARD,Recycled box,True,True,"connected network designed for connecting several shared household devices, in the arc family and supplied by candle with a 24-month warranty."
PRD0920,Vela Halo 1019,Accessory,Vela,302.87,192.55,2014,12,0.183,SKU-VEL00920,Mobile Accessory,Atlas,White,SUP032,Korea,2014-10-12,GST_STANDARD,Box,True,True,"mobile accessory designed for protective storage during travel, in the atlas family and supplied by vela with a 12-month warranty."
PRD0921,Candle Quest 1020,Laptop,Candle,2922.43,1429.05,2014,24,1.867,SKU-CAN00921,Ultrabook,Bloom,Red,SUP033,Australia,2014-08-26,GST_STANDARD,Box,True,True,"ultrabook designed for creative projects and media editing, in the bloom family and supplied by candle with a 24-month warranty."
PRD0922,Vela Wave 1021,Smartphone,Vela,1230.33,596.82,2014,24,0.299,SKU-VEL00922,5G Smartphone,Core,White,SUP034,Malaysia,2014-05-21,GST_STANDARD,Protective case,False,False,"5g smartphone designed for work calls and calendar management, in the core family and supplied by vela with a 24-month warranty."
PRD0923,Candle Edge 1022,Tablet,Candle,771.16,564.59,2017,24,0.462,SKU-CAN00923,Productivity Tablet,Edge,Graphite,SUP035,Korea,2017-01-07,GST_STANDARD,Protective case,True,True,"productivity tablet designed for field forms and client presentations, in the edge family and supplied by candle with a 24-month warranty."
PRD0924,Vela Nova 1023,Home Entertainment,Vela,938.45,475.04,2016,24,6.089,SKU-VEL00924,Smart Display,Echo,Black,SUP036,Korea,2016-06-06,GST_STANDARD,Protective case,True,False,"smart display designed for family media streaming, in the echo family and supplied by vela with a 24-month warranty."
PRD0925,Candle Shift 1024,Audio,Candle,1091.53,566.99,2014,12,0.457,SKU-CAN00925,Wireless Audio,Flux,Black,SUP037,Vietnam,2014-06-15,GST_STANDARD,Recycled box,True,True,"wireless audio designed for video calls and online classes, in the flux family and supplied by candle with a 12-month warranty."
PRD0926,Vela Atlas 1025,Smart Home,Vela,532.72,377.6,2016,12,0.469,SKU-VEL00926,Home Automation,Halo,White,SUP001,Malaysia,2016-07-13,GST_STANDARD,Protective case,True,True,"home automation designed for indoor temperature and humidity monitoring, in the halo family and supplied by vela with a 12-month warranty."
PRD0927,Candle Flux 1026,Gaming,Candle,672.07,362.06,2015,24,1.473,SKU-CAN00927,Gaming Hardware,Lumen,Silver,SUP002,Malaysia,2015-09-23,GST_STANDARD,Protective case,False,True,"gaming hardware designed for competitive play and voice communication, in the lumen family and supplied by candle with a 24-month warranty."
PRD0928,Vela Pulse 1027,Wearable,Vela,732.49,452.05,2013,12,0.109,SKU-VEL00928,Health Wearable,Nova,Green,SUP003,Malaysia,2013-06-24,GST_STANDARD,Box,True,True,"health wearable designed for exercise session summaries, in the nova family and supplied by vela with a 12-month warranty."
PRD0929,Candle Vista 1028,Networking,Candle,114.2,72.97,2012,24,0.725,SKU-CAN00929,Connected Network,Orbit,Gold,SUP004,Malaysia,2012-01-05,GST_STANDARD,Protective case,False,True,"connected network designed for video meetings and media streaming, in the orbit family and supplied by candle with a 24-month warranty."
PRD0930,Vela Core 1029,Accessory,Vela,307.61,198.52,2014,12,0.131,SKU-VEL00930,Mobile Accessory,Pulse,Green,SUP005,Australia,2014-04-24,GST_STANDARD,Box,True,True,"mobile accessory designed for charging-cable organisation, in the pulse family and supplied by vela with a 12-month warranty."
PRD0931,Candle Lumen 1030,Laptop,Candle,1264.51,806.53,2017,24,1.174,SKU-CAN00931,Ultrabook,Quest,Silver,SUP006,Australia,2017-08-23,GST_STANDARD,Recycled box,False,True,"ultrabook designed for shared home-office administration, in the quest family and supplied by candle with a 24-month warranty."
PRD0932,Vela Ridge 1031,Smartphone,Vela,1326.04,858.76,2015,24,0.268,SKU-VEL00932,5G Smartphone,Ridge,Blue,SUP007,China,2015-05-07,GST_STANDARD,Box,True,False,"5g smartphone designed for travel planning and media use, in the ridge family and supplied by vela with a 24-month warranty."
PRD0933,Candle Arc 1032,Tablet,Candle,296.95,147.5,2012,24,0.574,SKU-CAN00933,Productivity Tablet,Shift,Gold,SUP008,Malaysia,2012-10-10,GST_STANDARD,Box,True,True,"productivity tablet designed for family learning and shared browsing, in the shift family and supplied by candle with a 24-month warranty."
PRD0934,Vela Echo 1033,Home Entertainment,Vela,1797.41,1143.24,2016,24,8.956,SKU-VEL00934,Smart Display,Spark,Gold,SUP009,China,2016-06-22,GST_STANDARD,Recycled box,True,True,"smart display designed for casual living-room gaming, in the spark family and supplied by vela with a 24-month warranty."
PRD0935,Candle Orbit 1034,Audio,Candle,1012.52,492.14,2012,12,0.427,SKU-CAN00935,Wireless Audio,Vista,Black,SUP010,Vietnam,2012-09-20,GST_STANDARD,Protective case,True,True,"wireless audio designed for shared-room music playback, in the vista family and supplied by candle with a 12-month warranty."
PRD0936,Vela Spark 1035,Smart Home,Vela,825.41,621.54,2012,12,0.433,SKU-VEL00936,Home Automation,Wave,Black,SUP011,Vietnam,2012-03-16,GST_STANDARD,Box,True,True,"home automation designed for door and window activity alerts, in the wave family and supplied by vela with a 12-month warranty."
PRD0937,Candle Bloom 1036,Gaming,Candle,1473.98,1105.17,2014,24,1.331,SKU-CAN00937,Gaming Hardware,Arc,White,SUP012,Australia,2014-04-15,GST_STANDARD,Protective case,True,True,"gaming hardware designed for portable gaming and travel, in the arc family and supplied by candle with a 24-month warranty."
PRD0938,Vela Halo 1037,Wearable,Vela,471.07,265.41,2014,12,0.107,SKU-VEL00938,Health Wearable,Atlas,Red,SUP013,Korea,2014-08-23,GST_STANDARD,Box,True,True,"health wearable designed for calendar alerts and quick message checks, in the atlas family and supplied by vela with a 12-month warranty."
PRD0939,Candle Quest 1038,Networking,Candle,67.43,44.92,2017,24,0.747,SKU-CAN00939,Connected Network,Bloom,Red,SUP014,China,2017-01-06,GST_STANDARD,Box,True,True,"connected network designed for guest-network and device management, in the bloom family and supplied by candle with a 24-month warranty."
PRD0940,Vela Wave 1039,Accessory,Vela,127.15,72.99,2015,12,0.144,SKU-VEL00940,Mobile Accessory,Core,Graphite,SUP015,China,2015-03-20,GST_STANDARD,Recycled box,True,True,"mobile accessory designed for connecting several devices through one compact adapter, in the core family and supplied by vela with a 12-month warranty."
PRD0941,Candle Edge 1040,Laptop,Candle,1693.86,1186.51,2012,24,1.243,SKU-CAN00941,Ultrabook,Edge,White,SUP016,Vietnam,2012-04-24,GST_STANDARD,Box,True,True,"ultrabook designed for travel-based work and presentations, in the edge family and supplied by candle with a 24-month warranty."
PRD0942,Vela Nova 1041,Smartphone,Vela,1446.32,993.27,2012,24,0.179,SKU-VEL00942,5G Smartphone,Echo,Gold,SUP017,Korea,2012-04-10,GST_STANDARD,Box,True,True,"5g smartphone designed for family communication and casual apps, in the echo family and supplied by vela with a 24-month warranty."
PRD0943,Candle Shift 1042,Tablet,Candle,1009.3,755.05,2016,24,0.739,SKU-CAN00943,Productivity Tablet,Flux,Blue,SUP018,China,2016-01-11,GST_STANDARD,Box,True,True,"productivity tablet designed for drawing and lightweight creative work, in the flux family and supplied by candle with a 24-month warranty."
PRD0944,Vela Atlas 1043,Home Entertainment,Vela,1503.06,999.29,2014,24,7.926,SKU-VEL00944,Smart Display,Halo,Green,SUP019,Korea,2014-08-05,GST_STANDARD,Box,False,True,"smart display designed for presentations and photo viewing, in the halo family and supplied by vela with a 24-month warranty."
PRD0945,Candle Flux 1044,Audio,Candle,568.86,430.83,2012,12,0.582,SKU-CAN00945,Wireless Audio,Lumen,White,SUP020,Japan,2012-04-27,GST_STANDARD,Protective case,False,True,"wireless audio designed for long listening sessions at home, in the lumen family and supplied by candle with a 12-month warranty."
PRD0946,Vela Pulse 1045,Smart Home,Vela,180.12,125.5,2016,12,0.385,SKU-VEL00946,Home Automation,Nova,Gold,SUP021,Malaysia,2016-10-08,GST_STANDARD,Recycled box,False,True,"home automation designed for automated blind and curtain routines, in the nova family and supplied by vela with a 12-month warranty."
PRD0947,Candle Vista 1046,Gaming,Candle,1591.22,1162.4,2017,24,1.599,SKU-CAN00947,Gaming Hardware,Orbit,Gold,SUP022,Australia,2017-05-20,GST_STANDARD,Box,False,True,"gaming hardware designed for game streaming and media capture, in the orbit family and supplied by candle with a 24-month warranty."
PRD0948,Vela Core 1047,Wearable,Vela,849.18,449.63,2013,12,0.108,SKU-VEL00948,Health Wearable,Pulse,White,SUP023,Korea,2013-10-22,GST_STANDARD,Box,True,True,"health wearable designed for habit reminders and everyday timekeeping, in the pulse family and supplied by vela with a 12-month warranty."
PRD0949,Candle Lumen 1048,Networking,Candle,810.82,587.81,2017,24,0.511,SKU-CAN00949,Connected Network,Quest,Graphite,SUP024,Japan,2017-11-27,GST_STANDARD,Recycled box,True,True,"connected network designed for extending coverage between rooms, in the quest family and supplied by candle with a 24-month warranty."
PRD0950,Vela Ridge 1049,Accessory,Vela,258.24,166.74,2013,12,0.244,SKU-VEL00950,Mobile Accessory,Ridge,Silver,SUP025,Vietnam,2013-03-22,GST_STANDARD,Protective case,False,True,"mobile accessory designed for hands-free device support in a shared workspace, in the ridge family and supplied by vela with a 12-month warranty."
PRD0951,Candle Arc 1050,Laptop,Candle,2970.31,2035.66,2012,24,2.051,SKU-CAN00951,Ultrabook,Shift,Black,SUP026,Malaysia,2012-11-27,GST_STANDARD,Recycled box,False,True,"ultrabook designed for portable document work and video meetings, in the shift family and supplied by candle with a 24-month warranty."
PRD0952,Vela Echo 1051,Smartphone,Vela,864.9,512.93,2015,24,0.219,SKU-VEL00952,5G Smartphone,Spark,Gold,SUP027,Japan,2015-05-04,GST_STANDARD,Recycled box,True,True,"5g smartphone designed for daily communication and navigation, in the spark family and supplied by vela with a 24-month warranty."
PRD0953,Candle Orbit 1052,Tablet,Candle,534.1,396.55,2013,24,0.827,SKU-CAN00953,Productivity Tablet,Vista,Blue,SUP028,Malaysia,2013-12-18,GST_STANDARD,Protective case,False,True,"productivity tablet designed for reading, annotation and handwritten notes, in the vista family and supplied by candle with a 24-month warranty."
PRD0954,Vela Spark 1053,Home Entertainment,Vela,766.53,548.91,2016,24,9.458,SKU-VEL00954,Smart Display,Wave,Blue,SUP029,Malaysia,2016-01-09,GST_STANDARD,Protective case,False,True,"smart display designed for shared film and television viewing, in the wave family and supplied by vela with a 24-month warranty."
PRD0955,Candle Bloom 1054,Audio,Candle,1036.25,598.11,2016,12,0.535,SKU-CAN00955,Wireless Audio,Arc,Red,SUP030,China,2016-12-16,GST_STANDARD,Box,True,True,"wireless audio designed for commuting and spoken-content listening, in the arc family and supplied by candle with a 12-month warranty."
PRD0956,Vela Halo 1055,Smart Home,Vela,339.76,233.88,2017,12,0.274,SKU-VEL00956,Home Automation,Atlas,Silver,SUP031,Australia,2017-06-06,GST_STANDARD,Box,False,True,"home automation designed for app-controlled room lighting, in the atlas family and supplied by vela with a 12-month warranty."
PRD0957,Candle Quest 1056,Gaming,Candle,108.95,71.99,2012,24,1.596,SKU-CAN00957,Gaming Hardware,Bloom,Red,SUP032,Australia,2012-12-11,GST_STANDARD,Recycled box,False,True,"gaming hardware designed for long desktop gaming sessions, in the bloom family and supplied by candle with a 24-month warranty."
PRD0958,Vela Wave 1057,Wearable,Vela,128.04,77.96,2015,12,0.145,SKU-VEL00958,Health Wearable,Core,Graphite,SUP033,China,2015-01-22,GST_STANDARD,Box,True,True,"health wearable designed for daily activity and sleep tracking, in the core family and supplied by vela with a 12-month warranty."
PRD0959,Candle Edge 1058,Networking,Candle,206.84,126.59,2012,24,0.677,SKU-CAN00959,Connected Network,Edge,Silver,SUP034,China,2012-02-13,GST_STANDARD,Recycled box,True,True,"connected network designed for home-office wireless coverage, in the edge family and supplied by candle with a 24-month warranty."
PRD0960,Vela Nova 1059,Accessory,Vela,17.08,12.9,2017,12,0.147,SKU-VEL00960,Mobile Accessory,Echo,White,SUP035,Korea,2017-04-10,GST_STANDARD,Box,True,True,"mobile accessory designed for adjustable desk mounting and device positioning, in the echo family and supplied by vela with a 12-month warranty."
PRD0961,Candle Shift 1060,Laptop,Candle,1247.08,641.37,2016,24,1.272,SKU-CAN00961,Ultrabook,Flux,Silver,SUP036,Vietnam,2016-12-27,GST_STANDARD,Protective case,True,True,"ultrabook designed for study, research and note taking, in the flux family and supplied by candle with a 24-month warranty."
PRD0962,Vela Atlas 1061,Smartphone,Vela,676.85,352.16,2015,24,0.257,SKU-VEL00962,5G Smartphone,Halo,Black,SUP037,Japan,2015-06-12,GST_STANDARD,Box,True,True,"5g smartphone designed for mobile photography and messaging, in the halo family and supplied by vela with a 24-month warranty."
PRD0963,Candle Flux 1062,Tablet,Candle,541.41,393.4,2017,24,0.753,SKU-CAN00963,Productivity Tablet,Lumen,Green,SUP001,Japan,2017-04-07,GST_STANDARD,Protective case,False,True,"productivity tablet designed for portable media and video calls, in the lumen family and supplied by candle with a 24-month warranty."
PRD0964,Vela Pulse 1063,Home Entertainment,Vela,3887.56,2527.65,2015,24,8.403,SKU-VEL00964,Smart Display,Nova,Red,SUP002,Vietnam,2015-12-21,GST_STANDARD,Box,True,True,"smart display designed for music and spoken-content playback, in the nova family and supplied by vela with a 24-month warranty."
PRD0965,Candle Vista 1064,Audio,Candle,889.37,666.58,2017,12,0.564,SKU-CAN00965,Wireless Audio,Orbit,Gold,SUP003,Korea,2017-09-13,GST_STANDARD,Recycled box,True,True,"wireless audio designed for music during focused desk work, in the orbit family and supplied by candle with a 12-month warranty."
PRD0966,Vela Core 1065,Smart Home,Vela,272.72,159.45,2016,12,0.328,SKU-VEL00966,Home Automation,Pulse,Graphite,SUP004,China,2016-12-15,GST_STANDARD,Recycled box,False,True,"home automation designed for scheduled control of a household power outlet, in the pulse family and supplied by vela with a 12-month warranty."
PRD0967,Candle Lumen 1066,Gaming,Candle,2391.09,1653.05,2013,24,0.974,SKU-CAN00967,Gaming Hardware,Quest,Red,SUP005,Australia,2013-10-10,GST_STANDARD,Protective case,True,True,"gaming hardware designed for casual games in a shared room, in the quest family and supplied by candle with a 24-month warranty."
PRD0968,Vela Ridge 1067,Wearable,Vela,213.37,139.76,2015,12,0.151,SKU-VEL00968,Health Wearable,Ridge,Gold,SUP006,China,2015-12-20,GST_STANDARD,Recycled box,False,True,"health wearable designed for walking and commute notifications, in the ridge family and supplied by vela with a 12-month warranty."
PRD0969,Candle Arc 1068,Networking,Candle,185.9,139.99,2016,24,0.504,SKU-CAN00969,Connected Network,Shift,Silver,SUP007,Korea,2016-09-09,GST_STANDARD,Box,True,True,"connected network designed for connecting several shared household devices, in the shift family and supplied by candle with a 24-month warranty."
PRD0970,Vela Echo 1069,Accessory,Vela,192.16,135.93,2015,12,0.248,SKU-VEL00970,Mobile Accessory,Spark,Gold,SUP008,Vietnam,2015-10-04,GST_STANDARD,Protective case,True,True,"mobile accessory designed for protective storage during travel, in the spark family and supplied by vela with a 12-month warranty."
PRD0971,Candle Orbit 1070,Laptop,Candle,1081.7,568.54,2015,24,1.384,SKU-CAN00971,Ultrabook,Vista,Graphite,SUP009,China,2015-10-23,GST_STANDARD,Recycled box,True,True,"ultrabook designed for creative projects and media editing, in the vista family and supplied by candle with a 24-month warranty."
PRD0972,Vela Spark 1071,Smartphone,Vela,1644.08,812.63,2016,24,0.17,SKU-VEL00972,5G Smartphone,Wave,Graphite,SUP010,Australia,2016-03-12,GST_STANDARD,Box,True,False,"5g smartphone designed for work calls and calendar management, in the wave family and supplied by vela with a 24-month warranty."
PRD0973,Candle Bloom 1072,Tablet,Candle,1197.47,815.35,2016,24,0.774,SKU-CAN00973,Productivity Tablet,Arc,White,SUP011,Vietnam,2016-10-22,GST_STANDARD,Recycled box,False,True,"productivity tablet designed for field forms and client presentations, in the arc family and supplied by candle with a 24-month warranty."
PRD0974,Vela Halo 1073,Home Entertainment,Vela,2731.32,1383.94,2015,24,5.982,SKU-VEL00974,Smart Display,Atlas,Gold,SUP012,Australia,2015-07-24,GST_STANDARD,Recycled box,False,True,"smart display designed for family media streaming, in the atlas family and supplied by vela with a 24-month warranty."
PRD0975,Candle Quest 1074,Audio,Candle,989.01,625.65,2012,12,0.423,SKU-CAN00975,Wireless Audio,Bloom,Silver,SUP013,Vietnam,2012-01-27,GST_STANDARD,Protective case,True,True,"wireless audio designed for video calls and online classes, in the bloom family and supplied by candle with a 12-month warranty."
PRD0976,Vela Wave 1075,Smart Home,Vela,554.65,361.97,2013,12,0.352,SKU-VEL00976,Home Automation,Core,Green,SUP014,China,2013-07-26,GST_STANDARD,Protective case,True,True,"home automation designed for indoor temperature and humidity monitoring, in the core family and supplied by vela with a 12-month warranty."
PRD0977,Candle Edge 1076,Gaming,Candle,2565.59,1647.91,2017,24,0.912,SKU-CAN00977,Gaming Hardware,Edge,Gold,SUP015,Malaysia,2017-04-06,GST_STANDARD,Protective case,False,True,"gaming hardware designed for competitive play and voice communication, in the edge family and supplied by candle with a 24-month warranty."
PRD0978,Vela Nova 1077,Wearable,Vela,617.29,385.89,2013,12,0.131,SKU-VEL00978,Health Wearable,Echo,Silver,SUP016,Vietnam,2013-01-18,GST_STANDARD,Recycled box,False,True,"health wearable designed for exercise session summaries, in the echo family and supplied by vela with a 12-month warranty."
PRD0979,Candle Shift 1078,Networking,Candle,96.35,58.45,2013,24,0.895,SKU-CAN00979,Connected Network,Flux,Red,SUP017,Japan,2013-07-02,GST_STANDARD,Box,True,True,"connected network designed for video meetings and media streaming, in the flux family and supplied by candle with a 24-month warranty."
PRD0980,Vela Atlas 1079,Accessory,Vela,171.73,89.03,2014,12,0.131,SKU-VEL00980,Mobile Accessory,Halo,Graphite,SUP018,Australia,2014-02-15,GST_STANDARD,Recycled box,True,True,"mobile accessory designed for charging-cable organisation, in the halo family and supplied by vela with a 12-month warranty."
PRD0981,Candle Flux 1080,Laptop,Candle,1483.54,1089.25,2012,24,1.2,SKU-CAN00981,Ultrabook,Lumen,Silver,SUP019,Korea,2012-12-05,GST_STANDARD,Protective case,True,True,"ultrabook designed for shared home-office administration, in the lumen family and supplied by candle with a 24-month warranty."
PRD0982,Vela Pulse 1081,Smartphone,Vela,807.01,518.22,2014,24,0.295,SKU-VEL00982,5G Smartphone,Nova,Red,SUP020,Vietnam,2014-03-20,GST_STANDARD,Box,False,True,"5g smartphone designed for travel planning and media use, in the nova family and supplied by vela with a 24-month warranty."
PRD0983,Candle Vista 1082,Tablet,Candle,1481.15,1055.07,2013,24,0.541,SKU-CAN00983,Productivity Tablet,Orbit,Blue,SUP021,Australia,2013-07-16,GST_STANDARD,Box,True,True,"productivity tablet designed for family learning and shared browsing, in the orbit family and supplied by candle with a 24-month warranty."
PRD0984,Vela Core 1083,Home Entertainment,Vela,3015.12,1541.04,2014,24,5.779,SKU-VEL00984,Smart Display,Pulse,Black,SUP022,Vietnam,2014-11-15,GST_STANDARD,Protective case,False,True,"smart display designed for casual living-room gaming, in the pulse family and supplied by vela with a 24-month warranty."
PRD0985,Candle Lumen 1084,Audio,Candle,865.22,420.65,2013,12,0.394,SKU-CAN00985,Wireless Audio,Quest,Blue,SUP023,Australia,2013-10-23,GST_STANDARD,Protective case,True,True,"wireless audio designed for shared-room music playback, in the quest family and supplied by candle with a 12-month warranty."
PRD0986,Vela Ridge 1085,Smart Home,Vela,318.21,191.47,2016,12,0.385,SKU-VEL00986,Home Automation,Ridge,Black,SUP024,Malaysia,2016-03-18,GST_STANDARD,Protective case,True,True,"home automation designed for door and window activity alerts, in the ridge family and supplied by vela with a 12-month warranty."
PRD0987,Candle Arc 1086,Gaming,Candle,1715.57,1298.34,2017,24,1.115,SKU-CAN00987,Gaming Hardware,Shift,Silver,SUP025,Malaysia,2017-03-25,GST_STANDARD,Protective case,True,True,"gaming hardware designed for portable gaming and travel, in the shift family and supplied by candle with a 24-month warranty."
PRD0988,Vela Echo 1087,Wearable,Vela,461.62,239.13,2016,12,0.144,SKU-VEL00988,Health Wearable,Spark,Black,SUP026,Malaysia,2016-03-19,GST_STANDARD,Box,True,True,"health wearable designed for calendar alerts and quick message checks, in the spark family and supplied by vela with a 12-month warranty."
PRD0989,Candle Orbit 1088,Networking,Candle,71.59,49.19,2013,24,0.869,SKU-CAN00989,Connected Network,Vista,Blue,SUP027,Japan,2013-12-22,GST_STANDARD,Protective case,False,True,"connected network designed for guest-network and device management, in the vista family and supplied by candle with a 24-month warranty."
PRD0990,Vela Spark 1089,Accessory,Vela,164.36,96.8,2014,12,0.234,SKU-VEL00990,Mobile Accessory,Wave,White,SUP028,Australia,2014-04-05,GST_STANDARD,Box,True,True,"mobile accessory designed for connecting several devices through one compact adapter, in the wave family and supplied by vela with a 12-month warranty."
PRD0991,Candle Bloom 1090,Laptop,Candle,2495.08,1842.96,2014,24,1.722,SKU-CAN00991,Ultrabook,Arc,White,SUP029,Australia,2014-07-18,GST_STANDARD,Protective case,False,True,"ultrabook designed for travel-based work and presentations, in the arc family and supplied by candle with a 24-month warranty."
PRD0992,Vela Halo 1091,Smartphone,Vela,309.63,169.38,2012,24,0.3,SKU-VEL00992,5G Smartphone,Atlas,Gold,SUP030,China,2012-02-10,GST_STANDARD,Protective case,True,True,"5g smartphone designed for family communication and casual apps, in the atlas family and supplied by vela with a 24-month warranty."
PRD0993,Candle Quest 1092,Tablet,Candle,448.46,234.26,2012,24,0.835,SKU-CAN00993,Productivity Tablet,Bloom,Blue,SUP031,Japan,2012-09-02,GST_STANDARD,Protective case,True,True,"productivity tablet designed for drawing and lightweight creative work, in the bloom family and supplied by candle with a 24-month warranty."
PRD0994,Vela Wave 1093,Home Entertainment,Vela,2727.51,2021.62,2015,24,7.353,SKU-VEL00994,Smart Display,Core,Red,SUP032,Vietnam,2015-11-05,GST_STANDARD,Protective case,False,True,"smart display designed for presentations and photo viewing, in the core family and supplied by vela with a 24-month warranty."
PRD0995,Candle Edge 1094,Audio,Candle,1027.49,708.62,2017,12,0.403,SKU-CAN00995,Wireless Audio,Edge,Green,SUP033,Japan,2017-08-17,GST_STANDARD,Protective case,True,True,"wireless audio designed for long listening sessions at home, in the edge family and supplied by candle with a 12-month warranty."
PRD0996,Vela Nova 1095,Smart Home,Vela,439.4,270.11,2013,12,0.408,SKU-VEL00996,Home Automation,Echo,Silver,SUP034,Korea,2013-11-06,GST_STANDARD,Recycled box,True,True,"home automation designed for automated blind and curtain routines, in the echo family and supplied by vela with a 12-month warranty."
PRD0997,Candle Shift 1096,Gaming,Candle,1521.51,1082.62,2013,24,1.634,SKU-CAN00997,Gaming Hardware,Flux,Silver,SUP035,Vietnam,2013-11-07,GST_STANDARD,Recycled box,False,True,"gaming hardware designed for game streaming and media capture, in the flux family and supplied by candle with a 24-month warranty."
PRD0998,Vela Atlas 1097,Wearable,Vela,544.17,380.83,2012,12,0.161,SKU-VEL00998,Health Wearable,Halo,Green,SUP036,Japan,2012-10-26,GST_STANDARD,Protective case,True,True,"health wearable designed for habit reminders and everyday timekeeping, in the halo family and supplied by vela with a 12-month warranty."
PRD0999,Candle Flux 1098,Networking,Candle,719.67,357.12,2014,24,0.539,SKU-CAN00999,Connected Network,Lumen,Gold,SUP037,Australia,2014-10-11,GST_STANDARD,Recycled box,True,True,"connected network designed for extending coverage between rooms, in the lumen family and supplied by candle with a 24-month warranty."
PRD1000,Vela Pulse 1099,Accessory,Vela,175.0,100.25,2015,12,0.165,SKU-VEL01000,Mobile Accessory,Nova,Blue,SUP001,Korea,2015-10-06,GST_STANDARD,Box,False,True,"mobile accessory designed for hands-free device support in a shared workspace, in the nova family and supplied by vela with a 12-month warranty."
