delivery_id,order_id,dispatch_date,promised_date,delivered_date,carrier,service_level,delivery_status,delay_days,on_time_in_full,fulfilment_hours,delivery_cost,delay_reason,promised_days,tracking_event_count,delivery_window,shipping_distance_km,signature_required,estimated_carbon_kg,delivery_note_clean
HDEL000001,HORD000001,2018-11-14,2018-11-19,2018-11-18,DHL,Standard,Delivered,0,True,41,7.07,none,5,4,Anytime,3.0357,True,0.412,delivered within promise
HDEL000002,HORD000002,2018-04-21,2018-04-27,2018-04-25,AusPost,Standard,Delivered,0,True,29,10.61,none,6,7,Anytime,7.278,True,0.619,delivered within promise
HDEL000003,HORD000003,2018-03-10,2018-03-13,2018-03-12,Direct Freight,Standard,Delivered,0,True,49,8.57,none,3,5,Anytime,3.2972,True,0.963,delivered within promise
HDEL000004,HORD000004,2018-01-31,2018-02-06,2018-02-06,StarTrack,Standard,Delivered,0,True,26,10.79,none,6,6,Anytime,6.6691,False,0.391,delivered within promise
HDEL000005,HORD000005,2018-03-11,2018-03-15,2018-03-13,StarTrack,Standard,Delivered,0,True,11,10.68,none,4,5,Morning,7.0002,True,0.866,delivered within promise
HDEL000006,HORD000006,2018-04-22,2018-04-26,2018-04-25,DHL,Express,Delivered,0,True,12,20.4,none,4,5,Anytime,9.4205,False,0.61,delivered within promise
HDEL000007,HORD000007,2018-03-29,2018-04-02,2018-04-01,AusPost,Standard,Delivered,0,True,26,6.93,none,4,6,Afternoon,1.7795,True,0.424,delivered within promise
HDEL000008,HORD000008,2018-03-17,2018-03-21,2018-03-21,AusPost,Express,Delivered,0,True,68,17.5,none,4,4,Anytime,4.9929,True,0.372,delivered within promise
HDEL000009,HORD000009,2018-06-27,2018-07-01,2018-07-01,StarTrack,Standard,Delivered,0,True,10,10.95,none,4,5,Morning,3.4859,True,0.492,delivered within promise
HDEL000010,HORD000010,2018-11-15,2018-11-20,2018-11-18,Direct Freight,Standard,Delivered,0,True,42,7.53,none,5,5,Morning,5.2439,True,1.337,delivered within promise
HDEL000011,HORD000011,2018-06-16,2018-06-21,2018-06-20,DHL,Express,Delivered,0,True,3,24.8,none,5,5,Morning,6.7933,True,0.524,delivered within promise
HDEL000012,HORD000012,2018-01-09,2018-01-12,2018-01-11,DHL,Standard,Delivered,0,True,36,10.4,none,3,4,Anytime,6.6671,True,0.517,delivered within promise
HDEL000013,HORD000013,2018-07-25,2018-07-31,2018-07-31,Direct Freight,Standard,Delivered,0,True,49,8.33,none,6,5,Morning,2.018,True,0.323,delivered within promise
HDEL000014,HORD000014,2018-03-30,2018-04-03,2018-04-03,Direct Freight,Standard,Delivered,0,True,42,8.52,none,4,4,Anytime,4.3951,True,0.517,delivered within promise
HDEL000015,HORD000015,2018-08-22,2018-08-28,2018-08-31,DHL,Standard,Delivered,3,False,15,11.47,carrier_capacity,6,3,Afternoon,4.9022,True,0.593,carrier scan reconciled
HDEL000016,HORD000016,2018-07-25,2018-07-31,2018-07-29,Direct Freight,Standard,Delivered,0,True,36,8.41,none,6,7,Afternoon,3.0268,True,1.075,delivered within promise
HDEL000017,HORD000017,2018-03-18,2018-03-23,2018-03-23,StarTrack,Standard,Delivered,0,True,12,7.77,none,5,9,Anytime,4.2137,True,1.513,delivered within promise
HDEL000018,HORD000018,2018-03-22,2018-03-25,2018-03-25,Direct Freight,Standard,Delivered,0,True,36,10.79,none,3,5,Afternoon,9.4205,False,1.132,delivered within promise
HDEL000019,HORD000019,2018-10-19,2018-10-24,2018-10-22,StarTrack,Standard,Delivered,0,True,72,6.13,none,5,7,Afternoon,2.5527,False,0.288,delivered within promise
HDEL000020,HORD000020,2018-01-18,2018-01-25,2018-01-23,StarTrack,Standard,Delivered,0,True,2,11.72,none,7,5,Morning,6.944,False,0.371,delivered within promise
HDEL000021,HORD000021,2018-05-31,2018-06-05,2018-06-03,StarTrack,Standard,Delivered,0,True,50,6.59,none,5,5,Anytime,3.5762,True,0.444,delivered within promise
HDEL000022,HORD000022,2018-06-07,2018-06-12,2018-06-11,AusPost,Standard,Delivered,0,True,11,9.82,none,5,6,Afternoon,0.8411,True,0.357,delivered within promise
HDEL000023,HORD000023,2018-05-07,2018-05-13,2018-05-11,Direct Freight,Standard,Delivered,0,True,16,7.95,none,6,9,Morning,4.704,True,1.421,delivered within promise
HDEL000024,HORD000024,2018-12-20,2018-12-23,2018-12-23,StarTrack,Express,Delivered,0,True,70,14.4,none,3,3,Afternoon,4.9903,True,0.404,delivered within promise
HDEL000025,HORD000025,2018-12-19,2018-12-26,2018-12-26,DHL,Standard,Delivered,0,True,46,7.72,none,7,6,Anytime,5.1765,False,0.368,delivered within promise
HDEL000026,HORD000026,2018-09-12,2018-09-19,2018-09-18,AusPost,Standard,Delivered,0,True,65,8.13,none,7,9,Morning,6.4272,True,0.421,delivered within promise
HDEL000027,HORD000027,2018-12-29,2019-01-03,2019-01-01,AusPost,Standard,Delivered,0,True,55,10.75,none,5,6,Anytime,5.996,True,0.599,delivered within promise
HDEL000028,HORD000028,2018-02-22,2018-02-25,2018-02-24,DHL,Express,Delivered,0,True,59,16.42,none,3,8,Anytime,6.5503,False,0.423,delivered within promise
HDEL000029,HORD000029,2018-05-29,2018-06-03,2018-06-03,DHL,Standard,Delivered,0,True,25,6.88,none,5,3,Morning,1.5895,True,1.573,delivered within promise
HDEL000030,HORD000030,2018-09-10,2018-09-13,2018-09-13,AusPost,Standard,Delivered,0,True,18,8.89,none,3,4,Anytime,8.0606,False,0.403,delivered within promise
HDEL000031,HORD000031,2018-02-22,2018-02-25,2018-02-25,AusPost,Express,Delivered,0,True,5,15.06,none,3,4,Morning,3.5955,True,0.52,delivered within promise
HDEL000032,HORD000032,2018-03-15,2018-03-20,2018-03-18,DHL,Standard,Delivered,0,True,60,10.12,none,5,6,Morning,7.0323,True,0.488,delivered within promise
HDEL000033,HORD000033,2018-12-08,2018-12-15,2018-12-13,Direct Freight,Standard,Delivered,0,True,52,10.8,none,7,8,Morning,7.039,True,0.481,delivered within promise
HDEL000034,HORD000034,2018-09-30,2018-10-06,2018-10-06,Direct Freight,Express,Delivered,0,True,10,17.23,none,6,6,Morning,7.0002,False,0.394,delivered within promise
HDEL000035,HORD000035,2018-07-26,2018-07-31,2018-07-31,Direct Freight,Standard,Delivered,0,True,68,12.56,none,5,3,Morning,5.1023,True,0.498,delivered within promise
HDEL000036,HORD000036,2018-08-31,2018-09-05,2018-09-05,AusPost,Standard,Delivered,0,True,39,9.18,none,5,4,Anytime,3.1617,True,0.494,delivered within promise
HDEL000037,HORD000037,2018-10-30,2018-11-06,2018-11-04,StarTrack,Standard,Delivered,0,True,62,8.93,none,7,6,Afternoon,4.1548,True,0.414,delivered within promise
HDEL000038,HORD000038,2018-06-28,2018-07-04,2018-07-04,Direct Freight,Standard,Delivered,0,True,69,10.84,none,6,7,Anytime,2.4444,True,0.444,delivered within promise
HDEL000039,HORD000039,2018-11-10,2018-11-13,2018-11-13,Direct Freight,Standard,Delivered,0,True,31,9.45,none,3,6,Anytime,3.8216,True,0.303,delivered within promise
HDEL000040,HORD000040,2018-06-22,2018-06-25,2018-06-25,AusPost,Standard,Delivered,0,True,32,8.92,none,3,7,Anytime,3.4727,False,0.388,delivered within promise
HDEL000041,HORD000041,2018-01-20,2018-01-23,2018-01-21,AusPost,Standard,Delivered,0,True,58,7.07,none,3,6,Afternoon,1.5938,True,0.319,delivered within promise
HDEL000042,HORD000042,2018-08-20,2018-08-27,2018-08-27,AusPost,Standard,Delivered,0,True,23,10.57,none,7,8,Morning,5.5262,True,0.923,delivered within promise
HDEL000043,HORD000043,2018-02-18,2018-02-25,2018-02-24,AusPost,Standard,Delivered,0,True,25,6.28,none,7,7,Morning,2.2928,False,0.416,delivered within promise
HDEL000044,HORD000044,2018-11-01,2018-11-07,2018-11-05,Direct Freight,Standard,Delivered,0,True,66,7.81,none,6,9,Morning,2.9629,False,0.387,delivered within promise
HDEL000045,HORD000045,2018-05-27,2018-06-03,2018-06-03,Direct Freight,Standard,Delivered,0,True,56,6.46,none,7,4,Morning,1.0383,True,1.095,delivered within promise
HDEL000046,HORD000046,2018-10-08,2018-10-14,2018-10-14,DHL,Standard,Delivered,0,True,66,11.62,none,6,9,Afternoon,9.7141,True,0.551,delivered within promise
HDEL000047,HORD000047,2018-05-23,2018-05-26,2018-05-26,AusPost,Express,Delivered,0,True,14,18.22,none,3,4,Afternoon,7.8766,False,0.515,delivered within promise
HDEL000048,HORD000048,2018-09-17,2018-09-21,2018-09-21,DHL,Standard,Delivered,0,True,68,9.36,none,4,7,Afternoon,4.2248,False,0.38,delivered within promise
HDEL000049,HORD000049,2018-12-01,2018-12-07,2018-12-07,AusPost,Standard,Delivered,0,True,26,10.04,none,6,8,Morning,5.1961,False,0.352,delivered within promise
HDEL000050,HORD000050,2018-10-14,2018-10-19,2018-10-20,DHL,Express,Delivered,1,False,47,15.04,weather,5,6,Anytime,6.2684,True,0.581,carrier scan reconciled
HDEL000051,HORD000051,2018-07-06,2018-07-12,2018-07-11,DHL,Express,Delivered,0,True,46,23.34,none,6,7,Anytime,4.6463,True,0.579,delivered within promise
HDEL000052,HORD000052,2018-12-31,2019-01-06,2019-01-04,AusPost,Standard,Delivered,0,True,25,8.43,none,6,7,Anytime,6.2605,True,0.634,delivered within promise
HDEL000053,HORD000053,2018-02-15,2018-02-19,2018-02-17,StarTrack,Standard,Delivered,0,True,20,8.28,none,4,6,Afternoon,6.0108,True,0.516,delivered within promise
HDEL000054,HORD000054,2018-10-12,2018-10-16,2018-10-14,Direct Freight,Standard,Delivered,0,True,17,8.87,none,4,9,Afternoon,3.2634,False,0.382,delivered within promise
HDEL000055,HORD000055,2018-07-27,2018-07-30,2018-07-29,AusPost,Standard,Delivered,0,True,18,12.95,none,3,7,Anytime,5.6864,True,0.441,delivered within promise
HDEL000056,HORD000056,2018-09-26,2018-09-30,2018-09-28,AusPost,Standard,Delivered,0,True,25,6.84,none,4,9,Morning,1.7014,True,0.481,delivered within promise
HDEL000057,HORD000057,2018-11-15,2018-11-21,2018-11-21,DHL,Express,Delivered,0,True,28,15.67,none,6,3,Afternoon,2.5527,True,0.374,delivered within promise
HDEL000058,HORD000058,2018-05-18,2018-05-22,2018-05-20,DHL,Express,Delivered,0,True,38,17.0,none,4,7,Anytime,3.2192,True,0.502,delivered within promise
HDEL000059,HORD000059,2018-05-19,2018-05-24,2018-05-22,StarTrack,Standard,Delivered,0,True,41,9.22,none,5,5,Afternoon,8.3886,True,0.576,delivered within promise
HDEL000060,HORD000060,2018-07-09,2018-07-15,2018-07-13,StarTrack,Standard,Delivered,0,True,24,12.46,none,6,7,Afternoon,4.677,True,1.168,delivered within promise
HDEL000061,HORD000061,2018-03-25,2018-03-29,2018-03-29,StarTrack,Express,Delivered,0,True,18,19.91,none,4,5,Anytime,8.3145,False,0.455,delivered within promise
HDEL000062,HORD000062,2018-09-20,2018-09-23,2018-09-22,StarTrack,Standard,Delivered,0,True,48,12.09,none,3,7,Morning,7.8955,True,0.508,delivered within promise
HDEL000063,HORD000063,2018-04-05,2018-04-08,2018-04-08,Direct Freight,Standard,Delivered,0,True,17,6.66,none,3,6,Morning,1.0768,True,0.262,delivered within promise
HDEL000064,HORD000064,2018-04-17,2018-04-20,2018-04-20,DHL,Standard,Delivered,0,True,38,8.36,none,3,5,Morning,3.028,True,0.613,delivered within promise
HDEL000065,HORD000065,2018-11-26,2018-12-03,2018-12-01,DHL,Standard,Delivered,0,True,22,10.45,none,7,7,Afternoon,8.5645,False,0.469,delivered within promise
HDEL000066,HORD000066,2018-10-21,2018-10-27,2018-10-26,StarTrack,Standard,Delivered,0,True,4,6.05,none,6,4,Anytime,2.3567,True,0.321,delivered within promise
HDEL000067,HORD000067,2018-10-12,2018-10-18,2018-10-16,StarTrack,Standard,Delivered,0,True,56,8.54,none,6,7,Morning,3.4859,True,0.378,delivered within promise
HDEL000068,HORD000068,2018-03-04,2018-03-09,2018-03-09,AusPost,Standard,Delivered,0,True,63,10.25,none,5,9,Anytime,6.8848,True,1.052,delivered within promise
HDEL000069,HORD000069,2018-02-17,2018-02-22,2018-02-22,StarTrack,Standard,Delivered,0,True,9,8.82,none,5,6,Morning,5.3108,True,1.199,delivered within promise
HDEL000070,HORD000070,2018-09-05,2018-09-08,2018-09-08,Direct Freight,Standard,Delivered,0,True,65,9.18,none,3,8,Anytime,4.4075,True,0.405,delivered within promise
HDEL000071,HORD000071,2018-09-20,2018-09-26,2018-09-26,StarTrack,Standard,Delivered,0,True,55,6.36,none,6,5,Afternoon,1.1475,False,0.238,delivered within promise
HDEL000072,HORD000072,2018-08-12,2018-08-19,2018-08-17,StarTrack,Standard,Delivered,0,True,72,13.84,none,7,7,Morning,7.0873,False,0.443,delivered within promise
HDEL000073,HORD000073,2018-08-06,2018-08-12,2018-08-10,Direct Freight,Standard,Delivered,0,True,59,7.77,none,6,6,Morning,0.9,True,0.74,delivered within promise
HDEL000074,HORD000074,2018-06-16,2018-06-22,2018-06-22,AusPost,Standard,Delivered,0,True,18,13.92,none,6,3,Anytime,6.8848,False,0.365,delivered within promise
HDEL000075,HORD000075,2018-05-25,2018-05-30,2018-05-30,Direct Freight,Standard,Delivered,0,True,8,8.26,none,5,7,Anytime,5.0818,True,1.03,delivered within promise
HDEL000076,HORD000076,2018-10-28,2018-11-01,2018-10-30,StarTrack,Standard,Delivered,0,True,6,7.58,none,4,9,Anytime,4.5544,False,0.349,delivered within promise
HDEL000077,HORD000077,2018-03-14,2018-03-17,2018-03-15,Direct Freight,Standard,Delivered,0,True,9,9.79,none,3,6,Morning,7.7396,True,0.535,delivered within promise
HDEL000078,HORD000078,2018-04-26,2018-05-03,2018-05-01,DHL,Standard,Delivered,0,True,63,10.92,none,7,8,Morning,6.4658,True,0.532,delivered within promise
HDEL000079,HORD000079,2018-09-24,2018-10-01,2018-09-30,Direct Freight,Standard,Delivered,0,True,41,8.01,none,7,5,Afternoon,6.0605,True,0.376,delivered within promise
HDEL000080,HORD000080,2018-11-08,2018-11-14,2018-11-12,DHL,Standard,Delivered,0,True,14,7.7,none,6,6,Anytime,4.677,True,0.565,delivered within promise
HDEL000081,HORD000081,2018-02-28,2018-03-06,2018-03-05,DHL,Standard,Delivered,0,True,28,9.02,none,6,3,Morning,2.9812,True,0.365,delivered within promise
HDEL000082,HORD000082,2018-07-18,2018-07-21,2018-07-19,AusPost,Standard,Delivered,0,True,41,10.25,none,3,3,Morning,4.5788,True,0.53,delivered within promise
HDEL000083,HORD000083,2018-09-11,2018-09-18,2018-09-18,AusPost,Standard,Delivered,0,True,42,9.67,none,7,6,Anytime,5.3613,True,0.391,delivered within promise
HDEL000084,HORD000084,2018-05-30,2018-06-04,2018-06-04,AusPost,Standard,Delivered,0,True,30,8.22,none,5,3,Anytime,3.8058,True,0.451,delivered within promise
HDEL000085,HORD000085,2018-02-02,2018-02-06,2018-02-05,AusPost,Express,Delivered,0,True,7,14.12,none,4,4,Morning,3.7942,True,0.517,delivered within promise
HDEL000086,HORD000086,2018-03-22,2018-03-29,2018-03-29,Direct Freight,Standard,Delivered,0,True,39,12.04,none,7,6,Morning,7.8955,False,0.423,delivered within promise
HDEL000087,HORD000087,2018-03-26,2018-03-30,2018-03-30,DHL,Standard,Delivered,0,True,73,7.34,none,4,3,Morning,2.4836,True,0.451,delivered within promise
HDEL000088,HORD000088,2018-09-06,2018-09-11,2018-09-10,DHL,Standard,Delivered,0,True,16,10.23,none,5,3,Anytime,8.8204,True,0.575,delivered within promise
HDEL000089,HORD000089,2018-04-05,2018-04-12,2018-04-11,StarTrack,Standard,Delivered,0,True,58,8.82,none,7,4,Afternoon,8.0606,True,0.581,delivered within promise
HDEL000090,HORD000090,2018-04-04,2018-04-09,2018-04-07,Direct Freight,Standard,Delivered,0,True,38,8.63,none,5,9,Morning,4.1904,True,0.407,delivered within promise
HDEL000091,HORD000091,2018-04-23,2018-04-28,2018-04-26,Direct Freight,Standard,Delivered,0,True,10,11.63,none,5,8,Afternoon,7.7244,True,0.487,delivered within promise
HDEL000092,HORD000092,2018-03-11,2018-03-16,2018-03-16,StarTrack,Standard,Delivered,0,True,70,7.94,none,5,5,Morning,2.9812,True,0.466,delivered within promise
HDEL000093,HORD000093,2018-05-31,2018-06-05,2018-06-05,DHL,Standard,Delivered,0,True,15,9.1,none,5,4,Anytime,3.7181,True,1.111,delivered within promise
HDEL000094,HORD000094,2018-02-26,2018-03-01,2018-03-01,Direct Freight,Standard,Delivered,0,True,54,10.53,none,3,3,Morning,6.5462,False,0.453,delivered within promise
HDEL000095,HORD000095,2018-10-02,2018-10-09,2018-10-07,DHL,Standard,Delivered,0,True,13,8.34,none,7,3,Afternoon,6.9704,True,0.49,delivered within promise
HDEL000096,HORD000096,2018-09-11,2018-09-17,2018-09-15,StarTrack,Standard,Delivered,0,True,48,9.39,none,6,9,Anytime,3.8508,True,0.396,delivered within promise
HDEL000097,HORD000097,2018-10-28,2018-11-02,2018-10-31,StarTrack,Standard,Delivered,0,True,21,10.03,none,5,6,Anytime,6.3827,True,0.467,delivered within promise
HDEL000098,HORD000098,2018-01-21,2018-01-28,2018-01-26,AusPost,Express,Delivered,0,True,25,14.89,none,7,7,Afternoon,6.3492,True,0.444,delivered within promise
HDEL000099,HORD000099,2018-03-22,2018-03-27,2018-03-26,StarTrack,Standard,Delivered,0,True,21,7.45,none,5,5,Afternoon,5.3108,False,0.355,delivered within promise
HDEL000100,HORD000100,2018-10-20,2018-10-25,2018-10-25,AusPost,Express,Delivered,0,True,62,13.36,none,5,8,Afternoon,2.8333,True,0.411,delivered within promise
HDEL000101,HORD000101,2018-08-15,2018-08-20,2018-08-20,Direct Freight,Express,Delivered,0,True,73,19.07,none,5,8,Afternoon,1.7014,True,0.297,delivered within promise
HDEL000102,HORD000102,2018-10-28,2018-10-31,2018-10-29,DHL,Standard,Delivered,0,True,23,9.31,none,3,9,Afternoon,4.0663,True,0.425,delivered within promise
HDEL000103,HORD000103,2018-03-17,2018-03-23,2018-03-23,StarTrack,Standard,Delivered,0,True,36,9.3,none,6,6,Morning,4.8046,False,0.334,delivered within promise
HDEL000104,HORD000104,2018-03-16,2018-03-22,2018-03-22,Direct Freight,Express,Delivered,0,True,47,21.5,none,6,3,Afternoon,8.0765,True,0.488,delivered within promise
HDEL000105,HORD000105,2018-08-07,2018-08-12,2018-08-11,DHL,Standard,Delivered,0,True,29,10.46,none,5,6,Morning,5.2465,False,0.326,delivered within promise
HDEL000106,HORD000106,2018-05-08,2018-05-13,2018-05-11,AusPost,Standard,Delivered,0,True,22,9.25,none,5,6,Anytime,7.4558,True,0.48,delivered within promise
HDEL000107,HORD000107,2018-07-06,2018-07-11,2018-07-11,Direct Freight,Express,Delivered,0,True,5,22.47,none,5,9,Morning,3.0741,True,0.378,delivered within promise
HDEL000108,HORD000108,2018-04-27,2018-05-02,2018-05-01,AusPost,Standard,Delivered,0,True,71,8.75,none,5,9,Morning,6.7796,True,0.388,delivered within promise
HDEL000109,HORD000109,2018-09-01,2018-09-07,2018-09-05,StarTrack,Standard,Delivered,0,True,25,9.94,none,6,3,Morning,5.4548,False,0.325,delivered within promise
HDEL000110,HORD000110,2018-01-17,2018-01-23,2018-01-21,StarTrack,Express,Delivered,0,True,72,18.3,none,6,8,Morning,6.9556,True,1.208,delivered within promise
HDEL000111,HORD000111,2018-06-09,2018-06-13,2018-06-12,DHL,Standard,Delivered,0,True,72,11.28,none,4,6,Anytime,3.3529,True,0.478,delivered within promise
HDEL000112,HORD000112,2018-05-14,2018-05-18,2018-05-17,AusPost,Standard,Delivered,0,True,66,7.93,none,4,7,Anytime,4.5581,False,1.086,delivered within promise
HDEL000113,HORD000113,2018-05-28,2018-06-03,2018-06-03,AusPost,Standard,Delivered,0,True,55,5.19,none,6,8,Anytime,1.0772,True,0.356,delivered within promise
HDEL000114,HORD000114,2018-11-12,2018-11-17,2018-11-16,StarTrack,Express,Delivered,0,True,53,15.59,none,5,6,Afternoon,2.0015,False,0.268,delivered within promise
HDEL000115,HORD000115,2018-07-15,2018-07-19,2018-07-18,Direct Freight,Standard,Delivered,0,True,30,14.1,none,4,4,Afternoon,8.5784,True,0.732,delivered within promise
HDEL000116,HORD000116,2018-12-30,2019-01-02,2018-12-31,Direct Freight,Standard,Delivered,0,True,36,11.2,none,3,8,Afternoon,7.7244,True,0.569,delivered within promise
HDEL000117,HORD000117,2018-03-18,2018-03-24,2018-03-24,StarTrack,Standard,Delivered,0,True,69,9.93,none,6,9,Morning,8.5159,True,0.681,delivered within promise
HDEL000118,HORD000118,2018-10-18,2018-10-25,2018-10-23,StarTrack,Standard,Delivered,0,True,61,8.55,none,7,3,Morning,3.7704,False,0.296,delivered within promise
HDEL000119,HORD000119,2018-08-04,2018-08-10,2018-08-08,AusPost,Standard,Delivered,0,True,25,10.19,none,6,3,Afternoon,3.5087,False,0.478,delivered within promise
HDEL000120,HORD000120,2018-04-26,2018-05-01,2018-04-30,DHL,Standard,Delivered,0,True,68,6.67,none,5,6,Anytime,3.5976,True,0.986,delivered within promise
HDEL000121,HORD000121,2018-09-11,2018-09-18,2018-09-18,StarTrack,Standard,Delivered,0,True,12,11.02,none,7,5,Afternoon,8.6168,True,0.573,delivered within promise
HDEL000122,HORD000122,2018-11-23,2018-11-27,2018-11-26,AusPost,Express,Delivered,0,True,55,16.64,none,4,7,Anytime,6.2605,True,0.375,delivered within promise
HDEL000123,HORD000123,2018-10-11,2018-10-15,2018-10-13,DHL,Standard,Delivered,0,True,65,8.12,none,4,5,Anytime,2.6653,True,1.057,delivered within promise
HDEL000124,HORD000124,2018-12-12,2018-12-15,2018-12-14,AusPost,Standard,Delivered,0,True,44,8.38,none,3,6,Afternoon,4.4676,True,1.644,delivered within promise
HDEL000125,HORD000125,2018-12-03,2018-12-10,2018-12-10,Direct Freight,Standard,Delivered,0,True,55,9.07,none,7,5,Afternoon,7.8955,True,0.534,delivered within promise
HDEL000126,HORD000126,2018-08-20,2018-08-25,2018-08-25,AusPost,Standard,Delivered,0,True,12,10.83,none,5,8,Morning,6.5568,True,0.955,delivered within promise
HDEL000127,HORD000127,2018-07-10,2018-07-16,2018-07-14,DHL,Standard,Delivered,0,True,39,13.96,none,6,9,Afternoon,7.5016,True,0.497,delivered within promise
HDEL000128,HORD000128,2018-06-17,2018-06-21,2018-06-20,Direct Freight,Express,Delivered,0,True,37,19.46,none,4,9,Morning,7.8823,True,0.903,delivered within promise
HDEL000129,HORD000129,2018-06-28,2018-07-05,2018-07-05,Direct Freight,Standard,Delivered,0,True,12,13.0,none,7,4,Afternoon,6.7102,True,0.572,delivered within promise
HDEL000130,HORD000130,2018-09-15,2018-09-20,2018-09-18,DHL,Standard,Delivered,0,True,24,9.34,none,5,9,Anytime,5.972,True,1.084,delivered within promise
HDEL000131,HORD000131,2018-05-14,2018-05-17,2018-05-16,AusPost,Standard,Delivered,0,True,53,7.55,none,3,6,Morning,2.0846,True,0.361,delivered within promise
HDEL000132,HORD000132,2018-04-27,2018-05-04,2018-05-03,AusPost,Standard,Delivered,0,True,71,12.09,none,7,5,Afternoon,8.3145,False,0.432,delivered within promise
HDEL000133,HORD000133,2018-03-10,2018-03-16,2018-03-14,Direct Freight,Standard,Delivered,0,True,27,11.27,none,6,7,Anytime,7.1087,False,0.503,delivered within promise
HDEL000134,HORD000134,2018-01-04,2018-01-08,2018-01-08,AusPost,Standard,Delivered,0,True,64,9.65,none,4,5,Afternoon,7.1568,True,0.545,delivered within promise
HDEL000135,HORD000135,2018-04-01,2018-04-07,2018-04-07,AusPost,Standard,Delivered,0,True,5,6.44,none,6,4,Afternoon,2.9449,True,1.443,delivered within promise
HDEL000136,HORD000136,2018-02-02,2018-02-06,2018-02-04,StarTrack,Standard,Delivered,0,True,49,9.87,none,4,7,Morning,4.416,True,0.978,delivered within promise
HDEL000137,HORD000137,2018-09-28,2018-10-02,2018-09-30,AusPost,Standard,Delivered,0,True,53,6.27,none,4,7,Anytime,2.5443,True,0.408,delivered within promise
HDEL000138,HORD000138,2018-10-27,2018-11-01,2018-10-30,DHL,Express,Delivered,0,True,31,17.8,none,5,4,Morning,4.4259,True,0.548,delivered within promise
HDEL000139,HORD000139,2018-03-05,2018-03-10,2018-03-08,AusPost,Express,Delivered,0,True,58,19.81,none,5,8,Anytime,7.4558,False,0.384,delivered within promise
HDEL000140,HORD000140,2018-04-11,2018-04-17,2018-04-17,StarTrack,Standard,Delivered,0,True,46,9.15,none,6,5,Afternoon,7.8766,True,0.513,delivered within promise
HDEL000141,HORD000141,2018-07-07,2018-07-14,2018-07-13,Direct Freight,Express,Delivered,0,True,62,20.01,none,7,8,Morning,6.944,True,0.436,delivered within promise
HDEL000142,HORD000142,2018-12-16,2018-12-23,2018-12-23,DHL,Standard,Delivered,0,True,18,10.96,none,7,3,Anytime,7.1652,True,0.448,delivered within promise
HDEL000143,HORD000143,2018-11-28,2018-12-01,2018-11-30,AusPost,Standard,Delivered,0,True,62,6.04,none,3,4,Anytime,2.0846,False,0.263,delivered within promise
HDEL000144,HORD000144,2018-02-13,2018-02-18,2018-02-17,AusPost,Standard,Delivered,0,True,64,8.53,none,5,5,Morning,6.3746,False,0.397,delivered within promise
HDEL000145,HORD000145,2018-06-14,2018-06-20,2018-06-21,AusPost,Standard,Delivered,1,False,62,9.24,warehouse_congestion,6,9,Afternoon,4.8879,False,0.43,carrier scan reconciled
HDEL000146,HORD000146,2018-08-07,2018-08-14,2018-08-13,AusPost,Standard,Delivered,0,True,50,9.62,none,7,3,Afternoon,2.9353,True,0.966,delivered within promise
HDEL000147,HORD000147,2018-09-14,2018-09-19,2018-09-17,DHL,Express,Delivered,0,True,8,17.95,none,5,5,Anytime,3.8216,False,0.322,delivered within promise
HDEL000148,HORD000148,2018-09-29,2018-10-06,2018-10-06,Direct Freight,Standard,Delivered,0,True,33,7.69,none,7,8,Afternoon,1.2522,False,0.944,delivered within promise
HDEL000149,HORD000149,2018-11-08,2018-11-11,2018-11-09,StarTrack,Standard,Delivered,0,True,35,10.07,none,3,7,Morning,7.1101,True,1.941,delivered within promise
HDEL000150,HORD000150,2018-07-06,2018-07-09,2018-07-08,DHL,Standard,Delivered,0,True,26,13.25,none,3,8,Anytime,5.9533,True,0.405,delivered within promise
HDEL000151,HORD000151,2018-04-23,2018-04-28,2018-04-26,DHL,Standard,Delivered,0,True,6,7.09,none,5,4,Anytime,4.5544,True,1.045,delivered within promise
HDEL000152,HORD000152,2018-05-06,2018-05-10,2018-05-09,StarTrack,Standard,Delivered,0,True,8,7.22,none,4,8,Anytime,5.1954,True,0.404,delivered within promise
HDEL000153,HORD000153,2018-08-20,2018-08-26,2018-08-25,Direct Freight,Standard,Delivered,0,True,5,12.64,none,6,3,Anytime,4.7472,True,0.637,delivered within promise
HDEL000154,HORD000154,2018-05-20,2018-05-26,2018-05-24,Direct Freight,Express,Delivered,0,True,25,20.56,none,6,3,Afternoon,6.8577,True,0.501,delivered within promise
HDEL000155,HORD000155,2018-01-15,2018-01-20,2018-01-19,StarTrack,Standard,Delivered,0,True,24,8.1,none,5,3,Afternoon,2.8697,False,0.331,delivered within promise
HDEL000156,HORD000156,2018-01-04,2018-01-07,2018-01-07,DHL,Standard,Delivered,0,True,27,8.67,none,3,3,Afternoon,5.4295,True,0.435,delivered within promise
HDEL000157,HORD000157,2018-08-02,2018-08-09,2018-08-07,Direct Freight,Standard,Delivered,0,True,33,13.56,none,7,7,Morning,6.3827,True,1.037,delivered within promise
HDEL000158,HORD000158,2018-12-29,2019-01-03,2019-01-01,DHL,Standard,Delivered,0,True,22,9.49,none,5,3,Anytime,8.5159,False,0.57,delivered within promise
HDEL000159,HORD000159,2018-01-28,2018-01-31,2018-01-30,StarTrack,Standard,Delivered,0,True,44,8.78,none,3,5,Morning,5.6653,False,0.387,delivered within promise
HDEL000160,HORD000160,2018-02-20,2018-02-26,2018-02-24,AusPost,Standard,Delivered,0,True,71,9.43,none,6,8,Morning,7.1134,True,0.566,delivered within promise
HDEL000161,HORD000161,2018-11-17,2018-11-22,2018-11-21,DHL,Standard,Delivered,0,True,50,10.42,none,5,5,Afternoon,8.5159,False,0.462,delivered within promise
HDEL000162,HORD000162,2018-03-08,2018-03-14,2018-03-14,Direct Freight,Express,Delivered,0,True,20,15.35,none,6,7,Afternoon,3.7517,True,0.391,delivered within promise
HDEL000163,HORD000163,2018-05-26,2018-06-01,2018-05-31,Direct Freight,Standard,Delivered,0,True,2,12.05,none,6,3,Afternoon,7.932,True,0.688,delivered within promise
HDEL000164,HORD000164,2018-01-27,2018-02-03,2018-02-02,DHL,Standard,Delivered,0,True,30,8.7,none,7,3,Anytime,6.2138,False,0.401,delivered within promise
HDEL000165,HORD000165,2018-12-09,2018-12-15,2018-12-15,DHL,Standard,Delivered,0,True,45,7.0,none,6,8,Anytime,3.8058,False,0.413,delivered within promise
HDEL000166,HORD000166,2018-03-28,2018-04-01,2018-03-30,AusPost,Standard,Delivered,0,True,40,7.44,none,4,9,Morning,5.4918,True,0.532,delivered within promise
HDEL000167,HORD000167,2018-02-24,2018-03-02,2018-02-28,AusPost,Standard,Delivered,0,True,22,10.46,none,6,8,Afternoon,8.5645,True,0.524,delivered within promise
HDEL000168,HORD000168,2018-04-21,2018-04-26,2018-04-24,AusPost,Express,Delivered,0,True,60,17.26,none,5,5,Morning,6.983,True,1.25,delivered within promise
HDEL000169,HORD000169,2018-08-05,2018-08-11,2018-08-10,StarTrack,Standard,Delivered,0,True,29,10.15,none,6,8,Afternoon,3.5087,False,0.296,delivered within promise
HDEL000170,HORD000170,2018-03-28,2018-03-31,2018-03-31,DHL,Standard,Delivered,0,True,14,8.1,none,3,5,Anytime,4.0705,True,0.432,delivered within promise
HDEL000171,HORD000171,2018-06-26,2018-07-01,2018-07-01,DHL,Express,Delivered,0,True,45,18.53,none,5,4,Morning,3.186,True,0.494,delivered within promise
HDEL000172,HORD000172,2018-07-16,2018-07-22,2018-07-22,DHL,Standard,Delivered,0,True,73,12.68,none,6,5,Afternoon,7.931,False,0.448,delivered within promise
HDEL000173,HORD000173,2018-03-16,2018-03-20,2018-03-18,StarTrack,Standard,Delivered,0,True,58,9.18,none,4,6,Morning,5.4595,True,0.434,delivered within promise
HDEL000174,HORD000174,2018-12-09,2018-12-13,2018-12-11,DHL,Standard,Delivered,0,True,9,10.87,none,4,3,Anytime,6.6539,True,0.422,delivered within promise
HDEL000175,HORD000175,2018-05-14,2018-05-17,2018-05-17,StarTrack,Standard,Delivered,0,True,56,7.54,none,3,7,Morning,2.0932,True,1.003,delivered within promise
HDEL000176,HORD000176,2018-05-07,2018-05-14,2018-05-14,AusPost,Standard,Delivered,0,True,65,10.8,none,7,4,Anytime,7.3527,True,0.426,delivered within promise
HDEL000177,HORD000177,2018-09-08,2018-09-15,2018-09-13,AusPost,Standard,Delivered,0,True,17,10.01,none,7,4,Anytime,6.322,True,0.385,delivered within promise
HDEL000178,HORD000178,2018-09-07,2018-09-12,2018-09-10,Direct Freight,Standard,Delivered,0,True,22,7.49,none,5,3,Morning,1.0383,True,0.405,delivered within promise
HDEL000179,HORD000179,2018-01-23,2018-01-29,2018-01-28,StarTrack,Standard,Delivered,0,True,62,10.97,none,6,4,Anytime,6.2138,True,0.462,delivered within promise
HDEL000180,HORD000180,2018-04-10,2018-04-14,2018-04-12,DHL,Standard,Delivered,0,True,17,5.78,none,4,3,Afternoon,0.9173,True,0.325,delivered within promise
HDEL000181,HORD000181,2018-11-19,2018-11-26,2018-11-26,Direct Freight,Standard,Delivered,0,True,63,8.83,none,7,5,Morning,8.3145,True,1.265,delivered within promise
HDEL000182,HORD000182,2018-07-05,2018-07-12,2018-07-10,AusPost,Standard,Delivered,0,True,37,7.88,none,7,8,Afternoon,0.7721,True,0.389,delivered within promise
HDEL000183,HORD000183,2018-09-10,2018-09-14,2018-09-13,DHL,Standard,Delivered,0,True,67,7.83,none,4,7,Anytime,4.1421,True,0.484,delivered within promise
HDEL000184,HORD000184,2018-05-27,2018-06-02,2018-06-01,StarTrack,Standard,Delivered,0,True,51,9.59,none,6,9,Morning,7.4582,True,0.956,delivered within promise
HDEL000185,HORD000185,2018-08-31,2018-09-05,2018-09-03,DHL,Standard,Delivered,0,True,3,11.57,none,5,5,Morning,5.7703,True,0.42,delivered within promise
HDEL000186,HORD000186,2018-10-31,2018-11-04,2018-11-02,Direct Freight,Standard,Delivered,0,True,53,7.82,none,4,6,Morning,1.3998,False,0.274,delivered within promise
HDEL000187,HORD000187,2018-10-15,2018-10-21,2018-10-20,StarTrack,Standard,Delivered,0,True,69,11.57,none,6,7,Anytime,8.7636,True,0.505,delivered within promise
HDEL000188,HORD000188,2018-07-17,2018-07-20,2018-07-20,DHL,Standard,Delivered,0,True,56,10.34,none,3,8,Afternoon,3.5762,True,0.895,delivered within promise
HDEL000189,HORD000189,2018-03-15,2018-03-21,2018-03-19,AusPost,Standard,Delivered,0,True,45,5.32,none,6,9,Morning,0.3467,False,0.263,delivered within promise
HDEL000190,HORD000190,2018-05-11,2018-05-15,2018-05-14,StarTrack,Express,Delivered,0,True,55,15.37,none,4,5,Anytime,4.6463,True,0.479,delivered within promise
HDEL000191,HORD000191,2018-10-25,2018-10-28,2018-10-26,Direct Freight,Standard,Delivered,0,True,7,9.19,none,3,7,Afternoon,3.4226,True,1.921,delivered within promise
HDEL000192,HORD000192,2018-11-09,2018-11-14,2018-11-12,StarTrack,Express,Delivered,0,True,30,15.87,none,5,7,Afternoon,3.7517,False,0.361,delivered within promise
HDEL000193,HORD000193,2018-06-16,2018-06-20,2018-06-22,StarTrack,Standard,Delivered,2,False,25,8.32,weather,4,3,Morning,3.0268,True,0.386,carrier scan reconciled
HDEL000194,HORD000194,2018-03-31,2018-04-04,2018-04-04,StarTrack,Standard,Delivered,0,True,61,5.75,none,4,5,Afternoon,1.9767,True,0.43,delivered within promise
HDEL000195,HORD000195,2018-09-24,2018-09-30,2018-09-28,AusPost,Standard,Delivered,0,True,68,7.23,none,6,6,Anytime,4.4075,True,0.577,delivered within promise
HDEL000196,HORD000196,2018-07-17,2018-07-23,2018-07-22,DHL,Express,Delivered,0,True,53,19.14,none,6,6,Anytime,4.704,False,0.311,delivered within promise
HDEL000197,HORD000197,2018-05-30,2018-06-06,2018-06-05,DHL,Standard,Delivered,0,True,15,9.09,none,7,6,Morning,7.932,True,0.63,delivered within promise
HDEL000198,HORD000198,2018-09-23,2018-09-29,2018-09-28,AusPost,Standard,Delivered,0,True,60,10.24,none,6,7,Anytime,6.0605,False,0.413,delivered within promise
HDEL000199,HORD000199,2018-04-10,2018-04-16,2018-04-15,Direct Freight,Standard,Delivered,0,True,2,7.89,none,6,5,Morning,6.5356,False,0.367,delivered within promise
HDEL000200,HORD000200,2018-06-08,2018-06-15,2018-06-15,DHL,Standard,Delivered,0,True,64,9.37,none,7,3,Afternoon,3.2972,True,1.273,delivered within promise
HDEL000201,HORD000201,2018-02-23,2018-02-27,2018-02-27,AusPost,Standard,Delivered,0,True,58,8.39,none,4,8,Afternoon,2.9812,True,0.947,delivered within promise
HDEL000202,HORD000202,2018-07-06,2018-07-09,2018-07-07,AusPost,Standard,Delivered,0,True,64,8.46,none,3,9,Morning,1.5895,False,0.247,delivered within promise
HDEL000203,HORD000203,2018-07-18,2018-07-22,2018-07-22,DHL,Standard,Delivered,0,True,2,13.51,none,4,4,Morning,8.0606,True,0.543,delivered within promise
HDEL000204,HORD000204,2018-06-22,2018-06-25,2018-06-23,AusPost,Standard,Delivered,0,True,26,13.66,none,3,6,Anytime,7.3474,True,1.209,delivered within promise
HDEL000205,HORD000205,2018-01-12,2018-01-19,2018-01-17,Direct Freight,Express,Delivered,0,True,68,19.07,none,7,5,Anytime,4.0376,False,0.481,delivered within promise
HDEL000206,HORD000206,2018-11-29,2018-12-04,2018-12-03,StarTrack,Standard,Delivered,0,True,11,10.12,none,5,9,Afternoon,5.3515,True,0.529,delivered within promise
HDEL000207,HORD000207,2018-08-21,2018-08-28,2018-08-26,Direct Freight,Standard,Delivered,0,True,48,8.87,none,7,9,Morning,3.5737,True,0.362,delivered within promise
HDEL000208,HORD000208,2018-07-16,2018-07-19,2018-07-19,AusPost,Standard,Delivered,0,True,73,9.12,none,3,3,Afternoon,2.7719,True,0.459,delivered within promise
HDEL000209,HORD000209,2018-11-01,2018-11-04,2018-11-02,DHL,Standard,Delivered,0,True,2,11.11,none,3,6,Morning,6.4272,True,0.495,delivered within promise
HDEL000210,HORD000210,2018-10-21,2018-10-27,2018-10-26,StarTrack,Standard,Delivered,0,True,31,10.89,none,6,8,Afternoon,7.7396,False,0.412,delivered within promise
HDEL000211,HORD000211,2018-04-03,2018-04-06,2018-04-04,Direct Freight,Standard,Delivered,0,True,71,10.46,none,3,4,Morning,9.0452,True,1.891,delivered within promise
HDEL000212,HORD000212,2018-05-19,2018-05-23,2018-05-22,AusPost,Standard,Delivered,0,True,44,8.48,none,4,9,Anytime,4.9324,False,0.32,delivered within promise
HDEL000213,HORD000213,2018-10-30,2018-11-06,2018-11-04,AusPost,Standard,Delivered,0,True,32,10.55,none,7,6,Afternoon,9.4249,True,0.557,delivered within promise
HDEL000214,HORD000214,2018-04-17,2018-04-21,2018-04-21,StarTrack,Express,Delivered,0,True,73,20.5,none,4,5,Morning,6.3492,False,0.362,delivered within promise
HDEL000215,HORD000215,2018-11-13,2018-11-16,2018-11-16,DHL,Standard,Delivered,0,True,73,8.51,none,3,6,Afternoon,4.1421,False,0.321,delivered within promise
HDEL000216,HORD000216,2018-12-25,2018-12-30,2018-12-28,Direct Freight,Standard,Delivered,0,True,33,7.91,none,5,7,Anytime,4.9929,True,0.623,delivered within promise
HDEL000217,HORD000217,2018-02-12,2018-02-15,2018-02-14,AusPost,Standard,Delivered,0,True,8,8.39,none,3,7,Afternoon,5.4548,True,0.422,delivered within promise
HDEL000218,HORD000218,2018-01-15,2018-01-18,2018-01-16,DHL,Standard,Delivered,0,True,48,8.33,none,3,7,Morning,4.8879,True,0.521,delivered within promise
HDEL000219,HORD000219,2018-12-12,2018-12-16,2018-12-14,AusPost,Express,Delivered,0,True,19,16.24,none,4,6,Afternoon,3.7377,True,0.445,delivered within promise
HDEL000220,HORD000220,2018-10-07,2018-10-11,2018-10-10,AusPost,Standard,Delivered,0,True,61,9.0,none,4,9,Morning,4.3781,False,0.319,delivered within promise
HDEL000221,HORD000221,2018-03-19,2018-03-22,2018-03-20,StarTrack,Standard,Delivered,0,True,72,8.78,none,3,9,Anytime,7.4926,False,0.607,delivered within promise
HDEL000222,HORD000222,2018-01-16,2018-01-20,2018-01-18,AusPost,Standard,Delivered,0,True,7,7.85,none,4,9,Morning,4.9903,False,0.312,delivered within promise
HDEL000223,HORD000223,2018-06-15,2018-06-19,2018-06-19,StarTrack,Standard,Delivered,0,True,51,13.75,none,4,4,Morning,7.7645,False,0.863,delivered within promise
HDEL000224,HORD000224,2018-03-04,2018-03-11,2018-03-09,Direct Freight,Standard,Delivered,0,True,27,7.56,none,7,5,Morning,4.0663,True,0.943,delivered within promise
HDEL000225,HORD000225,2018-07-02,2018-07-07,2018-07-06,DHL,Standard,Delivered,0,True,47,10.2,none,5,5,Morning,4.9929,True,0.532,delivered within promise
HDEL000226,HORD000226,2018-03-13,2018-03-19,2018-03-17,AusPost,Standard,Delivered,0,True,15,10.06,none,6,8,Afternoon,5.5803,False,0.362,delivered within promise
HDEL000227,HORD000227,2018-12-13,2018-12-18,2018-12-23,AusPost,Standard,Delivered,5,False,34,9.01,warehouse_congestion,5,7,Morning,6.1729,True,0.544,carrier scan reconciled
HDEL000228,HORD000228,2018-05-20,2018-05-25,2018-05-24,AusPost,Express,Delivered,0,True,34,18.59,none,5,5,Morning,5.2439,True,0.514,delivered within promise
HDEL000229,HORD000229,2018-11-27,2018-12-04,2018-12-04,StarTrack,Standard,Delivered,0,True,2,10.23,none,7,3,Anytime,5.0818,True,1.071,delivered within promise
HDEL000230,HORD000230,2018-10-19,2018-10-25,2018-10-23,DHL,Standard,Delivered,0,True,35,9.51,none,6,4,Afternoon,5.3515,True,0.492,delivered within promise
HDEL000231,HORD000231,2018-02-10,2018-02-16,2018-02-14,DHL,Standard,Delivered,0,True,25,10.48,none,6,3,Morning,6.2126,False,0.397,delivered within promise
HDEL000232,HORD000232,2018-01-12,2018-01-17,2018-01-16,StarTrack,Standard,Delivered,0,True,34,9.5,none,5,8,Anytime,8.2339,True,1.346,delivered within promise
HDEL000233,HORD000233,2018-07-22,2018-07-29,2018-07-29,DHL,Standard,Delivered,0,True,43,12.22,none,7,4,Afternoon,4.0056,False,0.322,delivered within promise
HDEL000234,HORD000234,2018-10-31,2018-11-03,2018-11-01,Direct Freight,Standard,Delivered,0,True,36,8.96,none,3,9,Afternoon,6.7199,False,0.382,delivered within promise
HDEL000235,HORD000235,2018-07-10,2018-07-13,2018-07-11,AusPost,Standard,Delivered,0,True,30,13.3,none,3,6,Anytime,7.7904,True,0.467,delivered within promise
HDEL000236,HORD000236,2018-08-01,2018-08-06,2018-08-05,AusPost,Standard,Delivered,0,True,43,13.2,none,5,7,Afternoon,8.7071,True,0.581,delivered within promise
HDEL000237,HORD000237,2018-02-24,2018-02-28,2018-02-27,StarTrack,Standard,Delivered,0,True,69,9.0,none,4,7,Afternoon,7.4558,True,0.649,delivered within promise
HDEL000238,HORD000238,2018-05-04,2018-05-10,2018-05-09,Direct Freight,Standard,Delivered,0,True,49,6.74,none,6,8,Anytime,3.7517,False,0.325,delivered within promise
HDEL000239,HORD000239,2018-10-26,2018-10-29,2018-10-28,DHL,Express,Delivered,0,True,67,15.9,none,3,6,Morning,7.4926,True,0.576,delivered within promise
HDEL000240,HORD000240,2018-08-28,2018-08-31,2018-08-31,StarTrack,Express,Delivered,0,True,46,23.66,none,3,5,Anytime,5.9544,True,0.445,delivered within promise
HDEL000241,HORD000241,2018-12-15,2018-12-22,2018-12-20,AusPost,Standard,Delivered,0,True,61,11.85,none,7,7,Anytime,9.4249,True,0.503,delivered within promise
HDEL000242,HORD000242,2018-09-11,2018-09-17,2018-09-15,StarTrack,Standard,Delivered,0,True,6,10.75,none,6,5,Morning,9.0452,True,0.583,delivered within promise
HDEL000243,HORD000243,2018-05-01,2018-05-05,2018-05-04,DHL,Standard,Delivered,0,True,17,9.53,none,4,4,Anytime,4.5841,False,0.339,delivered within promise
HDEL000244,HORD000244,2018-06-19,2018-06-23,2018-06-23,DHL,Standard,Delivered,0,True,59,11.39,none,4,9,Morning,5.5262,True,0.385,delivered within promise
HDEL000245,HORD000245,2018-06-05,2018-06-12,2018-06-12,DHL,Standard,Delivered,0,True,66,12.07,none,7,8,Afternoon,5.1765,True,0.494,delivered within promise
HDEL000246,HORD000246,2018-05-03,2018-05-09,2018-05-08,StarTrack,Standard,Delivered,0,True,19,10.17,none,6,5,Anytime,9.2711,False,0.437,delivered within promise
HDEL000247,HORD000247,2018-07-17,2018-07-22,2018-07-22,StarTrack,Standard,Delivered,0,True,53,10.98,none,5,4,Morning,7.4143,True,0.582,delivered within promise
HDEL000248,HORD000248,2018-08-14,2018-08-21,2018-08-20,DHL,Standard,Delivered,0,True,70,12.1,none,7,8,Morning,6.7933,True,0.372,delivered within promise
HDEL000249,HORD000249,2018-04-16,2018-04-20,2018-04-19,Direct Freight,Standard,Delivered,0,True,18,10.79,none,4,8,Afternoon,9.4205,True,0.665,delivered within promise
HDEL000250,HORD000250,2018-06-03,2018-06-06,2018-06-04,DHL,Standard,Delivered,0,True,42,9.64,none,3,3,Anytime,3.1302,False,0.315,delivered within promise
HDEL000251,HORD000251,2018-08-07,2018-08-14,2018-08-14,AusPost,Standard,Delivered,0,True,11,12.81,none,7,8,Anytime,8.9566,False,0.567,delivered within promise
HDEL000252,HORD000252,2018-09-06,2018-09-11,2018-09-11,AusPost,Standard,Delivered,0,True,18,8.11,none,5,7,Anytime,2.9974,False,0.37,delivered within promise
HDEL000253,HORD000253,2018-12-13,2018-12-19,2018-12-19,AusPost,Standard,Delivered,0,True,33,9.12,none,6,4,Anytime,4.4186,False,0.33,delivered within promise
HDEL000254,HORD000254,2018-01-30,2018-02-02,2018-02-01,DHL,Standard,Delivered,0,True,63,6.56,none,3,3,Afternoon,1.92,False,0.325,delivered within promise
HDEL000255,HORD000255,2018-02-28,2018-03-03,2018-03-01,AusPost,Express,Delivered,0,True,48,16.67,none,3,3,Anytime,3.4799,False,0.33,delivered within promise
HDEL000256,HORD000256,2018-11-08,2018-11-15,2018-11-15,AusPost,Standard,Delivered,0,True,3,9.84,none,7,6,Morning,6.0476,True,0.506,delivered within promise
HDEL000257,HORD000257,2018-06-03,2018-06-06,2018-06-04,StarTrack,Standard,Delivered,0,True,71,12.04,none,3,6,Morning,8.3331,False,0.477,delivered within promise
HDEL000258,HORD000258,2018-05-12,2018-05-16,2018-05-16,Direct Freight,Standard,Delivered,0,True,9,6.0,none,4,9,Anytime,1.1475,True,0.367,delivered within promise
HDEL000259,HORD000259,2018-03-01,2018-03-04,2018-03-04,DHL,Standard,Delivered,0,True,68,11.15,none,3,4,Anytime,7.424,True,0.454,delivered within promise
HDEL000260,HORD000260,2018-04-02,2018-04-07,2018-04-07,Direct Freight,Express,Delivered,0,True,8,13.68,none,5,4,Morning,3.3418,True,0.908,delivered within promise
HDEL000261,HORD000261,2018-10-06,2018-10-11,2018-10-09,DHL,Standard,Delivered,0,True,54,10.31,none,5,9,Morning,5.8895,True,0.409,delivered within promise
HDEL000262,HORD000262,2018-08-18,2018-08-22,2018-08-20,DHL,Standard,Delivered,0,True,21,14.15,none,4,9,Afternoon,6.9396,False,0.438,delivered within promise
HDEL000263,HORD000263,2018-10-30,2018-11-02,2018-11-01,DHL,Standard,Delivered,0,True,29,8.13,none,3,4,Afternoon,6.6257,False,0.499,delivered within promise
HDEL000264,HORD000264,2018-12-18,2018-12-22,2018-12-20,Direct Freight,Standard,Delivered,0,True,66,7.59,none,4,7,Anytime,0.3679,True,0.954,delivered within promise
HDEL000265,HORD000265,2018-08-08,2018-08-14,2018-08-14,Direct Freight,Standard,Delivered,0,True,55,9.33,none,6,6,Afternoon,0.3679,True,1.634,delivered within promise
HDEL000266,HORD000266,2018-04-02,2018-04-05,2018-04-03,DHL,Standard,Delivered,0,True,17,9.19,none,3,4,Morning,5.0399,True,1.174,delivered within promise
HDEL000267,HORD000267,2018-07-22,2018-07-28,2018-07-27,Direct Freight,Standard,Delivered,0,True,51,9.86,none,6,3,Afternoon,5.497,False,0.411,delivered within promise
HDEL000268,HORD000268,2018-04-28,2018-05-03,2018-05-04,StarTrack,Standard,Delivered,1,False,60,9.46,weather,5,7,Afternoon,4.631,True,0.999,carrier scan reconciled
HDEL000269,HORD000269,2018-03-22,2018-03-27,2018-03-27,AusPost,Standard,Delivered,0,True,22,8.73,none,5,3,Morning,4.7472,False,1.031,delivered within promise
HDEL000270,HORD000270,2018-07-26,2018-07-29,2018-07-29,AusPost,Standard,Delivered,0,True,38,10.19,none,3,7,Afternoon,3.6096,True,0.589,delivered within promise
HDEL000271,HORD000271,2018-01-07,2018-01-10,2018-01-08,StarTrack,Standard,Delivered,0,True,10,5.85,none,3,3,Afternoon,1.2249,True,0.394,delivered within promise
HDEL000272,HORD000272,2018-04-24,2018-05-01,2018-04-30,DHL,Standard,Delivered,0,True,38,9.04,none,7,8,Morning,4.8879,True,0.502,delivered within promise
HDEL000273,HORD000273,2018-07-04,2018-07-11,2018-07-10,DHL,Standard,Delivered,0,True,55,10.98,none,7,8,Anytime,4.9022,False,0.396,delivered within promise
HDEL000274,HORD000274,2018-12-16,2018-12-21,2018-12-19,DHL,Standard,Delivered,0,True,26,7.14,none,5,9,Anytime,3.7052,True,0.443,delivered within promise
HDEL000275,HORD000275,2018-03-24,2018-03-27,2018-03-26,Direct Freight,Express,Delivered,0,True,24,14.67,none,3,9,Anytime,3.7862,True,1.082,delivered within promise
HDEL000276,HORD000276,2018-12-06,2018-12-10,2018-12-10,Direct Freight,Express,Delivered,0,True,32,19.92,none,4,8,Morning,7.2107,True,0.41,delivered within promise
HDEL000277,HORD000277,2018-01-13,2018-01-20,2018-01-19,StarTrack,Standard,Delivered,0,True,65,9.09,none,7,9,Morning,6.7883,True,0.525,delivered within promise
HDEL000278,HORD000278,2018-04-13,2018-04-18,2018-04-18,Direct Freight,Standard,Delivered,0,True,51,9.71,none,5,4,Afternoon,4.6096,False,0.345,delivered within promise
HDEL000279,HORD000279,2018-08-09,2018-08-12,2018-08-11,Direct Freight,Standard,Delivered,0,True,26,11.22,none,3,9,Morning,3.3316,False,0.328,delivered within promise
HDEL000280,HORD000280,2019-01-02,2019-01-09,2019-01-09,StarTrack,Express,Delivered,0,True,37,14.4,none,7,6,Morning,2.8256,True,0.458,delivered within promise
HDEL000281,HORD000281,2018-10-23,2018-10-29,2018-10-29,AusPost,Standard,Delivered,0,True,38,9.07,none,6,3,Morning,4.8907,True,0.605,delivered within promise
HDEL000282,HORD000282,2018-12-13,2018-12-17,2018-12-16,StarTrack,Standard,Delivered,0,True,25,10.67,none,4,9,Afternoon,6.1208,True,1.117,delivered within promise
HDEL000283,HORD000283,2018-04-19,2018-04-25,2018-04-23,DHL,Standard,Delivered,0,True,55,8.09,none,6,6,Anytime,2.9046,True,0.346,delivered within promise
HDEL000284,HORD000284,2018-08-29,2018-09-05,2018-09-04,StarTrack,Standard,Delivered,0,True,70,9.42,none,7,5,Anytime,4.9022,False,0.342,delivered within promise
HDEL000285,HORD000285,2018-09-06,2018-09-12,2018-09-14,Direct Freight,Standard,Delivered,2,False,15,10.3,carrier_capacity,6,7,Afternoon,5.7703,True,0.421,carrier scan reconciled
HDEL000286,HORD000286,2018-04-10,2018-04-17,2018-04-15,Direct Freight,Express,Delivered,0,True,41,15.19,none,7,3,Morning,5.9963,True,1.111,delivered within promise
HDEL000287,HORD000287,2018-05-21,2018-05-26,2018-05-26,AusPost,Standard,Delivered,0,True,33,8.54,none,5,3,Afternoon,4.704,True,0.36,delivered within promise
HDEL000288,HORD000288,2018-03-19,2018-03-23,2018-03-22,DHL,Express,Delivered,0,True,20,16.59,none,4,4,Morning,7.4945,False,0.479,delivered within promise
HDEL000289,HORD000289,2018-10-31,2018-11-04,2018-11-02,AusPost,Standard,Delivered,0,True,62,8.07,none,4,3,Anytime,4.8907,True,1.048,delivered within promise
HDEL000290,HORD000290,2018-06-13,2018-06-17,2018-06-16,AusPost,Express,Delivered,0,True,40,22.64,none,4,4,Morning,4.4259,False,0.445,delivered within promise
HDEL000291,HORD000291,2018-03-05,2018-03-08,2018-03-06,DHL,Express,Delivered,0,True,25,14.97,none,3,3,Morning,3.2063,True,0.336,delivered within promise
HDEL000292,HORD000292,2018-08-12,2018-08-19,2018-08-18,Direct Freight,Express,Delivered,0,True,42,18.95,none,7,8,Afternoon,2.0932,False,0.282,delivered within promise
HDEL000293,HORD000293,2018-09-13,2018-09-17,2018-09-16,StarTrack,Standard,Delivered,0,True,3,9.02,none,4,7,Anytime,8.5159,False,0.438,delivered within promise
HDEL000294,HORD000294,2018-09-22,2018-09-25,2018-09-23,DHL,Standard,Delivered,0,True,54,8.94,none,3,7,Afternoon,4.0376,True,1.13,delivered within promise
HDEL000295,HORD000295,2018-09-21,2018-09-25,2018-09-29,AusPost,Express,Delivered,4,False,35,17.0,carrier_capacity,4,4,Anytime,4.8879,True,0.467,carrier scan reconciled
HDEL000296,HORD000296,2018-12-06,2018-12-09,2018-12-07,Direct Freight,Standard,Delivered,0,True,35,9.74,none,3,3,Afternoon,6.1407,False,0.434,delivered within promise
HDEL000297,HORD000297,2018-12-29,2019-01-02,2019-01-01,StarTrack,Standard,Delivered,0,True,63,11.12,none,4,9,Afternoon,7.278,True,0.621,delivered within promise
HDEL000298,HORD000298,2018-05-05,2018-05-12,2018-05-12,AusPost,Standard,Delivered,0,True,38,5.96,none,7,3,Anytime,2.0846,True,0.787,delivered within promise
HDEL000299,HORD000299,2018-01-03,2018-01-06,2018-01-05,AusPost,Express,Delivered,0,True,26,12.16,none,3,9,Morning,1.0071,False,0.922,delivered within promise
HDEL000300,HORD000300,2018-09-04,2018-09-09,2018-09-08,Direct Freight,Standard,Delivered,0,True,5,8.97,none,5,6,Anytime,3.2578,True,0.306,delivered within promise
HDEL000301,HORD000301,2018-05-29,2018-06-01,2018-06-01,Direct Freight,Standard,Delivered,0,True,55,7.37,none,3,5,Afternoon,3.186,True,0.432,delivered within promise
HDEL000302,HORD000302,2018-04-07,2018-04-10,2018-04-10,DHL,Standard,Delivered,0,True,25,6.3,none,3,8,Anytime,1.0768,True,0.386,delivered within promise
HDEL000303,HORD000303,2018-01-02,2018-01-07,2018-01-07,DHL,Standard,Delivered,0,True,17,9.25,none,5,7,Afternoon,8.0765,True,0.445,delivered within promise
HDEL000304,HORD000304,2018-05-11,2018-05-17,2018-05-17,AusPost,Standard,Delivered,0,True,57,6.94,none,6,8,Morning,3.4226,False,0.288,delivered within promise
HDEL000305,HORD000305,2018-02-09,2018-02-15,2018-02-15,Direct Freight,Standard,Delivered,0,True,67,6.5,none,6,7,Anytime,2.7874,True,0.373,delivered within promise
HDEL000306,HORD000306,2018-02-10,2018-02-15,2018-02-15,Direct Freight,Standard,Delivered,0,True,41,9.41,none,5,3,Morning,9.1217,True,0.61,delivered within promise
HDEL000307,HORD000307,2018-10-13,2018-10-16,2018-10-16,Direct Freight,Standard,Delivered,0,True,34,11.99,none,3,6,Anytime,9.4205,True,0.528,delivered within promise
HDEL000308,HORD000308,2018-05-23,2018-05-26,2018-05-26,Direct Freight,Standard,Delivered,0,True,56,6.9,none,3,5,Anytime,1.321,True,0.876,delivered within promise
HDEL000309,HORD000309,2018-05-21,2018-05-24,2018-05-23,DHL,Standard,Delivered,0,True,3,6.83,none,3,5,Afternoon,0.9173,True,0.382,delivered within promise
HDEL000310,HORD000310,2018-08-25,2018-08-29,2018-08-27,AusPost,Express,Delivered,0,True,36,27.19,none,4,6,Morning,9.687,True,0.748,delivered within promise
HDEL000311,HORD000311,2018-04-23,2018-04-29,2018-04-28,Direct Freight,Express,Delivered,0,True,8,17.87,none,6,5,Morning,3.2243,True,0.484,delivered within promise
HDEL000312,HORD000312,2018-01-10,2018-01-13,2018-01-12,StarTrack,Standard,Delivered,0,True,46,7.94,none,3,4,Morning,3.773,True,0.326,delivered within promise
HDEL000313,HORD000313,2018-03-21,2018-03-24,2018-03-22,AusPost,Express,Delivered,0,True,26,16.08,none,3,9,Afternoon,2.4538,True,0.395,delivered within promise
HDEL000314,HORD000314,2018-02-02,2018-02-05,2018-02-03,DHL,Standard,Delivered,0,True,60,10.44,none,3,5,Anytime,6.2021,True,1.116,delivered within promise
HDEL000315,HORD000315,2018-10-29,2018-11-02,2018-10-31,Direct Freight,Standard,Delivered,0,True,2,10.07,none,4,3,Anytime,7.1651,True,1.386,delivered within promise
HDEL000316,HORD000316,2018-03-03,2018-03-07,2018-03-06,Direct Freight,Standard,Delivered,0,True,44,7.34,none,4,8,Afternoon,5.3515,False,0.366,delivered within promise
HDEL000317,HORD000317,2018-06-09,2018-06-15,2018-06-13,AusPost,Standard,Delivered,0,True,28,11.82,none,6,8,Anytime,8.0537,True,1.2,delivered within promise
HDEL000318,HORD000318,2018-10-14,2018-10-18,2018-10-18,StarTrack,Standard,Delivered,0,True,66,8.97,none,4,6,Afternoon,5.7703,False,0.337,delivered within promise
HDEL000319,HORD000319,2018-03-17,2018-03-22,2018-03-21,DHL,Standard,Delivered,0,True,41,7.06,none,5,6,Morning,3.2243,True,0.463,delivered within promise
HDEL000320,HORD000320,2018-04-29,2018-05-03,2018-05-01,DHL,Standard,Delivered,0,True,7,9.14,none,4,3,Morning,7.1609,False,0.484,delivered within promise
HDEL000321,HORD000321,2018-12-03,2018-12-08,2018-12-07,StarTrack,Standard,Delivered,0,True,10,8.21,none,5,7,Morning,5.0454,False,0.446,delivered within promise
HDEL000322,HORD000322,2018-05-15,2018-05-19,2018-05-19,Direct Freight,Express,Delivered,0,True,37,13.24,none,4,5,Anytime,1.4145,True,1.433,delivered within promise
HDEL000323,HORD000323,2018-12-19,2018-12-22,2018-12-21,StarTrack,Standard,Delivered,0,True,46,7.25,none,3,8,Morning,3.4116,True,0.41,delivered within promise
HDEL000324,HORD000324,2018-09-05,2018-09-09,2018-09-09,Direct Freight,Standard,Delivered,0,True,24,9.37,none,4,9,Anytime,4.704,True,0.5,delivered within promise
HDEL000325,HORD000325,2018-06-27,2018-07-04,2018-07-04,AusPost,Standard,Delivered,0,True,48,14.65,none,7,6,Morning,7.8955,True,0.916,delivered within promise
HDEL000326,HORD000326,2018-11-29,2018-12-03,2018-12-03,StarTrack,Standard,Delivered,0,True,70,9.18,none,4,9,Afternoon,5.5306,True,0.515,delivered within promise
HDEL000327,HORD000327,2018-10-27,2018-11-01,2018-10-30,StarTrack,Standard,Delivered,0,True,55,7.48,none,5,8,Morning,4.0181,True,0.497,delivered within promise
HDEL000328,HORD000328,2018-11-08,2018-11-11,2018-11-09,Direct Freight,Standard,Delivered,0,True,47,8.6,none,3,5,Morning,5.5022,True,0.431,delivered within promise
HDEL000329,HORD000329,2018-03-25,2018-03-30,2018-03-29,AusPost,Standard,Delivered,0,True,66,9.07,none,5,7,Anytime,5.2465,True,0.397,delivered within promise
HDEL000330,HORD000330,2018-12-25,2018-12-28,2018-12-28,DHL,Express,Delivered,0,True,10,20.8,none,3,5,Morning,6.9396,True,0.621,delivered within promise
HDEL000331,HORD000331,2018-09-10,2018-09-16,2018-09-16,Direct Freight,Standard,Delivered,0,True,33,9.82,none,6,4,Morning,7.5536,True,0.885,delivered within promise
HDEL000332,HORD000332,2018-09-21,2018-09-25,2018-09-25,StarTrack,Standard,Delivered,0,True,37,8.11,none,4,3,Afternoon,3.7377,True,0.348,delivered within promise
HDEL000333,HORD000333,2018-02-23,2018-02-28,2018-02-27,DHL,Standard,Delivered,0,True,30,8.71,none,5,8,Morning,6.5356,True,0.449,delivered within promise
HDEL000334,HORD000334,2018-06-20,2018-06-23,2018-06-21,Direct Freight,Standard,Delivered,0,True,68,8.48,none,3,6,Anytime,2.9812,False,0.377,delivered within promise
HDEL000335,HORD000335,2018-02-24,2018-02-28,2018-02-28,AusPost,Standard,Delivered,0,True,6,7.51,none,4,4,Morning,2.2927,True,0.654,delivered within promise
HDEL000336,HORD000336,2018-08-30,2018-09-04,2018-09-04,Direct Freight,Standard,Delivered,0,True,9,10.16,none,5,6,Morning,3.0357,True,0.947,delivered within promise
HDEL000337,HORD000337,2018-06-13,2018-06-19,2018-06-19,StarTrack,Standard,Delivered,0,True,65,12.16,none,6,6,Anytime,4.4075,False,0.398,delivered within promise
HDEL000338,HORD000338,2018-11-18,2018-11-24,2018-11-22,DHL,Express,Delivered,0,True,43,19.27,none,6,9,Anytime,6.0031,False,0.343,delivered within promise
HDEL000339,HORD000339,2018-04-02,2018-04-06,2018-04-05,Direct Freight,Standard,Delivered,0,True,34,9.49,none,4,7,Morning,6.5356,True,0.528,delivered within promise
HDEL000340,HORD000340,2018-02-10,2018-02-15,2018-02-15,Direct Freight,Standard,Delivered,0,True,22,11.63,none,5,5,Afternoon,7.1134,True,0.527,delivered within promise
HDEL000341,HORD000341,2018-01-23,2018-01-30,2018-01-28,DHL,Standard,Delivered,0,True,11,7.55,none,7,7,Anytime,2.9353,True,1.034,delivered within promise
HDEL000342,HORD000342,2018-11-11,2018-11-14,2018-11-13,DHL,Standard,Delivered,0,True,47,8.51,none,3,4,Morning,6.2126,False,1.028,delivered within promise
HDEL000343,HORD000343,2018-01-10,2018-01-13,2018-01-12,StarTrack,Standard,Delivered,0,True,7,8.84,none,3,6,Afternoon,7.9059,True,0.509,delivered within promise
HDEL000344,HORD000344,2018-07-23,2018-07-27,2018-07-27,DHL,Standard,Delivered,0,True,53,8.68,none,4,5,Morning,2.3642,True,0.416,delivered within promise
HDEL000345,HORD000345,2018-09-26,2018-10-02,2018-09-30,StarTrack,Standard,Delivered,0,True,5,7.48,none,6,6,Anytime,1.0784,True,0.42,delivered within promise
HDEL000346,HORD000346,2018-12-04,2018-12-09,2018-12-09,AusPost,Standard,Delivered,0,True,15,10.01,none,5,9,Afternoon,8.0565,True,1.193,delivered within promise
HDEL000347,HORD000347,2018-12-09,2018-12-16,2018-12-14,Direct Freight,Standard,Delivered,0,True,41,7.52,none,7,6,Anytime,5.0091,True,1.097,delivered within promise
HDEL000348,HORD000348,2018-04-29,2018-05-06,2018-05-05,DHL,Standard,Delivered,0,True,60,8.13,none,7,7,Anytime,6.3746,True,0.503,delivered within promise
HDEL000349,HORD000349,2018-06-15,2018-06-22,2018-06-20,DHL,Standard,Delivered,0,True,2,12.39,none,7,6,Afternoon,5.8992,True,0.724,delivered within promise
HDEL000350,HORD000350,2018-10-06,2018-10-11,2018-10-14,DHL,Standard,Delivered,3,False,14,8.55,warehouse_congestion,5,9,Afternoon,3.7517,True,0.895,carrier scan reconciled
HDEL000351,HORD000351,2018-10-24,2018-10-29,2018-10-28,AusPost,Standard,Delivered,0,True,36,10.99,none,5,5,Morning,6.5356,True,1.285,delivered within promise
HDEL000352,HORD000352,2018-05-27,2018-06-02,2018-06-01,DHL,Standard,Delivered,0,True,45,10.59,none,6,4,Afternoon,7.4582,True,0.424,delivered within promise
HDEL000353,HORD000353,2019-01-02,2019-01-07,2019-01-05,StarTrack,Standard,Delivered,0,True,55,10.33,none,5,8,Morning,4.7326,False,0.417,delivered within promise
HDEL000354,HORD000354,2018-10-22,2018-10-28,2018-10-28,Direct Freight,Express,Delivered,0,True,38,19.32,none,6,5,Anytime,7.1568,False,1.004,delivered within promise
HDEL000355,HORD000355,2018-11-07,2018-11-10,2018-11-08,StarTrack,Standard,Delivered,0,True,68,7.71,none,3,7,Morning,4.3951,True,1.168,delivered within promise
HDEL000356,HORD000356,2018-07-18,2018-07-23,2018-07-26,StarTrack,Standard,Delivered,3,False,25,9.31,carrier_capacity,5,7,Anytime,3.4859,True,0.329,carrier scan reconciled
HDEL000357,HORD000357,2018-02-03,2018-02-09,2018-02-07,DHL,Standard,Delivered,0,True,32,11.42,none,6,5,Afternoon,6.5462,True,0.425,delivered within promise
HDEL000358,HORD000358,2018-07-11,2018-07-15,2018-07-13,DHL,Standard,Delivered,0,True,62,11.17,none,4,8,Afternoon,7.6447,True,0.505,delivered within promise
HDEL000359,HORD000359,2018-09-09,2018-09-13,2018-09-13,Direct Freight,Standard,Delivered,0,True,53,9.65,none,4,5,Afternoon,7.1568,True,1.255,delivered within promise
HDEL000360,HORD000360,2018-04-22,2018-04-25,2018-04-23,DHL,Standard,Delivered,0,True,66,9.66,none,3,5,Afternoon,7.2107,True,0.519,delivered within promise
HDEL000361,HORD000361,2018-03-15,2018-03-20,2018-03-18,AusPost,Standard,Delivered,0,True,53,8.54,none,5,6,Afternoon,3.0762,True,1.007,delivered within promise
HDEL000362,HORD000362,2018-07-29,2018-08-03,2018-08-01,AusPost,Express,Delivered,0,True,15,18.99,none,5,4,Afternoon,5.9533,True,0.896,delivered within promise
HDEL000363,HORD000363,2018-02-24,2018-03-02,2018-02-28,StarTrack,Express,Delivered,0,True,27,17.5,none,6,8,Morning,8.0565,False,0.417,delivered within promise
HDEL000364,HORD000364,2018-04-10,2018-04-13,2018-04-12,DHL,Standard,Delivered,0,True,73,9.91,none,3,4,Morning,4.8879,True,0.597,delivered within promise
HDEL000365,HORD000365,2018-12-21,2018-12-25,2018-12-24,Direct Freight,Standard,Delivered,0,True,5,9.04,none,4,8,Anytime,7.6447,False,0.429,delivered within promise
HDEL000366,HORD000366,2018-06-05,2018-06-11,2018-06-11,StarTrack,Standard,Delivered,0,True,12,12.11,none,6,9,Afternoon,5.1023,True,0.39,delivered within promise
HDEL000367,HORD000367,2018-09-03,2018-09-08,2018-09-08,Direct Freight,Standard,Delivered,0,True,29,10.84,none,5,9,Anytime,6.0551,False,0.342,delivered within promise
HDEL000368,HORD000368,2018-11-22,2018-11-27,2018-11-26,DHL,Express,Delivered,0,True,34,20.31,none,5,8,Anytime,7.5369,True,1.177,delivered within promise
HDEL000369,HORD000369,2018-10-21,2018-10-28,2018-10-26,Direct Freight,Standard,Delivered,0,True,17,9.81,none,7,8,Morning,7.8676,True,0.588,delivered within promise
HDEL000370,HORD000370,2018-06-27,2018-07-04,2018-07-03,Direct Freight,Standard,Delivered,0,True,41,10.7,none,7,4,Anytime,6.4272,True,0.849,delivered within promise
HDEL000371,HORD000371,2018-04-15,2018-04-22,2018-04-21,AusPost,Standard,Delivered,0,True,57,10.77,none,7,5,Afternoon,8.5159,True,1.568,delivered within promise
HDEL000372,HORD000372,2018-11-05,2018-11-08,2018-11-08,DHL,Standard,Delivered,0,True,72,9.49,none,3,9,Afternoon,5.9544,False,0.453,delivered within promise
HDEL000373,HORD000373,2018-03-24,2018-03-30,2018-04-03,StarTrack,Standard,Delivered,4,False,34,7.72,weather,6,3,Anytime,4.9215,True,1.343,carrier scan reconciled
HDEL000374,HORD000374,2018-04-28,2018-05-02,2018-04-30,StarTrack,Standard,Delivered,0,True,10,9.14,none,4,6,Morning,3.933,True,0.429,delivered within promise
HDEL000375,HORD000375,2018-02-13,2018-02-20,2018-02-19,Direct Freight,Express,Delivered,0,True,8,17.65,none,7,6,Anytime,6.1729,False,0.464,delivered within promise
HDEL000376,HORD000376,2018-11-22,2018-11-26,2018-11-26,StarTrack,Standard,Delivered,0,True,22,8.38,none,4,5,Afternoon,7.1134,True,1.144,delivered within promise
HDEL000377,HORD000377,2018-01-15,2018-01-19,2018-01-18,Direct Freight,Standard,Delivered,0,True,61,8.6,none,4,6,Afternoon,2.123,True,0.281,delivered within promise
HDEL000378,HORD000378,2018-07-05,2018-07-08,2018-07-08,Direct Freight,Standard,Delivered,0,True,52,9.67,none,3,5,Anytime,3.1617,False,0.33,delivered within promise
HDEL000379,HORD000379,2018-01-09,2018-01-12,2018-01-10,DHL,Standard,Delivered,0,True,7,9.77,none,3,9,Anytime,4.2327,False,0.369,delivered within promise
HDEL000380,HORD000380,2018-10-10,2018-10-15,2018-10-13,Direct Freight,Standard,Delivered,0,True,46,8.58,none,5,6,Morning,3.2192,False,0.319,delivered within promise
HDEL000381,HORD000381,2018-06-22,2018-06-25,2018-06-24,AusPost,Standard,Delivered,0,True,2,10.11,none,3,3,Afternoon,4.6007,True,0.48,delivered within promise
HDEL000382,HORD000382,2018-03-11,2018-03-17,2018-03-16,StarTrack,Express,Delivered,0,True,8,16.49,none,6,3,Anytime,2.7874,True,1.033,delivered within promise
HDEL000383,HORD000383,2018-09-18,2018-09-22,2018-09-22,AusPost,Express,Delivered,0,True,28,16.11,none,4,4,Morning,6.7102,True,1.152,delivered within promise
HDEL000384,HORD000384,2018-03-02,2018-03-06,2018-03-05,DHL,Standard,Delivered,0,True,11,7.48,none,4,8,Morning,2.6825,True,0.984,delivered within promise
HDEL000385,HORD000385,2018-06-09,2018-06-16,2018-06-15,AusPost,Express,Delivered,0,True,21,24.1,none,7,9,Anytime,4.0705,False,0.299,delivered within promise
HDEL000386,HORD000386,2018-05-01,2018-05-05,2018-05-03,StarTrack,Standard,Delivered,0,True,36,8.87,none,4,9,Anytime,6.2791,False,0.579,delivered within promise
HDEL000387,HORD000387,2018-06-19,2018-06-24,2018-06-22,DHL,Standard,Delivered,0,True,4,10.02,none,5,4,Anytime,2.0846,True,0.258,delivered within promise
HDEL000388,HORD000388,2018-02-22,2018-02-27,2018-02-26,AusPost,Standard,Delivered,0,True,3,7.29,none,5,7,Morning,3.6955,True,0.368,delivered within promise
HDEL000389,HORD000389,2018-05-26,2018-05-29,2018-05-27,DHL,Standard,Delivered,0,True,43,7.73,none,3,6,Afternoon,5.2882,True,0.421,delivered within promise
HDEL000390,HORD000390,2018-03-26,2018-03-31,2018-03-31,DHL,Standard,Delivered,0,True,69,7.22,none,5,5,Afternoon,3.2414,False,0.282,delivered within promise
HDEL000391,HORD000391,2018-07-09,2018-07-16,2018-07-16,AusPost,Standard,Delivered,0,True,42,11.46,none,7,7,Afternoon,7.424,True,0.544,delivered within promise
HDEL000392,HORD000392,2018-07-15,2018-07-20,2018-07-20,DHL,Standard,Delivered,0,True,54,10.89,none,5,7,Anytime,6.2019,False,0.417,delivered within promise
HDEL000393,HORD000393,2018-06-04,2018-06-10,2018-06-08,Direct Freight,Standard,Delivered,0,True,14,12.71,none,6,6,Afternoon,5.0545,True,1.083,delivered within promise
HDEL000394,HORD000394,2018-12-19,2018-12-23,2018-12-23,Direct Freight,Standard,Delivered,0,True,71,8.28,none,4,9,Afternoon,4.4275,True,0.806,delivered within promise
HDEL000395,HORD000395,2018-10-12,2018-10-18,2018-10-16,Direct Freight,Standard,Delivered,0,True,15,7.56,none,6,7,Morning,3.0741,True,1.098,delivered within promise
HDEL000396,HORD000396,2018-01-03,2018-01-07,2018-01-07,Direct Freight,Standard,Delivered,0,True,23,7.95,none,4,8,Anytime,4.677,True,1.038,delivered within promise
HDEL000397,HORD000397,2018-08-21,2018-08-24,2018-08-28,AusPost,Standard,Delivered,4,False,50,12.73,carrier_capacity,3,5,Morning,4.7472,False,0.352,carrier scan reconciled
HDEL000398,HORD000398,2018-11-21,2018-11-25,2018-11-24,Direct Freight,Standard,Delivered,0,True,39,7.48,none,4,6,Morning,5.4918,True,1.063,delivered within promise
HDEL000399,HORD000399,2018-02-20,2018-02-26,2018-02-24,AusPost,Standard,Delivered,0,True,28,7.03,none,6,5,Afternoon,3.7862,True,0.413,delivered within promise
HDEL000400,HORD000400,2018-11-17,2018-11-22,2018-11-22,DHL,Standard,Delivered,0,True,7,8.3,none,5,6,Morning,4.3951,True,0.528,delivered within promise
HDEL000401,HORD000401,2018-04-17,2018-04-24,2018-04-24,Direct Freight,Standard,Delivered,0,True,36,10.89,none,7,7,Morning,6.7789,False,0.384,delivered within promise
HDEL000402,HORD000402,2018-04-05,2018-04-12,2018-04-10,AusPost,Express,Delivered,0,True,16,14.73,none,7,6,Afternoon,5.8992,True,0.579,delivered within promise
HDEL000403,HORD000403,2019-01-02,2019-01-08,2019-01-06,StarTrack,Standard,Delivered,0,True,47,8.0,none,6,4,Afternoon,5.2666,True,0.422,delivered within promise
HDEL000404,HORD000404,2018-12-09,2018-12-12,2018-12-12,StarTrack,Express,Delivered,0,True,9,12.65,none,3,4,Afternoon,1.698,True,1.145,delivered within promise
HDEL000405,HORD000405,2018-07-24,2018-07-31,2018-08-05,StarTrack,Standard,Delivered,5,False,4,9.3,weather,7,4,Morning,2.5443,True,1.005,carrier scan reconciled
HDEL000406,HORD000406,2018-05-19,2018-05-23,2018-05-22,DHL,Standard,Delivered,0,True,34,6.88,none,4,8,Anytime,4.5788,False,0.321,delivered within promise
HDEL000407,HORD000407,2018-09-09,2018-09-13,2018-09-13,Direct Freight,Standard,Delivered,0,True,66,7.25,none,4,7,Anytime,4.1421,True,0.897,delivered within promise
HDEL000408,HORD000408,2018-06-12,2018-06-19,2018-06-18,StarTrack,Standard,Delivered,0,True,24,14.42,none,7,7,Morning,9.3352,False,0.498,delivered within promise
HDEL000409,HORD000409,2018-09-27,2018-09-30,2018-09-29,Direct Freight,Standard,Delivered,0,True,71,7.21,none,3,6,Afternoon,0.8202,True,0.336,delivered within promise
HDEL000410,HORD000410,2018-04-18,2018-04-23,2018-04-23,Direct Freight,Standard,Delivered,0,True,44,9.27,none,5,7,Afternoon,5.6239,True,0.551,delivered within promise
HDEL000411,HORD000411,2018-08-16,2018-08-22,2018-08-21,AusPost,Standard,Delivered,0,True,32,10.46,none,6,5,Afternoon,5.2534,False,0.436,delivered within promise
HDEL000412,HORD000412,2018-04-07,2018-04-10,2018-04-09,Direct Freight,Standard,Delivered,0,True,32,9.01,none,3,4,Afternoon,7.1652,True,0.57,delivered within promise
HDEL000413,HORD000413,2018-08-05,2018-08-11,2018-08-10,DHL,Standard,Delivered,0,True,61,9.08,none,6,6,Morning,4.6531,True,0.438,delivered within promise
HDEL000414,HORD000414,2018-01-04,2018-01-10,2018-01-10,AusPost,Standard,Delivered,0,True,21,10.4,none,6,5,Afternoon,7.3803,False,0.466,delivered within promise
HDEL000415,HORD000415,2018-10-26,2018-10-29,2018-10-27,AusPost,Express,Delivered,0,True,23,15.12,none,3,7,Afternoon,4.9022,True,0.479,delivered within promise
HDEL000416,HORD000416,2018-03-20,2018-03-26,2018-03-26,AusPost,Express,Delivered,0,True,11,14.41,none,6,3,Morning,3.6934,True,1.246,delivered within promise
HDEL000417,HORD000417,2018-07-23,2018-07-29,2018-07-29,StarTrack,Standard,Delivered,0,True,37,8.43,none,6,9,Morning,1.3001,False,0.276,delivered within promise
HDEL000418,HORD000418,2018-09-08,2018-09-15,2018-09-15,StarTrack,Standard,Delivered,0,True,73,8.35,none,7,6,Anytime,5.3195,True,0.454,delivered within promise
HDEL000419,HORD000419,2018-08-30,2018-09-06,2018-09-06,Direct Freight,Standard,Delivered,0,True,64,12.72,none,7,5,Anytime,6.7696,True,1.213,delivered within promise
HDEL000420,HORD000420,2018-12-21,2018-12-28,2018-12-28,Direct Freight,Standard,Delivered,0,True,64,13.12,none,7,4,Morning,9.4205,True,0.56,delivered within promise
HDEL000421,HORD000421,2018-04-09,2018-04-14,2018-04-12,AusPost,Standard,Delivered,0,True,64,7.99,none,5,3,Anytime,2.2927,True,0.362,delivered within promise
HDEL000422,HORD000422,2018-09-04,2018-09-11,2018-09-13,StarTrack,Standard,Delivered,2,False,63,8.85,warehouse_congestion,7,7,Afternoon,3.776,True,1.111,carrier scan reconciled
HDEL000423,HORD000423,2018-10-31,2018-11-04,2018-11-03,DHL,Standard,Delivered,0,True,46,10.19,none,4,7,Morning,7.5021,True,0.61,delivered within promise
HDEL000424,HORD000424,2018-10-04,2018-10-08,2018-10-08,StarTrack,Standard,Delivered,0,True,16,9.16,none,4,6,Morning,6.0476,False,0.368,delivered within promise
HDEL000425,HORD000425,2018-10-23,2018-10-30,2018-10-28,DHL,Standard,Delivered,0,True,6,7.88,none,7,7,Afternoon,3.7343,False,0.329,delivered within promise
HDEL000426,HORD000426,2018-10-09,2018-10-12,2018-10-10,AusPost,Standard,Delivered,0,True,18,9.17,none,3,7,Afternoon,3.4226,True,0.869,delivered within promise
HDEL000427,HORD000427,2018-05-07,2018-05-12,2018-05-12,DHL,Standard,Delivered,0,True,61,9.2,none,5,3,Anytime,8.8204,True,0.555,delivered within promise
HDEL000428,HORD000428,2018-06-22,2018-06-28,2018-06-26,StarTrack,Standard,Delivered,0,True,52,9.6,none,6,3,Anytime,2.7874,True,0.441,delivered within promise
HDEL000429,HORD000429,2018-05-12,2018-05-17,2018-05-17,DHL,Standard,Delivered,0,True,67,8.44,none,5,7,Anytime,3.5955,False,0.384,delivered within promise
HDEL000430,HORD000430,2018-06-27,2018-07-02,2018-07-02,StarTrack,Standard,Delivered,0,True,11,11.9,none,5,6,Morning,5.0434,False,0.315,delivered within promise
HDEL000431,HORD000431,2018-07-16,2018-07-19,2018-07-17,DHL,Standard,Delivered,0,True,10,14.36,none,3,3,Anytime,7.578,True,0.502,delivered within promise
HDEL000432,HORD000432,2018-01-24,2018-01-30,2018-01-29,AusPost,Standard,Delivered,0,True,57,9.39,none,6,6,Morning,8.3518,False,0.454,delivered within promise
HDEL000433,HORD000433,2018-11-18,2018-11-24,2018-11-22,AusPost,Standard,Delivered,0,True,15,11.07,none,6,7,Anytime,6.5462,True,0.651,delivered within promise
HDEL000434,HORD000434,2018-09-09,2018-09-12,2018-09-11,DHL,Standard,Delivered,0,True,58,7.23,none,3,4,Anytime,3.4116,True,0.413,delivered within promise
HDEL000435,HORD000435,2018-04-29,2018-05-03,2018-05-03,AusPost,Standard,Delivered,0,True,60,7.71,none,4,5,Afternoon,3.8058,True,0.927,delivered within promise
HDEL000436,HORD000436,2018-03-11,2018-03-15,2018-03-14,DHL,Standard,Delivered,0,True,27,5.84,none,4,9,Afternoon,0.9,True,0.343,delivered within promise
HDEL000437,HORD000437,2018-05-15,2018-05-20,2018-05-20,StarTrack,Standard,Delivered,0,True,50,9.63,none,5,3,Anytime,4.6531,True,0.371,delivered within promise
HDEL000438,HORD000438,2018-09-23,2018-09-27,2018-09-26,StarTrack,Express,Delivered,0,True,67,15.65,none,4,6,Morning,5.5051,True,0.394,delivered within promise
HDEL000439,HORD000439,2018-10-07,2018-10-14,2018-10-14,Direct Freight,Standard,Delivered,0,True,43,7.88,none,7,8,Afternoon,2.018,True,0.469,delivered within promise
HDEL000440,HORD000440,2018-10-30,2018-11-03,2018-11-03,StarTrack,Standard,Delivered,0,True,10,6.21,none,4,6,Morning,2.2928,True,0.865,delivered within promise
HDEL000441,HORD000441,2018-09-30,2018-10-05,2018-10-04,StarTrack,Standard,Delivered,0,True,23,11.15,none,5,3,Morning,7.2107,True,1.168,delivered within promise
HDEL000442,HORD000442,2018-05-27,2018-06-01,2018-06-01,AusPost,Standard,Delivered,0,True,21,7.94,none,5,4,Morning,6.6551,True,1.244,delivered within promise
HDEL000443,HORD000443,2018-02-27,2018-03-02,2018-03-02,DHL,Express,Delivered,0,True,59,13.12,none,3,7,Morning,0.8411,True,0.995,delivered within promise
HDEL000444,HORD000444,2018-09-06,2018-09-12,2018-09-11,AusPost,Standard,Delivered,0,True,24,8.31,none,6,7,Afternoon,6.9556,False,0.441,delivered within promise
HDEL000445,HORD000445,2018-02-25,2018-02-28,2018-02-26,Direct Freight,Standard,Delivered,0,True,15,7.43,none,3,7,Anytime,3.5976,True,0.461,delivered within promise
HDEL000446,HORD000446,2018-10-04,2018-10-07,2018-10-05,Direct Freight,Standard,Delivered,0,True,71,8.58,none,3,4,Afternoon,4.2475,False,0.403,delivered within promise
HDEL000447,HORD000447,2018-08-04,2018-08-10,2018-08-08,StarTrack,Standard,Delivered,0,True,12,9.05,none,6,8,Anytime,2.601,True,0.384,delivered within promise
HDEL000448,HORD000448,2018-04-28,2018-05-01,2018-04-29,DHL,Express,Delivered,0,True,8,21.44,none,3,3,Afternoon,7.6726,True,0.494,delivered within promise
HDEL000449,HORD000449,2018-09-22,2018-09-25,2018-09-23,DHL,Standard,Delivered,0,True,6,6.58,none,3,6,Morning,3.2243,True,0.417,delivered within promise
HDEL000450,HORD000450,2018-10-27,2018-11-02,2018-11-01,Direct Freight,Standard,Delivered,0,True,29,10.97,none,6,9,Anytime,6.7349,True,0.503,delivered within promise
HDEL000451,HORD000451,2018-08-24,2018-08-30,2018-08-28,StarTrack,Standard,Delivered,0,True,4,13.54,none,6,8,Morning,9.3352,True,1.422,delivered within promise
HDEL000452,HORD000452,2018-08-20,2018-08-23,2018-08-23,StarTrack,Standard,Delivered,0,True,61,13.14,none,3,9,Morning,6.7883,False,0.405,delivered within promise
HDEL000453,HORD000453,2018-11-28,2018-12-03,2018-12-01,AusPost,Standard,Delivered,0,True,59,10.62,none,5,7,Afternoon,6.322,True,0.533,delivered within promise
HDEL000454,HORD000454,2018-09-06,2018-09-09,2018-09-09,Direct Freight,Standard,Delivered,0,True,10,10.69,none,3,8,Afternoon,8.7636,False,0.418,delivered within promise
HDEL000455,HORD000455,2018-02-10,2018-02-16,2018-02-16,AusPost,Standard,Delivered,0,True,14,7.84,none,6,7,Afternoon,0.9173,True,0.389,delivered within promise
HDEL000456,HORD000456,2018-09-08,2018-09-13,2018-09-13,AusPost,Standard,Delivered,0,True,9,6.49,none,5,6,Morning,2.1843,True,0.767,delivered within promise
HDEL000457,HORD000457,2018-08-27,2018-09-01,2018-08-31,StarTrack,Standard,Delivered,0,True,17,13.37,none,5,7,Morning,7.3787,True,0.537,delivered within promise
HDEL000458,HORD000458,2018-08-13,2018-08-20,2018-08-18,Direct Freight,Standard,Delivered,0,True,5,11.24,none,7,3,Anytime,6.6551,True,1.218,delivered within promise
HDEL000459,HORD000459,2018-01-24,2018-01-28,2018-01-27,Direct Freight,Standard,Delivered,0,True,57,10.74,none,4,4,Anytime,5.83,True,0.514,delivered within promise
HDEL000460,HORD000460,2018-10-02,2018-10-06,2018-10-05,AusPost,Express,Delivered,0,True,67,14.98,none,4,8,Morning,6.322,True,1.182,delivered within promise
HDEL000461,HORD000461,2018-12-02,2018-12-05,2018-12-04,DHL,Standard,Delivered,0,True,35,9.31,none,3,6,Morning,3.9724,True,0.899,delivered within promise
HDEL000462,HORD000462,2018-02-05,2018-02-10,2018-02-09,StarTrack,Express,Delivered,0,True,35,14.47,none,5,6,Morning,5.1925,True,0.483,delivered within promise
HDEL000463,HORD000463,2018-04-22,2018-04-27,2018-04-29,StarTrack,Standard,Delivered,2,False,59,7.39,weather,5,6,Afternoon,5.3249,True,0.517,carrier scan reconciled
HDEL000464,HORD000464,2018-08-03,2018-08-10,2018-08-09,Direct Freight,Standard,Delivered,0,True,44,8.7,none,7,7,Afternoon,0.7721,False,0.254,delivered within promise
HDEL000465,HORD000465,2018-06-20,2018-06-23,2018-06-21,Direct Freight,Standard,Delivered,0,True,14,12.54,none,3,3,Morning,6.7796,False,1.076,delivered within promise
HDEL000466,HORD000466,2018-10-09,2018-10-16,2018-10-15,StarTrack,Standard,Delivered,0,True,24,9.99,none,7,3,Anytime,6.3827,False,0.379,delivered within promise
HDEL000467,HORD000467,2018-04-30,2018-05-07,2018-05-05,StarTrack,Standard,Delivered,0,True,14,7.78,none,7,6,Anytime,4.7492,True,0.651,delivered within promise
HDEL000468,HORD000468,2018-11-13,2018-11-19,2018-11-17,AusPost,Standard,Delivered,0,True,10,5.89,none,6,9,Anytime,1.4056,True,0.382,delivered within promise
HDEL000469,HORD000469,2018-09-10,2018-09-13,2018-09-12,StarTrack,Standard,Delivered,0,True,63,9.64,none,3,6,Afternoon,7.4582,True,0.497,delivered within promise
HDEL000470,HORD000470,2018-01-23,2018-01-27,2018-01-31,DHL,Standard,Delivered,4,False,31,7.31,weather,4,5,Anytime,4.0549,False,0.326,carrier scan reconciled
HDEL000471,HORD000471,2018-04-26,2018-05-01,2018-05-01,Direct Freight,Express,Delivered,0,True,41,19.85,none,5,4,Anytime,5.0434,True,0.557,delivered within promise
HDEL000472,HORD000472,2018-04-29,2018-05-03,2018-05-02,Direct Freight,Standard,Delivered,0,True,54,12.16,none,4,6,Afternoon,8.2822,True,0.49,delivered within promise
HDEL000473,HORD000473,2018-05-24,2018-05-29,2018-05-27,AusPost,Standard,Delivered,0,True,24,7.44,none,5,5,Morning,3.333,True,0.437,delivered within promise
HDEL000474,HORD000474,2018-06-14,2018-06-17,2018-06-17,Direct Freight,Standard,Delivered,0,True,53,10.27,none,3,3,Morning,4.4259,False,0.333,delivered within promise
HDEL000475,HORD000475,2018-06-15,2018-06-18,2018-06-16,StarTrack,Standard,Delivered,0,True,4,12.02,none,3,5,Anytime,6.6257,True,0.431,delivered within promise
HDEL000476,HORD000476,2018-08-24,2018-08-27,2018-08-25,AusPost,Standard,Delivered,0,True,14,13.29,none,3,3,Afternoon,5.3195,True,0.438,delivered within promise
HDEL000477,HORD000477,2018-03-19,2018-03-24,2018-03-24,Direct Freight,Standard,Delivered,0,True,32,9.59,none,5,6,Morning,8.7347,False,0.446,delivered within promise
HDEL000478,HORD000478,2018-03-22,2018-03-29,2018-03-28,StarTrack,Standard,Delivered,0,True,11,8.28,none,7,3,Afternoon,3.3602,True,1.245,delivered within promise
HDEL000479,HORD000479,2018-04-29,2018-05-04,2018-05-02,AusPost,Standard,Delivered,0,True,64,7.07,none,5,4,Anytime,2.4826,True,0.836,delivered within promise
HDEL000480,HORD000480,2018-01-16,2018-01-23,2018-01-22,Direct Freight,Standard,Delivered,0,True,17,9.36,none,7,7,Afternoon,3.9472,True,0.436,delivered within promise
HDEL000481,HORD000481,2018-07-06,2018-07-12,2018-07-12,DHL,Standard,Delivered,0,True,11,12.97,none,6,4,Morning,7.2473,True,1.232,delivered within promise
HDEL000482,HORD000482,2018-02-14,2018-02-18,2018-02-16,Direct Freight,Standard,Delivered,0,True,18,6.49,none,4,4,Afternoon,2.7597,False,0.323,delivered within promise
HDEL000483,HORD000483,2018-10-18,2018-10-21,2018-10-19,DHL,Standard,Delivered,0,True,62,10.14,none,3,7,Morning,5.9533,False,0.461,delivered within promise
HDEL000484,HORD000484,2018-08-02,2018-08-09,2018-08-09,StarTrack,Standard,Delivered,0,True,5,12.78,none,7,9,Anytime,4.631,True,0.618,delivered within promise
HDEL000485,HORD000485,2018-12-11,2018-12-17,2018-12-17,AusPost,Standard,Delivered,0,True,61,10.16,none,6,9,Anytime,6.6539,True,0.587,delivered within promise
HDEL000486,HORD000486,2018-04-07,2018-04-13,2018-04-12,Direct Freight,Standard,Delivered,0,True,26,5.97,none,6,5,Afternoon,2.2927,True,0.371,delivered within promise
HDEL000487,HORD000487,2018-10-29,2018-11-02,2018-11-01,StarTrack,Standard,Delivered,0,True,48,6.58,none,4,8,Anytime,3.4727,False,0.404,delivered within promise
HDEL000488,HORD000488,2018-08-11,2018-08-16,2018-08-15,StarTrack,Standard,Delivered,0,True,33,15.27,none,5,6,Morning,8.3331,True,1.154,delivered within promise
HDEL000489,HORD000489,2018-11-12,2018-11-18,2018-11-17,AusPost,Standard,Delivered,0,True,31,7.94,none,6,4,Morning,4.911,True,0.388,delivered within promise
HDEL000490,HORD000490,2018-01-04,2018-01-10,2018-01-10,AusPost,Standard,Delivered,0,True,63,10.33,none,6,4,Afternoon,6.2126,False,0.454,delivered within promise
HDEL000491,HORD000491,2018-09-22,2018-09-26,2018-09-24,AusPost,Express,Delivered,0,True,18,14.93,none,4,4,Afternoon,3.4116,True,0.4,delivered within promise
HDEL000492,HORD000492,2018-10-23,2018-10-26,2018-10-24,StarTrack,Standard,Delivered,0,True,6,11.29,none,3,3,Afternoon,6.753,True,0.591,delivered within promise
HDEL000493,HORD000493,2018-06-14,2018-06-19,2018-06-18,StarTrack,Standard,Delivered,0,True,40,11.24,none,5,5,Morning,4.302,False,0.429,delivered within promise
HDEL000494,HORD000494,2018-03-23,2018-03-30,2018-03-29,AusPost,Standard,Delivered,0,True,19,6.39,none,7,8,Morning,2.0846,False,0.284,delivered within promise
HDEL000495,HORD000495,2018-09-27,2018-10-03,2018-10-01,StarTrack,Standard,Delivered,0,True,55,8.51,none,6,9,Morning,7.5369,False,0.434,delivered within promise
HDEL000496,HORD000496,2018-07-29,2018-08-01,2018-07-31,StarTrack,Standard,Delivered,0,True,71,9.64,none,3,7,Anytime,1.7662,False,0.254,delivered within promise
HDEL000497,HORD000497,2018-10-08,2018-10-15,2018-10-13,Direct Freight,Express,Delivered,0,True,18,17.75,none,7,9,Afternoon,7.3787,True,0.466,delivered within promise
HDEL000498,HORD000498,2018-02-01,2018-02-08,2018-02-08,StarTrack,Standard,Delivered,0,True,58,10.32,none,7,7,Morning,7.1134,True,0.552,delivered within promise
HDEL000499,HORD000499,2018-12-09,2018-12-13,2018-12-12,Direct Freight,Standard,Delivered,0,True,37,11.95,none,4,6,Afternoon,9.4249,True,0.581,delivered within promise
HDEL000500,HORD000500,2018-07-27,2018-07-30,2018-07-28,AusPost,Standard,Delivered,0,True,6,11.53,none,3,4,Anytime,6.5587,True,1.377,delivered within promise
HDEL000501,HORD000501,2018-07-29,2018-08-03,2018-08-03,StarTrack,Standard,Delivered,0,True,22,13.92,none,5,8,Anytime,6.7883,True,1.216,delivered within promise
HDEL000502,HORD000502,2018-09-01,2018-09-04,2018-09-04,StarTrack,Express,Delivered,0,True,66,24.54,none,3,4,Afternoon,5.0091,True,0.468,delivered within promise
HDEL000503,HORD000503,2018-12-30,2019-01-05,2019-01-05,Direct Freight,Standard,Delivered,0,True,9,7.22,none,6,9,Morning,2.7719,True,0.422,delivered within promise
HDEL000504,HORD000504,2018-07-09,2018-07-16,2018-07-15,DHL,Standard,Delivered,0,True,35,11.33,none,7,4,Morning,4.4676,False,0.345,delivered within promise
HDEL000505,HORD000505,2018-05-28,2018-06-02,2018-05-31,Direct Freight,Standard,Delivered,0,True,52,7.09,none,5,6,Morning,3.9696,True,0.999,delivered within promise
HDEL000506,HORD000506,2018-08-01,2018-08-05,2018-08-04,StarTrack,Standard,Delivered,0,True,14,10.43,none,4,8,Morning,5.0434,True,0.438,delivered within promise
HDEL000507,HORD000507,2018-02-12,2018-02-17,2018-02-16,AusPost,Express,Delivered,0,True,57,18.76,none,5,8,Afternoon,7.4143,True,0.439,delivered within promise
HDEL000508,HORD000508,2018-03-06,2018-03-10,2018-03-08,Direct Freight,Standard,Delivered,0,True,56,8.83,none,4,5,Morning,6.9179,True,0.997,delivered within promise
HDEL000509,HORD000509,2018-12-05,2018-12-10,2018-12-09,StarTrack,Standard,Delivered,0,True,37,8.25,none,5,5,Afternoon,6.4658,True,0.608,delivered within promise
HDEL000510,HORD000510,2018-06-20,2018-06-26,2018-06-24,DHL,Express,Delivered,0,True,26,17.39,none,6,6,Afternoon,1.7662,True,0.893,delivered within promise
HDEL000511,HORD000511,2018-08-24,2018-08-31,2018-08-31,DHL,Express,Delivered,0,True,45,23.07,none,7,3,Afternoon,5.5262,True,0.436,delivered within promise
HDEL000512,HORD000512,2018-01-30,2018-02-04,2018-02-03,AusPost,Standard,Delivered,0,True,72,10.69,none,5,3,Afternoon,7.4945,True,1.342,delivered within promise
HDEL000513,HORD000513,2018-09-01,2018-09-08,2018-09-06,Direct Freight,Standard,Delivered,0,True,28,7.43,none,7,5,Anytime,1.3998,True,0.329,delivered within promise
HDEL000514,HORD000514,2018-10-16,2018-10-19,2018-10-17,AusPost,Standard,Delivered,0,True,73,10.01,none,3,6,Anytime,7.4558,True,0.556,delivered within promise
HDEL000515,HORD000515,2018-12-15,2018-12-21,2018-12-25,Direct Freight,Standard,Delivered,4,False,39,6.51,weather,6,6,Morning,1.4968,True,0.392,carrier scan reconciled
HDEL000516,HORD000516,2018-06-28,2018-07-04,2018-07-03,StarTrack,Express,Delivered,0,True,5,22.3,none,6,3,Afternoon,7.7645,True,0.557,delivered within promise
HDEL000517,HORD000517,2018-07-21,2018-07-26,2018-07-26,DHL,Standard,Delivered,0,True,34,8.26,none,5,8,Afternoon,1.4362,False,0.252,delivered within promise
HDEL000518,HORD000518,2018-03-11,2018-03-18,2018-03-17,AusPost,Standard,Delivered,0,True,58,8.9,none,7,7,Anytime,6.7789,False,1.1,delivered within promise
HDEL000519,HORD000519,2018-04-06,2018-04-09,2018-04-07,StarTrack,Express,Delivered,0,True,46,15.97,none,3,3,Morning,5.3249,True,0.413,delivered within promise
HDEL000520,HORD000520,2018-12-19,2018-12-24,2018-12-24,DHL,Standard,Delivered,0,True,43,12.53,none,5,6,Afternoon,8.344,True,0.766,delivered within promise
HDEL000521,HORD000521,2018-08-03,2018-08-10,2018-08-09,AusPost,Standard,Delivered,0,True,52,11.03,none,7,5,Morning,4.631,True,0.377,delivered within promise
HDEL000522,HORD000522,2018-02-11,2018-02-17,2018-02-17,AusPost,Standard,Delivered,0,True,9,9.64,none,6,7,Afternoon,3.6955,True,1.049,delivered within promise
HDEL000523,HORD000523,2018-03-03,2018-03-09,2018-03-07,StarTrack,Standard,Delivered,0,True,68,9.09,none,6,5,Anytime,7.4582,True,0.552,delivered within promise
HDEL000524,HORD000524,2018-09-11,2018-09-17,2018-09-15,DHL,Standard,Delivered,0,True,31,8.35,none,6,4,Afternoon,3.4447,True,0.43,delivered within promise
HDEL000525,HORD000525,2018-04-08,2018-04-15,2018-04-15,DHL,Standard,Delivered,0,True,2,7.35,none,7,4,Morning,4.3781,False,0.344,delivered within promise
HDEL000526,HORD000526,2018-02-23,2018-02-28,2018-02-26,DHL,Standard,Delivered,0,True,70,9.6,none,5,7,Afternoon,3.7517,False,0.291,delivered within promise
HDEL000527,HORD000527,2018-08-13,2018-08-17,2018-08-15,Direct Freight,Standard,Delivered,0,True,29,13.56,none,4,3,Morning,7.0423,True,0.394,delivered within promise
HDEL000528,HORD000528,2018-02-03,2018-02-10,2018-02-10,Direct Freight,Standard,Delivered,0,True,65,8.37,none,7,5,Afternoon,6.3746,True,1.199,delivered within promise
HDEL000529,HORD000529,2018-07-11,2018-07-15,2018-07-14,DHL,Standard,Delivered,0,True,8,7.56,none,4,9,Morning,1.4979,True,0.441,delivered within promise
HDEL000530,HORD000530,2018-07-03,2018-07-07,2018-07-06,Direct Freight,Standard,Delivered,0,True,13,12.69,none,4,7,Morning,4.6506,True,0.412,delivered within promise
HDEL000531,HORD000531,2018-11-07,2018-11-12,2018-11-11,Direct Freight,Standard,Delivered,0,True,13,7.74,none,5,3,Morning,3.2243,False,0.385,delivered within promise
HDEL000532,HORD000532,2018-07-03,2018-07-07,2018-07-07,DHL,Standard,Delivered,0,True,55,12.13,none,4,8,Anytime,6.4658,True,0.55,delivered within promise
HDEL000533,HORD000533,2018-01-06,2018-01-10,2018-01-10,Direct Freight,Express,Delivered,0,True,27,21.11,none,4,7,Afternoon,8.2339,True,0.468,delivered within promise
HDEL000534,HORD000534,2018-12-29,2019-01-05,2019-01-04,Direct Freight,Standard,Delivered,0,True,54,7.6,none,7,6,Morning,3.6955,True,0.453,delivered within promise
HDEL000535,HORD000535,2018-10-06,2018-10-13,2018-10-13,Direct Freight,Standard,Delivered,0,True,60,10.5,none,7,9,Afternoon,7.7087,True,0.521,delivered within promise
HDEL000536,HORD000536,2018-04-10,2018-04-14,2018-04-14,StarTrack,Standard,Delivered,0,True,59,5.79,none,4,8,Anytime,2.0932,False,0.418,delivered within promise
HDEL000537,HORD000537,2018-05-17,2018-05-22,2018-05-20,StarTrack,Standard,Delivered,0,True,46,6.83,none,5,5,Anytime,3.2634,False,0.283,delivered within promise
HDEL000538,HORD000538,2018-09-16,2018-09-23,2018-09-23,AusPost,Standard,Delivered,0,True,17,11.19,none,7,7,Morning,6.6725,False,0.486,delivered within promise
HDEL000539,HORD000539,2018-12-26,2019-01-01,2018-12-31,Direct Freight,Standard,Delivered,0,True,56,9.0,none,6,7,Morning,4.2327,True,0.328,delivered within promise
HDEL000540,HORD000540,2018-08-19,2018-08-26,2018-08-24,AusPost,Express,Delivered,0,True,36,22.27,none,7,3,Afternoon,2.8697,True,0.873,delivered within promise
HDEL000541,HORD000541,2018-11-03,2018-11-08,2018-11-08,AusPost,Express,Delivered,0,True,22,18.76,none,5,5,Afternoon,4.3781,True,0.519,delivered within promise
HDEL000542,HORD000542,2018-03-04,2018-03-09,2018-03-09,DHL,Standard,Delivered,0,True,2,8.3,none,5,8,Morning,7.1652,True,1.83,delivered within promise
HDEL000543,HORD000543,2018-12-25,2019-01-01,2018-12-31,DHL,Standard,Delivered,0,True,43,7.73,none,7,7,Anytime,3.7104,True,0.329,delivered within promise
HDEL000544,HORD000544,2018-07-16,2018-07-22,2018-07-22,StarTrack,Standard,Delivered,0,True,20,12.98,none,6,3,Morning,6.7696,False,0.555,delivered within promise
HDEL000545,HORD000545,2018-08-31,2018-09-05,2018-09-04,Direct Freight,Standard,Delivered,0,True,31,12.18,none,5,3,Anytime,6.6032,True,1.013,delivered within promise
HDEL000546,HORD000546,2018-12-26,2019-01-01,2019-01-01,StarTrack,Standard,Delivered,0,True,69,8.4,none,6,7,Morning,4.5581,True,0.381,delivered within promise
HDEL000547,HORD000547,2018-09-13,2018-09-19,2018-09-19,StarTrack,Standard,Delivered,0,True,47,8.26,none,6,9,Anytime,4.9929,True,0.433,delivered within promise
HDEL000548,HORD000548,2018-11-27,2018-12-01,2018-12-01,AusPost,Standard,Delivered,0,True,26,6.43,none,4,5,Anytime,1.2522,False,0.406,delivered within promise
HDEL000549,HORD000549,2018-01-26,2018-01-29,2018-01-28,StarTrack,Standard,Delivered,0,True,9,6.89,none,3,4,Anytime,2.6653,True,1.268,delivered within promise
HDEL000550,HORD000550,2018-05-18,2018-05-22,2018-05-22,AusPost,Standard,Delivered,0,True,11,9.41,none,4,3,Anytime,6.4272,False,0.4,delivered within promise
HDEL000551,HORD000551,2018-02-02,2018-02-06,2018-02-05,Direct Freight,Standard,Delivered,0,True,7,9.05,none,4,8,Morning,6.2791,True,0.548,delivered within promise
HDEL000552,HORD000552,2018-07-20,2018-07-27,2018-07-26,AusPost,Express,Delivered,0,True,12,20.77,none,7,3,Anytime,7.1466,False,0.466,delivered within promise
HDEL000553,HORD000553,2018-08-10,2018-08-14,2018-08-12,AusPost,Standard,Delivered,0,True,39,10.34,none,4,8,Afternoon,1.6321,True,0.492,delivered within promise
HDEL000554,HORD000554,2018-12-01,2018-12-08,2018-12-07,AusPost,Standard,Delivered,0,True,65,7.0,none,7,9,Morning,2.9353,True,0.429,delivered within promise
HDEL000555,HORD000555,2018-04-13,2018-04-17,2018-04-16,DHL,Standard,Delivered,0,True,42,7.25,none,4,4,Morning,5.2439,True,0.889,delivered within promise
HDEL000556,HORD000556,2018-02-01,2018-02-05,2018-02-04,AusPost,Standard,Delivered,0,True,40,8.04,none,4,9,Afternoon,2.2454,False,0.27,delivered within promise
HDEL000557,HORD000557,2018-12-22,2018-12-29,2018-12-27,StarTrack,Express,Delivered,0,True,25,15.92,none,7,5,Anytime,6.514,True,0.571,delivered within promise
HDEL000558,HORD000558,2018-02-13,2018-02-18,2018-02-16,DHL,Standard,Delivered,0,True,19,8.91,none,5,6,Afternoon,5.497,False,0.408,delivered within promise
HDEL000559,HORD000559,2018-05-23,2018-05-26,2018-05-24,Direct Freight,Standard,Delivered,0,True,51,11.98,none,3,6,Morning,8.2339,True,0.708,delivered within promise
HDEL000560,HORD000560,2018-03-18,2018-03-24,2018-03-22,DHL,Express,Delivered,0,True,26,17.04,none,6,3,Afternoon,3.186,False,0.356,delivered within promise
HDEL000561,HORD000561,2018-07-11,2018-07-14,2018-07-13,DHL,Standard,Delivered,0,True,72,9.2,none,3,3,Afternoon,3.6744,True,0.413,delivered within promise
HDEL000562,HORD000562,2018-06-18,2018-06-25,2018-06-24,Direct Freight,Standard,Delivered,0,True,16,7.97,none,7,5,Morning,1.0768,True,0.314,delivered within promise
HDEL000563,HORD000563,2018-11-22,2018-11-28,2018-11-27,Direct Freight,Standard,Delivered,0,True,70,10.14,none,6,7,Morning,7.2568,False,0.411,delivered within promise
HDEL000564,HORD000564,2018-03-25,2018-03-30,2018-03-29,AusPost,Express,Delivered,0,True,14,15.53,none,5,7,Morning,6.1407,True,0.614,delivered within promise
HDEL000565,HORD000565,2018-07-05,2018-07-10,2018-07-09,StarTrack,Standard,Delivered,0,True,72,10.03,none,5,8,Afternoon,5.8765,False,0.405,delivered within promise
HDEL000566,HORD000566,2018-12-27,2019-01-03,2019-01-01,DHL,Standard,Delivered,0,True,50,8.9,none,7,6,Morning,5.4295,True,0.431,delivered within promise
HDEL000567,HORD000567,2018-10-23,2018-10-30,2018-10-28,Direct Freight,Standard,Delivered,0,True,23,8.87,none,7,9,Anytime,7.7244,False,0.468,delivered within promise
HDEL000568,HORD000568,2018-10-21,2018-10-25,2018-10-23,StarTrack,Standard,Delivered,0,True,47,8.68,none,4,8,Morning,6.0532,False,0.394,delivered within promise
HDEL000569,HORD000569,2018-02-15,2018-02-21,2018-02-19,DHL,Standard,Delivered,0,True,16,7.75,none,6,8,Morning,4.37,True,0.385,delivered within promise
HDEL000570,HORD000570,2018-04-07,2018-04-13,2018-04-11,AusPost,Express,Delivered,0,True,56,13.65,none,6,3,Anytime,1.4056,True,0.396,delivered within promise
HDEL000571,HORD000571,2018-09-21,2018-09-28,2018-09-27,AusPost,Standard,Delivered,0,True,60,7.11,none,7,5,Afternoon,3.776,True,1.099,delivered within promise
HDEL000572,HORD000572,2018-08-14,2018-08-18,2018-08-16,StarTrack,Standard,Delivered,0,True,22,10.64,none,4,8,Anytime,6.3062,True,0.568,delivered within promise
HDEL000573,HORD000573,2018-12-31,2019-01-05,2019-01-04,StarTrack,Standard,Delivered,0,True,60,9.93,none,5,5,Anytime,9.1012,False,0.468,delivered within promise
HDEL000574,HORD000574,2018-09-05,2018-09-12,2018-09-10,Direct Freight,Standard,Delivered,0,True,48,8.68,none,7,7,Anytime,2.8809,True,0.378,delivered within promise
HDEL000575,HORD000575,2018-06-13,2018-06-19,2018-06-19,Direct Freight,Standard,Delivered,0,True,40,11.07,none,6,7,Morning,5.1925,False,0.449,delivered within promise
HDEL000576,HORD000576,2018-08-10,2018-08-15,2018-08-13,DHL,Standard,Delivered,0,True,6,8.54,none,5,9,Afternoon,3.0676,True,0.387,delivered within promise
HDEL000577,HORD000577,2018-04-21,2018-04-28,2018-04-27,Direct Freight,Express,Delivered,0,True,50,15.21,none,7,3,Anytime,5.9533,False,0.408,delivered within promise
HDEL000578,HORD000578,2018-05-28,2018-05-31,2018-05-29,StarTrack,Standard,Delivered,0,True,57,8.14,none,3,6,Morning,6.2684,False,0.377,delivered within promise
HDEL000579,HORD000579,2018-04-24,2018-04-29,2018-04-27,StarTrack,Express,Delivered,0,True,69,14.34,none,5,3,Morning,2.2928,True,0.314,delivered within promise
HDEL000580,HORD000580,2018-02-24,2018-03-01,2018-03-01,AusPost,Standard,Delivered,0,True,44,12.14,none,5,8,Afternoon,7.932,True,0.546,delivered within promise
HDEL000581,HORD000581,2018-05-03,2018-05-09,2018-05-09,Direct Freight,Standard,Delivered,0,True,44,5.59,none,6,3,Afternoon,1.7795,False,0.263,delivered within promise
HDEL000582,HORD000582,2018-07-06,2018-07-11,2018-07-11,Direct Freight,Standard,Delivered,0,True,37,11.64,none,5,6,Morning,4.0181,True,0.483,delivered within promise
HDEL000583,HORD000583,2018-05-05,2018-05-09,2018-05-08,DHL,Standard,Delivered,0,True,6,6.23,none,4,5,Anytime,0.3467,True,0.42,delivered within promise
HDEL000584,HORD000584,2018-12-03,2018-12-06,2018-12-04,StarTrack,Standard,Delivered,0,True,39,11.45,none,3,7,Anytime,7.8823,True,0.556,delivered within promise
HDEL000585,HORD000585,2018-03-12,2018-03-16,2018-03-14,AusPost,Standard,Delivered,0,True,11,6.79,none,4,6,Afternoon,4.0371,False,0.314,delivered within promise
HDEL000586,HORD000586,2018-10-23,2018-10-26,2018-10-26,AusPost,Express,Delivered,0,True,44,15.78,none,3,7,Afternoon,3.3602,True,0.589,delivered within promise
HDEL000587,HORD000587,2018-03-09,2018-03-13,2018-03-13,StarTrack,Standard,Delivered,0,True,53,9.27,none,4,7,Morning,5.1062,True,1.137,delivered within promise
HDEL000588,HORD000588,2018-01-19,2018-01-22,2018-01-22,AusPost,Express,Delivered,0,True,2,17.13,none,3,4,Anytime,9.687,True,0.594,delivered within promise
HDEL000589,HORD000589,2018-06-24,2018-06-30,2018-06-29,Direct Freight,Express,Delivered,0,True,23,23.98,none,6,3,Morning,6.5587,True,0.47,delivered within promise
HDEL000590,HORD000590,2018-09-17,2018-09-21,2018-09-21,AusPost,Standard,Delivered,0,True,33,7.07,none,4,3,Afternoon,4.0705,False,0.447,delivered within promise
HDEL000591,HORD000591,2018-01-12,2018-01-17,2018-01-17,Direct Freight,Standard,Delivered,0,True,27,10.47,none,5,7,Anytime,5.0399,True,0.414,delivered within promise
HDEL000592,HORD000592,2018-02-01,2018-02-06,2018-02-05,AusPost,Standard,Delivered,0,True,55,9.89,none,5,8,Afternoon,5.5403,False,0.418,delivered within promise
HDEL000593,HORD000593,2018-05-03,2018-05-07,2018-05-05,AusPost,Standard,Delivered,0,True,55,6.38,none,4,7,Morning,3.1348,False,0.796,delivered within promise
HDEL000594,HORD000594,2018-03-11,2018-03-18,2018-03-16,DHL,Standard,Delivered,0,True,5,9.09,none,7,4,Anytime,5.996,True,0.389,delivered within promise
HDEL000595,HORD000595,2018-12-21,2018-12-27,2018-12-31,DHL,Standard,Delivered,4,False,7,12.77,weather,6,7,Morning,9.4205,True,0.568,carrier scan reconciled
HDEL000596,HORD000596,2018-07-02,2018-07-05,2018-07-03,StarTrack,Standard,Delivered,0,True,9,11.38,none,3,6,Anytime,3.4124,True,0.899,delivered within promise
HDEL000597,HORD000597,2018-10-11,2018-10-18,2018-10-17,DHL,Express,Delivered,0,True,38,17.5,none,7,6,Morning,8.344,False,0.408,delivered within promise
HDEL000598,HORD000598,2018-04-01,2018-04-08,2018-04-06,AusPost,Standard,Delivered,0,True,14,8.87,none,7,8,Morning,7.8766,True,0.467,delivered within promise
HDEL000599,HORD000599,2018-03-14,2018-03-18,2018-03-16,DHL,Standard,Delivered,0,True,41,6.94,none,4,9,Afternoon,3.9724,True,1.069,delivered within promise
HDEL000600,HORD000600,2018-09-20,2018-09-27,2018-09-26,StarTrack,Express,Delivered,0,True,63,16.48,none,7,6,Morning,5.0545,True,0.395,delivered within promise
HDEL000601,HORD000601,2018-04-10,2018-04-13,2018-04-12,DHL,Express,Delivered,0,True,53,18.94,none,3,9,Afternoon,3.3602,True,0.537,delivered within promise
HDEL000602,HORD000602,2018-01-22,2018-01-27,2018-01-26,DHL,Standard,Delivered,0,True,40,9.65,none,5,7,Afternoon,5.5563,True,0.55,delivered within promise
HDEL000603,HORD000603,2018-09-03,2018-09-08,2018-09-07,Direct Freight,Standard,Delivered,0,True,58,9.54,none,5,6,Anytime,1.0772,False,0.266,delivered within promise
HDEL000604,HORD000604,2018-08-19,2018-08-23,2018-08-21,DHL,Standard,Delivered,0,True,63,9.45,none,4,5,Afternoon,5.0931,True,0.423,delivered within promise
HDEL000605,HORD000605,2018-07-02,2018-07-05,2018-07-04,StarTrack,Standard,Delivered,0,True,53,7.82,none,3,9,Morning,1.9767,True,0.293,delivered within promise
HDEL000606,HORD000606,2018-01-02,2018-01-05,2018-01-03,Direct Freight,Standard,Delivered,0,True,21,7.51,none,3,7,Anytime,3.3529,True,1.023,delivered within promise
HDEL000607,HORD000607,2018-01-11,2018-01-18,2018-01-17,Direct Freight,Express,Delivered,0,True,37,19.23,none,7,6,Morning,6.6551,True,0.478,delivered within promise
HDEL000608,HORD000608,2018-12-01,2018-12-04,2018-12-03,Direct Freight,Standard,Delivered,0,True,45,9.32,none,3,8,Morning,6.5503,True,1.017,delivered within promise
HDEL000609,HORD000609,2018-03-14,2018-03-20,2018-03-19,StarTrack,Standard,Delivered,0,True,66,7.01,none,6,5,Afternoon,4.4633,False,0.329,delivered within promise
HDEL000610,HORD000610,2018-03-26,2018-03-30,2018-03-30,DHL,Express,Delivered,0,True,22,18.89,none,4,8,Morning,6.9394,True,1.0,delivered within promise
HDEL000611,HORD000611,2018-02-14,2018-02-21,2018-02-20,AusPost,Standard,Delivered,0,True,15,5.99,none,7,9,Afternoon,1.4979,True,0.301,delivered within promise
HDEL000612,HORD000612,2018-03-31,2018-04-06,2018-04-04,Direct Freight,Standard,Delivered,0,True,7,7.02,none,6,9,Afternoon,1.0772,True,1.009,delivered within promise
HDEL000613,HORD000613,2018-10-09,2018-10-16,2018-10-16,Direct Freight,Standard,Delivered,0,True,62,9.17,none,7,8,Anytime,3.5976,True,0.466,delivered within promise
HDEL000614,HORD000614,2018-04-10,2018-04-17,2018-04-16,StarTrack,Standard,Delivered,0,True,67,10.23,none,7,9,Morning,7.6447,True,0.561,delivered within promise
HDEL000615,HORD000615,2018-09-14,2018-09-20,2018-09-18,StarTrack,Standard,Delivered,0,True,24,7.18,none,6,8,Anytime,2.5527,True,0.473,delivered within promise
HDEL000616,HORD000616,2018-05-15,2018-05-19,2018-05-18,Direct Freight,Express,Delivered,0,True,63,19.24,none,4,3,Afternoon,5.0818,True,0.428,delivered within promise
HDEL000617,HORD000617,2018-06-17,2018-06-24,2018-06-23,DHL,Standard,Delivered,0,True,2,10.03,none,7,4,Morning,2.2454,True,0.405,delivered within promise
HDEL000618,HORD000618,2018-01-21,2018-01-25,2018-01-23,AusPost,Express,Delivered,0,True,13,15.24,none,4,5,Morning,3.1405,True,0.425,delivered within promise
HDEL000619,HORD000619,2018-10-22,2018-10-29,2018-10-28,DHL,Standard,Delivered,0,True,61,8.93,none,7,9,Anytime,5.5563,True,0.989,delivered within promise
HDEL000620,HORD000620,2018-12-05,2018-12-08,2018-12-08,AusPost,Standard,Delivered,0,True,10,10.3,none,3,6,Afternoon,4.6007,True,0.466,delivered within promise
HDEL000621,HORD000621,2018-01-20,2018-01-24,2018-01-22,AusPost,Standard,Delivered,0,True,2,7.53,none,4,5,Afternoon,1.2522,True,0.343,delivered within promise
HDEL000622,HORD000622,2018-07-08,2018-07-11,2018-07-10,Direct Freight,Standard,Delivered,0,True,52,14.29,none,3,3,Afternoon,8.7636,False,0.416,delivered within promise
HDEL000623,HORD000623,2018-04-28,2018-05-01,2018-04-30,StarTrack,Standard,Delivered,0,True,28,7.67,none,3,3,Anytime,2.6825,False,0.332,delivered within promise
HDEL000624,HORD000624,2018-04-29,2018-05-04,2018-05-03,StarTrack,Standard,Delivered,0,True,48,9.69,none,5,4,Morning,4.9022,True,1.645,delivered within promise
HDEL000625,HORD000625,2018-04-27,2018-05-04,2018-05-02,AusPost,Standard,Delivered,0,True,2,7.8,none,7,6,Morning,4.6096,False,0.88,delivered within promise
HDEL000626,HORD000626,2018-04-02,2018-04-09,2018-04-07,StarTrack,Standard,Delivered,0,True,26,8.8,none,7,3,Anytime,5.0931,True,0.867,delivered within promise
HDEL000627,HORD000627,2018-01-22,2018-01-26,2018-01-25,StarTrack,Standard,Delivered,0,True,50,8.62,none,4,3,Anytime,5.1789,False,0.455,delivered within promise
HDEL000628,HORD000628,2018-11-29,2018-12-04,2018-12-04,AusPost,Standard,Delivered,0,True,39,8.2,none,5,8,Afternoon,3.2192,True,0.545,delivered within promise
HDEL000629,HORD000629,2018-02-09,2018-02-12,2018-02-10,AusPost,Standard,Delivered,0,True,3,6.99,none,3,4,Morning,3.2192,False,0.324,delivered within promise
HDEL000630,HORD000630,2018-10-05,2018-10-10,2018-10-09,Direct Freight,Standard,Delivered,0,True,51,9.37,none,5,6,Afternoon,7.4601,False,0.391,delivered within promise
HDEL000631,HORD000631,2018-02-11,2018-02-16,2018-02-14,DHL,Standard,Delivered,0,True,23,9.28,none,5,3,Morning,3.6096,True,0.472,delivered within promise
HDEL000632,HORD000632,2018-10-05,2018-10-11,2018-10-09,DHL,Standard,Delivered,0,True,57,11.01,none,6,8,Morning,7.8676,True,0.485,delivered within promise
HDEL000633,HORD000633,2018-03-27,2018-04-01,2018-03-31,AusPost,Standard,Delivered,0,True,33,5.38,none,5,8,Morning,1.2249,True,0.339,delivered within promise
HDEL000634,HORD000634,2018-11-14,2018-11-18,2018-11-17,StarTrack,Standard,Delivered,0,True,19,9.97,none,4,6,Morning,6.7789,True,0.488,delivered within promise
HDEL000635,HORD000635,2018-09-03,2018-09-08,2018-09-06,Direct Freight,Standard,Delivered,0,True,54,6.93,none,5,6,Morning,3.5762,True,0.587,delivered within promise
HDEL000636,HORD000636,2018-08-12,2018-08-19,2018-08-19,StarTrack,Standard,Delivered,0,True,27,7.85,none,7,4,Afternoon,0.1378,True,0.362,delivered within promise
HDEL000637,HORD000637,2018-06-24,2018-07-01,2018-06-29,AusPost,Standard,Delivered,0,True,44,14.76,none,7,7,Afternoon,7.4601,True,0.561,delivered within promise
HDEL000638,HORD000638,2018-11-03,2018-11-09,2018-11-09,StarTrack,Express,Delivered,0,True,21,15.66,none,6,6,Morning,4.0213,True,0.555,delivered within promise
HDEL000639,HORD000639,2018-03-08,2018-03-14,2018-03-13,StarTrack,Express,Delivered,0,True,63,15.14,none,6,8,Anytime,6.7199,False,0.554,delivered within promise
HDEL000640,HORD000640,2018-03-19,2018-03-24,2018-03-22,StarTrack,Standard,Delivered,0,True,14,7.08,none,5,9,Afternoon,1.4362,False,0.297,delivered within promise
HDEL000641,HORD000641,2018-10-17,2018-10-24,2018-10-24,AusPost,Express,Delivered,0,True,12,20.5,none,7,9,Morning,7.7087,True,0.518,delivered within promise
HDEL000642,HORD000642,2018-06-24,2018-06-30,2018-06-30,AusPost,Standard,Delivered,0,True,11,8.22,none,6,6,Anytime,1.4968,True,1.057,delivered within promise
HDEL000643,HORD000643,2018-08-06,2018-08-09,2018-08-08,Direct Freight,Standard,Delivered,0,True,56,10.27,none,3,8,Anytime,4.6531,False,0.35,delivered within promise
HDEL000644,HORD000644,2018-04-20,2018-04-23,2018-04-23,Direct Freight,Standard,Delivered,0,True,40,8.26,none,3,5,Afternoon,5.4863,True,0.609,delivered within promise
HDEL000645,HORD000645,2018-07-26,2018-08-02,2018-08-01,Direct Freight,Express,Delivered,0,True,27,19.63,none,7,8,Anytime,6.6691,True,1.106,delivered within promise
HDEL000646,HORD000646,2018-05-31,2018-06-06,2018-06-05,DHL,Express,Delivered,0,True,16,15.51,none,6,7,Morning,7.4582,False,0.396,delivered within promise
HDEL000647,HORD000647,2019-01-01,2019-01-06,2019-01-04,DHL,Standard,Delivered,0,True,3,8.01,none,5,4,Afternoon,4.2327,True,0.492,delivered within promise
HDEL000648,HORD000648,2018-03-22,2018-03-29,2018-03-28,StarTrack,Standard,Delivered,0,True,5,11.18,none,7,6,Anytime,7.5536,True,0.519,delivered within promise
HDEL000649,HORD000649,2018-12-09,2018-12-13,2018-12-13,Direct Freight,Standard,Delivered,0,True,24,7.23,none,4,7,Morning,0.1725,True,0.258,delivered within promise
HDEL000650,HORD000650,2018-05-01,2018-05-08,2018-05-08,Direct Freight,Standard,Delivered,0,True,43,9.75,none,7,8,Afternoon,5.6653,True,0.51,delivered within promise
HDEL000651,HORD000651,2018-11-06,2018-11-12,2018-11-12,AusPost,Standard,Delivered,0,True,28,11.87,none,6,3,Afternoon,8.0537,False,0.427,delivered within promise
HDEL000652,HORD000652,2018-08-23,2018-08-27,2018-08-25,StarTrack,Standard,Delivered,0,True,42,11.58,none,4,4,Afternoon,7.5048,True,0.468,delivered within promise
HDEL000653,HORD000653,2018-06-27,2018-07-03,2018-07-02,Direct Freight,Standard,Delivered,0,True,58,11.28,none,6,5,Morning,6.322,True,0.846,delivered within promise
HDEL000654,HORD000654,2018-06-11,2018-06-14,2018-06-14,DHL,Express,Delivered,0,True,50,21.19,none,3,9,Anytime,6.5503,True,0.491,delivered within promise
HDEL000655,HORD000655,2018-09-25,2018-10-01,2018-10-01,StarTrack,Express,Delivered,0,True,49,18.17,none,6,4,Afternoon,6.7796,False,0.394,delivered within promise
HDEL000656,HORD000656,2018-07-11,2018-07-18,2018-07-17,AusPost,Standard,Delivered,0,True,17,11.94,none,7,5,Afternoon,6.461,False,1.171,delivered within promise
HDEL000657,HORD000657,2018-04-21,2018-04-28,2018-04-26,Direct Freight,Standard,Delivered,0,True,10,9.27,none,7,7,Morning,8.085,False,0.437,delivered within promise
HDEL000658,HORD000658,2018-02-24,2018-02-27,2018-02-26,AusPost,Express,Delivered,0,True,19,17.83,none,3,3,Anytime,7.1134,False,0.441,delivered within promise
HDEL000659,HORD000659,2018-08-26,2018-09-01,2018-08-31,DHL,Standard,Delivered,0,True,37,13.21,none,6,9,Morning,7.2459,True,0.442,delivered within promise
HDEL000660,HORD000660,2018-11-05,2018-11-08,2018-11-08,StarTrack,Standard,Delivered,0,True,36,7.2,none,3,3,Anytime,2.018,True,0.415,delivered within promise
HDEL000661,HORD000661,2018-02-13,2018-02-16,2018-02-15,AusPost,Standard,Delivered,0,True,62,7.73,none,3,8,Afternoon,3.6475,False,0.35,delivered within promise
HDEL000662,HORD000662,2018-01-28,2018-01-31,2018-01-29,StarTrack,Standard,Delivered,0,True,31,11.34,none,3,5,Afternoon,9.9192,True,0.592,delivered within promise
HDEL000663,HORD000663,2018-05-10,2018-05-15,2018-05-15,DHL,Standard,Delivered,0,True,55,7.9,none,5,8,Morning,6.0532,True,0.556,delivered within promise
HDEL000664,HORD000664,2018-09-10,2018-09-13,2018-09-11,AusPost,Standard,Delivered,0,True,48,8.63,none,3,8,Anytime,6.7349,True,0.555,delivered within promise
HDEL000665,HORD000665,2018-07-03,2018-07-07,2018-07-06,Direct Freight,Standard,Delivered,0,True,10,12.67,none,4,3,Afternoon,5.1023,True,0.451,delivered within promise
HDEL000666,HORD000666,2018-04-07,2018-04-13,2018-04-13,AusPost,Standard,Delivered,0,True,61,6.09,none,6,3,Afternoon,2.123,True,0.899,delivered within promise
HDEL000667,HORD000667,2018-07-23,2018-07-30,2018-07-28,Direct Freight,Standard,Delivered,0,True,36,8.8,none,7,5,Afternoon,4.0259,False,0.338,delivered within promise
HDEL000668,HORD000668,2018-06-02,2018-06-05,2018-06-10,StarTrack,Standard,Delivered,5,False,25,9.74,weather,3,8,Afternoon,4.0213,True,1.023,carrier scan reconciled
HDEL000669,HORD000669,2018-09-30,2018-10-06,2018-10-05,StarTrack,Standard,Delivered,0,True,11,9.77,none,6,5,Afternoon,4.8907,False,0.34,delivered within promise
HDEL000670,HORD000670,2018-09-03,2018-09-09,2018-09-09,StarTrack,Express,Delivered,0,True,47,13.81,none,6,5,Afternoon,0.6788,True,0.368,delivered within promise
HDEL000671,HORD000671,2018-02-14,2018-02-19,2018-02-19,AusPost,Standard,Delivered,0,True,7,8.81,none,5,9,Afternoon,4.3951,True,0.436,delivered within promise
HDEL000672,HORD000672,2018-10-13,2018-10-18,2018-10-18,StarTrack,Express,Delivered,0,True,10,20.77,none,5,7,Afternoon,8.2355,True,0.508,delivered within promise
HDEL000673,HORD000673,2018-04-05,2018-04-08,2018-04-08,DHL,Standard,Delivered,0,True,18,6.02,none,3,7,Afternoon,1.0148,True,0.341,delivered within promise
HDEL000674,HORD000674,2018-10-10,2018-10-14,2018-10-13,StarTrack,Standard,Delivered,0,True,17,7.57,none,4,5,Anytime,5.4433,False,0.425,delivered within promise
HDEL000675,HORD000675,2018-07-15,2018-07-20,2018-07-20,AusPost,Standard,Delivered,0,True,18,12.86,none,5,4,Afternoon,9.2711,True,0.744,delivered within promise
HDEL000676,HORD000676,2018-05-20,2018-05-24,2018-05-24,DHL,Standard,Delivered,0,True,7,9.36,none,4,9,Anytime,5.2439,True,1.13,delivered within promise
HDEL000677,HORD000677,2018-06-18,2018-06-23,2018-06-21,DHL,Standard,Delivered,0,True,13,10.97,none,5,8,Afternoon,3.5087,True,0.427,delivered within promise
HDEL000678,HORD000678,2018-02-04,2018-02-07,2018-02-05,DHL,Standard,Delivered,0,True,41,8.63,none,3,3,Anytime,3.773,True,0.545,delivered within promise
HDEL000679,HORD000679,2018-03-13,2018-03-18,2018-03-17,AusPost,Standard,Delivered,0,True,6,8.36,none,5,4,Afternoon,4.3781,False,0.377,delivered within promise
HDEL000680,HORD000680,2018-05-06,2018-05-09,2018-05-14,StarTrack,Standard,Delivered,5,False,26,5.65,carrier_capacity,3,9,Afternoon,1.4056,True,0.511,carrier scan reconciled
HDEL000681,HORD000681,2018-12-23,2018-12-27,2018-12-26,DHL,Standard,Delivered,0,True,47,8.32,none,4,3,Afternoon,5.972,False,0.34,delivered within promise
HDEL000682,HORD000682,2018-04-15,2018-04-20,2018-04-20,StarTrack,Standard,Delivered,0,True,71,7.64,none,5,9,Afternoon,2.5443,True,0.82,delivered within promise
HDEL000683,HORD000683,2018-04-12,2018-04-15,2018-04-15,AusPost,Standard,Delivered,0,True,36,9.04,none,3,3,Anytime,5.6239,True,0.503,delivered within promise
HDEL000684,HORD000684,2018-02-24,2018-03-03,2018-03-01,Direct Freight,Express,Delivered,0,True,3,16.94,none,7,4,Anytime,1.3177,False,0.292,delivered within promise
HDEL000685,HORD000685,2018-03-01,2018-03-04,2018-03-03,Direct Freight,Standard,Delivered,0,True,48,7.58,none,3,9,Morning,4.631,False,0.354,delivered within promise
HDEL000686,HORD000686,2018-01-12,2018-01-18,2018-01-18,AusPost,Standard,Delivered,0,True,63,9.76,none,6,3,Anytime,6.9476,True,0.435,delivered within promise
HDEL000687,HORD000687,2018-03-11,2018-03-15,2018-03-15,Direct Freight,Standard,Delivered,0,True,25,10.92,none,4,7,Anytime,7.278,True,0.476,delivered within promise
HDEL000688,HORD000688,2018-02-07,2018-02-13,2018-02-11,StarTrack,Standard,Delivered,0,True,45,9.23,none,6,4,Morning,7.5048,False,0.454,delivered within promise
HDEL000689,HORD000689,2018-01-25,2018-01-29,2018-01-29,StarTrack,Standard,Delivered,0,True,18,7.55,none,4,6,Afternoon,3.333,False,0.37,delivered within promise
HDEL000690,HORD000690,2018-11-15,2018-11-21,2018-11-19,AusPost,Express,Delivered,0,True,40,13.8,none,6,3,Morning,4.0213,True,0.636,delivered within promise
HDEL000691,HORD000691,2018-08-19,2018-08-22,2018-08-20,Direct Freight,Standard,Delivered,0,True,55,9.4,none,3,4,Afternoon,4.0056,True,0.491,delivered within promise
HDEL000692,HORD000692,2018-11-06,2018-11-11,2018-11-10,AusPost,Standard,Delivered,0,True,34,7.1,none,5,9,Afternoon,1.2522,False,0.253,delivered within promise
HDEL000693,HORD000693,2018-01-20,2018-01-26,2018-01-25,AusPost,Express,Delivered,0,True,66,17.7,none,6,5,Afternoon,5.5988,False,0.447,delivered within promise
HDEL000694,HORD000694,2018-11-08,2018-11-14,2018-11-12,Direct Freight,Standard,Delivered,0,True,60,7.02,none,6,8,Anytime,1.5895,True,1.093,delivered within promise
HDEL000695,HORD000695,2018-01-23,2018-01-30,2018-01-28,DHL,Standard,Delivered,0,True,11,7.31,none,7,7,Anytime,3.4727,True,0.417,delivered within promise
HDEL000696,HORD000696,2018-10-03,2018-10-07,2018-10-06,Direct Freight,Standard,Delivered,0,True,57,6.61,none,4,4,Morning,2.8333,True,0.412,delivered within promise
HDEL000697,HORD000697,2018-04-11,2018-04-16,2018-04-16,Direct Freight,Standard,Delivered,0,True,70,8.31,none,5,4,Anytime,3.4116,True,0.341,delivered within promise
HDEL000698,HORD000698,2018-11-24,2018-11-29,2018-11-27,Direct Freight,Express,Delivered,0,True,15,18.0,none,5,6,Anytime,5.5803,True,0.449,delivered within promise
HDEL000699,HORD000699,2018-03-05,2018-03-08,2018-03-08,Direct Freight,Standard,Delivered,0,True,9,9.34,none,3,7,Anytime,4.5841,True,0.364,delivered within promise
HDEL000700,HORD000700,2018-11-23,2018-11-30,2018-11-28,Direct Freight,Standard,Delivered,0,True,51,9.06,none,7,4,Afternoon,8.085,False,0.456,delivered within promise
HDEL000701,HORD000701,2018-10-29,2018-11-03,2018-11-01,Direct Freight,Express,Delivered,0,True,37,15.23,none,5,6,Anytime,7.408,True,0.495,delivered within promise
HDEL000702,HORD000702,2018-05-12,2018-05-18,2018-05-18,AusPost,Standard,Delivered,0,True,52,8.21,none,6,6,Anytime,6.1688,False,0.397,delivered within promise
HDEL000703,HORD000703,2018-07-18,2018-07-23,2018-07-22,AusPost,Standard,Delivered,0,True,12,11.97,none,5,9,Anytime,5.2449,True,0.425,delivered within promise
HDEL000704,HORD000704,2018-05-11,2018-05-17,2018-05-15,StarTrack,Standard,Delivered,0,True,24,9.15,none,6,3,Anytime,6.5462,True,1.119,delivered within promise
HDEL000705,HORD000705,2018-01-16,2018-01-23,2018-01-21,Direct Freight,Standard,Delivered,0,True,63,10.88,none,7,9,Anytime,8.7537,False,0.503,delivered within promise
HDEL000706,HORD000706,2018-10-04,2018-10-08,2018-10-07,StarTrack,Standard,Delivered,0,True,54,8.22,none,4,5,Afternoon,5.8814,True,1.183,delivered within promise
HDEL000707,HORD000707,2018-08-30,2018-09-03,2018-09-03,DHL,Standard,Delivered,0,True,23,13.93,none,4,8,Morning,6.1208,True,0.549,delivered within promise
HDEL000708,HORD000708,2018-07-10,2018-07-16,2018-07-16,DHL,Standard,Delivered,0,True,41,10.26,none,6,8,Afternoon,2.7719,True,0.316,delivered within promise
HDEL000709,HORD000709,2018-07-23,2018-07-26,2018-07-26,Direct Freight,Standard,Delivered,0,True,57,12.18,none,3,5,Morning,7.4601,True,1.099,delivered within promise
HDEL000710,HORD000710,2018-11-18,2018-11-22,2018-11-20,DHL,Standard,Delivered,0,True,61,8.38,none,4,9,Afternoon,3.2063,True,0.403,delivered within promise
HDEL000711,HORD000711,2018-09-04,2018-09-09,2018-09-07,Direct Freight,Standard,Delivered,0,True,4,8.69,none,5,7,Afternoon,5.5821,True,0.369,delivered within promise
HDEL000712,HORD000712,2018-06-30,2018-07-04,2018-07-03,Direct Freight,Express,Delivered,0,True,65,18.81,none,4,6,Morning,1.4968,True,1.225,delivered within promise
HDEL000713,HORD000713,2018-10-18,2018-10-23,2018-10-22,AusPost,Express,Delivered,0,True,33,15.35,none,5,8,Morning,4.2327,True,0.479,delivered within promise
HDEL000714,HORD000714,2018-12-31,2019-01-03,2019-01-07,Direct Freight,Standard,Delivered,4,False,33,10.48,carrier_capacity,3,7,Morning,4.8907,True,0.495,carrier scan reconciled
HDEL000715,HORD000715,2018-07-16,2018-07-20,2018-07-18,Direct Freight,Standard,Delivered,0,True,9,15.35,none,4,5,Morning,8.0765,True,1.284,delivered within promise
HDEL000716,HORD000716,2018-03-23,2018-03-28,2018-03-26,AusPost,Standard,Delivered,0,True,3,10.27,none,5,5,Afternoon,8.2822,False,0.398,delivered within promise
HDEL000717,HORD000717,2018-09-04,2018-09-08,2018-09-06,AusPost,Express,Delivered,0,True,28,18.55,none,4,8,Anytime,7.1101,False,0.367,delivered within promise
HDEL000718,HORD000718,2018-05-12,2018-05-15,2018-05-15,Direct Freight,Standard,Delivered,0,True,17,10.27,none,3,5,Afternoon,5.9006,False,0.365,delivered within promise
HDEL000719,HORD000719,2018-06-11,2018-06-18,2018-06-16,AusPost,Standard,Delivered,0,True,16,12.25,none,7,8,Anytime,6.0108,True,0.357,delivered within promise
HDEL000720,HORD000720,2018-11-23,2018-11-29,2018-11-27,Direct Freight,Standard,Delivered,0,True,40,9.23,none,6,6,Anytime,8.0537,True,0.517,delivered within promise
HDEL000721,HORD000721,2018-05-26,2018-05-29,2018-05-27,DHL,Standard,Delivered,0,True,24,6.15,none,3,9,Morning,1.0355,False,0.266,delivered within promise
HDEL000722,HORD000722,2018-06-08,2018-06-11,2018-06-11,DHL,Standard,Delivered,0,True,37,9.0,none,3,8,Afternoon,3.7052,True,0.874,delivered within promise
HDEL000723,HORD000723,2018-09-15,2018-09-22,2018-09-20,DHL,Standard,Delivered,0,True,51,6.98,none,7,5,Anytime,4.1904,False,0.357,delivered within promise
HDEL000724,HORD000724,2018-10-29,2018-11-04,2018-11-03,Direct Freight,Standard,Delivered,0,True,66,10.24,none,6,6,Morning,5.2597,True,1.186,delivered within promise
HDEL000725,HORD000725,2018-12-20,2018-12-23,2018-12-21,DHL,Standard,Delivered,0,True,11,12.86,none,3,4,Anytime,8.7178,True,0.508,delivered within promise
HDEL000726,HORD000726,2018-02-16,2018-02-19,2018-02-19,AusPost,Standard,Delivered,0,True,27,11.75,none,3,9,Morning,7.8766,False,0.431,delivered within promise
HDEL000727,HORD000727,2018-12-11,2018-12-14,2018-12-14,Direct Freight,Standard,Delivered,0,True,13,9.1,none,3,9,Anytime,7.1466,False,0.48,delivered within promise
HDEL000728,HORD000728,2018-07-26,2018-07-30,2018-07-29,Direct Freight,Standard,Delivered,0,True,33,13.73,none,4,8,Afternoon,7.0873,False,0.445,delivered within promise
HDEL000729,HORD000729,2018-03-15,2018-03-18,2018-03-17,StarTrack,Standard,Delivered,0,True,68,11.96,none,3,5,Afternoon,8.2357,True,1.397,delivered within promise
HDEL000730,HORD000730,2018-06-20,2018-06-26,2018-06-24,AusPost,Standard,Delivered,0,True,66,10.88,none,6,4,Morning,7.8676,True,0.473,delivered within promise
HDEL000731,HORD000731,2018-07-28,2018-08-03,2018-08-01,DHL,Standard,Delivered,0,True,37,9.98,none,6,9,Afternoon,5.972,False,0.423,delivered within promise
HDEL000732,HORD000732,2018-12-26,2019-01-02,2019-01-02,AusPost,Standard,Delivered,0,True,44,11.13,none,7,7,Afternoon,6.8585,True,0.62,delivered within promise
HDEL000733,HORD000733,2018-11-18,2018-11-22,2018-11-20,Direct Freight,Standard,Delivered,0,True,6,7.77,none,4,8,Morning,3.7517,False,0.361,delivered within promise
HDEL000734,HORD000734,2018-05-29,2018-06-01,2018-05-30,DHL,Express,Delivered,0,True,66,20.23,none,3,5,Anytime,8.085,True,0.622,delivered within promise
HDEL000735,HORD000735,2018-12-21,2018-12-26,2018-12-25,StarTrack,Standard,Delivered,0,True,62,10.14,none,5,8,Morning,5.6307,True,0.472,delivered within promise
HDEL000736,HORD000736,2018-11-17,2018-11-22,2018-11-20,AusPost,Standard,Delivered,0,True,48,7.1,none,5,6,Morning,2.2355,True,0.469,delivered within promise
HDEL000737,HORD000737,2018-02-05,2018-02-12,2018-02-12,AusPost,Standard,Delivered,0,True,15,9.9,none,7,9,Morning,7.7904,True,0.522,delivered within promise
HDEL000738,HORD000738,2018-09-27,2018-10-02,2018-09-30,DHL,Standard,Delivered,0,True,40,11.63,none,5,6,Afternoon,8.0606,True,0.583,delivered within promise
HDEL000739,HORD000739,2018-12-15,2018-12-21,2018-12-21,DHL,Express,Delivered,0,True,8,21.48,none,6,9,Afternoon,7.932,True,0.527,delivered within promise
HDEL000740,HORD000740,2018-02-09,2018-02-12,2018-02-11,AusPost,Standard,Delivered,0,True,9,6.65,none,3,5,Morning,2.0846,False,0.292,delivered within promise
HDEL000741,HORD000741,2018-08-05,2018-08-10,2018-08-10,AusPost,Standard,Delivered,0,True,3,10.42,none,5,5,Anytime,5.2669,True,0.99,delivered within promise
HDEL000742,HORD000742,2018-08-01,2018-08-05,2018-08-06,StarTrack,Standard,Delivered,1,False,2,13.25,carrier_capacity,4,5,Afternoon,7.5048,False,0.445,carrier scan reconciled
HDEL000743,HORD000743,2018-04-26,2018-05-03,2018-05-01,AusPost,Standard,Delivered,0,True,37,8.33,none,7,4,Afternoon,5.2534,False,0.817,delivered within promise
HDEL000744,HORD000744,2018-09-15,2018-09-21,2018-09-21,AusPost,Standard,Delivered,0,True,64,11.81,none,6,4,Afternoon,8.0765,True,0.588,delivered within promise
HDEL000745,HORD000745,2018-04-30,2018-05-03,2018-05-01,DHL,Standard,Delivered,0,True,66,11.93,none,3,7,Anytime,7.6726,False,0.516,delivered within promise
HDEL000746,HORD000746,2018-12-09,2018-12-14,2018-12-14,DHL,Standard,Delivered,0,True,40,10.24,none,5,3,Anytime,6.6725,True,0.444,delivered within promise
HDEL000747,HORD000747,2018-04-12,2018-04-15,2018-04-14,Direct Freight,Standard,Delivered,0,True,19,7.37,none,3,9,Morning,1.5776,True,0.394,delivered within promise
HDEL000748,HORD000748,2018-02-04,2018-02-11,2018-02-11,Direct Freight,Standard,Delivered,0,True,54,10.62,none,7,4,Anytime,8.0537,False,0.437,delivered within promise
HDEL000749,HORD000749,2018-06-27,2018-07-01,2018-06-30,Direct Freight,Standard,Delivered,0,True,56,11.91,none,4,3,Morning,5.1925,True,0.441,delivered within promise
HDEL000750,HORD000750,2018-09-24,2018-10-01,2018-10-01,StarTrack,Express,Delivered,0,True,8,18.4,none,7,9,Anytime,4.0663,False,0.327,delivered within promise
HDEL000751,HORD000751,2018-07-08,2018-07-11,2018-07-09,StarTrack,Express,Delivered,0,True,37,19.3,none,3,7,Afternoon,7.6726,True,0.478,delivered within promise
HDEL000752,HORD000752,2018-08-31,2018-09-06,2018-09-06,AusPost,Standard,Delivered,0,True,63,14.93,none,6,3,Morning,7.355,False,0.554,delivered within promise
HDEL000753,HORD000753,2018-08-11,2018-08-14,2018-08-12,AusPost,Standard,Delivered,0,True,65,10.06,none,3,5,Anytime,2.018,True,0.825,delivered within promise
HDEL000754,HORD000754,2018-06-29,2018-07-02,2018-06-30,AusPost,Standard,Delivered,0,True,21,10.2,none,3,7,Anytime,1.9767,True,1.512,delivered within promise
HDEL000755,HORD000755,2018-03-18,2018-03-25,2018-03-24,StarTrack,Standard,Delivered,0,True,24,9.94,none,7,9,Afternoon,5.5262,False,0.438,delivered within promise
HDEL000756,HORD000756,2018-11-04,2018-11-10,2018-11-10,DHL,Standard,Delivered,0,True,6,6.79,none,6,4,Morning,0.8411,True,1.062,delivered within promise
HDEL000757,HORD000757,2018-01-14,2018-01-20,2018-01-20,DHL,Standard,Delivered,0,True,40,8.46,none,6,6,Morning,5.1954,True,0.552,delivered within promise
HDEL000758,HORD000758,2018-11-24,2018-11-30,2018-11-30,StarTrack,Standard,Delivered,0,True,42,7.88,none,6,4,Morning,4.0549,False,0.329,delivered within promise
HDEL000759,HORD000759,2018-11-14,2018-11-18,2018-11-18,AusPost,Standard,Delivered,0,True,32,9.29,none,4,9,Morning,4.9324,True,0.422,delivered within promise
HDEL000760,HORD000760,2018-03-04,2018-03-07,2018-03-07,DHL,Standard,Delivered,0,True,21,11.43,none,3,3,Afternoon,8.2357,True,0.626,delivered within promise
HDEL000761,HORD000761,2018-08-29,2018-09-01,2018-09-01,DHL,Standard,Delivered,0,True,59,8.14,none,3,7,Anytime,2.018,True,0.3,delivered within promise
HDEL000762,HORD000762,2018-05-02,2018-05-06,2018-05-05,Direct Freight,Standard,Delivered,0,True,41,11.54,none,4,3,Afternoon,7.424,False,0.513,delivered within promise
HDEL000763,HORD000763,2018-05-07,2018-05-11,2018-05-09,DHL,Express,Delivered,0,True,63,18.91,none,4,3,Anytime,5.1871,True,0.4,delivered within promise
HDEL000764,HORD000764,2018-03-24,2018-03-27,2018-03-27,StarTrack,Standard,Delivered,0,True,35,7.96,none,3,5,Afternoon,2.9982,True,0.463,delivered within promise
HDEL000765,HORD000765,2018-03-18,2018-03-21,2018-03-21,Direct Freight,Standard,Delivered,0,True,54,9.97,none,3,7,Morning,5.2449,False,0.348,delivered within promise
HDEL000766,HORD000766,2018-10-27,2018-10-30,2018-10-29,Direct Freight,Standard,Delivered,0,True,38,11.43,none,3,4,Morning,8.5159,True,0.575,delivered within promise
HDEL000767,HORD000767,2018-10-22,2018-10-29,2018-10-28,AusPost,Express,Delivered,0,True,16,19.42,none,7,4,Anytime,6.7933,True,0.443,delivered within promise
HDEL000768,HORD000768,2018-02-08,2018-02-12,2018-02-10,Direct Freight,Standard,Delivered,0,True,72,9.08,none,4,9,Morning,3.2063,True,0.485,delivered within promise
HDEL000769,HORD000769,2018-01-04,2018-01-09,2018-01-07,AusPost,Standard,Delivered,0,True,68,7.34,none,5,4,Anytime,4.631,True,0.554,delivered within promise
HDEL000770,HORD000770,2018-04-01,2018-04-06,2018-04-04,DHL,Standard,Delivered,0,True,3,9.21,none,5,3,Morning,5.5403,True,0.403,delivered within promise
HDEL000771,HORD000771,2018-02-05,2018-02-09,2018-02-07,StarTrack,Standard,Delivered,0,True,12,10.13,none,4,9,Afternoon,8.6168,False,0.48,delivered within promise
HDEL000772,HORD000772,2018-11-25,2018-12-01,2018-11-30,Direct Freight,Express,Delivered,0,True,39,17.42,none,6,6,Anytime,7.2473,True,0.596,delivered within promise
HDEL000773,HORD000773,2018-07-06,2018-07-11,2018-07-11,StarTrack,Standard,Delivered,0,True,44,10.66,none,5,3,Anytime,7.4945,False,0.419,delivered within promise
HDEL000774,HORD000774,2018-12-08,2018-12-11,2018-12-11,AusPost,Standard,Delivered,0,True,16,6.48,none,3,9,Anytime,2.7874,True,0.305,delivered within promise
HDEL000775,HORD000775,2018-09-24,2018-09-30,2018-09-29,Direct Freight,Express,Delivered,0,True,38,18.02,none,6,9,Morning,5.0454,False,0.337,delivered within promise
HDEL000776,HORD000776,2018-08-08,2018-08-13,2018-08-13,StarTrack,Standard,Delivered,0,True,14,10.79,none,5,4,Afternoon,4.9215,False,0.326,delivered within promise
HDEL000777,HORD000777,2018-06-21,2018-06-28,2018-06-27,StarTrack,Standard,Delivered,0,True,30,9.57,none,7,8,Afternoon,3.9344,True,0.54,delivered within promise
HDEL000778,HORD000778,2018-08-01,2018-08-06,2018-08-05,StarTrack,Standard,Delivered,0,True,43,9.94,none,5,9,Anytime,3.4447,True,0.465,delivered within promise
HDEL000779,HORD000779,2018-10-19,2018-10-24,2018-10-23,AusPost,Standard,Delivered,0,True,7,8.04,none,5,7,Afternoon,5.4436,True,0.429,delivered within promise
HDEL000780,HORD000780,2018-02-11,2018-02-17,2018-02-16,Direct Freight,Standard,Delivered,0,True,64,6.75,none,6,5,Afternoon,0.6788,True,0.456,delivered within promise
HDEL000781,HORD000781,2018-05-18,2018-05-23,2018-05-21,DHL,Express,Delivered,0,True,11,16.2,none,5,9,Anytime,4.6357,False,0.377,delivered within promise
HDEL000782,HORD000782,2018-06-14,2018-06-20,2018-06-20,StarTrack,Express,Delivered,0,True,16,23.85,none,6,9,Afternoon,5.0454,True,0.512,delivered within promise
HDEL000783,HORD000783,2018-12-22,2018-12-25,2018-12-25,DHL,Express,Delivered,0,True,19,14.06,none,3,8,Morning,3.9696,True,0.386,delivered within promise
HDEL000784,HORD000784,2018-07-17,2018-07-24,2018-07-22,AusPost,Standard,Delivered,0,True,71,13.04,none,7,8,Afternoon,7.278,True,0.562,delivered within promise
HDEL000785,HORD000785,2018-05-02,2018-05-07,2018-05-06,Direct Freight,Standard,Delivered,0,True,48,10.94,none,5,6,Anytime,9.4249,False,0.457,delivered within promise
HDEL000786,HORD000786,2018-09-19,2018-09-24,2018-09-24,StarTrack,Standard,Delivered,0,True,34,9.14,none,5,4,Morning,7.9755,True,1.048,delivered within promise
HDEL000787,HORD000787,2018-12-19,2018-12-25,2018-12-24,Direct Freight,Standard,Delivered,0,True,9,10.21,none,6,8,Afternoon,4.4633,True,1.152,delivered within promise
HDEL000788,HORD000788,2018-04-04,2018-04-08,2018-04-06,StarTrack,Standard,Delivered,0,True,16,7.36,none,4,7,Anytime,4.2248,False,0.439,delivered within promise
HDEL000789,HORD000789,2018-12-19,2018-12-26,2018-12-25,AusPost,Express,Delivered,0,True,49,16.95,none,7,7,Afternoon,2.4444,True,0.424,delivered within promise
HDEL000790,HORD000790,2018-03-16,2018-03-23,2018-03-21,StarTrack,Standard,Delivered,0,True,54,9.93,none,7,8,Anytime,5.4327,False,0.441,delivered within promise
HDEL000791,HORD000791,2018-09-23,2018-09-28,2018-09-26,DHL,Standard,Delivered,0,True,12,9.46,none,5,3,Afternoon,7.7087,True,0.578,delivered within promise
HDEL000792,HORD000792,2018-11-18,2018-11-21,2018-11-20,Direct Freight,Standard,Delivered,0,True,36,7.85,none,3,5,Anytime,4.2221,True,1.046,delivered within promise
HDEL000793,HORD000793,2018-07-06,2018-07-11,2018-07-10,Direct Freight,Standard,Delivered,0,True,61,10.0,none,5,7,Morning,2.9353,True,0.486,delivered within promise
HDEL000794,HORD000794,2018-10-02,2018-10-06,2018-10-05,AusPost,Standard,Delivered,0,True,19,10.57,none,4,6,Morning,8.7636,False,0.417,delivered within promise
HDEL000795,HORD000795,2018-05-23,2018-05-30,2018-05-28,StarTrack,Standard,Delivered,0,True,26,8.17,none,7,6,Morning,4.5644,True,0.382,delivered within promise
HDEL000796,HORD000796,2018-08-17,2018-08-23,2018-08-22,Direct Freight,Express,Delivered,0,True,39,23.54,none,6,8,Anytime,4.416,False,0.361,delivered within promise
HDEL000797,HORD000797,2018-07-03,2018-07-08,2018-07-08,Direct Freight,Standard,Delivered,0,True,5,14.91,none,5,5,Morning,7.9059,True,1.599,delivered within promise
HDEL000798,HORD000798,2018-09-30,2018-10-04,2018-10-02,AusPost,Standard,Delivered,0,True,27,8.35,none,4,7,Anytime,4.4275,True,0.534,delivered within promise
HDEL000799,HORD000799,2018-03-19,2018-03-23,2018-03-21,DHL,Standard,Delivered,0,True,65,10.83,none,4,8,Morning,7.7904,False,0.386,delivered within promise
HDEL000800,HORD000800,2018-12-28,2019-01-02,2019-01-01,DHL,Standard,Delivered,0,True,11,9.99,none,5,4,Afternoon,5.5803,True,0.412,delivered within promise
HDEL000801,HORD000801,2018-02-10,2018-02-17,2018-02-16,DHL,Express,Delivered,0,True,70,14.24,none,7,8,Afternoon,1.321,False,0.27,delivered within promise
HDEL000802,HORD000802,2018-12-07,2018-12-12,2018-12-11,StarTrack,Standard,Delivered,0,True,17,7.64,none,5,4,Afternoon,2.5443,True,1.118,delivered within promise
HDEL000803,HORD000803,2018-01-21,2018-01-28,2018-02-01,StarTrack,Standard,Delivered,4,False,18,11.16,carrier_capacity,7,3,Anytime,6.2126,True,0.58,carrier scan reconciled
HDEL000804,HORD000804,2018-11-15,2018-11-18,2018-11-17,StarTrack,Standard,Delivered,0,True,17,9.14,none,3,5,Afternoon,4.1548,True,0.399,delivered within promise
HDEL000805,HORD000805,2018-08-23,2018-08-27,2018-08-27,Direct Freight,Standard,Delivered,0,True,62,10.86,none,4,8,Afternoon,6.0551,False,0.382,delivered within promise
HDEL000806,HORD000806,2018-08-18,2018-08-23,2018-08-21,AusPost,Standard,Delivered,0,True,53,10.96,none,5,5,Morning,7.4582,False,0.421,delivered within promise
HDEL000807,HORD000807,2018-03-07,2018-03-11,2018-03-09,StarTrack,Standard,Delivered,0,True,16,9.45,none,4,4,Morning,4.6007,True,1.064,delivered within promise
HDEL000808,HORD000808,2018-04-06,2018-04-10,2018-04-09,StarTrack,Standard,Delivered,0,True,28,8.72,none,4,3,Morning,5.3108,False,0.392,delivered within promise
HDEL000809,HORD000809,2018-04-21,2018-04-28,2018-04-26,StarTrack,Standard,Delivered,0,True,14,9.45,none,7,5,Afternoon,7.7244,True,0.634,delivered within promise
HDEL000810,HORD000810,2018-03-28,2018-04-01,2018-04-01,DHL,Express,Delivered,0,True,14,20.88,none,4,3,Anytime,6.6113,True,0.557,delivered within promise
HDEL000811,HORD000811,2019-01-03,2019-01-07,2019-01-07,StarTrack,Standard,Delivered,0,True,61,11.13,none,4,9,Anytime,5.893,True,0.44,delivered within promise
HDEL000812,HORD000812,2018-06-09,2018-06-16,2018-06-15,DHL,Standard,Delivered,0,True,17,10.51,none,7,4,Morning,5.5262,True,0.423,delivered within promise
HDEL000813,HORD000813,2018-11-11,2018-11-16,2018-11-18,StarTrack,Standard,Delivered,2,False,70,10.8,weather,5,4,Afternoon,7.1134,False,0.47,carrier scan reconciled
HDEL000814,HORD000814,2018-02-14,2018-02-21,2018-02-19,Direct Freight,Express,Delivered,0,True,7,18.52,none,7,9,Morning,3.5976,True,0.509,delivered within promise
HDEL000815,HORD000815,2018-07-03,2018-07-07,2018-07-05,AusPost,Express,Delivered,0,True,8,25.53,none,4,7,Anytime,7.1166,True,1.269,delivered within promise
HDEL000816,HORD000816,2018-03-05,2018-03-12,2018-03-11,DHL,Standard,Delivered,0,True,5,7.13,none,7,7,Anytime,1.4362,False,0.505,delivered within promise
HDEL000817,HORD000817,2018-10-25,2018-10-28,2018-10-28,Direct Freight,Express,Delivered,0,True,62,14.12,none,3,6,Anytime,3.3529,False,0.345,delivered within promise
HDEL000818,HORD000818,2018-06-06,2018-06-10,2018-06-09,DHL,Standard,Delivered,0,True,4,10.49,none,4,3,Anytime,3.028,True,0.83,delivered within promise
HDEL000819,HORD000819,2018-05-16,2018-05-20,2018-05-19,AusPost,Standard,Delivered,0,True,65,7.17,none,4,6,Anytime,1.9711,False,0.328,delivered within promise
HDEL000820,HORD000820,2018-02-06,2018-02-13,2018-02-12,Direct Freight,Standard,Delivered,0,True,23,8.63,none,7,6,Anytime,5.0818,True,0.503,delivered within promise
HDEL000821,HORD000821,2018-05-08,2018-05-14,2018-05-13,DHL,Standard,Delivered,0,True,4,8.96,none,6,4,Anytime,6.9572,False,0.508,delivered within promise
HDEL000822,HORD000822,2018-04-09,2018-04-14,2018-04-14,AusPost,Standard,Delivered,0,True,52,9.95,none,5,5,Morning,8.9675,True,1.174,delivered within promise
HDEL000823,HORD000823,2018-03-20,2018-03-23,2018-03-22,DHL,Standard,Delivered,0,True,27,11.26,none,3,6,Afternoon,6.7896,False,0.4,delivered within promise
HDEL000824,HORD000824,2018-03-02,2018-03-09,2018-03-09,AusPost,Standard,Delivered,0,True,64,6.75,none,7,9,Afternoon,3.1348,True,0.35,delivered within promise
HDEL000825,HORD000825,2018-11-10,2018-11-13,2018-11-14,AusPost,Standard,Delivered,1,False,38,10.53,carrier_capacity,3,3,Anytime,6.1407,True,0.498,carrier scan reconciled
HDEL000826,HORD000826,2018-11-07,2018-11-14,2018-11-13,DHL,Standard,Delivered,0,True,43,7.3,none,7,3,Anytime,2.4836,True,0.316,delivered within promise
HDEL000827,HORD000827,2018-04-03,2018-04-07,2018-04-06,DHL,Standard,Delivered,0,True,71,7.23,none,4,7,Afternoon,2.4538,False,0.26,delivered within promise
HDEL000828,HORD000828,2018-03-02,2018-03-09,2018-03-09,Direct Freight,Standard,Delivered,0,True,15,8.65,none,7,4,Morning,5.2534,False,0.376,delivered within promise
HDEL000829,HORD000829,2018-08-08,2018-08-11,2018-08-11,DHL,Standard,Delivered,0,True,14,11.86,none,3,5,Anytime,7.0323,True,0.444,delivered within promise
HDEL000830,HORD000830,2018-10-14,2018-10-17,2018-10-15,AusPost,Standard,Delivered,0,True,40,10.16,none,3,9,Afternoon,7.7244,True,0.635,delivered within promise
HDEL000831,HORD000831,2018-05-11,2018-05-14,2018-05-12,Direct Freight,Standard,Delivered,0,True,13,8.56,none,3,9,Anytime,4.7492,True,1.068,delivered within promise
HDEL000832,HORD000832,2018-12-23,2018-12-29,2018-12-27,StarTrack,Standard,Delivered,0,True,72,8.56,none,6,5,Afternoon,4.5841,False,0.313,delivered within promise
HDEL000833,HORD000833,2018-11-11,2018-11-18,2018-11-16,StarTrack,Standard,Delivered,0,True,37,11.44,none,7,8,Anytime,7.1466,True,0.423,delivered within promise
HDEL000834,HORD000834,2018-07-04,2018-07-09,2018-07-09,Direct Freight,Standard,Delivered,0,True,41,11.53,none,5,7,Morning,5.2036,True,1.065,delivered within promise
HDEL000835,HORD000835,2018-06-01,2018-06-05,2018-06-04,DHL,Standard,Delivered,0,True,53,10.85,none,4,5,Anytime,7.2107,False,0.451,delivered within promise
HDEL000836,HORD000836,2018-10-03,2018-10-07,2018-10-07,DHL,Standard,Delivered,0,True,37,10.06,none,4,3,Afternoon,6.2848,False,0.468,delivered within promise
HDEL000837,HORD000837,2018-04-19,2018-04-23,2018-04-23,StarTrack,Standard,Delivered,0,True,23,8.57,none,4,7,Morning,7.1609,True,0.468,delivered within promise
HDEL000838,HORD000838,2018-08-03,2018-08-08,2018-08-07,StarTrack,Standard,Delivered,0,True,51,12.2,none,5,4,Afternoon,8.7052,True,0.469,delivered within promise
HDEL000839,HORD000839,2018-07-20,2018-07-23,2018-07-21,AusPost,Standard,Delivered,0,True,4,10.31,none,3,3,Anytime,3.8216,True,0.355,delivered within promise
HDEL000840,HORD000840,2018-09-16,2018-09-23,2018-09-23,AusPost,Express,Delivered,0,True,21,15.67,none,7,5,Anytime,2.8697,False,0.316,delivered within promise
HDEL000841,HORD000841,2018-02-11,2018-02-14,2018-02-12,Direct Freight,Standard,Delivered,0,True,34,11.04,none,3,6,Anytime,5.8992,True,0.586,delivered within promise
HDEL000842,HORD000842,2018-05-16,2018-05-19,2018-05-19,DHL,Express,Delivered,0,True,19,19.83,none,3,4,Anytime,9.3365,True,0.613,delivered within promise
HDEL000843,HORD000843,2018-04-27,2018-05-04,2018-05-02,Direct Freight,Standard,Delivered,0,True,40,9.33,none,7,5,Afternoon,7.932,True,0.539,delivered within promise
HDEL000844,HORD000844,2018-04-11,2018-04-18,2018-04-17,DHL,Standard,Delivered,0,True,53,7.05,none,7,4,Anytime,1.2522,False,0.25,delivered within promise
HDEL000845,HORD000845,2018-11-28,2018-12-05,2018-12-03,AusPost,Standard,Delivered,0,True,66,9.25,none,7,3,Morning,4.9486,True,0.479,delivered within promise
HDEL000846,HORD000846,2018-03-09,2018-03-16,2018-03-16,Direct Freight,Standard,Delivered,0,True,13,8.67,none,7,6,Morning,5.4433,True,0.4,delivered within promise
HDEL000847,HORD000847,2018-06-17,2018-06-23,2018-06-21,DHL,Standard,Delivered,0,True,32,9.99,none,6,3,Anytime,3.7704,False,0.332,delivered within promise
HDEL000848,HORD000848,2018-01-03,2018-01-10,2018-01-08,AusPost,Standard,Delivered,0,True,17,11.05,none,7,8,Afternoon,5.8992,True,1.074,delivered within promise
HDEL000849,HORD000849,2018-02-22,2018-02-27,2018-02-25,StarTrack,Standard,Delivered,0,True,73,9.45,none,5,6,Morning,5.6864,True,0.38,delivered within promise
HDEL000850,HORD000850,2018-12-22,2018-12-26,2018-12-26,StarTrack,Standard,Delivered,0,True,6,11.21,none,4,8,Anytime,9.0452,False,0.531,delivered within promise
HDEL000851,HORD000851,2018-06-30,2018-07-05,2018-07-04,StarTrack,Standard,Delivered,0,True,65,13.5,none,5,6,Morning,7.3787,True,0.493,delivered within promise
HDEL000852,HORD000852,2018-08-28,2018-09-01,2018-08-30,StarTrack,Standard,Delivered,0,True,10,9.92,none,4,3,Morning,4.677,True,1.009,delivered within promise
HDEL000853,HORD000853,2018-04-07,2018-04-13,2018-04-12,AusPost,Express,Delivered,0,True,54,19.32,none,6,9,Afternoon,4.7472,True,0.458,delivered within promise
HDEL000854,HORD000854,2018-11-24,2018-12-01,2018-12-01,StarTrack,Standard,Delivered,0,True,16,10.14,none,7,9,Morning,7.1166,False,0.45,delivered within promise
HDEL000855,HORD000855,2018-05-09,2018-05-16,2018-05-16,DHL,Standard,Delivered,0,True,47,10.52,none,7,9,Morning,6.6725,False,0.406,delivered within promise
HDEL000856,HORD000856,2018-12-15,2018-12-20,2018-12-18,AusPost,Standard,Delivered,0,True,37,9.13,none,5,8,Afternoon,8.0565,True,0.584,delivered within promise
HDEL000857,HORD000857,2018-11-26,2018-12-03,2018-12-01,DHL,Standard,Delivered,0,True,30,9.19,none,7,7,Afternoon,4.9486,False,0.375,delivered within promise
HDEL000858,HORD000858,2018-08-17,2018-08-23,2018-08-23,AusPost,Standard,Delivered,0,True,17,11.17,none,6,3,Morning,3.6955,True,1.129,delivered within promise
HDEL000859,HORD000859,2018-11-29,2018-12-04,2018-12-02,DHL,Standard,Delivered,0,True,44,8.36,none,5,4,Afternoon,7.2107,True,0.416,delivered within promise
HDEL000860,HORD000860,2018-08-22,2018-08-29,2018-08-31,AusPost,Standard,Delivered,2,False,19,12.89,weather,7,3,Afternoon,5.5803,True,0.475,carrier scan reconciled
HDEL000861,HORD000861,2018-02-26,2018-03-05,2018-03-04,DHL,Standard,Delivered,0,True,65,11.9,none,7,6,Afternoon,8.3331,True,0.532,delivered within promise
HDEL000862,HORD000862,2018-12-31,2019-01-04,2019-01-02,DHL,Standard,Delivered,0,True,6,11.28,none,4,6,Afternoon,6.3062,True,0.439,delivered within promise
HDEL000863,HORD000863,2018-12-05,2018-12-10,2018-12-10,Direct Freight,Standard,Delivered,0,True,45,8.05,none,5,3,Afternoon,2.5342,True,0.937,delivered within promise
HDEL000864,HORD000864,2018-05-21,2018-05-24,2018-05-22,DHL,Standard,Delivered,0,True,13,8.08,none,3,6,Anytime,6.5587,False,0.703,delivered within promise
HDEL000865,HORD000865,2018-08-15,2018-08-19,2018-08-18,Direct Freight,Standard,Delivered,0,True,43,9.74,none,4,8,Anytime,5.5051,True,0.367,delivered within promise
HDEL000866,HORD000866,2018-07-08,2018-07-15,2018-07-13,DHL,Standard,Delivered,0,True,36,10.59,none,7,4,Morning,6.0031,True,0.686,delivered within promise
HDEL000867,HORD000867,2018-02-21,2018-02-24,2018-02-24,StarTrack,Standard,Delivered,0,True,6,10.88,none,3,3,Afternoon,7.7244,True,1.046,delivered within promise
HDEL000868,HORD000868,2018-10-23,2018-10-28,2018-10-26,StarTrack,Standard,Delivered,0,True,12,7.61,none,5,9,Afternoon,1.321,True,0.318,delivered within promise
HDEL000869,HORD000869,2018-04-06,2018-04-11,2018-04-09,AusPost,Standard,Delivered,0,True,63,8.06,none,5,3,Anytime,4.6007,False,1.105,delivered within promise
HDEL000870,HORD000870,2018-12-26,2018-12-31,2018-12-29,StarTrack,Standard,Delivered,0,True,39,10.17,none,5,8,Morning,4.6357,True,0.447,delivered within promise
HDEL000871,HORD000871,2018-04-29,2018-05-04,2018-05-05,StarTrack,Standard,Delivered,1,False,34,8.58,warehouse_congestion,5,8,Morning,4.7326,True,0.537,carrier scan reconciled
HDEL000872,HORD000872,2018-08-31,2018-09-03,2018-09-01,AusPost,Standard,Delivered,0,True,26,7.1,none,3,6,Morning,0.3679,False,0.198,delivered within promise
HDEL000873,HORD000873,2018-07-10,2018-07-14,2018-07-14,StarTrack,Standard,Delivered,0,True,36,12.18,none,4,9,Afternoon,6.7349,True,0.543,delivered within promise
HDEL000874,HORD000874,2018-07-29,2018-08-05,2018-08-04,Direct Freight,Standard,Delivered,0,True,26,9.8,none,7,5,Afternoon,5.0091,True,0.504,delivered within promise
HDEL000875,HORD000875,2018-01-28,2018-02-03,2018-02-03,DHL,Standard,Delivered,0,True,39,6.8,none,6,3,Afternoon,3.2972,True,0.937,delivered within promise
HDEL000876,HORD000876,2018-04-28,2018-05-03,2018-05-03,Direct Freight,Standard,Delivered,0,True,34,8.57,none,5,9,Afternoon,6.2605,False,0.392,delivered within promise
HDEL000877,HORD000877,2018-12-09,2018-12-12,2018-12-11,StarTrack,Standard,Delivered,0,True,71,9.9,none,3,6,Anytime,6.7896,True,0.441,delivered within promise
HDEL000878,HORD000878,2018-11-04,2018-11-09,2018-11-07,StarTrack,Standard,Delivered,0,True,20,7.16,none,5,4,Morning,4.6463,True,0.462,delivered within promise
HDEL000879,HORD000879,2018-05-11,2018-05-16,2018-05-14,StarTrack,Express,Delivered,0,True,67,16.01,none,5,9,Afternoon,5.9533,True,1.077,delivered within promise
HDEL000880,HORD000880,2018-03-04,2018-03-08,2018-03-08,AusPost,Standard,Delivered,0,True,17,8.79,none,4,7,Afternoon,3.4785,True,1.116,delivered within promise
HDEL000881,HORD000881,2018-09-09,2018-09-16,2018-09-15,StarTrack,Standard,Delivered,0,True,33,7.27,none,7,6,Anytime,3.5854,True,0.345,delivered within promise
HDEL000882,HORD000882,2018-01-13,2018-01-20,2018-01-18,AusPost,Standard,Delivered,0,True,52,9.14,none,7,5,Afternoon,6.7789,True,0.43,delivered within promise
HDEL000883,HORD000883,2018-08-04,2018-08-11,2018-08-11,Direct Freight,Express,Delivered,0,True,2,19.12,none,7,9,Morning,4.4259,True,1.125,delivered within promise
HDEL000884,HORD000884,2018-05-22,2018-05-27,2018-05-26,DHL,Express,Delivered,0,True,48,13.7,none,5,4,Morning,3.2192,True,0.505,delivered within promise
HDEL000885,HORD000885,2018-04-24,2018-05-01,2018-04-29,StarTrack,Standard,Delivered,0,True,63,7.62,none,7,4,Anytime,2.9046,True,0.398,delivered within promise
HDEL000886,HORD000886,2018-02-21,2018-02-24,2018-02-24,Direct Freight,Standard,Delivered,0,True,5,10.59,none,3,8,Morning,7.7396,False,0.399,delivered within promise
HDEL000887,HORD000887,2018-01-15,2018-01-19,2018-01-17,Direct Freight,Express,Delivered,0,True,44,17.1,none,4,5,Afternoon,2.134,False,0.252,delivered within promise
HDEL000888,HORD000888,2018-11-17,2018-11-22,2018-11-20,StarTrack,Standard,Delivered,0,True,4,10.51,none,5,4,Afternoon,7.278,True,0.495,delivered within promise
HDEL000889,HORD000889,2018-10-24,2018-10-29,2018-10-29,DHL,Standard,Delivered,0,True,28,8.92,none,5,8,Afternoon,4.4197,False,0.407,delivered within promise
HDEL000890,HORD000890,2018-12-27,2019-01-02,2018-12-31,DHL,Standard,Delivered,0,True,27,8.88,none,6,8,Morning,6.8906,True,0.55,delivered within promise
HDEL000891,HORD000891,2018-01-22,2018-01-26,2018-01-31,Direct Freight,Standard,Delivered,5,False,40,10.22,carrier_capacity,4,3,Morning,5.1954,True,1.212,carrier scan reconciled
HDEL000892,HORD000892,2018-07-17,2018-07-21,2018-07-21,Direct Freight,Standard,Delivered,0,True,44,11.15,none,4,3,Afternoon,5.1062,True,0.391,delivered within promise
HDEL000893,HORD000893,2018-12-14,2018-12-20,2018-12-18,Direct Freight,Standard,Delivered,0,True,18,8.92,none,6,6,Afternoon,2.4538,False,0.319,delivered within promise
HDEL000894,HORD000894,2018-04-05,2018-04-12,2018-04-11,StarTrack,Standard,Delivered,0,True,38,7.39,none,7,5,Afternoon,1.8901,True,0.936,delivered within promise
HDEL000895,HORD000895,2018-11-30,2018-12-07,2018-12-05,StarTrack,Standard,Delivered,0,True,37,6.95,none,7,8,Afternoon,0.87,True,1.09,delivered within promise
HDEL000896,HORD000896,2018-11-24,2018-11-30,2018-11-29,DHL,Standard,Delivered,0,True,31,12.24,none,6,7,Anytime,7.9755,False,0.444,delivered within promise
HDEL000897,HORD000897,2018-07-19,2018-07-25,2018-07-25,Direct Freight,Standard,Delivered,0,True,6,9.99,none,6,9,Morning,1.0355,False,0.301,delivered within promise
HDEL000898,HORD000898,2018-04-01,2018-04-06,2018-04-05,StarTrack,Standard,Delivered,0,True,70,12.1,none,5,6,Afternoon,9.1012,True,1.219,delivered within promise
HDEL000899,HORD000899,2018-10-19,2018-10-23,2018-10-24,Direct Freight,Standard,Delivered,1,False,49,8.03,warehouse_congestion,4,3,Morning,3.2764,True,0.369,carrier scan reconciled
HDEL000900,HORD000900,2018-11-10,2018-11-14,2018-11-13,AusPost,Express,Delivered,0,True,51,15.24,none,4,9,Afternoon,3.4124,True,0.329,delivered within promise
HDEL000901,HORD000901,2018-02-23,2018-02-26,2018-02-26,AusPost,Standard,Delivered,0,True,67,8.38,none,3,4,Anytime,6.9704,True,1.335,delivered within promise
HDEL000902,HORD000902,2018-10-15,2018-10-18,2018-10-17,AusPost,Standard,Delivered,0,True,25,8.5,none,3,9,Morning,5.4918,True,0.353,delivered within promise
HDEL000903,HORD000903,2018-07-11,2018-07-16,2018-07-15,StarTrack,Standard,Delivered,0,True,15,10.24,none,5,9,Afternoon,2.4836,True,0.308,delivered within promise
HDEL000904,HORD000904,2018-02-20,2018-02-24,2018-02-22,StarTrack,Standard,Delivered,0,True,7,9.93,none,4,8,Afternoon,7.578,False,0.473,delivered within promise
HDEL000905,HORD000905,2018-08-14,2018-08-18,2018-08-17,AusPost,Standard,Delivered,0,True,58,10.01,none,4,7,Morning,4.2475,True,1.018,delivered within promise
HDEL000906,HORD000906,2018-08-01,2018-08-07,2018-08-07,DHL,Standard,Delivered,0,True,34,10.96,none,6,3,Anytime,5.5306,True,0.541,delivered within promise
HDEL000907,HORD000907,2018-06-09,2018-06-14,2018-06-12,StarTrack,Standard,Delivered,0,True,57,12.8,none,5,3,Morning,6.0551,True,1.357,delivered within promise
HDEL000908,HORD000908,2018-04-06,2018-04-10,2018-04-10,AusPost,Standard,Delivered,0,True,17,8.93,none,4,3,Afternoon,7.3474,True,1.138,delivered within promise
HDEL000909,HORD000909,2018-12-13,2018-12-16,2018-12-15,AusPost,Standard,Delivered,0,True,25,8.79,none,3,4,Anytime,6.6257,False,0.46,delivered within promise
HDEL000910,HORD000910,2018-08-27,2018-09-03,2018-09-02,Direct Freight,Standard,Delivered,0,True,39,14.02,none,7,6,Afternoon,7.4926,False,0.386,delivered within promise
HDEL000911,HORD000911,2018-05-06,2018-05-10,2018-05-10,Direct Freight,Standard,Delivered,0,True,67,6.41,none,4,6,Afternoon,3.2243,True,1.546,delivered within promise
HDEL000912,HORD000912,2018-11-14,2018-11-18,2018-11-18,DHL,Express,Delivered,0,True,55,19.07,none,4,4,Anytime,6.6551,False,0.4,delivered within promise
HDEL000913,HORD000913,2018-12-29,2019-01-03,2019-01-01,DHL,Standard,Delivered,0,True,59,11.6,none,5,8,Afternoon,7.408,True,0.484,delivered within promise
HDEL000914,HORD000914,2018-07-14,2018-07-19,2018-07-18,DHL,Standard,Delivered,0,True,33,13.68,none,5,7,Afternoon,9.4249,True,0.455,delivered within promise
HDEL000915,HORD000915,2018-07-17,2018-07-23,2018-07-21,DHL,Standard,Delivered,0,True,48,9.29,none,6,3,Morning,2.8809,True,0.51,delivered within promise
HDEL000916,HORD000916,2018-09-07,2018-09-10,2018-09-10,Direct Freight,Standard,Delivered,0,True,60,8.1,none,3,8,Afternoon,4.8879,False,0.331,delivered within promise
HDEL000917,HORD000917,2018-12-22,2018-12-25,2018-12-25,Direct Freight,Standard,Delivered,0,True,5,10.19,none,3,5,Morning,4.5644,False,0.406,delivered within promise
HDEL000918,HORD000918,2018-02-27,2018-03-03,2018-03-01,DHL,Standard,Delivered,0,True,42,11.26,none,4,4,Morning,8.301,False,0.584,delivered within promise
HDEL000919,HORD000919,2018-01-27,2018-02-01,2018-02-01,AusPost,Express,Delivered,0,True,34,14.48,none,5,3,Anytime,4.9929,True,0.451,delivered within promise
HDEL000920,HORD000920,2018-11-10,2018-11-15,2018-11-14,AusPost,Standard,Delivered,0,True,30,9.23,none,5,6,Afternoon,6.8577,True,0.488,delivered within promise
HDEL000921,HORD000921,2018-05-17,2018-05-23,2018-05-25,AusPost,Standard,Delivered,2,False,43,9.63,carrier_capacity,6,8,Afternoon,7.3474,False,0.534,carrier scan reconciled
HDEL000922,HORD000922,2018-11-26,2018-12-03,2018-12-03,Direct Freight,Standard,Delivered,0,True,40,7.85,none,7,5,Afternoon,3.4566,True,0.398,delivered within promise
HDEL000923,HORD000923,2018-11-07,2018-11-11,2018-11-10,AusPost,Standard,Delivered,0,True,38,8.6,none,4,5,Afternoon,6.0605,True,0.471,delivered within promise
HDEL000924,HORD000924,2018-07-02,2018-07-06,2018-07-06,AusPost,Standard,Delivered,0,True,6,12.88,none,4,9,Afternoon,7.5048,True,1.831,delivered within promise
HDEL000925,HORD000925,2018-01-27,2018-01-31,2018-01-31,AusPost,Standard,Delivered,0,True,28,8.46,none,4,5,Afternoon,2.2355,False,0.271,delivered within promise
HDEL000926,HORD000926,2018-02-19,2018-02-26,2018-02-24,AusPost,Standard,Delivered,0,True,40,10.11,none,7,4,Afternoon,5.5306,False,0.383,delivered within promise
HDEL000927,HORD000927,2018-10-23,2018-10-27,2018-10-26,StarTrack,Standard,Delivered,0,True,67,10.76,none,4,4,Morning,7.4582,True,0.662,delivered within promise
HDEL000928,HORD000928,2018-02-18,2018-02-24,2018-02-23,DHL,Standard,Delivered,0,True,41,10.02,none,6,7,Anytime,5.996,True,0.444,delivered within promise
HDEL000929,HORD000929,2018-02-25,2018-03-01,2018-02-28,StarTrack,Standard,Delivered,0,True,48,10.01,none,4,8,Afternoon,7.7396,True,0.589,delivered within promise
HDEL000930,HORD000930,2018-02-05,2018-02-12,2018-02-12,DHL,Standard,Delivered,0,True,46,10.06,none,7,7,Morning,6.9476,True,0.896,delivered within promise
HDEL000931,HORD000931,2018-07-12,2018-07-18,2018-07-16,StarTrack,Standard,Delivered,0,True,28,13.32,none,6,7,Morning,7.4601,True,0.456,delivered within promise
HDEL000932,HORD000932,2018-07-29,2018-08-05,2018-08-05,AusPost,Standard,Delivered,0,True,26,9.73,none,7,9,Anytime,2.123,True,0.433,delivered within promise
HDEL000933,HORD000933,2018-01-24,2018-01-28,2018-01-28,Direct Freight,Standard,Delivered,0,True,40,6.07,none,4,8,Morning,1.4979,True,0.341,delivered within promise
HDEL000934,HORD000934,2018-10-10,2018-10-15,2018-10-15,AusPost,Standard,Delivered,0,True,62,7.59,none,5,4,Anytime,1.0772,True,0.286,delivered within promise
HDEL000935,HORD000935,2018-10-12,2018-10-15,2018-10-14,DHL,Standard,Delivered,0,True,5,6.44,none,3,6,Morning,2.4444,True,0.411,delivered within promise
HDEL000936,HORD000936,2018-02-27,2018-03-03,2018-03-03,DHL,Standard,Delivered,0,True,66,12.64,none,4,3,Morning,8.3518,False,0.45,delivered within promise
HDEL000937,HORD000937,2018-01-21,2018-01-26,2018-01-28,DHL,Standard,Delivered,2,False,4,7.34,warehouse_congestion,5,9,Afternoon,4.4075,True,0.446,carrier scan reconciled
HDEL000938,HORD000938,2018-08-06,2018-08-11,2018-08-09,StarTrack,Standard,Delivered,0,True,64,12.73,none,5,3,Afternoon,4.7326,False,0.355,delivered within promise
HDEL000939,HORD000939,2018-01-05,2018-01-12,2018-01-11,StarTrack,Standard,Delivered,0,True,70,8.14,none,7,5,Morning,5.2525,True,0.964,delivered within promise
HDEL000940,HORD000940,2018-03-25,2018-03-28,2018-03-26,DHL,Standard,Delivered,0,True,40,8.14,none,3,8,Morning,6.9158,False,0.41,delivered within promise
HDEL000941,HORD000941,2018-08-09,2018-08-13,2018-08-13,StarTrack,Standard,Delivered,0,True,27,13.49,none,4,5,Afternoon,6.0551,False,0.346,delivered within promise
HDEL000942,HORD000942,2018-05-01,2018-05-04,2018-05-03,AusPost,Standard,Delivered,0,True,46,9.71,none,3,7,Afternoon,6.5587,True,0.613,delivered within promise
HDEL000943,HORD000943,2018-02-27,2018-03-02,2018-02-28,DHL,Standard,Delivered,0,True,35,8.59,none,3,6,Afternoon,2.2928,True,0.848,delivered within promise
HDEL000944,HORD000944,2018-05-29,2018-06-01,2018-05-30,StarTrack,Standard,Delivered,0,True,34,8.05,none,3,5,Anytime,3.0741,False,0.352,delivered within promise
HDEL000945,HORD000945,2018-10-30,2018-11-03,2018-11-01,DHL,Standard,Delivered,0,True,43,8.38,none,4,7,Anytime,3.0676,True,0.441,delivered within promise
HDEL000946,HORD000946,2018-01-16,2018-01-19,2018-01-18,Direct Freight,Standard,Delivered,0,True,42,7.75,none,3,6,Anytime,4.631,True,0.426,delivered within promise
HDEL000947,HORD000947,2018-09-14,2018-09-18,2018-09-17,StarTrack,Standard,Delivered,0,True,10,8.46,none,4,8,Anytime,5.893,True,0.542,delivered within promise
HDEL000948,HORD000948,2018-06-01,2018-06-04,2018-06-02,Direct Freight,Standard,Delivered,0,True,38,8.05,none,3,3,Anytime,5.4863,True,0.592,delivered within promise
HDEL000949,HORD000949,2018-01-15,2018-01-22,2018-01-21,StarTrack,Standard,Delivered,0,True,26,7.85,none,7,4,Afternoon,4.302,False,0.299,delivered within promise
HDEL000950,HORD000950,2018-01-31,2018-02-05,2018-02-05,DHL,Standard,Delivered,0,True,10,10.02,none,5,4,Morning,6.386,False,0.523,delivered within promise
HDEL000951,HORD000951,2018-10-30,2018-11-05,2018-11-04,DHL,Standard,Delivered,0,True,5,10.37,none,6,4,Afternoon,7.931,True,0.452,delivered within promise
HDEL000952,HORD000952,2018-12-11,2018-12-18,2018-12-16,StarTrack,Standard,Delivered,0,True,34,7.55,none,7,9,Morning,2.9046,False,0.434,delivered within promise
HDEL000953,HORD000953,2018-04-14,2018-04-19,2018-04-18,StarTrack,Standard,Delivered,0,True,69,10.27,none,5,8,Morning,7.039,True,0.946,delivered within promise
HDEL000954,HORD000954,2018-08-14,2018-08-21,2018-08-19,AusPost,Standard,Delivered,0,True,69,12.88,none,7,6,Anytime,5.0091,True,0.39,delivered within promise
HDEL000955,HORD000955,2018-10-03,2018-10-06,2018-10-04,DHL,Standard,Delivered,0,True,29,6.92,none,3,6,Morning,3.5087,True,0.329,delivered within promise
HDEL000956,HORD000956,2018-03-17,2018-03-20,2018-03-18,StarTrack,Standard,Delivered,0,True,50,9.43,none,3,9,Morning,4.2221,True,0.693,delivered within promise
HDEL000957,HORD000957,2018-11-12,2018-11-19,2018-11-17,StarTrack,Standard,Delivered,0,True,66,10.12,none,7,7,Anytime,7.039,True,0.519,delivered within promise
HDEL000958,HORD000958,2018-05-20,2018-05-26,2018-05-24,Direct Freight,Standard,Delivered,0,True,60,8.91,none,6,6,Anytime,8.3518,True,1.166,delivered within promise
HDEL000959,HORD000959,2018-09-21,2018-09-24,2018-09-22,AusPost,Standard,Delivered,0,True,37,9.54,none,3,9,Anytime,6.6671,True,1.143,delivered within promise
HDEL000960,HORD000960,2018-03-17,2018-03-23,2018-03-23,Direct Freight,Standard,Delivered,0,True,57,8.1,none,6,5,Anytime,4.1904,False,0.32,delivered within promise
HDEL000961,HORD000961,2018-06-22,2018-06-28,2018-06-28,Direct Freight,Standard,Delivered,0,True,28,9.87,none,6,6,Afternoon,1.9711,True,0.509,delivered within promise
HDEL000962,HORD000962,2018-11-20,2018-11-26,2018-11-26,AusPost,Standard,Delivered,0,True,3,6.34,none,6,6,Afternoon,2.5443,True,0.933,delivered within promise
HDEL000963,HORD000963,2018-02-25,2018-03-01,2018-02-28,Direct Freight,Standard,Delivered,0,True,32,12.42,none,4,9,Morning,7.8823,True,1.134,delivered within promise
HDEL000964,HORD000964,2018-07-04,2018-07-08,2018-07-07,Direct Freight,Standard,Delivered,0,True,25,15.05,none,4,6,Morning,7.4945,True,0.536,delivered within promise
HDEL000965,HORD000965,2018-02-23,2018-02-27,2018-02-25,StarTrack,Standard,Delivered,0,True,54,10.07,none,4,9,Morning,7.424,True,0.458,delivered within promise
HDEL000966,HORD000966,2018-09-27,2018-10-04,2018-10-04,Direct Freight,Standard,Delivered,0,True,18,8.05,none,7,9,Afternoon,3.9696,True,1.271,delivered within promise
HDEL000967,HORD000967,2018-07-17,2018-07-20,2018-07-18,StarTrack,Standard,Delivered,0,True,53,13.88,none,3,5,Morning,7.4601,True,0.474,delivered within promise
HDEL000968,HORD000968,2018-05-18,2018-05-25,2018-05-23,DHL,Standard,Delivered,0,True,58,6.85,none,7,6,Anytime,3.0268,True,0.371,delivered within promise
HDEL000969,HORD000969,2018-04-16,2018-04-19,2018-04-18,DHL,Standard,Delivered,0,True,20,5.97,none,3,3,Afternoon,2.601,False,0.379,delivered within promise
HDEL000970,HORD000970,2018-09-13,2018-09-17,2018-09-15,Direct Freight,Standard,Delivered,0,True,65,5.91,none,4,4,Afternoon,1.2249,True,0.323,delivered within promise
HDEL000971,HORD000971,2018-10-18,2018-10-22,2018-10-21,Direct Freight,Standard,Delivered,0,True,2,8.94,none,4,6,Afternoon,3.4226,True,0.331,delivered within promise
HDEL000972,HORD000972,2018-08-22,2018-08-26,2018-08-24,AusPost,Standard,Delivered,0,True,67,9.86,none,4,5,Afternoon,3.2634,True,0.32,delivered within promise
HDEL000973,HORD000973,2018-01-16,2018-01-21,2018-01-19,DHL,Express,Delivered,0,True,56,17.18,none,5,7,Anytime,8.5159,True,0.596,delivered within promise
HDEL000974,HORD000974,2018-07-26,2018-07-30,2018-07-28,Direct Freight,Standard,Delivered,0,True,3,12.89,none,4,7,Morning,5.5821,True,0.518,delivered within promise
HDEL000975,HORD000975,2018-12-06,2018-12-09,2018-12-08,DHL,Standard,Delivered,0,True,37,7.68,none,3,5,Afternoon,2.9629,True,0.289,delivered within promise
HDEL000976,HORD000976,2018-09-18,2018-09-21,2018-09-20,AusPost,Standard,Delivered,0,True,49,11.4,none,3,7,Morning,6.9266,True,0.574,delivered within promise
HDEL000977,HORD000977,2018-08-16,2018-08-19,2018-08-18,DHL,Standard,Delivered,0,True,57,9.61,none,3,7,Anytime,5.2882,True,0.635,delivered within promise
HDEL000978,HORD000978,2018-03-31,2018-04-06,2018-04-04,AusPost,Express,Delivered,0,True,52,19.63,none,6,7,Morning,7.0423,True,0.509,delivered within promise
HDEL000979,HORD000979,2018-05-19,2018-05-22,2018-05-20,AusPost,Express,Delivered,0,True,21,13.74,none,3,6,Morning,0.9173,True,0.297,delivered within promise
HDEL000980,HORD000980,2018-06-08,2018-06-14,2018-06-13,AusPost,Standard,Delivered,0,True,17,11.25,none,6,3,Afternoon,7.2473,True,0.496,delivered within promise
HDEL000981,HORD000981,2018-12-04,2018-12-09,2018-12-09,Direct Freight,Standard,Delivered,0,True,9,9.41,none,5,8,Afternoon,4.4633,True,1.011,delivered within promise
HDEL000982,HORD000982,2018-08-14,2018-08-20,2018-08-19,AusPost,Standard,Delivered,0,True,27,10.93,none,6,6,Morning,3.0762,False,0.434,delivered within promise
HDEL000983,HORD000983,2018-01-09,2018-01-13,2018-01-11,StarTrack,Standard,Delivered,0,True,5,6.34,none,4,6,Morning,2.4826,True,0.48,delivered within promise
HDEL000984,HORD000984,2018-01-16,2018-01-19,2018-01-21,DHL,Standard,Delivered,2,False,21,10.76,carrier_capacity,3,5,Morning,8.301,False,0.513,carrier scan reconciled
HDEL000985,HORD000985,2018-11-13,2018-11-16,2018-11-16,DHL,Standard,Delivered,0,True,56,9.01,none,3,6,Afternoon,6.6257,False,0.468,delivered within promise
HDEL000986,HORD000986,2018-04-04,2018-04-10,2018-04-08,Direct Freight,Standard,Delivered,0,True,6,7.61,none,6,5,Morning,5.9442,True,0.975,delivered within promise
HDEL000987,HORD000987,2018-09-09,2018-09-15,2018-09-14,AusPost,Standard,Delivered,0,True,26,11.04,none,6,3,Afternoon,8.3331,False,0.447,delivered within promise
HDEL000988,HORD000988,2018-10-13,2018-10-19,2018-10-18,AusPost,Standard,Delivered,0,True,66,7.2,none,6,7,Afternoon,1.2249,False,0.288,delivered within promise
HDEL000989,HORD000989,2018-02-04,2018-02-10,2018-02-10,DHL,Express,Delivered,0,True,33,17.93,none,6,7,Anytime,7.3159,False,0.383,delivered within promise
HDEL000990,HORD000990,2018-11-27,2018-12-02,2018-11-30,StarTrack,Standard,Delivered,0,True,39,9.2,none,5,6,Afternoon,5.225,True,1.085,delivered within promise
HDEL000991,HORD000991,2018-02-04,2018-02-10,2018-02-09,Direct Freight,Standard,Delivered,0,True,32,8.6,none,6,9,Afternoon,4.4676,True,1.725,delivered within promise
HDEL000992,HORD000992,2018-11-03,2018-11-09,2018-11-07,DHL,Standard,Delivered,0,True,35,10.61,none,6,4,Morning,7.3474,True,0.563,delivered within promise
HDEL000993,HORD000993,2018-04-09,2018-04-14,2018-04-12,DHL,Standard,Delivered,0,True,72,7.93,none,5,3,Morning,4.1654,False,0.305,delivered within promise
HDEL000994,HORD000994,2018-01-09,2018-01-14,2018-01-14,Direct Freight,Standard,Delivered,0,True,4,12.56,none,5,9,Anytime,8.8204,False,0.492,delivered within promise
HDEL000995,HORD000995,2018-02-22,2018-02-25,2018-02-25,DHL,Standard,Delivered,0,True,33,9.52,none,3,9,Anytime,6.9394,True,0.611,delivered within promise
HDEL000996,HORD000996,2018-08-26,2018-08-31,2018-08-30,AusPost,Standard,Delivered,0,True,50,12.87,none,5,3,Anytime,6.1688,True,0.611,delivered within promise
HDEL000997,HORD000997,2018-10-29,2018-11-01,2018-10-30,Direct Freight,Standard,Delivered,0,True,23,10.63,none,3,5,Afternoon,6.3062,False,0.366,delivered within promise
HDEL000998,HORD000998,2018-04-22,2018-04-26,2018-04-24,Direct Freight,Standard,Delivered,0,True,42,10.8,none,4,5,Afternoon,7.7645,False,0.466,delivered within promise
HDEL000999,HORD000999,2018-03-06,2018-03-12,2018-03-11,StarTrack,Standard,Delivered,0,True,8,8.54,none,6,7,Morning,6.8906,True,1.153,delivered within promise
HDEL001000,HORD001000,2018-02-08,2018-02-11,2018-02-10,Direct Freight,Standard,Delivered,0,True,49,7.61,none,3,7,Afternoon,4.4593,False,0.481,delivered within promise
HDEL001001,HORD001001,2018-05-13,2018-05-18,2018-05-16,AusPost,Express,Delivered,0,True,72,19.55,none,5,8,Morning,4.677,True,1.266,delivered within promise
HDEL001002,HORD001002,2018-01-15,2018-01-20,2018-01-20,DHL,Standard,Delivered,0,True,58,11.7,none,5,3,Morning,8.7052,False,0.513,delivered within promise
HDEL001003,HORD001003,2018-04-07,2018-04-10,2018-04-08,Direct Freight,Standard,Delivered,0,True,35,7.21,none,3,9,Morning,3.7343,True,0.332,delivered within promise
HDEL001004,HORD001004,2019-01-01,2019-01-08,2019-01-07,AusPost,Standard,Delivered,0,True,33,7.47,none,7,4,Anytime,3.9724,True,0.427,delivered within promise
HDEL001005,HORD001005,2018-02-13,2018-02-20,2018-02-18,Direct Freight,Express,Delivered,0,True,56,17.19,none,7,8,Afternoon,3.7343,False,0.325,delivered within promise
HDEL001006,HORD001006,2018-05-08,2018-05-15,2018-05-14,StarTrack,Express,Delivered,0,True,13,15.07,none,7,5,Morning,2.2355,True,0.56,delivered within promise
HDEL001007,HORD001007,2018-06-14,2018-06-19,2018-06-19,DHL,Standard,Delivered,0,True,20,13.33,none,5,5,Morning,6.4707,True,1.104,delivered within promise
HDEL001008,HORD001008,2018-03-22,2018-03-29,2018-03-31,StarTrack,Standard,Delivered,2,False,17,5.84,weather,7,3,Afternoon,0.7721,True,0.97,carrier scan reconciled
HDEL001009,HORD001009,2018-03-07,2018-03-14,2018-03-12,StarTrack,Express,Delivered,0,True,59,19.03,none,7,5,Morning,7.0873,True,0.413,delivered within promise
HDEL001010,HORD001010,2018-11-06,2018-11-10,2018-11-09,Direct Freight,Standard,Delivered,0,True,70,8.34,none,4,5,Morning,4.704,True,0.425,delivered within promise
HDEL001011,HORD001011,2018-01-30,2018-02-06,2018-02-05,AusPost,Standard,Delivered,0,True,56,7.28,none,7,8,Morning,1.9711,True,0.392,delivered within promise
HDEL001012,HORD001012,2018-07-13,2018-07-20,2018-07-20,StarTrack,Express,Delivered,0,True,69,23.33,none,7,9,Anytime,8.2355,True,1.279,delivered within promise
HDEL001013,HORD001013,2018-08-24,2018-08-31,2018-08-29,AusPost,Standard,Delivered,0,True,41,14.49,none,7,3,Anytime,8.7178,True,0.474,delivered within promise
HDEL001014,HORD001014,2018-04-09,2018-04-16,2018-04-14,StarTrack,Express,Delivered,0,True,50,16.33,none,7,7,Afternoon,6.4658,True,0.576,delivered within promise
HDEL001015,HORD001015,2018-03-16,2018-03-19,2018-03-19,DHL,Standard,Delivered,0,True,18,8.53,none,3,5,Anytime,7.1568,True,1.166,delivered within promise
HDEL001016,HORD001016,2018-06-08,2018-06-11,2018-06-10,DHL,Standard,Delivered,0,True,40,10.11,none,3,8,Afternoon,5.4295,True,1.05,delivered within promise
HDEL001017,HORD001017,2018-01-12,2018-01-19,2018-01-17,AusPost,Standard,Delivered,0,True,73,10.3,none,7,4,Morning,6.9704,True,0.493,delivered within promise
HDEL001018,HORD001018,2018-07-21,2018-07-28,2018-07-27,StarTrack,Express,Delivered,0,True,7,22.41,none,7,3,Afternoon,5.2465,True,0.548,delivered within promise
HDEL001019,HORD001019,2018-08-14,2018-08-21,2018-08-21,AusPost,Standard,Delivered,0,True,64,10.89,none,7,7,Morning,7.9059,True,0.484,delivered within promise
HDEL001020,HORD001020,2018-02-05,2018-02-10,2018-02-08,StarTrack,Express,Delivered,0,True,71,16.17,none,5,7,Afternoon,6.7199,False,0.452,delivered within promise
HDEL001021,HORD001021,2018-04-21,2018-04-26,2018-04-26,Direct Freight,Express,Delivered,0,True,62,13.83,none,5,5,Anytime,3.5955,True,0.344,delivered within promise
HDEL001022,HORD001022,2018-10-01,2018-10-06,2018-10-11,StarTrack,Standard,Delivered,5,False,16,8.57,warehouse_congestion,5,3,Afternoon,5.0931,True,0.447,carrier scan reconciled
HDEL001023,HORD001023,2018-05-25,2018-05-28,2018-05-26,StarTrack,Standard,Delivered,0,True,37,6.53,none,3,6,Afternoon,1.1475,False,0.262,delivered within promise
HDEL001024,HORD001024,2018-05-27,2018-05-30,2018-05-28,StarTrack,Standard,Delivered,0,True,16,6.58,none,3,5,Morning,2.9974,True,0.394,delivered within promise
HDEL001025,HORD001025,2018-10-01,2018-10-06,2018-10-05,DHL,Standard,Delivered,0,True,4,9.89,none,5,6,Anytime,6.7789,True,0.418,delivered within promise
HDEL001026,HORD001026,2018-09-18,2018-09-21,2018-09-21,DHL,Standard,Delivered,0,True,27,9.76,none,3,4,Morning,7.9755,True,0.477,delivered within promise
HDEL001027,HORD001027,2018-05-02,2018-05-08,2018-05-08,DHL,Standard,Delivered,0,True,15,8.2,none,6,8,Morning,3.4447,True,0.298,delivered within promise
HDEL001028,HORD001028,2018-02-17,2018-02-21,2018-02-21,Direct Freight,Standard,Delivered,0,True,7,10.53,none,4,9,Anytime,8.3518,True,1.172,delivered within promise
HDEL001029,HORD001029,2018-09-07,2018-09-11,2018-09-09,DHL,Standard,Delivered,0,True,73,11.28,none,4,3,Anytime,7.0002,True,1.146,delivered within promise
HDEL001030,HORD001030,2018-05-24,2018-05-27,2018-05-26,Direct Freight,Standard,Delivered,0,True,30,9.18,none,3,5,Anytime,4.4197,True,0.347,delivered within promise
HDEL001031,HORD001031,2018-09-28,2018-10-03,2018-10-03,StarTrack,Standard,Delivered,0,True,73,7.34,none,5,3,Afternoon,4.0669,True,0.459,delivered within promise
HDEL001032,HORD001032,2018-09-20,2018-09-23,2018-09-21,DHL,Standard,Delivered,0,True,25,7.69,none,3,4,Afternoon,3.2578,False,0.35,delivered within promise
HDEL001033,HORD001033,2018-09-11,2018-09-16,2018-09-15,DHL,Standard,Delivered,0,True,10,10.88,none,5,6,Anytime,6.0031,False,0.466,delivered within promise
HDEL001034,HORD001034,2018-10-13,2018-10-18,2018-10-18,StarTrack,Standard,Delivered,0,True,44,9.98,none,5,4,Morning,7.5536,True,0.999,delivered within promise
HDEL001035,HORD001035,2018-04-11,2018-04-16,2018-04-15,StarTrack,Express,Delivered,0,True,54,18.98,none,5,4,Morning,7.3971,True,0.454,delivered within promise
HDEL001036,HORD001036,2018-11-10,2018-11-14,2018-11-14,AusPost,Standard,Delivered,0,True,72,8.69,none,4,3,Morning,5.3108,True,0.471,delivered within promise
HDEL001037,HORD001037,2018-03-25,2018-04-01,2018-04-01,DHL,Standard,Delivered,0,True,40,5.61,none,7,4,Morning,0.8202,False,0.212,delivered within promise
HDEL001038,HORD001038,2018-05-25,2018-06-01,2018-05-30,DHL,Standard,Delivered,0,True,69,7.4,none,7,5,Afternoon,4.5739,True,0.358,delivered within promise
HDEL001039,HORD001039,2018-12-14,2018-12-18,2018-12-17,DHL,Express,Delivered,0,True,60,19.18,none,4,4,Anytime,6.3746,False,0.401,delivered within promise
HDEL001040,HORD001040,2018-06-22,2018-06-28,2018-06-27,StarTrack,Standard,Delivered,0,True,58,9.28,none,6,9,Anytime,2.7597,False,0.406,delivered within promise
HDEL001041,HORD001041,2018-07-02,2018-07-05,2018-07-05,DHL,Standard,Delivered,0,True,15,14.26,none,3,7,Anytime,7.7904,False,0.406,delivered within promise
HDEL001042,HORD001042,2018-02-15,2018-02-22,2018-02-22,Direct Freight,Standard,Delivered,0,True,47,8.02,none,7,3,Morning,5.2439,True,0.449,delivered within promise
HDEL001043,HORD001043,2018-11-12,2018-11-18,2018-11-18,StarTrack,Express,Delivered,0,True,70,14.65,none,6,5,Afternoon,6.1208,True,0.503,delivered within promise
HDEL001044,HORD001044,2018-11-26,2018-12-02,2018-12-02,StarTrack,Standard,Delivered,0,True,29,8.17,none,6,7,Afternoon,6.1407,True,0.982,delivered within promise
HDEL001045,HORD001045,2018-01-30,2018-02-06,2018-02-05,Direct Freight,Standard,Delivered,0,True,67,10.33,none,7,8,Morning,7.5016,True,1.291,delivered within promise
HDEL001046,HORD001046,2018-03-20,2018-03-26,2018-03-24,AusPost,Standard,Delivered,0,True,31,9.75,none,6,4,Anytime,5.5022,True,0.543,delivered within promise
HDEL001047,HORD001047,2018-05-03,2018-05-10,2018-05-10,StarTrack,Standard,Delivered,0,True,61,8.42,none,7,7,Afternoon,3.0676,True,1.121,delivered within promise
HDEL001048,HORD001048,2018-10-01,2018-10-05,2018-10-03,StarTrack,Standard,Delivered,0,True,44,7.2,none,4,5,Afternoon,1.0071,True,0.411,delivered within promise
HDEL001049,HORD001049,2018-06-23,2018-06-29,2018-06-27,Direct Freight,Express,Delivered,0,True,49,16.31,none,6,9,Morning,2.0944,True,0.33,delivered within promise
HDEL001050,HORD001050,2018-10-05,2018-10-12,2018-10-11,AusPost,Standard,Delivered,0,True,71,6.64,none,7,9,Anytime,0.053,False,0.243,delivered within promise
HDEL001051,HORD001051,2018-06-17,2018-06-24,2018-06-23,DHL,Standard,Delivered,0,True,54,12.79,none,7,6,Anytime,9.9192,True,0.551,delivered within promise
HDEL001052,HORD001052,2018-05-27,2018-05-30,2018-05-29,Direct Freight,Standard,Delivered,0,True,2,10.15,none,3,5,Anytime,8.9566,True,0.515,delivered within promise
HDEL001053,HORD001053,2018-12-14,2018-12-19,2018-12-19,StarTrack,Standard,Delivered,0,True,29,10.32,none,5,8,Anytime,7.3474,True,0.621,delivered within promise
HDEL001054,HORD001054,2018-02-01,2018-02-08,2018-02-06,DHL,Standard,Delivered,0,True,3,8.67,none,7,9,Afternoon,3.3529,True,1.046,delivered within promise
HDEL001055,HORD001055,2018-07-25,2018-07-28,2018-07-28,StarTrack,Standard,Delivered,0,True,58,13.02,none,3,4,Morning,6.0108,False,0.383,delivered within promise
HDEL001056,HORD001056,2018-09-04,2018-09-07,2018-09-05,AusPost,Standard,Delivered,0,True,66,8.4,none,3,5,Anytime,5.4595,True,1.108,delivered within promise
HDEL001057,HORD001057,2018-07-17,2018-07-20,2018-07-18,AusPost,Standard,Delivered,0,True,47,13.41,none,3,8,Afternoon,5.9006,False,0.442,delivered within promise
HDEL001058,HORD001058,2018-07-26,2018-08-02,2018-08-02,AusPost,Standard,Delivered,0,True,69,9.94,none,7,4,Morning,2.134,False,0.256,delivered within promise
HDEL001059,HORD001059,2018-08-08,2018-08-13,2018-08-13,AusPost,Standard,Delivered,0,True,62,14.69,none,5,3,Morning,7.408,True,1.173,delivered within promise
HDEL001060,HORD001060,2018-11-18,2018-11-21,2018-11-19,Direct Freight,Standard,Delivered,0,True,45,8.82,none,3,6,Anytime,5.0399,True,0.363,delivered within promise
HDEL001061,HORD001061,2018-07-02,2018-07-06,2018-07-04,Direct Freight,Standard,Delivered,0,True,48,11.38,none,4,4,Morning,4.0181,False,0.383,delivered within promise
HDEL001062,HORD001062,2018-03-07,2018-03-12,2018-03-11,Direct Freight,Standard,Delivered,0,True,60,10.82,none,5,9,Afternoon,6.461,False,0.602,delivered within promise
HDEL001063,HORD001063,2018-02-20,2018-02-24,2018-02-23,StarTrack,Standard,Delivered,0,True,72,8.66,none,4,4,Morning,7.3787,False,0.574,delivered within promise
HDEL001064,HORD001064,2018-04-20,2018-04-26,2018-04-25,AusPost,Standard,Delivered,0,True,65,9.89,none,6,5,Afternoon,5.8758,True,1.07,delivered within promise
HDEL001065,HORD001065,2018-08-01,2018-08-07,2018-08-06,Direct Freight,Express,Delivered,0,True,23,22.72,none,6,6,Afternoon,3.7343,True,0.885,delivered within promise
HDEL001066,HORD001066,2018-04-14,2018-04-18,2018-04-16,Direct Freight,Standard,Delivered,0,True,4,6.26,none,4,4,Morning,1.321,True,0.538,delivered within promise
HDEL001067,HORD001067,2018-07-07,2018-07-14,2018-07-13,DHL,Standard,Delivered,0,True,9,12.74,none,7,3,Morning,5.5051,True,0.479,delivered within promise
HDEL001068,HORD001068,2018-03-05,2018-03-10,2018-03-09,AusPost,Standard,Delivered,0,True,35,8.42,none,5,5,Morning,5.4548,False,0.409,delivered within promise
HDEL001069,HORD001069,2018-05-25,2018-05-29,2018-05-28,Direct Freight,Standard,Delivered,0,True,28,9.89,none,4,4,Afternoon,7.1054,False,1.074,delivered within promise
HDEL001070,HORD001070,2018-09-19,2018-09-22,2018-09-24,DHL,Standard,Delivered,2,False,32,9.61,carrier_capacity,3,6,Afternoon,8.3,True,0.614,carrier scan reconciled
HDEL001071,HORD001071,2018-09-22,2018-09-29,2018-09-29,AusPost,Standard,Delivered,0,True,48,9.24,none,7,6,Afternoon,4.5788,True,0.704,delivered within promise
HDEL001072,HORD001072,2018-06-11,2018-06-18,2018-06-17,StarTrack,Standard,Delivered,0,True,68,14.52,none,7,6,Anytime,7.5016,False,0.425,delivered within promise
HDEL001073,HORD001073,2018-09-12,2018-09-16,2018-09-16,Direct Freight,Standard,Delivered,0,True,17,10.2,none,4,5,Anytime,7.4926,True,0.418,delivered within promise
HDEL001074,HORD001074,2018-11-18,2018-11-25,2018-11-23,DHL,Standard,Delivered,0,True,18,6.83,none,7,4,Anytime,2.7874,True,1.081,delivered within promise
HDEL001075,HORD001075,2018-02-23,2018-02-26,2018-02-25,AusPost,Standard,Delivered,0,True,56,9.51,none,3,3,Anytime,7.9059,False,0.44,delivered within promise
HDEL001076,HORD001076,2018-04-01,2018-04-06,2018-04-05,AusPost,Standard,Delivered,0,True,70,11.08,none,5,8,Afternoon,7.7907,False,0.469,delivered within promise
HDEL001077,HORD001077,2018-10-19,2018-10-25,2018-10-23,AusPost,Standard,Delivered,0,True,60,9.37,none,6,4,Afternoon,6.3827,False,0.412,delivered within promise
HDEL001078,HORD001078,2018-07-02,2018-07-05,2018-07-04,DHL,Standard,Delivered,0,True,53,14.19,none,3,5,Anytime,8.3886,False,0.548,delivered within promise
HDEL001079,HORD001079,2018-06-15,2018-06-21,2018-06-21,AusPost,Express,Delivered,0,True,51,20.18,none,6,6,Morning,5.3195,True,0.525,delivered within promise
HDEL001080,HORD001080,2018-02-14,2018-02-17,2018-02-16,DHL,Standard,Delivered,0,True,36,9.61,none,3,9,Morning,5.5051,False,1.051,delivered within promise
HDEL001081,HORD001081,2018-05-23,2018-05-30,2018-05-30,Direct Freight,Standard,Delivered,0,True,17,8.39,none,7,9,Morning,6.7742,False,0.372,delivered within promise
HDEL001082,HORD001082,2018-12-27,2019-01-01,2018-12-30,Direct Freight,Express,Delivered,0,True,68,17.15,none,5,6,Anytime,6.2383,True,0.934,delivered within promise
HDEL001083,HORD001083,2018-05-02,2018-05-06,2018-05-08,StarTrack,Standard,Delivered,2,False,72,9.64,weather,4,3,Morning,5.2534,True,0.419,carrier scan reconciled
HDEL001084,HORD001084,2018-12-20,2018-12-27,2018-12-27,DHL,Standard,Delivered,0,True,30,9.38,none,7,8,Anytime,6.9183,False,0.429,delivered within promise
HDEL001085,HORD001085,2018-01-28,2018-01-31,2018-01-29,Direct Freight,Standard,Delivered,0,True,34,9.33,none,3,8,Morning,3.3418,False,1.167,delivered within promise
HDEL001086,HORD001086,2018-06-16,2018-06-23,2018-06-21,StarTrack,Standard,Delivered,0,True,12,10.9,none,7,5,Afternoon,3.1348,True,0.311,delivered within promise
HDEL001087,HORD001087,2018-05-24,2018-05-27,2018-05-26,DHL,Standard,Delivered,0,True,65,11.68,none,3,3,Anytime,8.5784,False,0.452,delivered within promise
HDEL001088,HORD001088,2018-01-07,2018-01-14,2018-01-14,StarTrack,Express,Delivered,0,True,72,16.72,none,7,4,Morning,8.3518,True,0.472,delivered within promise
HDEL001089,HORD001089,2018-04-24,2018-04-28,2018-05-02,AusPost,Standard,Delivered,4,False,53,10.61,warehouse_congestion,4,7,Morning,7.5048,False,0.388,carrier scan reconciled
HDEL001090,HORD001090,2018-01-20,2018-01-24,2018-01-24,StarTrack,Standard,Delivered,0,True,45,9.61,none,4,8,Anytime,7.039,True,0.586,delivered within promise
HDEL001091,HORD001091,2018-12-28,2018-12-31,2018-12-30,Direct Freight,Standard,Delivered,0,True,34,7.79,none,3,7,Morning,0.7721,True,0.316,delivered within promise
HDEL001092,HORD001092,2018-09-23,2018-09-26,2018-09-24,AusPost,Standard,Delivered,0,True,7,9.67,none,3,8,Anytime,4.1548,True,0.381,delivered within promise
HDEL001093,HORD001093,2018-04-16,2018-04-21,2018-04-19,Direct Freight,Standard,Delivered,0,True,20,7.34,none,5,6,Afternoon,4.4633,True,0.468,delivered within promise
HDEL001094,HORD001094,2018-10-21,2018-10-26,2018-10-25,StarTrack,Standard,Delivered,0,True,17,11.66,none,5,9,Afternoon,7.9406,True,0.499,delivered within promise
HDEL001095,HORD001095,2018-12-05,2018-12-08,2018-12-06,AusPost,Standard,Delivered,0,True,62,8.64,none,3,9,Afternoon,5.1765,True,0.51,delivered within promise
HDEL001096,HORD001096,2018-12-29,2019-01-05,2019-01-03,AusPost,Express,Delivered,0,True,26,16.57,none,7,4,Anytime,4.7326,False,0.356,delivered within promise
HDEL001097,HORD001097,2018-01-16,2018-01-23,2018-01-22,AusPost,Standard,Delivered,0,True,66,8.75,none,7,8,Morning,6.7995,True,1.11,delivered within promise
HDEL001098,HORD001098,2018-07-13,2018-07-17,2018-07-17,StarTrack,Standard,Delivered,0,True,58,12.72,none,4,4,Anytime,7.278,True,0.454,delivered within promise
HDEL001099,HORD001099,2018-12-29,2019-01-04,2019-01-02,Direct Freight,Express,Delivered,0,True,46,17.1,none,6,5,Afternoon,2.134,True,0.33,delivered within promise
HDEL001100,HORD001100,2018-03-23,2018-03-26,2018-03-26,Direct Freight,Standard,Delivered,0,True,46,6.43,none,3,9,Morning,1.2522,False,0.255,delivered within promise
HDEL001101,HORD001101,2018-01-17,2018-01-21,2018-01-21,Direct Freight,Standard,Delivered,0,True,5,7.98,none,4,7,Morning,5.5403,False,0.375,delivered within promise
HDEL001102,HORD001102,2018-01-16,2018-01-20,2018-01-18,Direct Freight,Standard,Delivered,0,True,38,11.68,none,4,4,Morning,7.8955,True,0.536,delivered within promise
HDEL001103,HORD001103,2018-03-24,2018-03-27,2018-03-27,DHL,Express,Delivered,0,True,27,19.41,none,3,7,Morning,7.3787,False,0.489,delivered within promise
HDEL001104,HORD001104,2018-06-01,2018-06-08,2018-06-07,AusPost,Standard,Delivered,0,True,68,9.85,none,7,9,Anytime,6.7933,False,0.508,delivered within promise
HDEL001105,HORD001105,2018-06-21,2018-06-24,2018-06-23,StarTrack,Standard,Delivered,0,True,48,8.42,none,3,9,Anytime,1.4145,True,0.366,delivered within promise
HDEL001106,HORD001106,2018-09-19,2018-09-26,2018-09-25,DHL,Standard,Delivered,0,True,57,8.6,none,7,8,Morning,4.9486,True,0.566,delivered within promise
HDEL001107,HORD001107,2018-01-05,2018-01-12,2018-01-12,Direct Freight,Standard,Delivered,0,True,55,8.43,none,7,8,Morning,2.8697,True,0.475,delivered within promise
HDEL001108,HORD001108,2018-11-23,2018-11-26,2018-11-24,StarTrack,Standard,Delivered,0,True,8,9.04,none,3,5,Anytime,6.6691,False,0.388,delivered within promise
HDEL001109,HORD001109,2018-03-05,2018-03-10,2018-03-10,DHL,Standard,Delivered,0,True,30,6.66,none,5,5,Morning,2.9353,True,0.398,delivered within promise
HDEL001110,HORD001110,2018-10-16,2018-10-19,2018-10-17,DHL,Standard,Delivered,0,True,72,11.37,none,3,6,Anytime,7.3971,True,0.464,delivered within promise
HDEL001111,HORD001111,2018-08-03,2018-08-09,2018-08-10,AusPost,Express,Delivered,1,False,26,23.65,carrier_capacity,6,3,Anytime,5.3195,True,0.39,carrier scan reconciled
HDEL001112,HORD001112,2018-08-12,2018-08-17,2018-08-16,Direct Freight,Express,Delivered,0,True,27,16.8,none,5,6,Anytime,3.1441,True,0.402,delivered within promise
HDEL001113,HORD001113,2018-11-10,2018-11-17,2018-11-17,Direct Freight,Standard,Delivered,0,True,3,9.45,none,7,6,Morning,7.2272,True,0.577,delivered within promise
HDEL001114,HORD001114,2018-08-27,2018-09-02,2018-09-05,StarTrack,Standard,Delivered,3,False,40,12.19,warehouse_congestion,6,5,Afternoon,8.2339,False,0.47,carrier scan reconciled
HDEL001115,HORD001115,2018-10-08,2018-10-12,2018-10-16,StarTrack,Standard,Delivered,4,False,30,9.94,carrier_capacity,4,3,Anytime,4.6923,True,0.548,carrier scan reconciled
HDEL001116,HORD001116,2018-11-10,2018-11-17,2018-11-15,AusPost,Standard,Delivered,0,True,33,5.14,none,7,5,Anytime,0.1725,True,0.362,delivered within promise
HDEL001117,HORD001117,2018-03-13,2018-03-19,2018-03-19,AusPost,Standard,Delivered,0,True,18,6.0,none,6,6,Morning,1.4362,True,0.529,delivered within promise
HDEL001118,HORD001118,2018-12-01,2018-12-06,2018-12-06,AusPost,Standard,Delivered,0,True,18,8.98,none,5,9,Anytime,6.2605,True,0.57,delivered within promise
HDEL001119,HORD001119,2018-07-16,2018-07-22,2018-07-21,DHL,Standard,Delivered,0,True,29,13.04,none,6,6,Anytime,7.0574,True,0.529,delivered within promise
HDEL001120,HORD001120,2018-07-19,2018-07-25,2018-07-24,StarTrack,Standard,Delivered,0,True,45,8.13,none,6,5,Morning,1.7014,True,0.401,delivered within promise
HDEL001121,HORD001121,2018-01-22,2018-01-26,2018-01-26,DHL,Express,Delivered,0,True,21,18.71,none,4,8,Afternoon,7.278,False,0.485,delivered within promise
HDEL001122,HORD001122,2018-09-17,2018-09-21,2018-09-23,AusPost,Standard,Delivered,2,False,22,7.08,weather,4,5,Anytime,2.0944,True,0.495,carrier scan reconciled
HDEL001123,HORD001123,2018-09-21,2018-09-25,2018-09-23,StarTrack,Standard,Delivered,0,True,61,8.37,none,4,7,Afternoon,6.2848,True,0.595,delivered within promise
HDEL001124,HORD001124,2018-11-26,2018-12-01,2018-12-06,AusPost,Standard,Delivered,5,False,60,8.73,weather,5,4,Morning,7.7046,False,0.58,carrier scan reconciled
HDEL001125,HORD001125,2018-06-11,2018-06-18,2018-06-16,DHL,Standard,Delivered,0,True,20,9.21,none,7,5,Morning,2.9046,False,0.36,delivered within promise
HDEL001126,HORD001126,2018-02-04,2018-02-09,2018-02-08,AusPost,Standard,Delivered,0,True,52,8.86,none,5,5,Morning,3.2797,True,0.359,delivered within promise
HDEL001127,HORD001127,2018-08-09,2018-08-14,2018-08-13,AusPost,Express,Delivered,0,True,10,20.77,none,5,3,Morning,5.4918,True,0.535,delivered within promise
HDEL001128,HORD001128,2018-09-19,2018-09-26,2018-09-25,StarTrack,Standard,Delivered,0,True,59,7.16,none,7,7,Anytime,1.0772,True,0.437,delivered within promise
HDEL001129,HORD001129,2018-03-19,2018-03-24,2018-03-24,StarTrack,Standard,Delivered,0,True,68,7.52,none,5,4,Morning,5.5803,False,0.412,delivered within promise
HDEL001130,HORD001130,2018-10-22,2018-10-25,2018-10-24,AusPost,Standard,Delivered,0,True,70,10.65,none,3,4,Morning,7.3091,True,0.575,delivered within promise
HDEL001131,HORD001131,2018-10-01,2018-10-07,2018-10-06,DHL,Standard,Delivered,0,True,59,10.91,none,6,9,Afternoon,7.1134,False,0.485,delivered within promise
HDEL001132,HORD001132,2018-08-15,2018-08-21,2018-08-21,Direct Freight,Standard,Delivered,0,True,6,10.81,none,6,6,Afternoon,7.3971,True,1.012,delivered within promise
HDEL001133,HORD001133,2018-03-14,2018-03-21,2018-03-21,AusPost,Standard,Delivered,0,True,36,9.74,none,7,9,Afternoon,8.5159,True,1.19,delivered within promise
HDEL001134,HORD001134,2018-10-15,2018-10-20,2018-10-20,DHL,Standard,Delivered,0,True,45,9.12,none,5,5,Afternoon,3.5737,True,1.206,delivered within promise
HDEL001135,HORD001135,2018-05-16,2018-05-23,2018-05-23,AusPost,Standard,Delivered,0,True,62,9.46,none,7,3,Morning,6.3827,False,0.349,delivered within promise
HDEL001136,HORD001136,2018-02-08,2018-02-15,2018-02-13,AusPost,Express,Delivered,0,True,23,12.37,none,7,8,Morning,1.3001,True,0.275,delivered within promise
HDEL001137,HORD001137,2018-10-17,2018-10-23,2018-10-23,AusPost,Standard,Delivered,0,True,20,8.65,none,6,4,Afternoon,7.7907,True,0.468,delivered within promise
HDEL001138,HORD001138,2018-10-02,2018-10-08,2018-10-07,AusPost,Standard,Delivered,0,True,58,10.78,none,6,5,Anytime,8.7537,True,1.733,delivered within promise
HDEL001139,HORD001139,2018-08-01,2018-08-05,2018-08-03,AusPost,Standard,Delivered,0,True,29,13.91,none,4,9,Afternoon,6.944,False,1.097,delivered within promise
HDEL001140,HORD001140,2018-06-12,2018-06-17,2018-06-15,StarTrack,Standard,Delivered,0,True,66,12.16,none,5,4,Afternoon,6.7102,True,0.538,delivered within promise
HDEL001141,HORD001141,2018-05-21,2018-05-28,2018-05-27,StarTrack,Standard,Delivered,0,True,67,7.46,none,7,3,Afternoon,3.5762,True,0.522,delivered within promise
HDEL001142,HORD001142,2018-12-28,2019-01-03,2019-01-01,DHL,Express,Delivered,0,True,32,15.59,none,6,9,Morning,5.4433,True,0.447,delivered within promise
HDEL001143,HORD001143,2018-10-23,2018-10-27,2018-10-26,DHL,Standard,Delivered,0,True,29,11.51,none,4,6,Morning,9.9192,True,0.538,delivered within promise
HDEL001144,HORD001144,2018-01-24,2018-01-27,2018-01-25,Direct Freight,Standard,Delivered,0,True,49,8.78,none,3,6,Morning,5.2465,False,0.383,delivered within promise
HDEL001145,HORD001145,2018-12-05,2018-12-12,2018-12-12,StarTrack,Standard,Delivered,0,True,46,9.09,none,7,3,Afternoon,4.3951,False,0.44,delivered within promise
HDEL001146,HORD001146,2018-05-22,2018-05-25,2018-05-24,AusPost,Standard,Delivered,0,True,34,6.73,none,3,3,Anytime,3.3529,True,0.364,delivered within promise
HDEL001147,HORD001147,2018-06-03,2018-06-08,2018-06-07,StarTrack,Standard,Delivered,0,True,39,10.54,none,5,7,Anytime,4.4593,False,0.328,delivered within promise
HDEL001148,HORD001148,2018-12-21,2018-12-24,2018-12-23,StarTrack,Standard,Delivered,0,True,66,9.66,none,3,8,Afternoon,3.6934,False,0.356,delivered within promise
HDEL001149,HORD001149,2018-09-26,2018-10-02,2018-09-30,Direct Freight,Standard,Delivered,0,True,57,11.85,none,6,7,Anytime,8.5159,False,0.471,delivered within promise
HDEL001150,HORD001150,2018-12-25,2018-12-30,2018-12-28,StarTrack,Standard,Delivered,0,True,5,7.82,none,5,4,Afternoon,0.7721,True,0.319,delivered within promise
HDEL001151,HORD001151,2018-12-29,2019-01-03,2019-01-01,Direct Freight,Standard,Delivered,0,True,55,7.17,none,5,6,Afternoon,3.773,False,0.314,delivered within promise
HDEL001152,HORD001152,2018-05-06,2018-05-11,2018-05-09,Direct Freight,Standard,Delivered,0,True,45,6.1,none,5,8,Anytime,2.134,True,0.513,delivered within promise
HDEL001153,HORD001153,2018-04-09,2018-04-12,2018-04-10,DHL,Standard,Delivered,0,True,45,10.21,none,3,3,Afternoon,8.2339,False,0.439,delivered within promise
HDEL001154,HORD001154,2018-04-23,2018-04-27,2018-04-27,DHL,Standard,Delivered,0,True,40,9.13,none,4,9,Morning,5.6307,False,0.402,delivered within promise
HDEL001155,HORD001155,2018-08-07,2018-08-11,2018-08-11,AusPost,Standard,Delivered,0,True,35,10.93,none,4,5,Anytime,4.1548,True,0.402,delivered within promise
HDEL001156,HORD001156,2018-03-18,2018-03-21,2018-03-20,StarTrack,Express,Delivered,0,True,25,19.68,none,3,4,Afternoon,5.3613,True,0.475,delivered within promise
HDEL001157,HORD001157,2018-06-17,2018-06-24,2018-06-22,Direct Freight,Standard,Delivered,0,True,30,12.53,none,7,4,Afternoon,5.1765,True,1.036,delivered within promise
HDEL001158,HORD001158,2018-09-04,2018-09-09,2018-09-08,AusPost,Standard,Delivered,0,True,59,9.19,none,5,8,Afternoon,5.6239,False,0.385,delivered within promise
HDEL001159,HORD001159,2018-12-15,2018-12-18,2018-12-18,StarTrack,Express,Delivered,0,True,4,16.76,none,3,7,Afternoon,0.7165,True,0.618,delivered within promise
HDEL001160,HORD001160,2018-09-23,2018-09-28,2018-09-26,DHL,Standard,Delivered,0,True,42,9.3,none,5,5,Anytime,3.6955,True,1.665,delivered within promise
HDEL001161,HORD001161,2018-05-26,2018-06-01,2018-05-30,DHL,Standard,Delivered,0,True,6,11.98,none,6,7,Afternoon,8.301,False,0.496,delivered within promise
HDEL001162,HORD001162,2018-10-04,2018-10-09,2018-10-07,AusPost,Standard,Delivered,0,True,61,9.38,none,5,3,Anytime,6.2259,True,0.571,delivered within promise
HDEL001163,HORD001163,2018-10-14,2018-10-20,2018-10-20,StarTrack,Standard,Delivered,0,True,2,7.81,none,6,4,Anytime,5.5821,True,0.511,delivered within promise
HDEL001164,HORD001164,2018-03-03,2018-03-09,2018-03-09,DHL,Standard,Delivered,0,True,54,8.48,none,6,8,Morning,4.911,True,0.437,delivered within promise
HDEL001165,HORD001165,2018-09-10,2018-09-15,2018-09-20,DHL,Standard,Delivered,5,False,2,10.02,warehouse_congestion,5,6,Morning,5.8022,True,0.538,carrier scan reconciled
HDEL001166,HORD001166,2018-07-15,2018-07-21,2018-07-21,StarTrack,Standard,Delivered,0,True,38,12.38,none,6,8,Anytime,7.355,True,0.554,delivered within promise
HDEL001167,HORD001167,2018-03-01,2018-03-04,2018-03-03,AusPost,Standard,Delivered,0,True,14,8.91,none,3,9,Afternoon,7.7244,True,0.416,delivered within promise
HDEL001168,HORD001168,2018-07-29,2018-08-03,2018-08-02,Direct Freight,Standard,Delivered,0,True,19,14.9,none,5,4,Anytime,8.0765,False,0.435,delivered within promise
HDEL001169,HORD001169,2018-01-03,2018-01-07,2018-01-07,StarTrack,Standard,Delivered,0,True,53,10.81,none,4,3,Afternoon,6.5462,True,0.799,delivered within promise
HDEL001170,HORD001170,2018-04-13,2018-04-18,2018-04-18,DHL,Standard,Delivered,0,True,56,8.4,none,5,9,Anytime,6.783,False,0.467,delivered within promise
HDEL001171,HORD001171,2018-05-27,2018-06-01,2018-05-31,DHL,Express,Delivered,0,True,12,18.09,none,5,6,Afternoon,4.2248,True,0.462,delivered within promise
HDEL001172,HORD001172,2018-12-10,2018-12-13,2018-12-13,Direct Freight,Standard,Delivered,0,True,13,10.14,none,3,9,Anytime,8.7178,True,0.54,delivered within promise
HDEL001173,HORD001173,2018-11-14,2018-11-21,2018-11-19,StarTrack,Standard,Delivered,0,True,58,9.73,none,7,6,Anytime,7.7645,False,0.383,delivered within promise
HDEL001174,HORD001174,2018-08-30,2018-09-03,2018-09-02,StarTrack,Standard,Delivered,0,True,35,8.86,none,4,3,Afternoon,2.134,False,0.311,delivered within promise
HDEL001175,HORD001175,2018-10-20,2018-10-26,2018-10-30,StarTrack,Standard,Delivered,4,False,46,9.0,carrier_capacity,6,3,Morning,5.1023,True,0.894,carrier scan reconciled
HDEL001176,HORD001176,2018-07-30,2018-08-03,2018-08-01,Direct Freight,Standard,Delivered,0,True,50,9.49,none,4,3,Afternoon,2.3642,True,0.928,delivered within promise
HDEL001177,HORD001177,2018-07-22,2018-07-26,2018-07-25,DHL,Standard,Delivered,0,True,38,9.87,none,4,6,Morning,2.4836,True,0.967,delivered within promise
HDEL001178,HORD001178,2018-12-01,2018-12-06,2018-12-06,StarTrack,Express,Delivered,0,True,20,16.57,none,5,7,Anytime,9.1217,True,0.551,delivered within promise
HDEL001179,HORD001179,2018-03-19,2018-03-25,2018-03-25,AusPost,Standard,Delivered,0,True,41,10.88,none,6,3,Anytime,6.8617,True,0.602,delivered within promise
HDEL001180,HORD001180,2018-04-29,2018-05-04,2018-05-03,StarTrack,Standard,Delivered,0,True,53,10.84,none,5,6,Afternoon,7.4635,True,0.458,delivered within promise
HDEL001181,HORD001181,2018-05-04,2018-05-09,2018-05-07,DHL,Standard,Delivered,0,True,12,12.12,none,5,9,Afternoon,9.9192,False,0.532,delivered within promise
HDEL001182,HORD001182,2018-08-13,2018-08-17,2018-08-17,StarTrack,Standard,Delivered,0,True,48,12.04,none,4,7,Afternoon,7.5016,True,0.401,delivered within promise
HDEL001183,HORD001183,2018-09-10,2018-09-13,2018-09-12,Direct Freight,Express,Delivered,0,True,10,17.52,none,3,3,Afternoon,3.3602,True,0.716,delivered within promise
HDEL001184,HORD001184,2018-02-20,2018-02-24,2018-02-23,Direct Freight,Standard,Delivered,0,True,27,7.79,none,4,5,Anytime,3.6744,True,1.164,delivered within promise
HDEL001185,HORD001185,2018-09-08,2018-09-11,2018-09-10,StarTrack,Express,Delivered,0,True,32,15.15,none,3,6,Morning,6.2019,True,0.558,delivered within promise
HDEL001186,HORD001186,2018-08-28,2018-08-31,2018-08-31,DHL,Standard,Delivered,0,True,42,10.36,none,3,6,Anytime,3.2764,True,0.479,delivered within promise
HDEL001187,HORD001187,2018-09-14,2018-09-19,2018-09-17,AusPost,Express,Delivered,0,True,27,17.03,none,5,5,Anytime,3.4447,True,0.371,delivered within promise
HDEL001188,HORD001188,2018-11-08,2018-11-11,2018-11-09,DHL,Standard,Delivered,0,True,8,7.65,none,3,8,Morning,4.0376,True,0.642,delivered within promise
HDEL001189,HORD001189,2018-10-25,2018-10-29,2018-10-27,DHL,Standard,Delivered,0,True,64,9.75,none,4,4,Morning,4.911,True,0.386,delivered within promise
HDEL001190,HORD001190,2018-07-22,2018-07-25,2018-07-25,DHL,Standard,Delivered,0,True,22,12.09,none,3,4,Anytime,3.8216,False,0.317,delivered within promise
HDEL001191,HORD001191,2018-10-29,2018-11-02,2018-11-01,StarTrack,Standard,Delivered,0,True,65,9.45,none,4,3,Morning,7.2107,True,0.988,delivered within promise
HDEL001192,HORD001192,2018-04-22,2018-04-28,2018-04-28,AusPost,Standard,Delivered,0,True,24,12.04,none,6,3,Afternoon,9.2711,True,0.639,delivered within promise
HDEL001193,HORD001193,2018-03-23,2018-03-30,2018-03-29,AusPost,Standard,Delivered,0,True,52,8.34,none,7,5,Anytime,3.333,True,0.439,delivered within promise
HDEL001194,HORD001194,2018-01-23,2018-01-26,2018-01-25,DHL,Standard,Delivered,0,True,39,7.2,none,3,8,Anytime,0.3679,True,0.941,delivered within promise
HDEL001195,HORD001195,2018-10-07,2018-10-11,2018-10-10,StarTrack,Express,Delivered,0,True,66,14.01,none,4,8,Morning,3.0741,False,0.336,delivered within promise
HDEL001196,HORD001196,2018-03-05,2018-03-12,2018-03-10,StarTrack,Standard,Delivered,0,True,39,8.65,none,7,9,Afternoon,7.5048,True,0.629,delivered within promise
HDEL001197,HORD001197,2018-01-05,2018-01-11,2018-01-09,DHL,Standard,Delivered,0,True,60,6.74,none,6,5,Afternoon,1.0355,True,0.362,delivered within promise
HDEL001198,HORD001198,2018-11-07,2018-11-10,2018-11-09,StarTrack,Standard,Delivered,0,True,22,8.61,none,3,6,Anytime,7.0002,True,1.158,delivered within promise
HDEL001199,HORD001199,2018-09-08,2018-09-12,2018-09-14,AusPost,Standard,Delivered,2,False,8,8.44,carrier_capacity,4,3,Morning,6.1231,True,0.558,carrier scan reconciled
HDEL001200,HORD001200,2018-03-17,2018-03-22,2018-03-20,StarTrack,Express,Delivered,0,True,6,14.6,none,5,9,Morning,4.7326,True,0.399,delivered within promise
HDEL001201,HORD001201,2018-09-12,2018-09-17,2018-09-17,Direct Freight,Standard,Delivered,0,True,23,10.4,none,5,8,Anytime,6.6257,True,0.482,delivered within promise
HDEL001202,HORD001202,2018-01-16,2018-01-21,2018-01-21,AusPost,Standard,Delivered,0,True,21,11.69,none,5,6,Afternoon,7.5369,False,0.423,delivered within promise
HDEL001203,HORD001203,2018-10-25,2018-11-01,2018-10-31,StarTrack,Standard,Delivered,0,True,46,5.72,none,7,6,Morning,0.9,True,0.348,delivered within promise
HDEL001204,HORD001204,2018-04-02,2018-04-08,2018-04-08,StarTrack,Express,Delivered,0,True,6,21.26,none,6,6,Anytime,6.6351,True,0.399,delivered within promise
HDEL001205,HORD001205,2018-02-28,2018-03-06,2018-03-04,StarTrack,Standard,Delivered,0,True,46,8.19,none,6,8,Morning,4.4186,False,0.365,delivered within promise
HDEL001206,HORD001206,2018-08-18,2018-08-25,2018-08-23,Direct Freight,Standard,Delivered,0,True,56,7.54,none,7,4,Anytime,1.0772,False,0.219,delivered within promise
HDEL001207,HORD001207,2018-02-26,2018-03-03,2018-03-03,StarTrack,Standard,Delivered,0,True,43,6.48,none,5,5,Afternoon,1.4145,True,0.467,delivered within promise
HDEL001208,HORD001208,2018-06-24,2018-06-27,2018-06-26,AusPost,Standard,Delivered,0,True,3,11.88,none,3,8,Anytime,5.6653,False,0.381,delivered within promise
HDEL001209,HORD001209,2018-03-03,2018-03-08,2018-03-06,AusPost,Standard,Delivered,0,True,34,6.24,none,5,5,Anytime,2.0932,False,0.251,delivered within promise
HDEL001210,HORD001210,2018-10-09,2018-10-12,2018-10-12,AusPost,Standard,Delivered,0,True,6,8.0,none,3,9,Morning,3.028,True,0.533,delivered within promise
HDEL001211,HORD001211,2018-12-03,2018-12-10,2018-12-08,StarTrack,Standard,Delivered,0,True,7,7.8,none,7,4,Anytime,3.6096,False,0.36,delivered within promise
HDEL001212,HORD001212,2018-12-19,2018-12-23,2018-12-21,Direct Freight,Standard,Delivered,0,True,15,11.62,none,4,9,Anytime,7.1652,False,0.407,delivered within promise
HDEL001213,HORD001213,2018-03-15,2018-03-22,2018-03-20,DHL,Standard,Delivered,0,True,54,8.79,none,7,6,Anytime,7.7046,True,0.488,delivered within promise
HDEL001214,HORD001214,2018-05-03,2018-05-06,2018-05-05,AusPost,Standard,Delivered,0,True,63,8.44,none,3,6,Afternoon,7.4471,True,0.484,delivered within promise
HDEL001215,HORD001215,2018-07-17,2018-07-23,2018-07-22,StarTrack,Express,Delivered,0,True,50,22.88,none,6,3,Afternoon,4.8879,True,0.374,delivered within promise
HDEL001216,HORD001216,2018-01-07,2018-01-12,2018-01-12,DHL,Standard,Delivered,0,True,16,10.53,none,5,9,Morning,8.5159,False,0.558,delivered within promise
HDEL001217,HORD001217,2018-07-15,2018-07-20,2018-07-20,AusPost,Express,Delivered,0,True,26,23.51,none,5,3,Morning,7.5016,True,0.549,delivered within promise
HDEL001218,HORD001218,2018-08-16,2018-08-22,2018-08-21,StarTrack,Standard,Delivered,0,True,13,9.67,none,6,9,Anytime,2.9046,True,0.439,delivered within promise
HDEL001219,HORD001219,2018-10-30,2018-11-05,2018-11-05,Direct Freight,Standard,Delivered,0,True,26,9.58,none,6,4,Afternoon,8.9675,True,0.533,delivered within promise
HDEL001220,HORD001220,2018-03-31,2018-04-04,2018-04-04,Direct Freight,Standard,Delivered,0,True,9,8.98,none,4,4,Afternoon,4.555,True,0.401,delivered within promise
HDEL001221,HORD001221,2018-07-11,2018-07-18,2018-07-16,AusPost,Standard,Delivered,0,True,30,12.14,none,7,3,Morning,4.0549,True,0.442,delivered within promise
HDEL001222,HORD001222,2018-05-02,2018-05-09,2018-05-09,StarTrack,Standard,Delivered,0,True,21,5.59,none,7,5,Anytime,0.1725,False,0.252,delivered within promise
HDEL001223,HORD001223,2018-07-26,2018-07-30,2018-07-28,StarTrack,Standard,Delivered,0,True,58,10.05,none,4,9,Anytime,1.7855,True,0.355,delivered within promise
HDEL001224,HORD001224,2018-05-03,2018-05-06,2018-05-05,Direct Freight,Standard,Delivered,0,True,27,8.87,none,3,8,Morning,8.2357,True,0.588,delivered within promise
HDEL001225,HORD001225,2018-08-29,2018-09-02,2018-09-02,Direct Freight,Express,Delivered,0,True,50,22.41,none,4,8,Morning,5.0434,False,0.384,delivered within promise
HDEL001226,HORD001226,2018-07-31,2018-08-04,2018-08-03,DHL,Standard,Delivered,0,True,28,13.65,none,4,8,Afternoon,8.7347,True,1.088,delivered within promise
HDEL001227,HORD001227,2018-03-15,2018-03-18,2018-03-17,DHL,Standard,Delivered,0,True,6,7.55,none,3,8,Afternoon,4.6923,True,0.587,delivered within promise
HDEL001228,HORD001228,2018-07-05,2018-07-09,2018-07-09,Direct Freight,Express,Delivered,0,True,67,23.46,none,4,3,Afternoon,7.7904,True,1.783,delivered within promise
HDEL001229,HORD001229,2018-11-24,2018-11-27,2018-12-01,AusPost,Standard,Delivered,4,False,50,6.97,weather,3,8,Afternoon,4.0259,False,0.344,carrier scan reconciled
HDEL001230,HORD001230,2018-07-12,2018-07-16,2018-07-21,AusPost,Express,Delivered,5,False,2,25.44,warehouse_congestion,4,9,Morning,8.5784,True,0.499,carrier scan reconciled
HDEL001231,HORD001231,2018-06-08,2018-06-12,2018-06-10,Direct Freight,Standard,Delivered,0,True,43,7.02,none,4,3,Anytime,0.9173,True,0.424,delivered within promise
HDEL001232,HORD001232,2018-02-19,2018-02-25,2018-02-24,Direct Freight,Standard,Delivered,0,True,42,8.34,none,6,9,Morning,5.0545,True,0.561,delivered within promise
HDEL001233,HORD001233,2018-05-22,2018-05-29,2018-05-29,Direct Freight,Standard,Delivered,0,True,16,8.05,none,7,3,Morning,4.3953,True,0.493,delivered within promise
HDEL001234,HORD001234,2018-09-20,2018-09-24,2018-09-23,DHL,Express,Delivered,0,True,66,18.02,none,4,7,Anytime,5.893,True,0.492,delivered within promise
HDEL001235,HORD001235,2018-06-13,2018-06-16,2018-06-15,AusPost,Express,Delivered,0,True,60,18.46,none,3,7,Anytime,3.1441,True,0.388,delivered within promise
HDEL001236,HORD001236,2018-10-06,2018-10-11,2018-10-09,StarTrack,Express,Delivered,0,True,33,15.91,none,5,8,Morning,5.5821,False,0.517,delivered within promise
HDEL001237,HORD001237,2018-12-25,2018-12-28,2018-12-26,Direct Freight,Standard,Delivered,0,True,46,9.12,none,3,5,Morning,3.3316,True,0.358,delivered within promise
HDEL001238,HORD001238,2018-09-25,2018-10-01,2018-10-01,StarTrack,Express,Delivered,0,True,9,16.45,none,6,7,Anytime,2.9353,True,0.459,delivered within promise
HDEL001239,HORD001239,2018-06-14,2018-06-19,2018-06-18,Direct Freight,Express,Delivered,0,True,40,21.95,none,5,3,Afternoon,2.7874,True,0.829,delivered within promise
HDEL001240,HORD001240,2018-09-03,2018-09-07,2018-09-06,Direct Freight,Express,Delivered,0,True,73,19.42,none,4,5,Afternoon,5.8758,True,0.424,delivered within promise
HDEL001241,HORD001241,2018-06-20,2018-06-27,2018-06-27,StarTrack,Standard,Delivered,0,True,43,10.05,none,7,8,Afternoon,5.1871,True,1.254,delivered within promise
HDEL001242,HORD001242,2018-10-22,2018-10-29,2018-10-29,Direct Freight,Standard,Delivered,0,True,48,9.65,none,7,5,Afternoon,7.9406,True,0.527,delivered within promise
HDEL001243,HORD001243,2018-02-13,2018-02-17,2018-02-16,DHL,Standard,Delivered,0,True,6,7.56,none,4,9,Morning,3.9724,False,0.331,delivered within promise
HDEL001244,HORD001244,2018-06-23,2018-06-28,2018-06-28,StarTrack,Standard,Delivered,0,True,52,11.4,none,5,7,Anytime,8.8204,True,0.551,delivered within promise
HDEL001245,HORD001245,2018-09-21,2018-09-24,2018-09-24,StarTrack,Standard,Delivered,0,True,56,7.79,none,3,7,Afternoon,1.7014,False,0.29,delivered within promise
HDEL001246,HORD001246,2018-08-07,2018-08-10,2018-08-08,AusPost,Standard,Delivered,0,True,45,10.7,none,3,4,Morning,3.0762,True,1.186,delivered within promise
HDEL001247,HORD001247,2018-08-15,2018-08-19,2018-08-18,DHL,Standard,Delivered,0,True,41,9.38,none,4,4,Morning,1.698,False,0.356,delivered within promise
HDEL001248,HORD001248,2018-07-03,2018-07-09,2018-07-08,StarTrack,Standard,Delivered,0,True,42,9.05,none,6,8,Morning,1.5895,True,0.268,delivered within promise
HDEL001249,HORD001249,2018-03-06,2018-03-13,2018-03-14,StarTrack,Standard,Delivered,1,False,45,9.21,weather,7,4,Morning,4.0376,False,0.33,carrier scan reconciled
HDEL001250,HORD001250,2018-02-01,2018-02-06,2018-02-05,Direct Freight,Standard,Delivered,0,True,33,11.3,none,5,8,Anytime,7.7907,True,0.555,delivered within promise
HDEL001251,HORD001251,2018-01-05,2018-01-09,2018-01-09,Direct Freight,Standard,Delivered,0,True,51,7.15,none,4,4,Anytime,3.5737,True,1.131,delivered within promise
HDEL001252,HORD001252,2018-02-04,2018-02-10,2018-02-09,Direct Freight,Standard,Delivered,0,True,32,9.6,none,6,6,Anytime,6.9396,False,0.524,delivered within promise
HDEL001253,HORD001253,2018-08-30,2018-09-05,2018-09-03,StarTrack,Standard,Delivered,0,True,28,13.01,none,6,8,Morning,6.5568,True,0.507,delivered within promise
HDEL001254,HORD001254,2018-01-05,2018-01-11,2018-01-09,StarTrack,Standard,Delivered,0,True,30,9.84,none,6,9,Anytime,8.2339,True,0.546,delivered within promise
HDEL001255,HORD001255,2018-11-01,2018-11-05,2018-11-03,Direct Freight,Standard,Delivered,0,True,68,9.57,none,4,8,Anytime,4.1421,False,0.352,delivered within promise
HDEL001256,HORD001256,2018-03-21,2018-03-28,2018-03-27,StarTrack,Standard,Delivered,0,True,26,7.92,none,7,5,Anytime,3.4566,False,0.307,delivered within promise
HDEL001257,HORD001257,2018-02-27,2018-03-02,2018-02-28,Direct Freight,Standard,Delivered,0,True,5,8.06,none,3,7,Afternoon,5.9963,False,0.426,delivered within promise
HDEL001258,HORD001258,2018-03-27,2018-03-30,2018-03-30,Direct Freight,Standard,Delivered,0,True,48,7.81,none,3,6,Afternoon,3.9344,True,0.489,delivered within promise
HDEL001259,HORD001259,2018-12-26,2019-01-01,2018-12-30,StarTrack,Standard,Delivered,0,True,25,11.49,none,6,6,Morning,8.5784,True,1.16,delivered within promise
HDEL001260,HORD001260,2018-11-19,2018-11-24,2018-11-22,Direct Freight,Standard,Delivered,0,True,23,9.41,none,5,3,Afternoon,5.5262,False,0.348,delivered within promise
HDEL001261,HORD001261,2018-05-20,2018-05-25,2018-05-23,Direct Freight,Express,Delivered,0,True,9,17.74,none,5,4,Morning,4.302,True,0.49,delivered within promise
HDEL001262,HORD001262,2018-10-13,2018-10-19,2018-10-17,Direct Freight,Standard,Delivered,0,True,69,10.97,none,6,4,Afternoon,6.6351,True,0.675,delivered within promise
HDEL001263,HORD001263,2018-03-26,2018-03-30,2018-03-30,Direct Freight,Standard,Delivered,0,True,47,8.67,none,4,5,Afternoon,3.333,True,0.407,delivered within promise
HDEL001264,HORD001264,2018-02-28,2018-03-05,2018-03-03,Direct Freight,Standard,Delivered,0,True,5,7.3,none,5,3,Afternoon,1.1475,True,0.706,delivered within promise
HDEL001265,HORD001265,2018-08-31,2018-09-05,2018-09-03,AusPost,Express,Delivered,0,True,12,18.13,none,5,6,Afternoon,5.2534,True,1.11,delivered within promise
HDEL001266,HORD001266,2018-08-31,2018-09-04,2018-09-04,StarTrack,Standard,Delivered,0,True,30,13.3,none,4,6,Anytime,5.8895,True,0.488,delivered within promise
HDEL001267,HORD001267,2018-11-16,2018-11-19,2018-11-17,DHL,Standard,Delivered,0,True,8,9.42,none,3,3,Afternoon,6.0532,False,0.399,delivered within promise
HDEL001268,HORD001268,2018-11-19,2018-11-22,2018-11-21,StarTrack,Standard,Delivered,0,True,65,7.49,none,3,3,Afternoon,4.2221,True,0.465,delivered within promise
HDEL001269,HORD001269,2018-03-26,2018-03-31,2018-03-29,DHL,Standard,Delivered,0,True,26,8.36,none,5,5,Anytime,4.631,False,0.446,delivered within promise
HDEL001270,HORD001270,2018-10-24,2018-10-27,2018-10-25,AusPost,Express,Delivered,0,True,52,14.17,none,3,7,Morning,3.7862,False,0.378,delivered within promise
HDEL001271,HORD001271,2018-03-24,2018-03-31,2018-03-30,AusPost,Express,Delivered,0,True,14,16.36,none,7,4,Afternoon,3.7181,True,0.303,delivered within promise
HDEL001272,HORD001272,2018-03-10,2018-03-14,2018-03-12,Direct Freight,Standard,Delivered,0,True,23,8.46,none,4,3,Anytime,6.322,True,0.449,delivered within promise
HDEL001273,HORD001273,2018-08-19,2018-08-26,2018-08-26,AusPost,Standard,Delivered,0,True,2,12.61,none,7,4,Morning,8.7338,True,0.604,delivered within promise
HDEL001274,HORD001274,2018-12-13,2018-12-20,2018-12-19,StarTrack,Standard,Delivered,0,True,57,6.22,none,7,8,Anytime,2.0846,False,0.283,delivered within promise
HDEL001275,HORD001275,2018-06-08,2018-06-15,2018-06-15,DHL,Standard,Delivered,0,True,4,9.4,none,7,6,Morning,5.1954,True,0.881,delivered within promise
HDEL001276,HORD001276,2018-05-14,2018-05-18,2018-05-16,DHL,Standard,Delivered,0,True,71,5.71,none,4,9,Afternoon,1.0772,True,0.282,delivered within promise
HDEL001277,HORD001277,2018-04-03,2018-04-08,2018-04-06,DHL,Standard,Delivered,0,True,69,8.83,none,5,5,Anytime,6.3827,True,1.126,delivered within promise
HDEL001278,HORD001278,2018-04-09,2018-04-14,2018-04-14,Direct Freight,Standard,Delivered,0,True,62,10.6,none,5,7,Anytime,7.7645,False,0.523,delivered within promise
HDEL001279,HORD001279,2018-02-10,2018-02-14,2018-02-14,Direct Freight,Express,Delivered,0,True,71,15.51,none,4,6,Anytime,1.0772,True,0.385,delivered within promise
HDEL001280,HORD001280,2018-10-16,2018-10-21,2018-10-20,StarTrack,Standard,Delivered,0,True,44,10.98,none,5,7,Morning,6.1729,True,0.479,delivered within promise
HDEL001281,HORD001281,2018-04-09,2018-04-13,2018-04-13,Direct Freight,Standard,Delivered,0,True,71,8.32,none,4,9,Afternoon,5.4436,True,0.457,delivered within promise
HDEL001282,HORD001282,2018-07-17,2018-07-22,2018-07-22,AusPost,Standard,Delivered,0,True,40,13.15,none,5,9,Morning,6.0605,True,0.386,delivered within promise
HDEL001283,HORD001283,2018-03-10,2018-03-14,2018-03-13,StarTrack,Standard,Delivered,0,True,14,9.13,none,4,6,Afternoon,5.9544,True,0.445,delivered within promise
HDEL001284,HORD001284,2018-05-18,2018-05-21,2018-05-19,Direct Freight,Express,Delivered,0,True,42,16.01,none,3,7,Morning,6.8906,True,0.491,delivered within promise
HDEL001285,HORD001285,2018-01-17,2018-01-20,2018-01-19,StarTrack,Standard,Delivered,0,True,62,8.14,none,3,9,Anytime,3.1302,False,0.897,delivered within promise
HDEL001286,HORD001286,2018-11-06,2018-11-10,2018-11-10,DHL,Standard,Delivered,0,True,60,6.77,none,4,6,Morning,2.4826,True,0.475,delivered within promise
HDEL001287,HORD001287,2018-12-08,2018-12-13,2018-12-11,AusPost,Express,Delivered,0,True,44,12.74,none,5,9,Afternoon,2.0015,True,0.948,delivered within promise
HDEL001288,HORD001288,2018-11-06,2018-11-13,2018-11-11,AusPost,Standard,Delivered,0,True,38,7.08,none,7,4,Morning,3.7104,False,0.306,delivered within promise
HDEL001289,HORD001289,2018-11-14,2018-11-18,2018-11-18,DHL,Standard,Delivered,0,True,56,7.2,none,4,9,Morning,2.9353,True,2.719,delivered within promise
HDEL001290,HORD001290,2018-02-11,2018-02-14,2018-02-12,StarTrack,Standard,Delivered,0,True,22,5.68,none,3,4,Afternoon,0.1725,True,0.328,delivered within promise
HDEL001291,HORD001291,2018-03-31,2018-04-05,2018-04-05,StarTrack,Standard,Delivered,0,True,38,9.72,none,5,4,Afternoon,5.0818,False,0.348,delivered within promise
HDEL001292,HORD001292,2018-07-21,2018-07-26,2018-07-24,Direct Freight,Standard,Delivered,0,True,65,9.46,none,5,5,Anytime,3.7942,True,0.519,delivered within promise
HDEL001293,HORD001293,2018-10-17,2018-10-24,2018-10-24,DHL,Standard,Delivered,0,True,69,8.37,none,7,9,Afternoon,7.1609,False,0.394,delivered within promise
HDEL001294,HORD001294,2018-11-16,2018-11-23,2018-11-23,StarTrack,Express,Delivered,0,True,42,21.08,none,7,9,Morning,7.039,False,0.422,delivered within promise
HDEL001295,HORD001295,2018-09-20,2018-09-25,2018-09-25,DHL,Standard,Delivered,0,True,34,7.39,none,5,6,Anytime,5.0818,True,0.448,delivered within promise
HDEL001296,HORD001296,2018-06-07,2018-06-10,2018-06-09,DHL,Standard,Delivered,0,True,24,14.77,none,3,5,Morning,7.1568,True,0.499,delivered within promise
HDEL001297,HORD001297,2018-01-13,2018-01-18,2018-01-17,AusPost,Express,Delivered,0,True,4,18.84,none,5,4,Morning,4.4275,True,0.565,delivered within promise
HDEL001298,HORD001298,2018-11-22,2018-11-28,2018-11-27,StarTrack,Express,Delivered,0,True,54,16.73,none,6,6,Afternoon,4.4903,False,0.351,delivered within promise
HDEL001299,HORD001299,2018-08-02,2018-08-07,2018-08-07,Direct Freight,Standard,Delivered,0,True,67,10.79,none,5,9,Morning,7.5021,True,1.233,delivered within promise
HDEL001300,HORD001300,2018-06-02,2018-06-07,2018-06-05,DHL,Standard,Delivered,0,True,69,8.47,none,5,7,Morning,6.9396,True,0.512,delivered within promise
HDEL001301,HORD001301,2018-01-09,2018-01-15,2018-01-13,AusPost,Standard,Delivered,0,True,8,9.99,none,6,9,Morning,8.0606,True,0.59,delivered within promise
HDEL001302,HORD001302,2018-01-03,2018-01-06,2018-01-05,AusPost,Standard,Delivered,0,True,34,7.01,none,3,8,Morning,0.9,True,0.692,delivered within promise
HDEL001303,HORD001303,2018-11-23,2018-11-27,2018-11-27,StarTrack,Standard,Delivered,0,True,12,11.22,none,4,5,Afternoon,7.3527,True,0.483,delivered within promise
HDEL001304,HORD001304,2018-07-09,2018-07-16,2018-07-16,DHL,Express,Delivered,0,True,62,19.14,none,7,4,Anytime,4.7326,True,0.893,delivered within promise
HDEL001305,HORD001305,2018-06-23,2018-06-29,2018-06-29,StarTrack,Standard,Delivered,0,True,27,13.77,none,6,9,Afternoon,8.0565,False,0.435,delivered within promise
HDEL001306,HORD001306,2018-10-09,2018-10-16,2018-10-16,StarTrack,Standard,Delivered,0,True,32,7.78,none,7,3,Anytime,3.6955,True,0.531,delivered within promise
HDEL001307,HORD001307,2018-04-04,2018-04-07,2018-04-06,AusPost,Standard,Delivered,0,True,60,6.55,none,3,6,Afternoon,1.7014,True,1.03,delivered within promise
HDEL001308,HORD001308,2018-08-28,2018-09-04,2018-09-04,Direct Freight,Standard,Delivered,0,True,49,12.12,none,7,7,Morning,5.3613,True,1.452,delivered within promise
HDEL001309,HORD001309,2018-03-17,2018-03-23,2018-03-22,DHL,Standard,Delivered,0,True,54,6.58,none,6,3,Morning,3.3602,False,0.401,delivered within promise
HDEL001310,HORD001310,2018-05-07,2018-05-14,2018-05-14,Direct Freight,Standard,Delivered,0,True,52,7.12,none,7,9,Morning,1.8901,True,0.374,delivered within promise
HDEL001311,HORD001311,2018-04-22,2018-04-29,2018-04-28,StarTrack,Standard,Delivered,0,True,3,8.28,none,7,3,Morning,3.2972,True,1.087,delivered within promise
HDEL001312,HORD001312,2018-09-19,2018-09-23,2018-09-22,AusPost,Standard,Delivered,0,True,57,8.45,none,4,7,Afternoon,6.6539,True,1.109,delivered within promise
HDEL001313,HORD001313,2018-05-27,2018-05-30,2018-05-29,StarTrack,Standard,Delivered,0,True,38,9.16,none,3,7,Morning,6.6257,True,0.514,delivered within promise
HDEL001314,HORD001314,2018-10-22,2018-10-29,2018-10-28,DHL,Express,Delivered,0,True,36,16.48,none,7,5,Morning,8.7347,True,0.578,delivered within promise
HDEL001315,HORD001315,2018-05-14,2018-05-19,2018-05-19,DHL,Standard,Delivered,0,True,66,6.13,none,5,9,Morning,1.8818,True,0.379,delivered within promise
HDEL001316,HORD001316,2018-05-06,2018-05-09,2018-05-07,Direct Freight,Standard,Delivered,0,True,5,8.62,none,3,7,Morning,7.578,True,0.593,delivered within promise
HDEL001317,HORD001317,2018-10-20,2018-10-23,2018-10-21,DHL,Standard,Delivered,0,True,53,9.23,none,3,8,Anytime,6.8848,False,1.133,delivered within promise
HDEL001318,HORD001318,2018-01-10,2018-01-13,2018-01-13,Direct Freight,Standard,Delivered,0,True,2,8.95,none,3,8,Anytime,8.0765,True,0.589,delivered within promise
HDEL001319,HORD001319,2018-04-27,2018-05-01,2018-05-06,DHL,Standard,Delivered,5,False,31,6.88,weather,4,8,Anytime,1.7795,False,0.299,carrier scan reconciled
HDEL001320,HORD001320,2018-11-24,2018-11-27,2018-11-27,DHL,Standard,Delivered,0,True,15,10.88,none,3,7,Anytime,6.9266,True,0.525,delivered within promise
HDEL001321,HORD001321,2018-03-29,2018-04-04,2018-04-02,Direct Freight,Standard,Delivered,0,True,28,7.3,none,6,9,Anytime,4.0663,True,0.45,delivered within promise
HDEL001322,HORD001322,2018-06-21,2018-06-27,2018-06-26,Direct Freight,Standard,Delivered,0,True,52,10.77,none,6,5,Anytime,5.972,False,0.37,delivered within promise
HDEL001323,HORD001323,2018-10-07,2018-10-12,2018-10-12,DHL,Standard,Delivered,0,True,18,10.8,none,5,8,Morning,7.1651,True,1.103,delivered within promise
HDEL001324,HORD001324,2018-10-30,2018-11-06,2018-11-05,StarTrack,Standard,Delivered,0,True,44,6.33,none,7,6,Morning,1.5895,True,0.254,delivered within promise
HDEL001325,HORD001325,2018-03-29,2018-04-04,2018-04-04,StarTrack,Standard,Delivered,0,True,23,10.52,none,6,5,Anytime,6.7742,True,0.528,delivered within promise
HDEL001326,HORD001326,2018-03-23,2018-03-30,2018-03-28,StarTrack,Standard,Delivered,0,True,21,12.04,none,7,4,Afternoon,10.4906,False,0.606,delivered within promise
HDEL001327,HORD001327,2018-05-19,2018-05-26,2018-05-25,DHL,Standard,Delivered,0,True,18,12.57,none,7,5,Morning,9.2711,True,0.575,delivered within promise
HDEL001328,HORD001328,2018-11-12,2018-11-18,2018-11-16,StarTrack,Standard,Delivered,0,True,33,7.58,none,6,4,Morning,5.0399,False,0.434,delivered within promise
HDEL001329,HORD001329,2018-10-20,2018-10-26,2018-10-24,AusPost,Express,Delivered,0,True,67,13.99,none,6,6,Afternoon,2.8809,True,0.384,delivered within promise
HDEL001330,HORD001330,2018-01-11,2018-01-14,2018-01-12,AusPost,Standard,Delivered,0,True,13,10.68,none,3,3,Afternoon,7.1568,False,0.367,delivered within promise
HDEL001331,HORD001331,2018-06-30,2018-07-06,2018-07-05,AusPost,Standard,Delivered,0,True,27,12.43,none,6,6,Morning,6.4272,True,0.393,delivered within promise
HDEL001332,HORD001332,2018-05-08,2018-05-13,2018-05-12,Direct Freight,Standard,Delivered,0,True,22,6.59,none,5,9,Anytime,3.3418,True,0.448,delivered within promise
HDEL001333,HORD001333,2018-05-18,2018-05-24,2018-05-24,DHL,Standard,Delivered,0,True,46,9.5,none,6,4,Anytime,7.8766,False,0.598,delivered within promise
HDEL001334,HORD001334,2018-10-06,2018-10-09,2018-10-08,Direct Freight,Standard,Delivered,0,True,67,8.34,none,3,6,Anytime,3.6934,True,1.181,delivered within promise
HDEL001335,HORD001335,2018-07-05,2018-07-09,2018-07-09,AusPost,Standard,Delivered,0,True,4,12.56,none,4,5,Afternoon,6.9394,True,0.96,delivered within promise
HDEL001336,HORD001336,2018-03-19,2018-03-24,2018-03-24,DHL,Standard,Delivered,0,True,37,8.0,none,5,8,Morning,3.4799,True,0.454,delivered within promise
HDEL001337,HORD001337,2018-11-16,2018-11-23,2018-11-23,StarTrack,Standard,Delivered,0,True,67,8.25,none,7,6,Morning,5.0434,True,0.463,delivered within promise
HDEL001338,HORD001338,2018-11-22,2018-11-27,2018-11-27,StarTrack,Standard,Delivered,0,True,25,7.88,none,5,3,Afternoon,4.4197,True,0.558,delivered within promise
HDEL001339,HORD001339,2018-11-01,2018-11-04,2018-11-02,AusPost,Standard,Delivered,0,True,52,8.7,none,3,9,Morning,7.1101,True,0.539,delivered within promise
HDEL001340,HORD001340,2018-12-26,2018-12-30,2018-12-30,DHL,Standard,Delivered,0,True,21,9.42,none,4,6,Morning,6.3746,True,0.536,delivered within promise
HDEL001341,HORD001341,2018-12-25,2018-12-30,2018-12-28,AusPost,Express,Delivered,0,True,59,19.05,none,5,8,Afternoon,6.9572,True,0.61,delivered within promise
HDEL001342,HORD001342,2018-09-21,2018-09-24,2018-09-23,Direct Freight,Standard,Delivered,0,True,23,8.44,none,3,5,Afternoon,3.2192,True,0.384,delivered within promise
HDEL001343,HORD001343,2018-06-14,2018-06-20,2018-06-20,Direct Freight,Standard,Delivered,0,True,34,12.1,none,6,4,Afternoon,4.4676,True,0.584,delivered within promise
HDEL001344,HORD001344,2018-02-24,2018-02-27,2018-02-27,Direct Freight,Standard,Delivered,0,True,9,8.38,none,3,5,Morning,4.6506,True,0.483,delivered within promise
HDEL001345,HORD001345,2018-11-26,2018-12-01,2018-11-29,StarTrack,Standard,Delivered,0,True,64,8.94,none,5,6,Afternoon,3.3418,False,0.305,delivered within promise
HDEL001346,HORD001346,2018-08-19,2018-08-24,2018-08-24,DHL,Standard,Delivered,0,True,73,10.06,none,5,6,Morning,2.9982,False,0.285,delivered within promise
HDEL001347,HORD001347,2018-09-19,2018-09-23,2018-09-22,DHL,Express,Delivered,0,True,9,17.52,none,4,3,Afternoon,8.3886,True,1.119,delivered within promise
HDEL001348,HORD001348,2018-06-22,2018-06-26,2018-06-25,AusPost,Standard,Delivered,0,True,71,9.12,none,4,8,Anytime,1.0071,False,0.67,delivered within promise
HDEL001349,HORD001349,2018-01-31,2018-02-06,2018-02-05,StarTrack,Standard,Delivered,0,True,27,8.43,none,6,6,Afternoon,2.134,True,0.363,delivered within promise
HDEL001350,HORD001350,2018-02-08,2018-02-14,2018-02-14,Direct Freight,Standard,Delivered,0,True,7,9.41,none,6,4,Afternoon,6.9183,False,0.434,delivered within promise
HDEL001351,HORD001351,2018-06-13,2018-06-16,2018-06-15,Direct Freight,Express,Delivered,0,True,48,22.99,none,3,9,Morning,3.4727,True,0.437,delivered within promise
HDEL001352,HORD001352,2018-05-31,2018-06-05,2018-06-03,AusPost,Standard,Delivered,0,True,47,6.75,none,5,9,Afternoon,2.5342,False,0.322,delivered within promise
HDEL001353,HORD001353,2018-02-28,2018-03-04,2018-03-03,AusPost,Standard,Delivered,0,True,34,8.8,none,4,5,Anytime,7.1609,False,0.498,delivered within promise
HDEL001354,HORD001354,2018-09-22,2018-09-25,2018-09-24,DHL,Standard,Delivered,0,True,14,8.27,none,3,5,Anytime,4.1654,True,0.524,delivered within promise
HDEL001355,HORD001355,2018-12-26,2018-12-30,2018-12-30,StarTrack,Standard,Delivered,0,True,40,8.6,none,4,5,Anytime,4.911,True,0.394,delivered within promise
HDEL001356,HORD001356,2018-09-18,2018-09-22,2018-09-22,StarTrack,Standard,Delivered,0,True,10,6.78,none,4,9,Anytime,3.776,True,0.343,delivered within promise
HDEL001357,HORD001357,2018-11-14,2018-11-19,2018-11-17,Direct Freight,Express,Delivered,0,True,48,14.44,none,5,8,Morning,4.2248,True,0.473,delivered within promise
HDEL001358,HORD001358,2018-06-13,2018-06-19,2018-06-18,DHL,Express,Delivered,0,True,33,22.49,none,6,7,Morning,7.4143,False,0.445,delivered within promise
HDEL001359,HORD001359,2018-10-31,2018-11-04,2018-11-03,DHL,Standard,Delivered,0,True,33,7.54,none,4,9,Anytime,3.0762,True,0.67,delivered within promise
HDEL001360,HORD001360,2018-09-13,2018-09-20,2018-09-18,DHL,Standard,Delivered,0,True,15,8.88,none,7,5,Anytime,3.2243,True,0.473,delivered within promise
HDEL001361,HORD001361,2018-07-17,2018-07-20,2018-07-20,AusPost,Standard,Delivered,0,True,48,10.94,none,3,6,Morning,2.4444,True,0.343,delivered within promise
HDEL001362,HORD001362,2018-12-08,2018-12-14,2018-12-13,DHL,Standard,Delivered,0,True,67,9.02,none,6,4,Morning,4.6923,False,0.403,delivered within promise
HDEL001363,HORD001363,2018-07-18,2018-07-22,2018-07-27,DHL,Standard,Delivered,5,False,20,11.45,warehouse_congestion,4,8,Anytime,6.6539,True,0.514,carrier scan reconciled
HDEL001364,HORD001364,2018-10-14,2018-10-17,2018-10-16,DHL,Standard,Delivered,0,True,28,7.51,none,3,3,Afternoon,5.1925,True,1.162,delivered within promise
HDEL001365,HORD001365,2018-04-24,2018-04-29,2018-04-27,AusPost,Standard,Delivered,0,True,55,7.57,none,5,7,Anytime,4.5544,True,0.493,delivered within promise
HDEL001366,HORD001366,2018-08-17,2018-08-20,2018-08-20,AusPost,Standard,Delivered,0,True,21,11.92,none,3,4,Afternoon,7.1101,True,0.495,delivered within promise
HDEL001367,HORD001367,2018-07-25,2018-07-28,2018-07-26,Direct Freight,Standard,Delivered,0,True,58,13.0,none,3,5,Morning,7.2459,False,0.888,delivered within promise
HDEL001368,HORD001368,2018-09-11,2018-09-15,2018-09-15,Direct Freight,Standard,Delivered,0,True,49,8.1,none,4,5,Morning,3.7517,False,0.305,delivered within promise
HDEL001369,HORD001369,2018-03-20,2018-03-27,2018-03-27,Direct Freight,Standard,Delivered,0,True,63,7.96,none,7,9,Afternoon,4.9324,False,0.475,delivered within promise
HDEL001370,HORD001370,2018-03-12,2018-03-19,2018-03-18,DHL,Standard,Delivered,0,True,24,9.03,none,7,3,Morning,6.2605,False,0.411,delivered within promise
HDEL001371,HORD001371,2018-05-14,2018-05-20,2018-05-18,StarTrack,Standard,Delivered,0,True,63,8.78,none,6,5,Anytime,5.9442,True,0.923,delivered within promise
HDEL001372,HORD001372,2018-05-29,2018-06-04,2018-06-02,DHL,Standard,Delivered,0,True,49,11.68,none,6,8,Morning,8.0537,True,0.522,delivered within promise
HDEL001373,HORD001373,2018-04-12,2018-04-16,2018-04-16,StarTrack,Standard,Delivered,0,True,5,10.09,none,4,3,Anytime,6.5503,False,0.461,delivered within promise
HDEL001374,HORD001374,2018-03-02,2018-03-05,2018-03-05,DHL,Standard,Delivered,0,True,18,9.05,none,3,5,Morning,7.931,True,0.495,delivered within promise
HDEL001375,HORD001375,2018-10-24,2018-10-31,2018-10-30,AusPost,Standard,Delivered,0,True,66,9.32,none,7,8,Morning,4.4186,True,1.083,delivered within promise
HDEL001376,HORD001376,2018-07-31,2018-08-07,2018-08-07,StarTrack,Standard,Delivered,0,True,68,11.2,none,7,3,Morning,3.186,False,0.273,delivered within promise
HDEL001377,HORD001377,2019-01-01,2019-01-06,2019-01-04,DHL,Standard,Delivered,0,True,71,9.28,none,5,5,Morning,3.7377,True,0.477,delivered within promise
HDEL001378,HORD001378,2018-09-30,2018-10-04,2018-10-03,DHL,Express,Delivered,0,True,34,17.88,none,4,4,Anytime,2.9982,False,0.326,delivered within promise
HDEL001379,HORD001379,2018-12-30,2019-01-05,2019-01-04,DHL,Standard,Delivered,0,True,62,9.04,none,6,3,Anytime,5.1023,True,0.408,delivered within promise
HDEL001380,HORD001380,2018-07-06,2018-07-09,2018-07-07,AusPost,Standard,Delivered,0,True,23,13.85,none,3,9,Afternoon,6.9179,False,0.558,delivered within promise
HDEL001381,HORD001381,2018-11-05,2018-11-11,2018-11-11,Direct Freight,Standard,Delivered,0,True,2,10.99,none,6,5,Morning,6.6539,True,0.64,delivered within promise
HDEL001382,HORD001382,2018-10-23,2018-10-27,2018-10-27,StarTrack,Standard,Delivered,0,True,15,6.19,none,4,5,Morning,1.1475,False,0.292,delivered within promise
HDEL001383,HORD001383,2018-06-30,2018-07-03,2018-07-01,AusPost,Standard,Delivered,0,True,46,11.9,none,3,8,Afternoon,5.8895,True,0.433,delivered within promise
HDEL001384,HORD001384,2018-11-21,2018-11-28,2018-11-28,Direct Freight,Standard,Delivered,0,True,34,7.66,none,7,6,Anytime,5.3606,True,0.685,delivered within promise
HDEL001385,HORD001385,2018-02-14,2018-02-20,2018-02-18,DHL,Standard,Delivered,0,True,67,10.84,none,6,8,Anytime,5.8895,True,0.417,delivered within promise
HDEL001386,HORD001386,2018-08-29,2018-09-04,2018-09-03,AusPost,Standard,Delivered,0,True,60,10.71,none,6,7,Morning,2.134,False,0.311,delivered within promise
HDEL001387,HORD001387,2018-04-12,2018-04-17,2018-04-16,StarTrack,Standard,Delivered,0,True,63,8.89,none,5,3,Morning,6.2126,True,0.632,delivered within promise
HDEL001388,HORD001388,2018-10-26,2018-11-02,2018-10-31,Direct Freight,Express,Delivered,0,True,14,15.99,none,7,6,Afternoon,1.0383,True,0.338,delivered within promise
HDEL001389,HORD001389,2018-06-23,2018-06-28,2018-07-02,DHL,Standard,Delivered,4,False,19,13.14,warehouse_congestion,5,3,Anytime,6.6257,True,0.464,carrier scan reconciled
HDEL001390,HORD001390,2018-03-11,2018-03-14,2018-03-14,StarTrack,Express,Delivered,0,True,71,16.45,none,3,5,Anytime,8.2339,False,0.452,delivered within promise
HDEL001391,HORD001391,2018-12-22,2018-12-29,2018-12-29,Direct Freight,Standard,Delivered,0,True,60,9.91,none,7,7,Morning,4.416,True,0.505,delivered within promise
HDEL001392,HORD001392,2018-05-11,2018-05-14,2018-05-13,AusPost,Standard,Delivered,0,True,44,7.99,none,3,7,Afternoon,3.4447,False,0.433,delivered within promise
HDEL001393,HORD001393,2018-04-22,2018-04-27,2018-04-25,DHL,Standard,Delivered,0,True,59,8.86,none,5,9,Afternoon,6.753,True,0.573,delivered within promise
HDEL001394,HORD001394,2018-04-06,2018-04-12,2018-04-12,StarTrack,Standard,Delivered,0,True,13,7.37,none,6,6,Afternoon,3.6934,False,0.326,delivered within promise
HDEL001395,HORD001395,2018-07-10,2018-07-13,2018-07-11,Direct Freight,Standard,Delivered,0,True,32,11.68,none,3,4,Morning,4.0371,True,0.349,delivered within promise
HDEL001396,HORD001396,2018-05-10,2018-05-14,2018-05-14,StarTrack,Standard,Delivered,0,True,17,11.47,none,4,4,Morning,7.3787,True,1.24,delivered within promise
HDEL001397,HORD001397,2018-06-20,2018-06-23,2018-06-22,Direct Freight,Standard,Delivered,0,True,5,12.02,none,3,4,Anytime,4.6357,True,0.571,delivered within promise
HDEL001398,HORD001398,2018-08-22,2018-08-29,2018-08-28,DHL,Express,Delivered,0,True,11,24.25,none,7,6,Morning,4.2327,False,0.36,delivered within promise
HDEL001399,HORD001399,2018-03-09,2018-03-13,2018-03-13,DHL,Standard,Delivered,0,True,30,9.88,none,4,5,Afternoon,7.7087,False,0.414,delivered within promise
HDEL001400,HORD001400,2018-07-08,2018-07-12,2018-07-10,StarTrack,Standard,Delivered,0,True,55,7.98,none,4,5,Morning,1.0768,True,0.971,delivered within promise
HDEL001401,HORD001401,2018-12-16,2018-12-20,2018-12-19,AusPost,Express,Delivered,0,True,18,19.49,none,4,3,Morning,7.8676,True,0.557,delivered within promise
HDEL001402,HORD001402,2018-12-10,2018-12-13,2018-12-12,StarTrack,Standard,Delivered,0,True,15,9.4,none,3,9,Afternoon,4.0213,False,0.963,delivered within promise
HDEL001403,HORD001403,2018-01-16,2018-01-19,2018-01-18,Direct Freight,Standard,Delivered,0,True,49,7.49,none,3,8,Afternoon,2.9353,False,0.332,delivered within promise
HDEL001404,HORD001404,2018-03-07,2018-03-13,2018-03-13,DHL,Standard,Delivered,0,True,39,7.74,none,6,8,Anytime,4.974,True,0.838,delivered within promise
HDEL001405,HORD001405,2018-07-30,2018-08-04,2018-08-02,DHL,Standard,Delivered,0,True,57,11.18,none,5,3,Anytime,4.6463,True,0.354,delivered within promise
HDEL001406,HORD001406,2018-07-20,2018-07-23,2018-07-22,StarTrack,Standard,Delivered,0,True,62,7.96,none,3,6,Morning,1.0355,True,0.357,delivered within promise
HDEL001407,HORD001407,2018-04-28,2018-05-04,2018-05-02,DHL,Standard,Delivered,0,True,61,9.29,none,6,7,Anytime,6.5356,True,0.59,delivered within promise
HDEL001408,HORD001408,2018-10-01,2018-10-05,2018-10-04,Direct Freight,Standard,Delivered,0,True,42,6.3,none,4,3,Morning,1.7662,False,0.72,delivered within promise
HDEL001409,HORD001409,2018-08-11,2018-08-15,2018-08-14,StarTrack,Standard,Delivered,0,True,53,10.72,none,4,6,Morning,5.5821,False,0.407,delivered within promise
HDEL001410,HORD001410,2018-09-28,2018-10-03,2018-10-01,DHL,Standard,Delivered,0,True,29,7.15,none,5,4,Afternoon,3.6096,True,0.469,delivered within promise
HDEL001411,HORD001411,2018-07-18,2018-07-25,2018-07-24,DHL,Standard,Delivered,0,True,56,11.93,none,7,3,Morning,7.0873,True,1.132,delivered within promise
HDEL001412,HORD001412,2018-11-03,2018-11-07,2018-11-07,Direct Freight,Standard,Delivered,0,True,20,9.97,none,4,7,Morning,8.7071,True,0.528,delivered within promise
HDEL001413,HORD001413,2018-01-17,2018-01-20,2018-01-19,DHL,Standard,Delivered,0,True,23,10.26,none,3,3,Anytime,9.2711,True,1.022,delivered within promise
HDEL001414,HORD001414,2018-12-06,2018-12-09,2018-12-07,DHL,Standard,Delivered,0,True,43,10.7,none,3,8,Afternoon,5.3606,False,0.378,delivered within promise
HDEL001415,HORD001415,2018-09-20,2018-09-27,2018-09-26,Direct Freight,Standard,Delivered,0,True,12,7.76,none,7,3,Anytime,4.37,False,0.306,delivered within promise
HDEL001416,HORD001416,2018-10-11,2018-10-15,2018-10-15,AusPost,Standard,Delivered,0,True,28,7.18,none,4,5,Morning,4.4676,False,0.322,delivered within promise
HDEL001417,HORD001417,2018-11-15,2018-11-22,2018-11-20,AusPost,Express,Delivered,0,True,55,16.51,none,7,9,Anytime,8.2339,True,0.466,delivered within promise
HDEL001418,HORD001418,2018-09-08,2018-09-15,2018-09-13,AusPost,Standard,Delivered,0,True,67,8.92,none,7,5,Anytime,6.2126,True,1.021,delivered within promise
HDEL001419,HORD001419,2018-12-25,2018-12-30,2018-12-29,Direct Freight,Standard,Delivered,0,True,57,8.34,none,5,4,Afternoon,4.3953,True,1.074,delivered within promise
HDEL001420,HORD001420,2018-04-30,2018-05-06,2018-05-04,Direct Freight,Standard,Delivered,0,True,70,11.09,none,6,7,Morning,7.7904,False,0.451,delivered within promise
HDEL001421,HORD001421,2018-06-25,2018-06-28,2018-06-27,DHL,Standard,Delivered,0,True,41,13.36,none,3,7,Morning,7.5021,True,0.465,delivered within promise
HDEL001422,HORD001422,2018-04-06,2018-04-09,2018-04-08,DHL,Standard,Delivered,0,True,65,8.72,none,3,3,Morning,4.4275,True,0.458,delivered within promise
HDEL001423,HORD001423,2018-01-07,2018-01-10,2018-01-09,StarTrack,Standard,Delivered,0,True,43,9.36,none,3,8,Morning,6.6351,True,0.414,delivered within promise
HDEL001424,HORD001424,2018-09-15,2018-09-21,2018-09-19,AusPost,Standard,Delivered,0,True,6,7.93,none,6,4,Anytime,5.5563,True,1.061,delivered within promise
HDEL001425,HORD001425,2018-10-22,2018-10-26,2018-10-25,StarTrack,Express,Delivered,0,True,67,16.99,none,4,8,Morning,1.8818,False,0.242,delivered within promise
HDEL001426,HORD001426,2018-01-07,2018-01-12,2018-01-10,DHL,Standard,Delivered,0,True,23,8.14,none,5,8,Afternoon,2.0846,False,0.303,delivered within promise
HDEL001427,HORD001427,2018-07-16,2018-07-23,2018-07-21,Direct Freight,Standard,Delivered,0,True,44,12.8,none,7,4,Anytime,6.6725,True,1.138,delivered within promise
HDEL001428,HORD001428,2018-10-12,2018-10-17,2018-10-17,StarTrack,Standard,Delivered,0,True,48,9.73,none,5,5,Anytime,4.3951,True,0.402,delivered within promise
HDEL001429,HORD001429,2018-08-31,2018-09-05,2018-09-03,DHL,Standard,Delivered,0,True,66,7.85,none,5,5,Afternoon,1.2249,True,0.972,delivered within promise
HDEL001430,HORD001430,2018-11-18,2018-11-24,2018-11-22,DHL,Express,Delivered,0,True,32,17.14,none,6,8,Afternoon,6.2848,True,0.447,delivered within promise
HDEL001431,HORD001431,2018-10-06,2018-10-12,2018-10-10,StarTrack,Standard,Delivered,0,True,8,9.46,none,6,3,Morning,4.3781,True,1.136,delivered within promise
HDEL001432,HORD001432,2018-02-22,2018-02-25,2018-02-25,AusPost,Standard,Delivered,0,True,37,9.5,none,3,7,Anytime,7.9406,False,0.452,delivered within promise
HDEL001433,HORD001433,2018-04-17,2018-04-24,2018-04-24,AusPost,Express,Delivered,0,True,21,16.15,none,7,8,Morning,0.9173,True,1.478,delivered within promise
HDEL001434,HORD001434,2018-07-16,2018-07-22,2018-07-22,AusPost,Standard,Delivered,0,True,64,9.49,none,6,6,Afternoon,4.0549,True,0.416,delivered within promise
HDEL001435,HORD001435,2018-02-28,2018-03-05,2018-03-03,StarTrack,Standard,Delivered,0,True,15,7.49,none,5,7,Afternoon,3.1405,False,0.34,delivered within promise
HDEL001436,HORD001436,2018-11-18,2018-11-23,2018-11-23,DHL,Standard,Delivered,0,True,29,12.5,none,5,4,Morning,9.3365,True,0.674,delivered within promise
HDEL001437,HORD001437,2018-09-04,2018-09-10,2018-09-10,Direct Freight,Standard,Delivered,0,True,55,7.54,none,6,6,Morning,2.3642,True,1.026,delivered within promise
HDEL001438,HORD001438,2018-09-08,2018-09-15,2018-09-14,AusPost,Standard,Delivered,0,True,63,9.33,none,7,4,Anytime,7.7046,False,0.414,delivered within promise
HDEL001439,HORD001439,2018-03-28,2018-04-03,2018-04-01,AusPost,Standard,Delivered,0,True,72,9.39,none,6,8,Morning,6.9476,True,1.257,delivered within promise
HDEL001440,HORD001440,2018-07-23,2018-07-30,2018-07-28,AusPost,Standard,Delivered,0,True,31,10.47,none,7,6,Anytime,7.1087,True,1.179,delivered within promise
HDEL001441,HORD001441,2018-02-21,2018-02-24,2018-02-22,AusPost,Standard,Delivered,0,True,13,7.88,none,3,9,Morning,3.2578,True,0.886,delivered within promise
HDEL001442,HORD001442,2018-01-20,2018-01-25,2018-01-25,StarTrack,Standard,Delivered,0,True,23,9.53,none,5,3,Morning,3.8508,True,0.436,delivered within promise
HDEL001443,HORD001443,2018-02-14,2018-02-20,2018-02-18,Direct Freight,Express,Delivered,0,True,2,17.63,none,6,5,Morning,4.4075,False,0.803,delivered within promise
HDEL001444,HORD001444,2018-04-28,2018-05-04,2018-05-02,StarTrack,Standard,Delivered,0,True,7,10.09,none,6,4,Afternoon,6.0551,False,0.373,delivered within promise
HDEL001445,HORD001445,2018-11-13,2018-11-17,2018-11-17,AusPost,Standard,Delivered,0,True,5,9.5,none,4,8,Anytime,4.0549,True,0.334,delivered within promise
HDEL001446,HORD001446,2018-05-12,2018-05-17,2018-05-17,AusPost,Standard,Delivered,0,True,28,7.89,none,5,3,Morning,4.6096,True,0.404,delivered within promise
HDEL001447,HORD001447,2018-11-13,2018-11-20,2018-11-19,StarTrack,Standard,Delivered,0,True,24,6.72,none,7,8,Afternoon,2.9629,True,0.361,delivered within promise
HDEL001448,HORD001448,2018-03-30,2018-04-02,2018-04-01,StarTrack,Standard,Delivered,0,True,30,7.64,none,3,5,Anytime,2.3642,False,0.416,delivered within promise
HDEL001449,HORD001449,2018-07-26,2018-08-02,2018-08-01,AusPost,Standard,Delivered,0,True,28,14.41,none,7,8,Afternoon,9.9192,True,0.496,delivered within promise
HDEL001450,HORD001450,2018-09-06,2018-09-12,2018-09-11,AusPost,Standard,Delivered,0,True,69,7.5,none,6,6,Afternoon,3.6955,True,0.437,delivered within promise
HDEL001451,HORD001451,2018-07-22,2018-07-28,2018-07-28,Direct Freight,Standard,Delivered,0,True,52,11.23,none,6,6,Anytime,3.6955,True,1.095,delivered within promise
HDEL001452,HORD001452,2018-12-07,2018-12-14,2018-12-13,DHL,Standard,Delivered,0,True,6,9.07,none,7,9,Morning,6.9394,True,0.402,delivered within promise
HDEL001453,HORD001453,2018-06-30,2018-07-05,2018-07-04,AusPost,Standard,Delivered,0,True,15,8.27,none,5,8,Afternoon,2.5342,True,1.039,delivered within promise
HDEL001454,HORD001454,2018-09-05,2018-09-11,2018-09-10,AusPost,Standard,Delivered,0,True,54,12.32,none,6,8,Morning,8.7052,True,0.97,delivered within promise
HDEL001455,HORD001455,2018-11-02,2018-11-06,2018-11-05,StarTrack,Standard,Delivered,0,True,68,8.32,none,4,8,Morning,3.4859,True,0.402,delivered within promise
HDEL001456,HORD001456,2018-07-08,2018-07-15,2018-07-14,AusPost,Standard,Delivered,0,True,20,8.8,none,7,6,Afternoon,3.9344,True,0.393,delivered within promise
HDEL001457,HORD001457,2018-09-04,2018-09-09,2018-09-07,Direct Freight,Standard,Delivered,0,True,70,8.32,none,5,6,Morning,7.2473,False,0.433,delivered within promise
HDEL001458,HORD001458,2018-12-01,2018-12-07,2018-12-06,AusPost,Standard,Delivered,0,True,15,9.36,none,6,4,Afternoon,5.83,True,0.995,delivered within promise
HDEL001459,HORD001459,2018-09-19,2018-09-26,2018-09-24,Direct Freight,Standard,Delivered,0,True,26,9.84,none,7,4,Morning,4.6531,True,0.446,delivered within promise
HDEL001460,HORD001460,2018-06-13,2018-06-19,2018-06-20,Direct Freight,Express,Delivered,1,False,55,25.82,carrier_capacity,6,8,Anytime,8.7537,False,0.45,carrier scan reconciled
HDEL001461,HORD001461,2018-05-03,2018-05-10,2018-05-10,DHL,Standard,Delivered,0,True,6,7.88,none,7,9,Afternoon,5.5022,True,0.391,delivered within promise
HDEL001462,HORD001462,2018-06-30,2018-07-05,2018-07-03,StarTrack,Standard,Delivered,0,True,56,12.93,none,5,8,Morning,7.7087,True,1.168,delivered within promise
HDEL001463,HORD001463,2018-03-31,2018-04-07,2018-04-07,AusPost,Standard,Delivered,0,True,27,10.53,none,7,8,Afternoon,6.3492,True,0.526,delivered within promise
HDEL001464,HORD001464,2018-11-29,2018-12-05,2018-12-05,DHL,Standard,Delivered,0,True,68,9.18,none,6,8,Anytime,8.7052,True,1.324,delivered within promise
HDEL001465,HORD001465,2018-05-11,2018-05-16,2018-05-15,StarTrack,Express,Delivered,0,True,9,16.62,none,5,9,Afternoon,2.8333,False,0.399,delivered within promise
HDEL001466,HORD001466,2018-06-19,2018-06-26,2018-06-24,StarTrack,Express,Delivered,0,True,36,18.96,none,7,5,Afternoon,1.698,True,0.473,delivered within promise
HDEL001467,HORD001467,2018-11-20,2018-11-24,2018-11-23,DHL,Standard,Delivered,0,True,25,7.36,none,4,4,Anytime,3.2414,False,0.911,delivered within promise
HDEL001468,HORD001468,2018-05-07,2018-05-10,2018-05-10,AusPost,Express,Delivered,0,True,43,13.65,none,3,9,Anytime,1.4056,True,0.472,delivered within promise
HDEL001469,HORD001469,2018-10-01,2018-10-07,2018-10-07,Direct Freight,Express,Delivered,0,True,8,15.89,none,6,3,Anytime,8.085,False,0.407,delivered within promise
HDEL001470,HORD001470,2018-04-13,2018-04-20,2018-04-20,DHL,Express,Delivered,0,True,55,13.99,none,7,5,Morning,1.1475,False,0.266,delivered within promise
HDEL001471,HORD001471,2018-07-20,2018-07-25,2018-07-23,StarTrack,Express,Delivered,0,True,53,20.49,none,5,5,Morning,6.7883,True,0.675,delivered within promise
HDEL001472,HORD001472,2018-09-06,2018-09-10,2018-09-10,DHL,Standard,Delivered,0,True,19,10.92,none,4,3,Afternoon,6.0108,False,0.373,delivered within promise
HDEL001473,HORD001473,2018-12-25,2018-12-31,2019-01-03,DHL,Standard,Delivered,3,False,60,9.96,weather,6,5,Morning,4.8483,True,0.432,carrier scan reconciled
HDEL001474,HORD001474,2018-07-31,2018-08-06,2018-08-06,Direct Freight,Standard,Delivered,0,True,47,10.35,none,6,8,Morning,5.4595,True,0.562,delivered within promise
HDEL001475,HORD001475,2018-12-01,2018-12-08,2018-12-06,Direct Freight,Standard,Delivered,0,True,59,10.08,none,7,8,Afternoon,7.8676,True,0.757,delivered within promise
HDEL001476,HORD001476,2018-04-09,2018-04-13,2018-04-11,Direct Freight,Standard,Delivered,0,True,33,11.16,none,4,5,Anytime,7.3474,True,0.669,delivered within promise
HDEL001477,HORD001477,2018-10-24,2018-10-27,2018-10-26,StarTrack,Standard,Delivered,0,True,25,10.12,none,3,7,Anytime,7.3971,True,0.597,delivered within promise
HDEL001478,HORD001478,2018-02-27,2018-03-05,2018-03-03,StarTrack,Standard,Delivered,0,True,65,9.04,none,6,8,Afternoon,5.0434,True,0.413,delivered within promise
HDEL001479,HORD001479,2018-02-17,2018-02-21,2018-02-19,AusPost,Standard,Delivered,0,True,70,7.9,none,4,6,Morning,3.9472,False,0.34,delivered within promise
HDEL001480,HORD001480,2018-01-15,2018-01-20,2018-01-20,AusPost,Standard,Delivered,0,True,6,7.79,none,5,4,Morning,4.677,False,0.334,delivered within promise
HDEL001481,HORD001481,2018-09-20,2018-09-27,2018-09-27,AusPost,Express,Delivered,0,True,7,16.72,none,7,3,Morning,3.6955,False,0.323,delivered within promise
HDEL001482,HORD001482,2018-02-18,2018-02-25,2018-02-23,Direct Freight,Standard,Delivered,0,True,10,8.23,none,7,5,Afternoon,3.2914,True,0.403,delivered within promise
HDEL001483,HORD001483,2018-01-21,2018-01-24,2018-01-23,Direct Freight,Express,Delivered,0,True,49,14.59,none,3,6,Morning,1.0784,True,0.358,delivered within promise
HDEL001484,HORD001484,2018-03-17,2018-03-21,2018-03-21,AusPost,Express,Delivered,0,True,66,16.99,none,4,9,Morning,3.5019,True,1.102,delivered within promise
HDEL001485,HORD001485,2018-05-08,2018-05-11,2018-05-11,AusPost,Standard,Delivered,0,True,50,5.99,none,3,5,Afternoon,1.7132,True,1.143,delivered within promise
HDEL001486,HORD001486,2018-06-05,2018-06-12,2018-06-10,Direct Freight,Standard,Delivered,0,True,62,9.96,none,7,9,Morning,1.4968,True,0.352,delivered within promise
HDEL001487,HORD001487,2018-08-03,2018-08-10,2018-08-09,AusPost,Standard,Delivered,0,True,67,10.71,none,7,8,Anytime,2.2355,True,1.163,delivered within promise
HDEL001488,HORD001488,2018-01-07,2018-01-11,2018-01-10,AusPost,Express,Delivered,0,True,54,16.92,none,4,5,Anytime,7.3159,True,0.605,delivered within promise
HDEL001489,HORD001489,2018-07-11,2018-07-15,2018-07-13,StarTrack,Standard,Delivered,0,True,73,11.62,none,4,8,Morning,8.5784,False,0.421,delivered within promise
HDEL001490,HORD001490,2018-09-16,2018-09-20,2018-09-19,StarTrack,Express,Delivered,0,True,51,17.75,none,4,5,Anytime,3.7343,True,0.495,delivered within promise
HDEL001491,HORD001491,2018-02-24,2018-03-01,2018-03-01,DHL,Standard,Delivered,0,True,32,7.73,none,5,5,Morning,2.7597,False,0.325,delivered within promise
HDEL001492,HORD001492,2018-11-30,2018-12-06,2018-12-05,Direct Freight,Standard,Delivered,0,True,31,9.09,none,6,5,Afternoon,4.6531,True,0.995,delivered within promise
HDEL001493,HORD001493,2018-08-06,2018-08-10,2018-08-09,DHL,Standard,Delivered,0,True,3,11.37,none,4,6,Afternoon,4.5581,False,0.339,delivered within promise
HDEL001494,HORD001494,2018-06-16,2018-06-20,2018-06-20,AusPost,Express,Delivered,0,True,2,20.56,none,4,9,Morning,7.276,True,0.501,delivered within promise
HDEL001495,HORD001495,2018-06-15,2018-06-18,2018-06-17,StarTrack,Standard,Delivered,0,True,72,11.53,none,3,5,Morning,4.555,True,0.383,delivered within promise
HDEL001496,HORD001496,2018-04-16,2018-04-23,2018-04-22,Direct Freight,Standard,Delivered,0,True,56,7.76,none,7,5,Anytime,4.1654,False,0.835,delivered within promise
HDEL001497,HORD001497,2018-05-09,2018-05-16,2018-05-16,AusPost,Standard,Delivered,0,True,49,9.38,none,7,9,Anytime,5.1925,False,0.444,delivered within promise
HDEL001498,HORD001498,2018-08-25,2018-09-01,2018-08-30,AusPost,Express,Delivered,0,True,19,23.43,none,7,8,Afternoon,5.4863,False,0.36,delivered within promise
HDEL001499,HORD001499,2018-02-13,2018-02-16,2018-02-15,AusPost,Express,Delivered,0,True,41,16.95,none,3,7,Morning,5.2036,True,0.457,delivered within promise
HDEL001500,HORD001500,2018-02-19,2018-02-22,2018-02-20,DHL,Standard,Delivered,0,True,53,8.25,none,3,9,Anytime,4.8879,True,1.018,delivered within promise
HDEL001501,HORD001501,2018-04-24,2018-04-28,2018-04-28,StarTrack,Standard,Delivered,0,True,68,9.32,none,4,5,Afternoon,4.3951,False,0.451,delivered within promise
HDEL001502,HORD001502,2018-06-22,2018-06-26,2018-06-25,StarTrack,Express,Delivered,0,True,66,17.31,none,4,5,Morning,1.0071,True,0.892,delivered within promise
HDEL001503,HORD001503,2018-11-30,2018-12-05,2018-12-04,DHL,Standard,Delivered,0,True,45,7.36,none,5,5,Morning,3.2192,False,0.286,delivered within promise
HDEL001504,HORD001504,2018-06-28,2018-07-02,2018-07-02,DHL,Standard,Delivered,0,True,7,9.34,none,4,6,Anytime,1.4979,True,0.357,delivered within promise
HDEL001505,HORD001505,2018-12-20,2018-12-26,2018-12-26,DHL,Standard,Delivered,0,True,38,10.12,none,6,6,Afternoon,6.4658,True,0.411,delivered within promise
HDEL001506,HORD001506,2018-12-03,2018-12-09,2018-12-07,Direct Freight,Standard,Delivered,0,True,67,5.76,none,6,6,Afternoon,0.053,False,0.333,delivered within promise
HDEL001507,HORD001507,2018-02-01,2018-02-08,2018-02-08,Direct Freight,Standard,Delivered,0,True,26,7.48,none,7,8,Morning,0.6788,True,0.405,delivered within promise
HDEL001508,HORD001508,2018-04-01,2018-04-06,2018-04-04,StarTrack,Standard,Delivered,0,True,72,8.26,none,5,5,Morning,5.3068,False,0.344,delivered within promise
HDEL001509,HORD001509,2018-06-24,2018-07-01,2018-07-01,StarTrack,Express,Delivered,0,True,18,24.12,none,7,7,Anytime,4.3953,False,0.339,delivered within promise
HDEL001510,HORD001510,2018-03-30,2018-04-04,2018-04-02,AusPost,Standard,Delivered,0,True,49,8.43,none,5,5,Anytime,4.8907,False,0.363,delivered within promise
HDEL001511,HORD001511,2018-10-18,2018-10-25,2018-10-25,AusPost,Standard,Delivered,0,True,19,7.94,none,7,8,Morning,6.1688,False,0.453,delivered within promise
HDEL001512,HORD001512,2018-03-08,2018-03-12,2018-03-10,Direct Freight,Express,Delivered,0,True,20,19.93,none,4,5,Afternoon,6.9572,True,1.142,delivered within promise
HDEL001513,HORD001513,2018-12-05,2018-12-12,2018-12-11,DHL,Standard,Delivered,0,True,13,9.8,none,7,6,Anytime,6.544,False,0.43,delivered within promise
HDEL001514,HORD001514,2018-02-24,2018-03-03,2018-03-01,AusPost,Standard,Delivered,0,True,3,7.33,none,7,5,Anytime,3.776,True,0.922,delivered within promise
HDEL001515,HORD001515,2018-08-20,2018-08-26,2018-08-26,StarTrack,Express,Delivered,0,True,7,19.07,none,6,4,Morning,2.0944,False,0.244,delivered within promise
HDEL001516,HORD001516,2018-07-16,2018-07-21,2018-07-24,Direct Freight,Standard,Delivered,3,False,50,11.6,weather,5,9,Afternoon,4.974,True,0.43,carrier scan reconciled
HDEL001517,HORD001517,2018-10-27,2018-11-03,2018-11-02,Direct Freight,Standard,Delivered,0,True,34,9.63,none,7,4,Anytime,7.4471,True,0.542,delivered within promise
HDEL001518,HORD001518,2018-06-14,2018-06-18,2018-06-16,AusPost,Express,Delivered,0,True,34,19.45,none,4,7,Anytime,7.1651,True,1.099,delivered within promise
HDEL001519,HORD001519,2018-02-12,2018-02-19,2018-02-17,AusPost,Standard,Delivered,0,True,12,9.6,none,7,6,Afternoon,5.0818,True,0.517,delivered within promise
HDEL001520,HORD001520,2018-02-02,2018-02-07,2018-02-07,DHL,Standard,Delivered,0,True,73,8.04,none,5,7,Afternoon,2.7874,True,0.335,delivered within promise
HDEL001521,HORD001521,2018-07-22,2018-07-26,2018-07-27,StarTrack,Standard,Delivered,1,False,2,11.86,carrier_capacity,4,8,Anytime,5.5306,False,0.371,carrier scan reconciled
HDEL001522,HORD001522,2018-06-04,2018-06-09,2018-06-07,AusPost,Standard,Delivered,0,True,59,10.93,none,5,3,Afternoon,5.83,False,0.494,delivered within promise
HDEL001523,HORD001523,2018-12-12,2018-12-18,2018-12-17,Direct Freight,Standard,Delivered,0,True,70,7.59,none,6,5,Anytime,5.0931,True,0.633,delivered within promise
HDEL001524,HORD001524,2018-12-27,2018-12-30,2018-12-30,DHL,Standard,Delivered,0,True,13,10.5,none,3,9,Afternoon,6.5568,True,0.465,delivered within promise
HDEL001525,HORD001525,2018-09-04,2018-09-09,2018-09-08,Direct Freight,Standard,Delivered,0,True,20,11.47,none,5,5,Anytime,7.6404,True,0.577,delivered within promise
HDEL001526,HORD001526,2018-12-15,2018-12-18,2018-12-18,Direct Freight,Standard,Delivered,0,True,45,7.28,none,3,5,Afternoon,0.7165,False,0.263,delivered within promise
HDEL001527,HORD001527,2018-10-03,2018-10-08,2018-10-06,Direct Freight,Standard,Delivered,0,True,14,6.82,none,5,4,Afternoon,3.5955,True,0.867,delivered within promise
HDEL001528,HORD001528,2018-10-01,2018-10-08,2018-10-08,StarTrack,Express,Delivered,0,True,62,18.38,none,7,3,Afternoon,5.4863,True,0.401,delivered within promise
HDEL001529,HORD001529,2018-09-29,2018-10-05,2018-10-04,StarTrack,Standard,Delivered,0,True,12,9.9,none,6,3,Anytime,5.5262,True,0.346,delivered within promise
HDEL001530,HORD001530,2018-01-19,2018-01-23,2018-01-21,StarTrack,Standard,Delivered,0,True,16,11.26,none,4,7,Morning,7.5016,False,0.511,delivered within promise
HDEL001531,HORD001531,2018-02-24,2018-03-01,2018-02-28,DHL,Standard,Delivered,0,True,3,7.53,none,5,5,Afternoon,1.3177,False,0.378,delivered within promise
HDEL001532,HORD001532,2018-09-24,2018-09-30,2018-09-29,DHL,Express,Delivered,0,True,72,16.07,none,6,6,Morning,5.8895,True,0.517,delivered within promise
HDEL001533,HORD001533,2018-04-17,2018-04-24,2018-04-22,DHL,Standard,Delivered,0,True,63,7.41,none,7,4,Morning,2.8697,False,0.316,delivered within promise
HDEL001534,HORD001534,2018-02-28,2018-03-03,2018-03-01,StarTrack,Standard,Delivered,0,True,22,7.4,none,3,7,Morning,4.0371,True,0.397,delivered within promise
HDEL001535,HORD001535,2018-07-04,2018-07-08,2018-07-06,StarTrack,Standard,Delivered,0,True,51,12.32,none,4,6,Afternoon,7.5016,False,0.425,delivered within promise
HDEL001536,HORD001536,2018-10-27,2018-10-30,2018-10-29,StarTrack,Standard,Delivered,0,True,64,8.83,none,3,6,Afternoon,5.1925,True,0.555,delivered within promise
HDEL001537,HORD001537,2018-03-21,2018-03-27,2018-03-27,Direct Freight,Standard,Delivered,0,True,27,7.18,none,6,6,Morning,2.3567,False,0.267,delivered within promise
HDEL001538,HORD001538,2018-02-12,2018-02-16,2018-02-14,AusPost,Standard,Delivered,0,True,8,8.33,none,4,5,Morning,5.4918,True,0.473,delivered within promise
HDEL001539,HORD001539,2018-09-12,2018-09-18,2018-09-17,AusPost,Standard,Delivered,0,True,16,8.64,none,6,8,Morning,5.83,False,0.463,delivered within promise
HDEL001540,HORD001540,2018-03-26,2018-04-02,2018-04-01,AusPost,Standard,Delivered,0,True,15,10.14,none,7,6,Afternoon,8.0537,True,0.457,delivered within promise
HDEL001541,HORD001541,2018-12-31,2019-01-04,2019-01-04,StarTrack,Express,Delivered,0,True,23,14.75,none,4,3,Anytime,4.5841,False,0.398,delivered within promise
HDEL001542,HORD001542,2018-07-03,2018-07-06,2018-07-05,Direct Freight,Standard,Delivered,0,True,10,10.65,none,3,4,Afternoon,4.8879,True,0.946,delivered within promise
HDEL001543,HORD001543,2018-08-27,2018-08-30,2018-08-30,StarTrack,Standard,Delivered,0,True,6,11.82,none,3,6,Afternoon,7.0002,False,0.377,delivered within promise
HDEL001544,HORD001544,2018-05-21,2018-05-25,2018-05-24,DHL,Standard,Delivered,0,True,2,5.99,none,4,9,Afternoon,0.9173,True,0.354,delivered within promise
HDEL001545,HORD001545,2018-08-19,2018-08-22,2018-08-22,DHL,Standard,Delivered,0,True,50,12.61,none,3,9,Morning,4.6357,False,0.366,delivered within promise
HDEL001546,HORD001546,2018-10-07,2018-10-14,2018-10-13,Direct Freight,Standard,Delivered,0,True,53,10.86,none,7,8,Morning,7.1054,True,0.872,delivered within promise
HDEL001547,HORD001547,2018-02-17,2018-02-21,2018-02-21,Direct Freight,Standard,Delivered,0,True,35,7.45,none,4,9,Afternoon,2.018,False,0.295,delivered within promise
HDEL001548,HORD001548,2018-03-02,2018-03-08,2018-03-08,DHL,Standard,Delivered,0,True,36,9.86,none,6,7,Anytime,5.5306,True,0.472,delivered within promise
HDEL001549,HORD001549,2018-08-22,2018-08-26,2018-08-26,StarTrack,Standard,Delivered,0,True,68,11.95,none,4,8,Anytime,5.1954,False,0.377,delivered within promise
HDEL001550,HORD001550,2018-05-22,2018-05-28,2018-05-27,Direct Freight,Standard,Delivered,0,True,14,7.95,none,6,8,Morning,4.3318,True,0.369,delivered within promise
HDEL001551,HORD001551,2018-03-29,2018-04-03,2018-04-02,StarTrack,Standard,Delivered,0,True,17,11.94,none,5,6,Morning,7.7087,True,0.461,delivered within promise
HDEL001552,HORD001552,2018-03-10,2018-03-17,2018-03-17,DHL,Standard,Delivered,0,True,36,6.19,none,7,6,Anytime,2.601,True,0.482,delivered within promise
HDEL001553,HORD001553,2018-08-28,2018-08-31,2018-08-30,AusPost,Standard,Delivered,0,True,34,11.22,none,3,9,Anytime,4.4075,False,0.409,delivered within promise
HDEL001554,HORD001554,2018-07-18,2018-07-23,2018-07-22,Direct Freight,Standard,Delivered,0,True,70,10.72,none,5,7,Afternoon,4.9929,True,1.025,delivered within promise
HDEL001555,HORD001555,2018-07-16,2018-07-21,2018-07-19,StarTrack,Standard,Delivered,0,True,3,12.52,none,5,7,Afternoon,4.5739,True,0.766,delivered within promise
HDEL001556,HORD001556,2018-10-04,2018-10-09,2018-10-09,StarTrack,Standard,Delivered,0,True,2,9.2,none,5,8,Afternoon,6.7995,True,0.449,delivered within promise
HDEL001557,HORD001557,2018-11-29,2018-12-02,2018-12-01,Direct Freight,Standard,Delivered,0,True,67,7.75,none,3,8,Anytime,3.8216,True,0.405,delivered within promise
HDEL001558,HORD001558,2018-09-05,2018-09-09,2018-09-08,AusPost,Standard,Delivered,0,True,3,9.24,none,4,3,Afternoon,4.0181,True,1.031,delivered within promise
HDEL001559,HORD001559,2018-08-10,2018-08-13,2018-08-13,AusPost,Standard,Delivered,0,True,42,11.58,none,3,4,Morning,5.4436,True,0.511,delivered within promise
HDEL001560,HORD001560,2018-10-26,2018-11-02,2018-11-07,AusPost,Express,Delivered,5,False,60,18.69,weather,7,3,Anytime,5.5821,False,0.419,carrier scan reconciled
HDEL001561,HORD001561,2018-05-06,2018-05-11,2018-05-09,DHL,Express,Delivered,0,True,8,17.89,none,5,6,Morning,4.4903,True,0.978,delivered within promise
HDEL001562,HORD001562,2018-11-30,2018-12-07,2018-12-05,StarTrack,Standard,Delivered,0,True,11,9.72,none,7,5,Anytime,4.37,True,0.528,delivered within promise
HDEL001563,HORD001563,2018-07-26,2018-08-01,2018-08-01,AusPost,Standard,Delivered,0,True,13,9.47,none,6,8,Morning,2.5527,True,0.35,delivered within promise
HDEL001564,HORD001564,2018-11-05,2018-11-10,2018-11-08,DHL,Standard,Delivered,0,True,48,8.59,none,5,4,Anytime,6.7883,True,1.265,delivered within promise
HDEL001565,HORD001565,2018-04-12,2018-04-16,2018-04-15,Direct Freight,Standard,Delivered,0,True,55,11.22,none,4,4,Anytime,8.7636,False,0.461,delivered within promise
HDEL001566,HORD001566,2018-01-03,2018-01-09,2018-01-09,AusPost,Standard,Delivered,0,True,15,7.95,none,6,9,Anytime,6.0108,True,0.608,delivered within promise
HDEL001567,HORD001567,2018-11-18,2018-11-24,2018-11-22,AusPost,Standard,Delivered,0,True,2,10.16,none,6,9,Morning,6.9183,True,0.489,delivered within promise
HDEL001568,HORD001568,2018-07-28,2018-08-02,2018-08-03,StarTrack,Standard,Delivered,1,False,34,11.11,warehouse_congestion,5,8,Anytime,2.9982,True,1.112,carrier scan reconciled
HDEL001569,HORD001569,2018-05-23,2018-05-30,2018-05-30,Direct Freight,Standard,Delivered,0,True,3,10.69,none,7,6,Afternoon,7.1651,True,0.564,delivered within promise
HDEL001570,HORD001570,2018-06-17,2018-06-20,2018-06-19,StarTrack,Standard,Delivered,0,True,46,14.87,none,3,7,Anytime,8.5784,True,0.534,delivered within promise
HDEL001571,HORD001571,2018-11-23,2018-11-26,2018-11-24,DHL,Express,Delivered,0,True,3,19.87,none,3,7,Anytime,5.9544,True,1.872,delivered within promise
HDEL001572,HORD001572,2018-09-23,2018-09-26,2018-09-24,DHL,Standard,Delivered,0,True,24,7.77,none,3,6,Anytime,4.0705,False,0.483,delivered within promise
HDEL001573,HORD001573,2018-02-24,2018-02-28,2018-02-27,DHL,Express,Delivered,0,True,41,16.67,none,4,6,Anytime,4.7927,True,0.9,delivered within promise
HDEL001574,HORD001574,2018-06-20,2018-06-24,2018-06-24,StarTrack,Standard,Delivered,0,True,43,10.89,none,4,8,Afternoon,4.1654,True,0.377,delivered within promise
HDEL001575,HORD001575,2018-05-01,2018-05-04,2018-05-02,Direct Freight,Standard,Delivered,0,True,22,8.74,none,3,9,Morning,6.461,True,0.596,delivered within promise
HDEL001576,HORD001576,2018-01-28,2018-02-02,2018-02-02,StarTrack,Standard,Delivered,0,True,11,12.48,none,5,3,Afternoon,8.7537,True,0.617,delivered within promise
HDEL001577,HORD001577,2018-08-21,2018-08-26,2018-08-26,AusPost,Standard,Delivered,0,True,60,12.79,none,5,5,Afternoon,9.9192,True,0.699,delivered within promise
HDEL001578,HORD001578,2018-07-03,2018-07-10,2018-07-08,StarTrack,Standard,Delivered,0,True,6,9.84,none,7,4,Afternoon,1.4979,True,0.283,delivered within promise
HDEL001579,HORD001579,2018-03-17,2018-03-21,2018-03-20,StarTrack,Standard,Delivered,0,True,28,8.84,none,4,9,Afternoon,6.9704,True,0.441,delivered within promise
HDEL001580,HORD001580,2018-01-07,2018-01-10,2018-01-08,DHL,Standard,Delivered,0,True,29,8.91,none,3,4,Morning,4.0371,True,1.153,delivered within promise
HDEL001581,HORD001581,2018-09-19,2018-09-24,2018-09-24,DHL,Standard,Delivered,0,True,3,7.42,none,5,8,Morning,4.1904,False,0.409,delivered within promise
HDEL001582,HORD001582,2018-07-15,2018-07-20,2018-07-19,AusPost,Standard,Delivered,0,True,65,11.8,none,5,8,Morning,6.7883,True,0.465,delivered within promise
HDEL001583,HORD001583,2018-12-09,2018-12-15,2018-12-13,Direct Freight,Standard,Delivered,0,True,43,8.29,none,6,7,Anytime,4.9903,False,0.323,delivered within promise
HDEL001584,HORD001584,2018-07-25,2018-07-28,2018-07-28,DHL,Standard,Delivered,0,True,18,13.67,none,3,6,Anytime,7.1166,True,0.446,delivered within promise
HDEL001585,HORD001585,2018-11-20,2018-11-24,2018-11-23,DHL,Standard,Delivered,0,True,33,11.27,none,4,9,Afternoon,7.2473,True,0.664,delivered within promise
HDEL001586,HORD001586,2018-02-26,2018-03-05,2018-03-04,DHL,Standard,Delivered,0,True,25,10.21,none,7,8,Morning,5.5022,True,0.522,delivered within promise
HDEL001587,HORD001587,2018-07-20,2018-07-23,2018-07-22,AusPost,Express,Delivered,0,True,5,18.02,none,3,4,Afternoon,4.4075,True,0.384,delivered within promise
HDEL001588,HORD001588,2018-08-23,2018-08-27,2018-08-27,DHL,Standard,Delivered,0,True,11,12.8,none,4,9,Anytime,5.2597,True,0.362,delivered within promise
HDEL001589,HORD001589,2018-03-27,2018-04-03,2018-04-01,Direct Freight,Standard,Delivered,0,True,7,10.82,none,7,4,Afternoon,7.2107,False,0.401,delivered within promise
HDEL001590,HORD001590,2018-07-20,2018-07-24,2018-07-26,StarTrack,Standard,Delivered,2,False,54,13.33,carrier_capacity,4,6,Anytime,6.8585,True,0.592,carrier scan reconciled
HDEL001591,HORD001591,2018-11-29,2018-12-03,2018-12-02,DHL,Standard,Delivered,0,True,49,8.7,none,4,6,Morning,7.1651,False,1.135,delivered within promise
HDEL001592,HORD001592,2018-04-06,2018-04-10,2018-04-09,DHL,Standard,Delivered,0,True,8,8.88,none,4,3,Afternoon,7.1166,False,0.416,delivered within promise
HDEL001593,HORD001593,2018-01-29,2018-02-04,2018-02-03,AusPost,Standard,Delivered,0,True,28,7.76,none,6,4,Afternoon,3.7377,False,0.311,delivered within promise
HDEL001594,HORD001594,2018-12-31,2019-01-05,2019-01-03,AusPost,Standard,Delivered,0,True,28,8.75,none,5,5,Morning,5.5988,True,0.564,delivered within promise
HDEL001595,HORD001595,2018-12-07,2018-12-12,2018-12-11,DHL,Standard,Delivered,0,True,67,8.57,none,5,7,Morning,3.0676,True,0.874,delivered within promise
HDEL001596,HORD001596,2018-05-24,2018-05-27,2018-05-26,StarTrack,Standard,Delivered,0,True,21,9.2,none,3,9,Morning,8.0537,True,0.497,delivered within promise
HDEL001597,HORD001597,2018-09-15,2018-09-20,2018-09-19,DHL,Standard,Delivered,0,True,10,11.37,none,5,4,Morning,8.3,True,0.564,delivered within promise
HDEL001598,HORD001598,2018-02-13,2018-02-17,2018-02-17,StarTrack,Standard,Delivered,0,True,62,10.17,none,4,8,Anytime,5.9533,False,0.471,delivered within promise
HDEL001599,HORD001599,2018-10-15,2018-10-22,2018-10-21,StarTrack,Standard,Delivered,0,True,59,7.94,none,7,3,Afternoon,3.2764,True,0.564,delivered within promise
HDEL001600,HORD001600,2018-02-18,2018-02-21,2018-02-19,StarTrack,Standard,Delivered,0,True,56,8.86,none,3,7,Anytime,6.2791,False,0.404,delivered within promise
HDEL001601,HORD001601,2018-10-15,2018-10-22,2018-10-22,StarTrack,Standard,Delivered,0,True,52,7.92,none,7,8,Afternoon,3.7104,False,0.418,delivered within promise
HDEL001602,HORD001602,2018-09-01,2018-09-05,2018-09-04,AusPost,Standard,Delivered,0,True,20,12.82,none,4,7,Afternoon,8.8204,True,1.266,delivered within promise
HDEL001603,HORD001603,2018-12-28,2019-01-01,2019-01-01,AusPost,Standard,Delivered,0,True,17,9.68,none,4,5,Anytime,7.932,True,0.51,delivered within promise
HDEL001604,HORD001604,2018-09-27,2018-10-02,2018-09-30,Direct Freight,Express,Delivered,0,True,23,13.58,none,5,8,Anytime,3.2063,True,0.407,delivered within promise
HDEL001605,HORD001605,2018-08-13,2018-08-19,2018-08-18,Direct Freight,Standard,Delivered,0,True,6,9.3,none,6,3,Morning,4.2475,True,0.322,delivered within promise
HDEL001606,HORD001606,2018-06-22,2018-06-28,2018-06-27,DHL,Standard,Delivered,0,True,60,9.95,none,6,7,Morning,2.018,True,0.348,delivered within promise
HDEL001607,HORD001607,2018-04-28,2018-05-04,2018-05-04,Direct Freight,Standard,Delivered,0,True,62,8.97,none,6,6,Morning,6.4707,True,1.045,delivered within promise
HDEL001608,HORD001608,2018-04-13,2018-04-20,2018-04-18,DHL,Standard,Delivered,0,True,51,9.17,none,7,3,Morning,4.9929,True,0.952,delivered within promise
HDEL001609,HORD001609,2018-05-30,2018-06-06,2018-06-05,AusPost,Standard,Delivered,0,True,41,7.16,none,7,6,Morning,3.5976,True,0.393,delivered within promise
HDEL001610,HORD001610,2018-12-05,2018-12-09,2018-12-09,AusPost,Express,Delivered,0,True,11,14.05,none,4,4,Morning,3.8508,False,0.349,delivered within promise
HDEL001611,HORD001611,2018-03-18,2018-03-23,2018-03-23,Direct Freight,Standard,Delivered,0,True,14,11.19,none,5,7,Morning,6.9476,True,0.539,delivered within promise
HDEL001612,HORD001612,2018-04-16,2018-04-23,2018-04-23,AusPost,Standard,Delivered,0,True,6,9.76,none,7,3,Anytime,5.8758,True,0.462,delivered within promise
HDEL001613,HORD001613,2018-08-07,2018-08-14,2018-08-12,DHL,Standard,Delivered,0,True,59,10.41,none,7,3,Anytime,6.783,True,1.358,delivered within promise
HDEL001614,HORD001614,2018-10-21,2018-10-26,2018-10-24,AusPost,Standard,Delivered,0,True,48,8.54,none,5,5,Anytime,6.1688,False,0.352,delivered within promise
HDEL001615,HORD001615,2018-09-13,2018-09-16,2018-09-14,AusPost,Express,Delivered,0,True,57,17.72,none,3,9,Morning,3.7343,False,0.427,delivered within promise
HDEL001616,HORD001616,2018-10-03,2018-10-07,2018-10-06,Direct Freight,Standard,Delivered,0,True,8,7.74,none,4,8,Afternoon,3.1302,False,0.289,delivered within promise
HDEL001617,HORD001617,2018-10-25,2018-10-28,2018-10-28,AusPost,Express,Delivered,0,True,43,15.26,none,3,5,Afternoon,5.996,True,0.443,delivered within promise
HDEL001618,HORD001618,2018-05-30,2018-06-02,2018-06-01,StarTrack,Express,Delivered,0,True,57,18.95,none,3,7,Anytime,3.4124,True,0.996,delivered within promise
HDEL001619,HORD001619,2018-03-05,2018-03-09,2018-03-07,StarTrack,Standard,Delivered,0,True,51,11.81,none,4,6,Anytime,8.085,True,0.582,delivered within promise
HDEL001620,HORD001620,2018-09-29,2018-10-04,2018-10-03,AusPost,Standard,Delivered,0,True,6,9.77,none,5,8,Anytime,5.0931,False,0.372,delivered within promise
HDEL001621,HORD001621,2018-06-25,2018-07-01,2018-06-30,Direct Freight,Standard,Delivered,0,True,12,10.7,none,6,7,Anytime,2.2355,True,0.34,delivered within promise
HDEL001622,HORD001622,2018-10-19,2018-10-26,2018-10-25,AusPost,Standard,Delivered,0,True,60,7.55,none,7,3,Anytime,5.5803,False,0.428,delivered within promise
HDEL001623,HORD001623,2018-05-22,2018-05-26,2018-05-25,DHL,Standard,Delivered,0,True,52,9.44,none,4,6,Afternoon,6.2021,True,0.392,delivered within promise
HDEL001624,HORD001624,2018-10-07,2018-10-11,2018-10-09,StarTrack,Standard,Delivered,0,True,58,7.23,none,4,8,Afternoon,4.9022,False,0.372,delivered within promise
HDEL001625,HORD001625,2018-10-16,2018-10-22,2018-10-21,StarTrack,Standard,Delivered,0,True,8,7.97,none,6,3,Afternoon,4.0663,False,0.469,delivered within promise
HDEL001626,HORD001626,2018-05-17,2018-05-23,2018-05-21,AusPost,Standard,Delivered,0,True,22,6.71,none,6,9,Morning,1.7855,True,0.443,delivered within promise
HDEL001627,HORD001627,2018-06-05,2018-06-11,2018-06-09,DHL,Standard,Delivered,0,True,69,9.76,none,6,3,Afternoon,1.0071,False,0.275,delivered within promise
HDEL001628,HORD001628,2018-10-22,2018-10-28,2018-10-28,AusPost,Standard,Delivered,0,True,16,9.5,none,6,6,Anytime,5.0091,True,0.37,delivered within promise
HDEL001629,HORD001629,2018-04-22,2018-04-28,2018-04-28,DHL,Standard,Delivered,0,True,3,9.06,none,6,7,Anytime,4.0371,False,0.315,delivered within promise
HDEL001630,HORD001630,2018-08-30,2018-09-05,2018-09-03,AusPost,Standard,Delivered,0,True,60,8.6,none,6,9,Morning,3.028,True,0.472,delivered within promise
HDEL001631,HORD001631,2018-11-28,2018-12-04,2018-12-02,DHL,Standard,Delivered,0,True,70,7.86,none,6,3,Afternoon,1.7014,False,0.294,delivered within promise
HDEL001632,HORD001632,2018-08-14,2018-08-21,2018-08-20,Direct Freight,Standard,Delivered,0,True,36,12.82,none,7,4,Morning,6.3062,True,0.387,delivered within promise
HDEL001633,HORD001633,2018-07-11,2018-07-16,2018-07-16,DHL,Standard,Delivered,0,True,46,10.19,none,5,6,Anytime,3.028,True,0.449,delivered within promise
HDEL001634,HORD001634,2018-07-09,2018-07-13,2018-07-12,Direct Freight,Standard,Delivered,0,True,41,12.05,none,4,4,Afternoon,5.2669,True,0.617,delivered within promise
HDEL001635,HORD001635,2018-09-21,2018-09-24,2018-09-22,Direct Freight,Express,Delivered,0,True,34,13.76,none,3,9,Morning,3.6546,True,0.509,delivered within promise
HDEL001636,HORD001636,2018-08-08,2018-08-13,2018-08-13,AusPost,Standard,Delivered,0,True,17,9.6,none,5,5,Anytime,3.0357,True,0.495,delivered within promise
HDEL001637,HORD001637,2018-01-06,2018-01-12,2018-01-16,AusPost,Express,Delivered,4,False,25,15.38,warehouse_congestion,6,4,Afternoon,7.3091,False,0.497,carrier scan reconciled
HDEL001638,HORD001638,2018-01-02,2018-01-06,2018-01-04,DHL,Standard,Delivered,0,True,17,8.7,none,4,5,Afternoon,2.2454,True,0.375,delivered within promise
HDEL001639,HORD001639,2018-01-30,2018-02-05,2018-02-03,AusPost,Standard,Delivered,0,True,12,8.66,none,6,7,Anytime,4.974,True,0.428,delivered within promise
HDEL001640,HORD001640,2018-08-24,2018-08-29,2018-08-27,StarTrack,Standard,Delivered,0,True,70,12.94,none,5,8,Anytime,5.1871,False,0.468,delivered within promise
HDEL001641,HORD001641,2018-11-17,2018-11-21,2018-11-21,AusPost,Standard,Delivered,0,True,21,11.26,none,4,9,Afternoon,7.0323,True,1.133,delivered within promise
HDEL001642,HORD001642,2018-05-05,2018-05-09,2018-05-07,StarTrack,Standard,Delivered,0,True,5,8.67,none,4,4,Afternoon,6.7896,True,0.54,delivered within promise
HDEL001643,HORD001643,2018-01-14,2018-01-19,2018-01-19,Direct Freight,Standard,Delivered,0,True,29,7.68,none,5,5,Anytime,3.5087,False,0.345,delivered within promise
HDEL001644,HORD001644,2018-06-13,2018-06-20,2018-06-20,Direct Freight,Standard,Delivered,0,True,14,11.04,none,7,8,Anytime,7.276,True,0.588,delivered within promise
HDEL001645,HORD001645,2018-10-18,2018-10-25,2018-10-24,AusPost,Express,Delivered,0,True,49,17.04,none,7,5,Afternoon,6.9556,True,0.452,delivered within promise
HDEL001646,HORD001646,2018-11-13,2018-11-19,2018-11-18,AusPost,Standard,Delivered,0,True,11,9.79,none,6,8,Morning,4.37,True,0.555,delivered within promise
HDEL001647,HORD001647,2018-04-16,2018-04-23,2018-04-22,StarTrack,Standard,Delivered,0,True,21,10.17,none,7,5,Morning,8.085,True,0.547,delivered within promise
HDEL001648,HORD001648,2018-01-13,2018-01-19,2018-01-18,StarTrack,Standard,Delivered,0,True,25,9.66,none,6,5,Anytime,3.9472,False,0.329,delivered within promise
HDEL001649,HORD001649,2018-04-27,2018-04-30,2018-04-28,DHL,Standard,Delivered,0,True,41,8.02,none,3,4,Afternoon,5.3606,False,0.437,delivered within promise
HDEL001650,HORD001650,2018-07-20,2018-07-27,2018-07-26,Direct Freight,Standard,Delivered,0,True,45,10.62,none,7,5,Morning,5.3108,True,0.649,delivered within promise
HDEL001651,HORD001651,2018-05-05,2018-05-11,2018-05-09,StarTrack,Standard,Delivered,0,True,50,8.73,none,6,8,Afternoon,6.7883,True,0.526,delivered within promise
HDEL001652,HORD001652,2018-02-12,2018-02-18,2018-02-18,DHL,Express,Delivered,0,True,22,19.92,none,6,3,Morning,7.4558,True,0.575,delivered within promise
HDEL001653,HORD001653,2018-09-02,2018-09-09,2018-09-08,DHL,Standard,Delivered,0,True,65,7.14,none,7,7,Anytime,0.87,False,0.295,delivered within promise
HDEL001654,HORD001654,2018-05-30,2018-06-02,2018-06-02,AusPost,Standard,Delivered,0,True,9,5.9,none,3,4,Anytime,1.4145,True,0.37,delivered within promise
HDEL001655,HORD001655,2018-11-18,2018-11-24,2018-11-22,StarTrack,Standard,Delivered,0,True,20,9.15,none,6,8,Anytime,7.578,True,1.202,delivered within promise
HDEL001656,HORD001656,2018-09-16,2018-09-21,2018-09-21,AusPost,Standard,Delivered,0,True,61,9.62,none,5,4,Morning,4.8907,True,0.597,delivered within promise
HDEL001657,HORD001657,2018-07-09,2018-07-12,2018-07-10,Direct Freight,Standard,Delivered,0,True,57,8.17,none,3,6,Anytime,1.0071,True,0.329,delivered within promise
HDEL001658,HORD001658,2018-05-23,2018-05-26,2018-05-26,AusPost,Standard,Delivered,0,True,67,8.53,none,3,3,Anytime,4.3318,True,0.457,delivered within promise
HDEL001659,HORD001659,2018-02-02,2018-02-06,2018-02-04,Direct Freight,Standard,Delivered,0,True,61,7.95,none,4,4,Afternoon,2.6825,False,0.303,delivered within promise
HDEL001660,HORD001660,2018-06-11,2018-06-14,2018-06-13,AusPost,Express,Delivered,0,True,41,19.22,none,3,7,Anytime,3.2972,True,0.438,delivered within promise
HDEL001661,HORD001661,2018-02-11,2018-02-17,2018-02-16,DHL,Express,Delivered,0,True,55,16.37,none,6,4,Afternoon,7.278,True,0.585,delivered within promise
HDEL001662,HORD001662,2018-09-22,2018-09-25,2018-09-24,StarTrack,Express,Delivered,0,True,8,19.07,none,3,7,Morning,7.424,True,1.139,delivered within promise
HDEL001663,HORD001663,2018-11-16,2018-11-22,2018-11-20,StarTrack,Standard,Delivered,0,True,46,7.34,none,6,4,Afternoon,3.7517,False,0.354,delivered within promise
HDEL001664,HORD001664,2018-10-12,2018-10-15,2018-10-13,StarTrack,Standard,Delivered,0,True,40,5.91,none,3,6,Morning,1.9767,True,0.382,delivered within promise
HDEL001665,HORD001665,2018-07-24,2018-07-28,2018-07-27,AusPost,Standard,Delivered,0,True,5,12.66,none,4,6,Morning,7.6726,False,0.4,delivered within promise
HDEL001666,HORD001666,2018-06-05,2018-06-10,2018-06-10,Direct Freight,Standard,Delivered,0,True,26,13.75,none,5,8,Morning,6.7995,True,1.041,delivered within promise
HDEL001667,HORD001667,2018-12-15,2018-12-18,2018-12-16,AusPost,Standard,Delivered,0,True,51,8.8,none,3,5,Morning,5.2597,False,0.377,delivered within promise
HDEL001668,HORD001668,2018-03-01,2018-03-05,2018-03-04,DHL,Standard,Delivered,0,True,41,6.39,none,4,9,Anytime,1.3998,False,0.291,delivered within promise
HDEL001669,HORD001669,2018-11-03,2018-11-10,2018-11-10,DHL,Standard,Delivered,0,True,63,8.64,none,7,7,Anytime,7.0423,True,0.511,delivered within promise
HDEL001670,HORD001670,2018-06-17,2018-06-24,2018-06-22,DHL,Standard,Delivered,0,True,50,9.27,none,7,7,Anytime,1.6321,True,0.404,delivered within promise
HDEL001671,HORD001671,2018-02-14,2018-02-17,2018-02-16,StarTrack,Standard,Delivered,0,True,50,9.41,none,3,3,Anytime,4.6923,True,0.466,delivered within promise
HDEL001672,HORD001672,2018-03-29,2018-04-02,2018-04-01,Direct Freight,Standard,Delivered,0,True,17,4.98,none,4,8,Anytime,0.8411,True,1.049,delivered within promise
HDEL001673,HORD001673,2018-03-01,2018-03-08,2018-03-06,StarTrack,Standard,Delivered,0,True,37,9.97,none,7,8,Anytime,4.6463,True,1.025,delivered within promise
HDEL001674,HORD001674,2018-08-09,2018-08-12,2018-08-11,StarTrack,Standard,Delivered,0,True,28,12.65,none,3,8,Morning,4.7492,True,1.124,delivered within promise
HDEL001675,HORD001675,2018-06-28,2018-07-02,2018-06-30,StarTrack,Standard,Delivered,0,True,24,10.49,none,4,4,Morning,4.4593,True,0.468,delivered within promise
HDEL001676,HORD001676,2018-07-31,2018-08-06,2018-08-05,StarTrack,Standard,Delivered,0,True,48,12.75,none,6,5,Afternoon,4.6506,True,0.36,delivered within promise
HDEL001677,HORD001677,2018-06-06,2018-06-10,2018-06-09,DHL,Express,Delivered,0,True,52,25.09,none,4,5,Morning,7.7244,True,0.678,delivered within promise
HDEL001678,HORD001678,2018-09-12,2018-09-17,2018-09-16,DHL,Standard,Delivered,0,True,35,7.66,none,5,3,Morning,3.2634,False,0.419,delivered within promise
HDEL001679,HORD001679,2018-10-04,2018-10-07,2018-10-07,StarTrack,Standard,Delivered,0,True,47,8.75,none,3,3,Anytime,7.2645,False,0.495,delivered within promise
HDEL001680,HORD001680,2018-02-04,2018-02-08,2018-02-07,StarTrack,Standard,Delivered,0,True,19,10.76,none,4,7,Anytime,7.2473,True,1.043,delivered within promise
HDEL001681,HORD001681,2018-10-07,2018-10-10,2018-10-10,AusPost,Standard,Delivered,0,True,56,8.08,none,3,6,Morning,3.2578,True,0.418,delivered within promise
HDEL001682,HORD001682,2018-01-26,2018-02-02,2018-02-02,AusPost,Standard,Delivered,0,True,70,9.94,none,7,9,Afternoon,5.9442,True,1.186,delivered within promise
HDEL001683,HORD001683,2018-08-15,2018-08-18,2018-08-17,Direct Freight,Standard,Delivered,0,True,16,9.92,none,3,5,Morning,4.6923,True,0.405,delivered within promise
HDEL001684,HORD001684,2018-09-06,2018-09-12,2018-09-10,StarTrack,Standard,Delivered,0,True,69,8.06,none,6,3,Afternoon,2.9974,True,0.453,delivered within promise
HDEL001685,HORD001685,2018-02-27,2018-03-02,2018-02-28,AusPost,Standard,Delivered,0,True,58,10.1,none,3,5,Afternoon,5.9544,False,0.379,delivered within promise
HDEL001686,HORD001686,2018-08-18,2018-08-21,2018-08-21,StarTrack,Standard,Delivered,0,True,24,12.96,none,3,8,Afternoon,6.2383,True,1.153,delivered within promise
HDEL001687,HORD001687,2018-08-15,2018-08-21,2018-08-19,DHL,Standard,Delivered,0,True,54,10.35,none,6,6,Afternoon,1.7014,False,0.279,delivered within promise
HDEL001688,HORD001688,2018-07-05,2018-07-11,2018-07-11,Direct Freight,Express,Delivered,0,True,54,26.28,none,6,4,Morning,7.1166,True,1.112,delivered within promise
HDEL001689,HORD001689,2018-07-20,2018-07-27,2018-07-25,Direct Freight,Standard,Delivered,0,True,71,14.06,none,7,8,Afternoon,7.5016,False,0.555,delivered within promise
HDEL001690,HORD001690,2018-10-28,2018-11-02,2018-10-31,Direct Freight,Standard,Delivered,0,True,21,9.9,none,5,3,Morning,7.1652,False,0.444,delivered within promise
HDEL001691,HORD001691,2018-07-09,2018-07-15,2018-07-14,DHL,Express,Delivered,0,True,66,26.42,none,6,5,Morning,7.278,True,0.565,delivered within promise
HDEL001692,HORD001692,2018-04-15,2018-04-19,2018-04-19,Direct Freight,Standard,Delivered,0,True,10,7.45,none,4,5,Afternoon,3.7181,False,0.359,delivered within promise
HDEL001693,HORD001693,2018-09-21,2018-09-24,2018-09-24,Direct Freight,Express,Delivered,0,True,16,15.8,none,3,3,Afternoon,7.4601,True,0.525,delivered within promise
HDEL001694,HORD001694,2018-10-28,2018-11-02,2018-11-02,DHL,Standard,Delivered,0,True,54,8.39,none,5,8,Anytime,2.6825,True,0.364,delivered within promise
HDEL001695,HORD001695,2018-11-27,2018-12-02,2018-11-30,StarTrack,Express,Delivered,0,True,19,21.83,none,5,7,Morning,8.0606,True,0.57,delivered within promise
HDEL001696,HORD001696,2018-10-17,2018-10-23,2018-10-21,Direct Freight,Standard,Delivered,0,True,52,6.47,none,6,4,Anytime,2.9974,True,1.147,delivered within promise
HDEL001697,HORD001697,2018-12-07,2018-12-11,2018-12-10,StarTrack,Standard,Delivered,0,True,17,8.47,none,4,6,Afternoon,6.1633,True,0.588,delivered within promise
HDEL001698,HORD001698,2018-09-11,2018-09-17,2018-09-16,DHL,Standard,Delivered,0,True,18,8.27,none,6,5,Anytime,5.1871,False,0.889,delivered within promise
HDEL001699,HORD001699,2018-03-01,2018-03-06,2018-03-05,Direct Freight,Standard,Delivered,0,True,31,8.38,none,5,7,Afternoon,5.5403,False,0.385,delivered within promise
HDEL001700,HORD001700,2018-07-14,2018-07-17,2018-07-17,Direct Freight,Standard,Delivered,0,True,56,10.89,none,3,9,Morning,5.3515,True,0.543,delivered within promise
HDEL001701,HORD001701,2018-11-07,2018-11-11,2018-11-09,DHL,Standard,Delivered,0,True,47,6.21,none,4,3,Anytime,1.7795,False,0.803,delivered within promise
HDEL001702,HORD001702,2018-08-01,2018-08-05,2018-08-03,StarTrack,Standard,Delivered,0,True,3,14.65,none,4,4,Afternoon,7.4601,True,0.613,delivered within promise
HDEL001703,HORD001703,2018-06-14,2018-06-19,2018-06-19,Direct Freight,Standard,Delivered,0,True,34,12.57,none,5,7,Afternoon,4.4676,False,0.56,delivered within promise
HDEL001704,HORD001704,2018-05-04,2018-05-11,2018-05-10,AusPost,Standard,Delivered,0,True,45,9.04,none,7,8,Morning,4.0371,True,1.531,delivered within promise
HDEL001705,HORD001705,2018-06-01,2018-06-07,2018-06-05,DHL,Express,Delivered,0,True,10,21.09,none,6,3,Morning,7.1166,True,0.428,delivered within promise
HDEL001706,HORD001706,2018-04-08,2018-04-15,2018-04-15,AusPost,Standard,Delivered,0,True,33,5.89,none,7,9,Morning,1.7662,True,1.067,delivered within promise
HDEL001707,HORD001707,2018-10-06,2018-10-13,2018-10-13,AusPost,Standard,Delivered,0,True,67,8.34,none,7,4,Afternoon,6.7789,True,1.136,delivered within promise
HDEL001708,HORD001708,2018-10-05,2018-10-11,2018-10-10,DHL,Standard,Delivered,0,True,55,8.42,none,6,8,Afternoon,4.8907,True,1.064,delivered within promise
HDEL001709,HORD001709,2018-11-21,2018-11-25,2018-11-25,StarTrack,Standard,Delivered,0,True,32,8.43,none,4,5,Anytime,2.2928,True,1.103,delivered within promise
HDEL001710,HORD001710,2018-01-16,2018-01-22,2018-01-20,Direct Freight,Standard,Delivered,0,True,16,9.49,none,6,4,Morning,7.3527,True,0.486,delivered within promise
HDEL001711,HORD001711,2018-12-29,2019-01-04,2019-01-04,DHL,Express,Delivered,0,True,27,17.49,none,6,6,Anytime,3.3602,True,0.529,delivered within promise
HDEL001712,HORD001712,2018-02-23,2018-02-27,2018-02-25,DHL,Standard,Delivered,0,True,29,7.38,none,4,3,Afternoon,3.3418,True,0.302,delivered within promise
HDEL001713,HORD001713,2018-09-25,2018-09-28,2018-09-27,Direct Freight,Express,Delivered,0,True,71,16.64,none,3,8,Afternoon,7.0323,True,1.114,delivered within promise
HDEL001714,HORD001714,2018-10-25,2018-10-30,2018-10-29,DHL,Express,Delivered,0,True,23,18.96,none,5,4,Anytime,7.8955,False,0.43,delivered within promise
HDEL001715,HORD001715,2018-11-09,2018-11-15,2018-11-15,AusPost,Standard,Delivered,0,True,37,9.88,none,6,6,Anytime,5.7703,True,0.429,delivered within promise
HDEL001716,HORD001716,2018-01-02,2018-01-06,2018-01-04,AusPost,Standard,Delivered,0,True,2,6.95,none,4,7,Anytime,1.0355,False,0.265,delivered within promise
HDEL001717,HORD001717,2018-01-15,2018-01-19,2018-01-18,StarTrack,Standard,Delivered,0,True,68,11.2,none,4,8,Afternoon,7.5536,True,1.123,delivered within promise
HDEL001718,HORD001718,2018-11-30,2018-12-04,2018-12-04,Direct Freight,Standard,Delivered,0,True,40,9.65,none,4,4,Anytime,5.0818,True,0.319,delivered within promise
HDEL001719,HORD001719,2018-12-02,2018-12-09,2018-12-09,DHL,Standard,Delivered,0,True,16,10.75,none,7,5,Anytime,6.1407,False,0.39,delivered within promise
HDEL001720,HORD001720,2018-08-28,2018-08-31,2018-08-30,StarTrack,Express,Delivered,0,True,23,23.22,none,3,9,Afternoon,3.0676,True,1.086,delivered within promise
HDEL001721,HORD001721,2018-01-28,2018-02-01,2018-02-01,AusPost,Standard,Delivered,0,True,64,7.9,none,4,4,Anytime,4.911,True,0.447,delivered within promise
HDEL001722,HORD001722,2018-12-23,2018-12-27,2018-12-26,Direct Freight,Standard,Delivered,0,True,73,10.39,none,4,9,Afternoon,5.9006,True,0.486,delivered within promise
HDEL001723,HORD001723,2018-08-09,2018-08-13,2018-08-12,StarTrack,Standard,Delivered,0,True,2,8.12,none,4,8,Afternoon,0.6788,True,1.186,delivered within promise
HDEL001724,HORD001724,2018-07-21,2018-07-27,2018-07-26,Direct Freight,Standard,Delivered,0,True,50,11.09,none,6,6,Anytime,4.0705,True,0.424,delivered within promise
HDEL001725,HORD001725,2018-11-27,2018-12-03,2018-12-03,StarTrack,Standard,Delivered,0,True,55,8.92,none,6,7,Morning,5.996,True,0.411,delivered within promise
HDEL001726,HORD001726,2018-10-01,2018-10-05,2018-10-04,AusPost,Standard,Delivered,0,True,3,8.81,none,4,3,Anytime,6.753,False,0.532,delivered within promise
HDEL001727,HORD001727,2018-10-26,2018-11-02,2018-10-31,Direct Freight,Standard,Delivered,0,True,14,8.68,none,7,6,Afternoon,6.7796,True,0.389,delivered within promise
HDEL001728,HORD001728,2018-08-22,2018-08-29,2018-08-27,DHL,Standard,Delivered,0,True,51,13.8,none,7,5,Afternoon,8.0765,True,0.484,delivered within promise
HDEL001729,HORD001729,2018-01-16,2018-01-23,2018-01-23,StarTrack,Standard,Delivered,0,True,7,11.12,none,7,7,Anytime,7.8766,True,0.443,delivered within promise
HDEL001730,HORD001730,2018-07-07,2018-07-12,2018-07-11,Direct Freight,Express,Delivered,0,True,22,19.26,none,5,9,Morning,7.072,False,0.38,delivered within promise
HDEL001731,HORD001731,2018-10-31,2018-11-04,2018-11-04,StarTrack,Standard,Delivered,0,True,71,7.92,none,4,3,Morning,4.4676,True,0.98,delivered within promise
HDEL001732,HORD001732,2018-11-25,2018-12-01,2018-11-30,StarTrack,Standard,Delivered,0,True,28,8.35,none,6,8,Anytime,4.3318,True,0.512,delivered within promise
HDEL001733,HORD001733,2018-03-18,2018-03-21,2018-03-20,Direct Freight,Standard,Delivered,0,True,35,5.8,none,3,9,Anytime,1.321,True,0.283,delivered within promise
HDEL001734,HORD001734,2018-02-28,2018-03-05,2018-03-05,StarTrack,Standard,Delivered,0,True,8,10.17,none,5,4,Anytime,5.2666,True,0.369,delivered within promise
HDEL001735,HORD001735,2018-06-22,2018-06-27,2018-06-25,DHL,Express,Delivered,0,True,66,24.24,none,5,7,Anytime,5.4548,True,0.435,delivered within promise
HDEL001736,HORD001736,2018-06-29,2018-07-03,2018-07-02,StarTrack,Express,Delivered,0,True,12,21.08,none,4,4,Anytime,4.7472,True,1.16,delivered within promise
HDEL001737,HORD001737,2018-09-19,2018-09-23,2018-09-21,DHL,Standard,Delivered,0,True,9,7.04,none,4,4,Morning,3.2764,False,0.33,delivered within promise
HDEL001738,HORD001738,2018-12-16,2018-12-19,2018-12-19,Direct Freight,Standard,Delivered,0,True,64,7.91,none,3,8,Anytime,4.677,True,1.678,delivered within promise
HDEL001739,HORD001739,2018-09-25,2018-09-30,2018-09-30,StarTrack,Standard,Delivered,0,True,48,7.3,none,5,3,Anytime,1.0355,True,0.398,delivered within promise
HDEL001740,HORD001740,2018-01-06,2018-01-12,2018-01-15,StarTrack,Standard,Delivered,3,False,60,9.06,warehouse_congestion,6,5,Anytime,4.5644,True,0.429,carrier scan reconciled
HDEL001741,HORD001741,2018-11-14,2018-11-17,2018-11-16,StarTrack,Standard,Delivered,0,True,59,10.23,none,3,3,Anytime,5.4433,True,0.949,delivered within promise
HDEL001742,HORD001742,2018-07-21,2018-07-24,2018-07-22,Direct Freight,Express,Delivered,0,True,47,17.17,none,3,3,Morning,3.6955,True,0.429,delivered within promise
HDEL001743,HORD001743,2018-06-29,2018-07-02,2018-06-30,Direct Freight,Standard,Delivered,0,True,71,9.42,none,3,4,Anytime,4.7326,True,0.546,delivered within promise
HDEL001744,HORD001744,2018-09-28,2018-10-02,2018-10-01,StarTrack,Standard,Delivered,0,True,38,10.22,none,4,5,Afternoon,6.0605,True,0.504,delivered within promise
HDEL001745,HORD001745,2018-11-10,2018-11-17,2018-11-16,Direct Freight,Standard,Delivered,0,True,15,7.96,none,7,8,Afternoon,4.6506,True,1.292,delivered within promise
HDEL001746,HORD001746,2018-07-29,2018-08-01,2018-08-01,StarTrack,Standard,Delivered,0,True,14,9.84,none,3,8,Afternoon,1.5776,True,1.079,delivered within promise
HDEL001747,HORD001747,2018-06-04,2018-06-07,2018-06-06,DHL,Express,Delivered,0,True,36,22.71,none,3,7,Morning,5.1789,True,0.554,delivered within promise
HDEL001748,HORD001748,2018-03-04,2018-03-10,2018-03-10,AusPost,Standard,Delivered,0,True,47,8.68,none,6,7,Anytime,3.3316,False,0.388,delivered within promise
HDEL001749,HORD001749,2018-08-06,2018-08-11,2018-08-11,DHL,Express,Delivered,0,True,31,17.49,none,5,6,Anytime,4.3953,True,0.522,delivered within promise
HDEL001750,HORD001750,2018-01-31,2018-02-04,2018-02-03,Direct Freight,Standard,Delivered,0,True,27,7.87,none,4,9,Anytime,5.5803,True,1.694,delivered within promise
HDEL001751,HORD001751,2018-01-27,2018-01-31,2018-01-30,DHL,Express,Delivered,0,True,18,15.3,none,4,8,Morning,2.9982,True,0.351,delivered within promise
HDEL001752,HORD001752,2018-05-02,2018-05-09,2018-05-09,Direct Freight,Standard,Delivered,0,True,50,9.97,none,7,5,Afternoon,7.4635,True,0.492,delivered within promise
HDEL001753,HORD001753,2018-01-10,2018-01-13,2018-01-12,StarTrack,Standard,Delivered,0,True,30,6.33,none,3,4,Anytime,0.1378,False,0.227,delivered within promise
HDEL001754,HORD001754,2018-07-05,2018-07-08,2018-07-06,Direct Freight,Standard,Delivered,0,True,63,12.08,none,3,6,Morning,4.9215,True,0.498,delivered within promise
HDEL001755,HORD001755,2018-08-11,2018-08-15,2018-08-13,StarTrack,Standard,Delivered,0,True,41,11.88,none,4,7,Afternoon,7.0323,False,0.426,delivered within promise
HDEL001756,HORD001756,2018-02-05,2018-02-12,2018-02-11,DHL,Standard,Delivered,0,True,39,10.93,none,7,6,Morning,5.8169,True,0.424,delivered within promise
HDEL001757,HORD001757,2018-12-17,2018-12-22,2018-12-20,Direct Freight,Express,Delivered,0,True,5,16.8,none,5,5,Morning,3.3529,True,0.857,delivered within promise
HDEL001758,HORD001758,2018-08-13,2018-08-17,2018-08-16,DHL,Standard,Delivered,0,True,18,11.58,none,4,3,Anytime,6.8906,True,0.695,delivered within promise
HDEL001759,HORD001759,2018-10-03,2018-10-07,2018-10-05,Direct Freight,Standard,Delivered,0,True,20,9.06,none,4,7,Anytime,7.1087,True,0.504,delivered within promise
HDEL001760,HORD001760,2018-07-16,2018-07-19,2018-07-18,StarTrack,Standard,Delivered,0,True,27,10.58,none,3,5,Afternoon,4.3951,True,0.453,delivered within promise
HDEL001761,HORD001761,2018-12-27,2019-01-03,2019-01-01,DHL,Standard,Delivered,0,True,3,9.89,none,7,5,Anytime,8.301,True,1.084,delivered within promise
HDEL001762,HORD001762,2018-04-13,2018-04-20,2018-04-20,DHL,Standard,Delivered,0,True,15,7.62,none,7,6,Anytime,3.7181,False,0.287,delivered within promise
HDEL001763,HORD001763,2018-01-11,2018-01-18,2018-01-18,DHL,Standard,Delivered,0,True,54,7.56,none,7,6,Morning,2.2364,True,0.31,delivered within promise
HDEL001764,HORD001764,2018-12-07,2018-12-11,2018-12-11,AusPost,Express,Delivered,0,True,58,17.15,none,4,5,Anytime,4.6923,True,0.419,delivered within promise
HDEL001765,HORD001765,2018-05-16,2018-05-20,2018-05-18,AusPost,Standard,Delivered,0,True,41,6.22,none,4,6,Anytime,1.3001,True,0.531,delivered within promise
HDEL001766,HORD001766,2018-01-09,2018-01-13,2018-01-11,DHL,Standard,Delivered,0,True,7,10.25,none,4,9,Morning,6.1231,True,0.42,delivered within promise
HDEL001767,HORD001767,2018-12-31,2019-01-03,2019-01-02,StarTrack,Standard,Delivered,0,True,52,7.24,none,3,8,Morning,2.9449,True,0.309,delivered within promise
HDEL001768,HORD001768,2018-11-16,2018-11-23,2018-11-22,DHL,Standard,Delivered,0,True,36,7.79,none,7,6,Morning,2.0944,True,1.066,delivered within promise
HDEL001769,HORD001769,2018-12-14,2018-12-20,2018-12-19,DHL,Standard,Delivered,0,True,12,9.35,none,6,7,Afternoon,6.3746,False,0.412,delivered within promise
HDEL001770,HORD001770,2018-07-06,2018-07-11,2018-07-10,DHL,Express,Delivered,0,True,27,22.06,none,5,4,Anytime,3.4116,True,0.836,delivered within promise
HDEL001771,HORD001771,2018-12-28,2019-01-04,2019-01-02,StarTrack,Standard,Delivered,0,True,57,9.5,none,7,3,Morning,3.8058,True,0.497,delivered within promise
HDEL001772,HORD001772,2018-11-14,2018-11-18,2018-11-17,AusPost,Standard,Delivered,0,True,19,8.31,none,4,9,Morning,3.6955,True,0.538,delivered within promise
HDEL001773,HORD001773,2018-06-17,2018-06-22,2018-06-20,Direct Freight,Standard,Delivered,0,True,29,12.11,none,5,9,Anytime,6.0551,True,0.415,delivered within promise
HDEL001774,HORD001774,2018-04-13,2018-04-20,2018-04-20,DHL,Standard,Delivered,0,True,37,5.74,none,7,4,Morning,0.1725,True,0.284,delivered within promise
HDEL001775,HORD001775,2018-09-09,2018-09-15,2018-09-14,DHL,Express,Delivered,0,True,23,19.68,none,6,8,Anytime,4.9324,False,0.322,delivered within promise
HDEL001776,HORD001776,2018-04-26,2018-05-02,2018-04-30,DHL,Standard,Delivered,0,True,40,11.48,none,6,5,Afternoon,8.8204,True,0.534,delivered within promise
HDEL001777,HORD001777,2018-07-22,2018-07-28,2018-07-26,DHL,Standard,Delivered,0,True,22,11.35,none,6,5,Afternoon,4.3953,True,0.389,delivered within promise
HDEL001778,HORD001778,2018-05-02,2018-05-08,2018-05-08,AusPost,Standard,Delivered,0,True,8,6.82,none,6,8,Afternoon,3.773,True,0.387,delivered within promise
HDEL001779,HORD001779,2018-10-17,2018-10-21,2018-10-20,Direct Freight,Standard,Delivered,0,True,52,10.38,none,4,4,Afternoon,8.2355,True,0.61,delivered within promise
HDEL001780,HORD001780,2018-02-05,2018-02-11,2018-02-10,AusPost,Standard,Delivered,0,True,65,10.86,none,6,5,Anytime,9.4249,False,0.516,delivered within promise
HDEL001781,HORD001781,2018-06-06,2018-06-11,2018-06-10,StarTrack,Express,Delivered,0,True,65,22.07,none,5,3,Anytime,4.8879,True,0.378,delivered within promise
HDEL001782,HORD001782,2018-08-01,2018-08-06,2018-08-04,Direct Freight,Standard,Delivered,0,True,73,10.61,none,5,7,Afternoon,4.2248,True,0.525,delivered within promise
HDEL001783,HORD001783,2018-10-06,2018-10-11,2018-10-11,DHL,Express,Delivered,0,True,5,14.12,none,5,9,Anytime,2.0015,True,0.939,delivered within promise
HDEL001784,HORD001784,2018-05-01,2018-05-05,2018-05-05,AusPost,Standard,Delivered,0,True,20,10.41,none,4,5,Anytime,6.9476,False,0.403,delivered within promise
HDEL001785,HORD001785,2018-03-20,2018-03-27,2018-03-25,StarTrack,Express,Delivered,0,True,18,14.45,none,7,5,Anytime,4.8046,True,0.423,delivered within promise
HDEL001786,HORD001786,2018-10-31,2018-11-03,2018-11-03,AusPost,Express,Delivered,0,True,72,22.43,none,3,4,Morning,9.4249,True,0.594,delivered within promise
HDEL001787,HORD001787,2018-07-23,2018-07-29,2018-07-28,StarTrack,Standard,Delivered,0,True,6,11.12,none,6,6,Afternoon,6.2259,False,0.506,delivered within promise
HDEL001788,HORD001788,2018-01-21,2018-01-25,2018-01-25,Direct Freight,Standard,Delivered,0,True,4,8.78,none,4,6,Anytime,7.4471,True,1.14,delivered within promise
HDEL001789,HORD001789,2018-06-11,2018-06-16,2018-06-14,AusPost,Express,Delivered,0,True,61,22.39,none,5,6,Anytime,7.7904,True,0.707,delivered within promise
HDEL001790,HORD001790,2018-08-19,2018-08-25,2018-08-23,AusPost,Standard,Delivered,0,True,72,9.56,none,6,9,Morning,3.6475,True,0.34,delivered within promise
HDEL001791,HORD001791,2018-08-05,2018-08-09,2018-08-09,StarTrack,Standard,Delivered,0,True,45,13.84,none,4,5,Morning,7.1087,True,0.431,delivered within promise
HDEL001792,HORD001792,2018-07-31,2018-08-06,2018-08-05,AusPost,Standard,Delivered,0,True,9,11.48,none,6,5,Anytime,6.3827,True,0.452,delivered within promise
HDEL001793,HORD001793,2018-11-12,2018-11-16,2018-11-15,DHL,Standard,Delivered,0,True,19,8.51,none,4,8,Morning,3.2914,True,0.492,delivered within promise
HDEL001794,HORD001794,2018-07-14,2018-07-20,2018-07-18,Direct Freight,Express,Delivered,0,True,8,21.28,none,6,6,Anytime,2.5443,True,0.333,delivered within promise
HDEL001795,HORD001795,2018-04-22,2018-04-29,2018-05-04,StarTrack,Standard,Delivered,5,False,46,8.29,warehouse_congestion,7,6,Anytime,3.186,False,0.991,carrier scan reconciled
HDEL001796,HORD001796,2018-09-27,2018-10-02,2018-09-30,AusPost,Standard,Delivered,0,True,32,7.45,none,5,6,Anytime,2.4538,True,0.912,delivered within promise
HDEL001797,HORD001797,2018-08-12,2018-08-15,2018-08-13,StarTrack,Standard,Delivered,0,True,12,12.76,none,3,9,Morning,5.0399,False,0.432,delivered within promise
HDEL001798,HORD001798,2018-10-23,2018-10-27,2018-10-25,AusPost,Standard,Delivered,0,True,41,7.0,none,4,5,Anytime,2.2927,True,1.071,delivered within promise
HDEL001799,HORD001799,2018-12-28,2019-01-01,2019-01-01,StarTrack,Standard,Delivered,0,True,40,10.66,none,4,7,Afternoon,6.2019,False,0.351,delivered within promise
HDEL001800,HORD001800,2018-08-28,2018-09-02,2018-09-01,Direct Freight,Standard,Delivered,0,True,72,10.57,none,5,8,Afternoon,5.893,True,0.485,delivered within promise
HDEL001801,HORD001801,2018-04-04,2018-04-07,2018-04-06,StarTrack,Standard,Delivered,0,True,57,10.78,none,3,6,Morning,7.3091,True,1.101,delivered within promise
HDEL001802,HORD001802,2018-09-15,2018-09-21,2018-09-21,Direct Freight,Standard,Delivered,0,True,25,10.22,none,6,3,Anytime,7.4471,False,0.408,delivered within promise
HDEL001803,HORD001803,2018-06-09,2018-06-12,2018-06-11,StarTrack,Standard,Delivered,0,True,35,11.29,none,3,5,Anytime,7.2645,True,0.511,delivered within promise
HDEL001804,HORD001804,2018-04-07,2018-04-14,2018-04-14,Direct Freight,Standard,Delivered,0,True,38,11.48,none,7,6,Morning,7.4926,True,0.556,delivered within promise
HDEL001805,HORD001805,2018-10-22,2018-10-28,2018-10-28,Direct Freight,Express,Delivered,0,True,2,14.53,none,6,6,Anytime,4.4275,True,0.524,delivered within promise
HDEL001806,HORD001806,2018-09-19,2018-09-24,2018-09-24,Direct Freight,Standard,Delivered,0,True,9,7.12,none,5,3,Afternoon,2.9974,True,0.51,delivered within promise
HDEL001807,HORD001807,2018-03-13,2018-03-20,2018-03-20,DHL,Express,Delivered,0,True,65,14.85,none,7,7,Anytime,3.5854,True,0.473,delivered within promise
HDEL001808,HORD001808,2018-11-24,2018-11-30,2018-11-30,StarTrack,Standard,Delivered,0,True,62,10.87,none,6,5,Afternoon,8.7347,True,1.227,delivered within promise
HDEL001809,HORD001809,2018-12-05,2018-12-11,2018-12-10,DHL,Standard,Delivered,0,True,21,10.54,none,6,7,Afternoon,6.783,True,1.066,delivered within promise
HDEL001810,HORD001810,2018-06-08,2018-06-13,2018-06-11,DHL,Standard,Delivered,0,True,37,12.96,none,5,8,Afternoon,6.1231,False,0.417,delivered within promise
HDEL001811,HORD001811,2018-10-18,2018-10-23,2018-10-21,StarTrack,Standard,Delivered,0,True,59,11.1,none,5,6,Morning,8.7178,False,0.475,delivered within promise
HDEL001812,HORD001812,2018-01-20,2018-01-25,2018-01-25,StarTrack,Standard,Delivered,0,True,2,6.22,none,5,6,Anytime,1.3998,True,0.401,delivered within promise
HDEL001813,HORD001813,2018-11-12,2018-11-17,2018-11-15,Direct Freight,Standard,Delivered,0,True,53,7.79,none,5,5,Afternoon,3.333,False,0.281,delivered within promise
HDEL001814,HORD001814,2018-04-18,2018-04-21,2018-04-20,AusPost,Standard,Delivered,0,True,31,8.44,none,3,5,Afternoon,7.5369,True,0.477,delivered within promise
HDEL001815,HORD001815,2018-01-02,2018-01-05,2018-01-04,StarTrack,Express,Delivered,0,True,10,15.12,none,3,4,Afternoon,1.0355,True,0.416,delivered within promise
HDEL001816,HORD001816,2018-06-28,2018-07-04,2018-07-03,DHL,Standard,Delivered,0,True,67,9.74,none,6,9,Morning,4.6923,True,1.138,delivered within promise
HDEL001817,HORD001817,2018-07-06,2018-07-11,2018-07-10,DHL,Standard,Delivered,0,True,32,12.23,none,5,9,Anytime,6.544,True,1.053,delivered within promise
HDEL001818,HORD001818,2018-01-20,2018-01-24,2018-01-22,AusPost,Standard,Delivered,0,True,51,8.09,none,4,3,Afternoon,4.6096,True,0.544,delivered within promise
HDEL001819,HORD001819,2018-07-25,2018-07-28,2018-07-28,AusPost,Standard,Delivered,0,True,19,11.49,none,3,3,Afternoon,6.9266,False,0.414,delivered within promise
HDEL001820,HORD001820,2018-03-19,2018-03-22,2018-03-22,Direct Freight,Standard,Delivered,0,True,62,9.31,none,3,5,Anytime,5.2449,True,0.522,delivered within promise
HDEL001821,HORD001821,2018-03-07,2018-03-11,2018-03-14,Direct Freight,Standard,Delivered,3,False,64,8.52,weather,4,9,Anytime,7.0873,False,0.496,carrier scan reconciled
HDEL001822,HORD001822,2018-12-30,2019-01-03,2019-01-02,AusPost,Express,Delivered,0,True,37,20.06,none,4,5,Anytime,6.2605,True,1.102,delivered within promise
HDEL001823,HORD001823,2018-01-07,2018-01-14,2018-01-15,StarTrack,Express,Delivered,1,False,13,18.33,warehouse_congestion,7,8,Morning,7.578,False,0.381,carrier scan reconciled
HDEL001824,HORD001824,2018-01-09,2018-01-14,2018-01-13,DHL,Standard,Delivered,0,True,31,8.5,none,5,8,Morning,3.9472,True,0.449,delivered within promise
HDEL001825,HORD001825,2018-09-22,2018-09-29,2018-09-28,StarTrack,Standard,Delivered,0,True,69,9.69,none,7,9,Morning,4.2221,False,0.358,delivered within promise
HDEL001826,HORD001826,2018-04-30,2018-05-04,2018-05-03,DHL,Express,Delivered,0,True,68,20.61,none,4,7,Anytime,5.8758,False,0.396,delivered within promise
HDEL001827,HORD001827,2018-02-17,2018-02-20,2018-02-20,StarTrack,Standard,Delivered,0,True,40,6.99,none,3,8,Afternoon,3.4124,True,0.503,delivered within promise
HDEL001828,HORD001828,2018-03-12,2018-03-18,2018-03-16,Direct Freight,Standard,Delivered,0,True,41,7.02,none,6,8,Anytime,1.0772,True,0.361,delivered within promise
HDEL001829,HORD001829,2018-03-18,2018-03-25,2018-03-25,Direct Freight,Standard,Delivered,0,True,72,10.17,none,7,4,Anytime,8.2355,False,0.501,delivered within promise
HDEL001830,HORD001830,2018-06-13,2018-06-20,2018-06-19,Direct Freight,Standard,Delivered,0,True,46,9.65,none,7,3,Afternoon,4.555,True,0.572,delivered within promise
HDEL001831,HORD001831,2018-04-29,2018-05-05,2018-05-03,AusPost,Standard,Delivered,0,True,14,9.36,none,6,9,Morning,6.6691,True,0.544,delivered within promise
HDEL001832,HORD001832,2018-06-03,2018-06-07,2018-06-07,StarTrack,Standard,Delivered,0,True,45,9.06,none,4,5,Afternoon,1.0784,True,0.914,delivered within promise
HDEL001833,HORD001833,2018-05-30,2018-06-03,2018-06-03,AusPost,Standard,Delivered,0,True,27,9.52,none,4,5,Morning,7.578,True,0.474,delivered within promise
HDEL001834,HORD001834,2018-05-29,2018-06-01,2018-05-31,AusPost,Standard,Delivered,0,True,66,11.73,none,3,4,Morning,8.0606,False,0.523,delivered within promise
HDEL001835,HORD001835,2018-04-24,2018-04-27,2018-04-25,AusPost,Standard,Delivered,0,True,72,9.45,none,3,4,Morning,6.386,True,1.169,delivered within promise
HDEL001836,HORD001836,2018-01-26,2018-02-02,2018-01-31,DHL,Standard,Delivered,0,True,67,9.51,none,7,5,Afternoon,3.9472,True,0.389,delivered within promise
HDEL001837,HORD001837,2018-08-02,2018-08-06,2018-08-04,StarTrack,Standard,Delivered,0,True,11,8.65,none,4,9,Afternoon,3.6744,False,0.329,delivered within promise
HDEL001838,HORD001838,2018-07-16,2018-07-19,2018-07-17,StarTrack,Express,Delivered,0,True,73,24.63,none,3,9,Morning,6.2019,True,1.121,delivered within promise
HDEL001839,HORD001839,2018-04-01,2018-04-04,2018-04-04,StarTrack,Standard,Delivered,0,True,2,4.92,none,3,8,Afternoon,0.3679,False,0.259,delivered within promise
HDEL001840,HORD001840,2018-12-10,2018-12-17,2018-12-16,AusPost,Standard,Delivered,0,True,56,9.19,none,7,6,Afternoon,4.3951,True,0.57,delivered within promise
HDEL001841,HORD001841,2019-01-01,2019-01-08,2019-01-06,AusPost,Standard,Delivered,0,True,13,8.11,none,7,6,Morning,1.7014,False,0.259,delivered within promise
HDEL001842,HORD001842,2018-07-27,2018-08-02,2018-08-01,DHL,Standard,Delivered,0,True,30,11.28,none,6,7,Morning,4.5788,False,0.314,delivered within promise
HDEL001843,HORD001843,2018-09-30,2018-10-04,2018-10-03,AusPost,Standard,Delivered,0,True,45,9.26,none,4,3,Afternoon,3.5854,False,0.344,delivered within promise
HDEL001844,HORD001844,2018-02-17,2018-02-20,2018-02-19,AusPost,Standard,Delivered,0,True,63,11.06,none,3,4,Anytime,8.0565,False,1.113,delivered within promise
HDEL001845,HORD001845,2018-02-13,2018-02-19,2018-02-18,Direct Freight,Standard,Delivered,0,True,4,9.81,none,6,9,Afternoon,7.5016,True,0.565,delivered within promise
HDEL001846,HORD001846,2018-03-14,2018-03-17,2018-03-15,Direct Freight,Standard,Delivered,0,True,56,11.45,none,3,7,Morning,7.6726,False,0.441,delivered within promise
HDEL001847,HORD001847,2018-12-07,2018-12-10,2018-12-10,Direct Freight,Standard,Delivered,0,True,36,9.71,none,3,5,Afternoon,7.2568,True,0.595,delivered within promise
HDEL001848,HORD001848,2018-09-24,2018-09-27,2018-09-25,Direct Freight,Standard,Delivered,0,True,55,10.87,none,3,9,Anytime,7.7904,False,0.407,delivered within promise
HDEL001849,HORD001849,2018-08-13,2018-08-17,2018-08-15,Direct Freight,Standard,Delivered,0,True,8,11.47,none,4,5,Afternoon,6.6135,True,0.394,delivered within promise
HDEL001850,HORD001850,2018-03-11,2018-03-18,2018-03-16,StarTrack,Standard,Delivered,0,True,54,8.69,none,7,6,Afternoon,5.6653,False,0.379,delivered within promise
HDEL001851,HORD001851,2018-08-30,2018-09-03,2018-09-01,Direct Freight,Standard,Delivered,0,True,6,13.39,none,4,7,Morning,6.544,True,0.471,delivered within promise
HDEL001852,HORD001852,2018-05-07,2018-05-14,2018-05-12,AusPost,Standard,Delivered,0,True,8,9.77,none,7,5,Afternoon,7.2473,False,0.435,delivered within promise
HDEL001853,HORD001853,2018-11-22,2018-11-29,2018-11-29,Direct Freight,Standard,Delivered,0,True,43,10.2,none,7,6,Morning,5.1023,True,0.46,delivered within promise
HDEL001854,HORD001854,2018-09-15,2018-09-21,2018-09-19,StarTrack,Standard,Delivered,0,True,12,8.05,none,6,4,Morning,2.7597,True,0.369,delivered within promise
HDEL001855,HORD001855,2018-11-17,2018-11-24,2018-11-22,Direct Freight,Standard,Delivered,0,True,11,10.17,none,7,5,Morning,7.355,False,0.477,delivered within promise
HDEL001856,HORD001856,2018-05-28,2018-06-01,2018-05-30,DHL,Standard,Delivered,0,True,14,10.97,none,4,9,Anytime,9.1012,True,1.112,delivered within promise
HDEL001857,HORD001857,2018-05-06,2018-05-10,2018-05-09,AusPost,Express,Delivered,0,True,34,18.98,none,4,9,Morning,3.5854,True,1.724,delivered within promise
HDEL001858,HORD001858,2018-03-07,2018-03-12,2018-03-10,StarTrack,Express,Delivered,0,True,16,16.86,none,5,9,Morning,6.6906,True,0.423,delivered within promise
HDEL001859,HORD001859,2018-12-24,2018-12-27,2018-12-25,DHL,Standard,Delivered,0,True,71,8.98,none,3,3,Anytime,4.4903,True,0.39,delivered within promise
HDEL001860,HORD001860,2018-04-06,2018-04-13,2018-04-12,AusPost,Standard,Delivered,0,True,19,8.34,none,7,4,Anytime,3.4566,True,0.457,delivered within promise
HDEL001861,HORD001861,2018-03-01,2018-03-07,2018-03-05,StarTrack,Standard,Delivered,0,True,14,7.4,none,6,7,Morning,2.2928,True,1.049,delivered within promise
HDEL001862,HORD001862,2018-12-26,2018-12-29,2018-12-29,StarTrack,Standard,Delivered,0,True,35,9.21,none,3,6,Anytime,5.83,True,0.957,delivered within promise
HDEL001863,HORD001863,2018-05-27,2018-05-31,2018-05-30,Direct Freight,Standard,Delivered,0,True,50,8.05,none,4,4,Afternoon,4.9324,True,1.875,delivered within promise
HDEL001864,HORD001864,2018-06-15,2018-06-18,2018-06-16,StarTrack,Standard,Delivered,0,True,2,11.53,none,3,8,Afternoon,5.3195,True,0.472,delivered within promise
HDEL001865,HORD001865,2018-04-17,2018-04-21,2018-04-20,DHL,Standard,Delivered,0,True,40,7.0,none,4,9,Morning,1.0383,True,0.484,delivered within promise
HDEL001866,HORD001866,2018-08-07,2018-08-10,2018-08-09,DHL,Standard,Delivered,0,True,60,8.57,none,3,9,Morning,2.123,False,0.272,delivered within promise
HDEL001867,HORD001867,2018-06-09,2018-06-13,2018-06-11,StarTrack,Express,Delivered,0,True,49,25.43,none,4,5,Morning,6.2383,True,0.601,delivered within promise
HDEL001868,HORD001868,2018-03-08,2018-03-12,2018-03-10,DHL,Standard,Delivered,0,True,5,9.27,none,4,4,Anytime,7.8766,True,0.599,delivered within promise
HDEL001869,HORD001869,2018-06-07,2018-06-13,2018-06-11,StarTrack,Standard,Delivered,0,True,46,16.19,none,6,9,Afternoon,9.4249,False,0.472,delivered within promise
HDEL001870,HORD001870,2018-03-06,2018-03-12,2018-03-10,Direct Freight,Standard,Delivered,0,True,50,6.99,none,6,6,Anytime,1.2522,True,0.299,delivered within promise
HDEL001871,HORD001871,2018-05-26,2018-05-29,2018-05-29,StarTrack,Standard,Delivered,0,True,54,6.42,none,3,8,Anytime,2.0944,False,0.421,delivered within promise
HDEL001872,HORD001872,2018-06-27,2018-06-30,2018-06-29,Direct Freight,Standard,Delivered,0,True,30,12.97,none,3,3,Morning,4.9215,True,0.4,delivered within promise
HDEL001873,HORD001873,2018-01-11,2018-01-15,2018-01-13,DHL,Standard,Delivered,0,True,5,11.38,none,4,4,Morning,6.9266,True,0.627,delivered within promise
HDEL001874,HORD001874,2018-07-12,2018-07-15,2018-07-14,AusPost,Standard,Delivered,0,True,18,12.18,none,3,4,Afternoon,4.7326,False,0.314,delivered within promise
HDEL001875,HORD001875,2018-09-07,2018-09-14,2018-09-13,StarTrack,Standard,Delivered,0,True,23,6.73,none,7,3,Morning,3.4727,True,0.349,delivered within promise
HDEL001876,HORD001876,2018-12-16,2018-12-23,2018-12-25,DHL,Standard,Delivered,2,False,39,9.5,carrier_capacity,7,9,Anytime,5.3606,False,0.356,carrier scan reconciled
HDEL001877,HORD001877,2018-10-30,2018-11-05,2018-11-03,DHL,Standard,Delivered,0,True,42,10.19,none,6,8,Morning,6.3746,False,0.393,delivered within promise
HDEL001878,HORD001878,2018-09-29,2018-10-05,2018-10-05,Direct Freight,Express,Delivered,0,True,56,18.58,none,6,8,Morning,5.7703,False,0.458,delivered within promise
HDEL001879,HORD001879,2018-05-22,2018-05-26,2018-05-25,Direct Freight,Express,Delivered,0,True,22,19.35,none,4,6,Afternoon,5.8758,True,0.487,delivered within promise
HDEL001880,HORD001880,2018-09-24,2018-09-29,2018-09-27,AusPost,Standard,Delivered,0,True,13,7.37,none,5,8,Anytime,5.1961,False,0.397,delivered within promise
HDEL001881,HORD001881,2018-03-23,2018-03-28,2018-03-28,StarTrack,Standard,Delivered,0,True,15,5.16,none,5,9,Afternoon,0.8411,True,0.895,delivered within promise
HDEL001882,HORD001882,2018-05-13,2018-05-18,2018-05-18,Direct Freight,Standard,Delivered,0,True,26,10.78,none,5,5,Afternoon,7.4926,False,0.461,delivered within promise
HDEL001883,HORD001883,2018-07-05,2018-07-08,2018-07-07,AusPost,Standard,Delivered,0,True,62,15.41,none,3,4,Anytime,8.085,True,0.613,delivered within promise
HDEL001884,HORD001884,2018-10-31,2018-11-04,2018-11-04,AusPost,Standard,Delivered,0,True,9,7.65,none,4,6,Afternoon,5.5563,True,0.875,delivered within promise
HDEL001885,HORD001885,2018-02-28,2018-03-06,2018-03-04,Direct Freight,Express,Delivered,0,True,54,15.41,none,6,7,Morning,1.2249,True,0.325,delivered within promise
HDEL001886,HORD001886,2018-03-16,2018-03-21,2018-03-19,AusPost,Standard,Delivered,0,True,27,5.38,none,5,7,Anytime,1.4979,True,1.053,delivered within promise
HDEL001887,HORD001887,2018-04-29,2018-05-06,2018-05-05,Direct Freight,Standard,Delivered,0,True,20,10.99,none,7,3,Afternoon,7.7907,True,0.552,delivered within promise
HDEL001888,HORD001888,2018-07-29,2018-08-02,2018-08-02,StarTrack,Standard,Delivered,0,True,43,10.54,none,4,4,Morning,4.0669,True,0.452,delivered within promise
HDEL001889,HORD001889,2018-07-20,2018-07-25,2018-07-29,AusPost,Express,Delivered,4,False,19,20.02,weather,5,4,Afternoon,6.5568,True,0.477,carrier scan reconciled
HDEL001890,HORD001890,2018-10-20,2018-10-25,2018-10-23,StarTrack,Standard,Delivered,0,True,47,8.66,none,5,3,Afternoon,3.6096,False,0.392,delivered within promise
HDEL001891,HORD001891,2018-10-14,2018-10-18,2018-10-18,AusPost,Standard,Delivered,0,True,55,8.03,none,4,4,Morning,6.1633,False,0.39,delivered within promise
HDEL001892,HORD001892,2018-09-25,2018-09-28,2018-09-28,DHL,Standard,Delivered,0,True,65,11.2,none,3,5,Morning,6.5462,False,0.395,delivered within promise
HDEL001893,HORD001893,2018-01-25,2018-01-31,2018-01-31,AusPost,Standard,Delivered,0,True,70,8.29,none,6,9,Morning,3.8216,True,1.075,delivered within promise
HDEL001894,HORD001894,2018-10-11,2018-10-14,2018-10-14,Direct Freight,Standard,Delivered,0,True,7,7.87,none,3,8,Morning,3.2972,False,0.342,delivered within promise
HDEL001895,HORD001895,2018-10-20,2018-10-23,2018-10-21,StarTrack,Standard,Delivered,0,True,23,7.97,none,3,7,Afternoon,2.0015,True,0.458,delivered within promise
HDEL001896,HORD001896,2018-09-19,2018-09-23,2018-09-21,Direct Freight,Standard,Delivered,0,True,63,8.34,none,4,3,Anytime,3.6096,False,0.277,delivered within promise
HDEL001897,HORD001897,2018-12-20,2018-12-26,2018-12-25,Direct Freight,Standard,Delivered,0,True,61,10.03,none,6,7,Afternoon,8.3,True,0.48,delivered within promise
HDEL001898,HORD001898,2018-06-25,2018-06-30,2018-06-28,Direct Freight,Standard,Delivered,0,True,61,11.53,none,5,5,Morning,4.9903,False,0.846,delivered within promise
HDEL001899,HORD001899,2018-01-04,2018-01-07,2018-01-05,Direct Freight,Standard,Delivered,0,True,12,10.84,none,3,7,Afternoon,6.6135,True,1.033,delivered within promise
HDEL001900,HORD001900,2018-04-04,2018-04-10,2018-04-08,StarTrack,Express,Delivered,0,True,17,14.23,none,6,4,Morning,3.4785,True,0.856,delivered within promise
HDEL001901,HORD001901,2018-03-04,2018-03-11,2018-03-09,AusPost,Standard,Delivered,0,True,56,6.64,none,7,3,Afternoon,1.7132,False,0.244,delivered within promise
HDEL001902,HORD001902,2018-12-26,2018-12-31,2018-12-31,DHL,Express,Delivered,0,True,29,13.31,none,5,4,Afternoon,3.2764,True,0.345,delivered within promise
HDEL001903,HORD001903,2018-05-09,2018-05-12,2018-05-12,Direct Freight,Standard,Delivered,0,True,58,7.12,none,3,6,Afternoon,1.321,False,0.499,delivered within promise
HDEL001904,HORD001904,2018-10-01,2018-10-07,2018-10-07,StarTrack,Standard,Delivered,0,True,16,10.92,none,6,6,Anytime,5.9963,True,1.071,delivered within promise
HDEL001905,HORD001905,2018-03-28,2018-04-03,2018-04-01,AusPost,Standard,Delivered,0,True,64,6.29,none,6,5,Afternoon,3.2764,True,0.445,delivered within promise
HDEL001906,HORD001906,2018-04-13,2018-04-18,2018-04-16,AusPost,Standard,Delivered,0,True,73,10.21,none,5,9,Anytime,6.9179,True,0.459,delivered within promise
HDEL001907,HORD001907,2018-07-27,2018-08-01,2018-07-31,StarTrack,Standard,Delivered,0,True,52,9.35,none,5,7,Afternoon,4.7472,False,0.327,delivered within promise
HDEL001908,HORD001908,2018-12-29,2019-01-03,2019-01-01,StarTrack,Standard,Delivered,0,True,22,9.48,none,5,3,Afternoon,4.6923,True,0.68,delivered within promise
HDEL001909,HORD001909,2018-12-28,2018-12-31,2018-12-30,StarTrack,Standard,Delivered,0,True,73,8.64,none,3,3,Afternoon,5.2439,True,0.395,delivered within promise
HDEL001910,HORD001910,2018-05-28,2018-06-03,2018-06-02,DHL,Express,Delivered,0,True,29,15.93,none,6,3,Morning,3.7181,True,0.416,delivered within promise
HDEL001911,HORD001911,2018-04-02,2018-04-07,2018-04-06,AusPost,Standard,Delivered,0,True,12,9.09,none,5,7,Morning,6.6671,False,0.404,delivered within promise
HDEL001912,HORD001912,2018-12-11,2018-12-14,2018-12-14,AusPost,Standard,Delivered,0,True,2,10.98,none,3,7,Morning,7.3091,True,0.618,delivered within promise
HDEL001913,HORD001913,2018-12-24,2018-12-30,2018-12-29,AusPost,Standard,Delivered,0,True,32,10.48,none,6,4,Afternoon,5.5306,True,0.469,delivered within promise
HDEL001914,HORD001914,2018-12-21,2018-12-25,2018-12-23,DHL,Express,Delivered,0,True,61,20.7,none,4,4,Morning,6.8848,True,0.863,delivered within promise
HDEL001915,HORD001915,2018-02-18,2018-02-23,2018-02-21,AusPost,Standard,Delivered,0,True,64,10.83,none,5,6,Afternoon,7.7396,True,0.661,delivered within promise
HDEL001916,HORD001916,2018-08-30,2018-09-06,2018-09-05,Direct Freight,Standard,Delivered,0,True,24,11.66,none,7,9,Morning,4.9903,True,0.524,delivered within promise
HDEL001917,HORD001917,2018-03-14,2018-03-19,2018-03-17,Direct Freight,Standard,Delivered,0,True,43,7.94,none,5,6,Morning,5.1925,True,0.378,delivered within promise
HDEL001918,HORD001918,2018-09-21,2018-09-26,2018-09-24,AusPost,Express,Delivered,0,True,22,13.78,none,5,5,Anytime,3.5976,True,0.363,delivered within promise
HDEL001919,HORD001919,2018-01-28,2018-02-02,2018-02-01,DHL,Standard,Delivered,0,True,59,8.46,none,5,3,Anytime,5.6307,True,0.444,delivered within promise
HDEL001920,HORD001920,2018-03-03,2018-03-09,2018-03-07,StarTrack,Express,Delivered,0,True,24,21.61,none,6,3,Morning,8.7347,True,0.708,delivered within promise
HDEL001921,HORD001921,2018-12-14,2018-12-21,2018-12-19,DHL,Standard,Delivered,0,True,3,10.79,none,7,4,Afternoon,7.1466,False,0.395,delivered within promise
HDEL001922,HORD001922,2018-01-23,2018-01-28,2018-01-26,AusPost,Standard,Delivered,0,True,2,7.28,none,5,7,Morning,4.5644,True,1.086,delivered within promise
HDEL001923,HORD001923,2018-06-29,2018-07-04,2018-07-03,AusPost,Standard,Delivered,0,True,62,10.55,none,5,4,Morning,6.0532,True,0.426,delivered within promise
HDEL001924,HORD001924,2018-09-12,2018-09-17,2018-09-17,DHL,Standard,Delivered,0,True,9,10.24,none,5,7,Anytime,7.2107,False,0.379,delivered within promise
HDEL001925,HORD001925,2018-04-11,2018-04-16,2018-04-16,DHL,Express,Delivered,0,True,50,19.28,none,5,4,Anytime,4.677,True,0.416,delivered within promise
HDEL001926,HORD001926,2018-01-19,2018-01-26,2018-01-24,DHL,Standard,Delivered,0,True,32,10.05,none,7,8,Morning,7.039,True,1.202,delivered within promise
HDEL001927,HORD001927,2018-03-20,2018-03-25,2018-03-25,DHL,Standard,Delivered,0,True,12,8.18,none,5,3,Afternoon,6.4707,True,0.574,delivered within promise
HDEL001928,HORD001928,2018-12-18,2018-12-25,2018-12-23,Direct Freight,Express,Delivered,0,True,5,18.34,none,7,8,Anytime,5.2036,False,0.323,delivered within promise
HDEL001929,HORD001929,2018-09-16,2018-09-22,2018-09-20,DHL,Standard,Delivered,0,True,5,9.32,none,6,7,Morning,3.7942,True,0.416,delivered within promise
HDEL001930,HORD001930,2018-03-04,2018-03-09,2018-03-07,DHL,Express,Delivered,0,True,36,14.78,none,5,8,Morning,2.3567,False,0.311,delivered within promise
HDEL001931,HORD001931,2018-04-10,2018-04-15,2018-04-15,DHL,Standard,Delivered,0,True,22,10.96,none,5,3,Morning,6.9179,True,0.639,delivered within promise
HDEL001932,HORD001932,2018-06-19,2018-06-26,2018-06-24,AusPost,Standard,Delivered,0,True,59,10.21,none,7,6,Afternoon,4.5739,False,0.306,delivered within promise
HDEL001933,HORD001933,2018-06-20,2018-06-25,2018-06-25,StarTrack,Standard,Delivered,0,True,39,10.1,none,5,3,Afternoon,6.0476,True,1.186,delivered within promise
HDEL001934,HORD001934,2018-11-02,2018-11-05,2018-11-05,DHL,Express,Delivered,0,True,44,17.28,none,3,5,Morning,3.7862,True,1.128,delivered within promise
HDEL001935,HORD001935,2018-04-17,2018-04-24,2018-04-23,Direct Freight,Standard,Delivered,0,True,27,10.06,none,7,4,Anytime,6.7995,True,0.407,delivered within promise
HDEL001936,HORD001936,2018-04-16,2018-04-22,2018-04-20,DHL,Standard,Delivered,0,True,9,9.0,none,6,3,Anytime,8.7338,True,0.463,delivered within promise
HDEL001937,HORD001937,2018-04-07,2018-04-12,2018-04-12,StarTrack,Standard,Delivered,0,True,40,7.41,none,5,3,Morning,5.5988,True,0.513,delivered within promise
HDEL001938,HORD001938,2018-05-02,2018-05-05,2018-05-05,DHL,Standard,Delivered,0,True,42,11.11,none,3,6,Afternoon,7.0873,True,0.475,delivered within promise
HDEL001939,HORD001939,2018-07-01,2018-07-07,2018-07-05,StarTrack,Express,Delivered,0,True,23,19.8,none,6,9,Afternoon,6.9396,True,0.921,delivered within promise
HDEL001940,HORD001940,2018-05-07,2018-05-11,2018-05-10,StarTrack,Standard,Delivered,0,True,49,10.9,none,4,3,Morning,7.3787,True,0.739,delivered within promise
HDEL001941,HORD001941,2018-02-01,2018-02-05,2018-02-03,StarTrack,Express,Delivered,0,True,43,19.87,none,4,9,Afternoon,7.039,False,0.422,delivered within promise
HDEL001942,HORD001942,2018-01-28,2018-01-31,2018-01-31,DHL,Standard,Delivered,0,True,49,12.11,none,3,8,Anytime,9.7072,True,0.618,delivered within promise
HDEL001943,HORD001943,2018-02-26,2018-03-04,2018-03-02,StarTrack,Standard,Delivered,0,True,33,9.28,none,6,6,Morning,4.9903,True,0.526,delivered within promise
HDEL001944,HORD001944,2018-08-30,2018-09-06,2018-09-06,StarTrack,Standard,Delivered,0,True,17,8.95,none,7,6,Anytime,3.4785,False,0.346,delivered within promise
HDEL001945,HORD001945,2018-10-10,2018-10-16,2018-10-14,Direct Freight,Standard,Delivered,0,True,18,5.83,none,6,6,Afternoon,0.9,True,0.285,delivered within promise
HDEL001946,HORD001946,2018-08-09,2018-08-15,2018-08-15,AusPost,Standard,Delivered,0,True,63,12.78,none,6,6,Anytime,5.9006,True,1.072,delivered within promise
HDEL001947,HORD001947,2018-09-08,2018-09-15,2018-09-15,DHL,Express,Delivered,0,True,16,17.52,none,7,8,Afternoon,1.5938,True,0.382,delivered within promise
HDEL001948,HORD001948,2018-03-04,2018-03-10,2018-03-10,Direct Freight,Standard,Delivered,0,True,63,8.23,none,6,4,Morning,6.1231,True,1.327,delivered within promise
HDEL001949,HORD001949,2018-10-23,2018-10-30,2018-10-29,Direct Freight,Standard,Delivered,0,True,48,5.84,none,7,6,Afternoon,0.87,True,0.281,delivered within promise
HDEL001950,HORD001950,2018-01-09,2018-01-13,2018-01-13,AusPost,Standard,Delivered,0,True,66,7.52,none,4,6,Afternoon,4.0181,False,0.301,delivered within promise
HDEL001951,HORD001951,2018-06-27,2018-06-30,2018-06-28,Direct Freight,Standard,Delivered,0,True,60,9.22,none,3,4,Afternoon,1.8818,True,0.389,delivered within promise
HDEL001952,HORD001952,2018-08-16,2018-08-21,2018-08-20,StarTrack,Standard,Delivered,0,True,32,9.99,none,5,6,Afternoon,6.0765,True,0.457,delivered within promise
HDEL001953,HORD001953,2018-08-27,2018-08-30,2018-08-29,AusPost,Standard,Delivered,0,True,40,10.09,none,3,8,Anytime,4.8046,True,0.444,delivered within promise
HDEL001954,HORD001954,2018-11-11,2018-11-15,2018-11-14,StarTrack,Standard,Delivered,0,True,64,11.89,none,4,4,Morning,7.5021,False,0.497,delivered within promise
HDEL001955,HORD001955,2018-06-10,2018-06-14,2018-06-14,StarTrack,Standard,Delivered,0,True,57,9.89,none,4,6,Anytime,3.7052,True,0.812,delivered within promise
HDEL001956,HORD001956,2018-08-19,2018-08-22,2018-08-21,StarTrack,Express,Delivered,0,True,63,18.05,none,3,5,Afternoon,2.9449,True,0.435,delivered within promise
HDEL001957,HORD001957,2018-03-25,2018-03-30,2018-03-29,StarTrack,Standard,Delivered,0,True,31,10.3,none,5,5,Anytime,6.7995,True,0.812,delivered within promise
HDEL001958,HORD001958,2018-12-01,2018-12-06,2018-12-05,Direct Freight,Standard,Delivered,0,True,45,9.22,none,5,8,Anytime,4.4186,True,0.349,delivered within promise
HDEL001959,HORD001959,2018-06-04,2018-06-08,2018-06-06,Direct Freight,Standard,Delivered,0,True,68,8.64,none,4,7,Anytime,1.2249,True,0.289,delivered within promise
HDEL001960,HORD001960,2018-11-19,2018-11-22,2018-11-20,AusPost,Standard,Delivered,0,True,10,7.8,none,3,6,Anytime,2.5342,False,0.797,delivered within promise
HDEL001961,HORD001961,2018-10-09,2018-10-14,2018-10-18,AusPost,Standard,Delivered,4,False,33,9.51,warehouse_congestion,5,9,Afternoon,5.7703,False,0.445,carrier scan reconciled
HDEL001962,HORD001962,2018-11-25,2018-11-30,2018-11-28,DHL,Standard,Delivered,0,True,7,7.31,none,5,5,Morning,4.5644,True,0.583,delivered within promise
HDEL001963,HORD001963,2018-07-30,2018-08-05,2018-08-03,StarTrack,Express,Delivered,0,True,17,19.08,none,6,9,Afternoon,7.1134,False,0.391,delivered within promise
HDEL001964,HORD001964,2018-02-04,2018-02-10,2018-02-08,DHL,Standard,Delivered,0,True,47,9.07,none,6,3,Afternoon,2.7874,False,0.271,delivered within promise
HDEL001965,HORD001965,2018-02-19,2018-02-25,2018-03-01,AusPost,Standard,Delivered,4,False,26,10.95,weather,6,9,Afternoon,5.9006,True,0.52,carrier scan reconciled
HDEL001966,HORD001966,2018-09-20,2018-09-24,2018-09-23,DHL,Standard,Delivered,0,True,24,9.2,none,4,6,Afternoon,3.8216,True,0.596,delivered within promise
HDEL001967,HORD001967,2018-02-20,2018-02-27,2018-02-26,AusPost,Standard,Delivered,0,True,25,8.61,none,7,3,Anytime,5.4327,True,0.558,delivered within promise
HDEL001968,HORD001968,2018-10-14,2018-10-17,2018-10-15,DHL,Standard,Delivered,0,True,64,10.45,none,3,5,Morning,7.6447,True,1.214,delivered within promise
HDEL001969,HORD001969,2018-02-09,2018-02-12,2018-02-10,StarTrack,Standard,Delivered,0,True,63,6.03,none,3,5,Morning,1.3177,True,1.116,delivered within promise
HDEL001970,HORD001970,2018-05-17,2018-05-24,2018-05-23,DHL,Standard,Delivered,0,True,45,8.32,none,7,4,Morning,6.0551,False,0.413,delivered within promise
HDEL001971,HORD001971,2018-12-29,2019-01-05,2019-01-05,DHL,Standard,Delivered,0,True,28,7.64,none,7,3,Morning,1.7795,False,0.242,delivered within promise
HDEL001972,HORD001972,2018-12-13,2018-12-19,2018-12-18,Direct Freight,Standard,Delivered,0,True,63,8.68,none,6,7,Anytime,4.6007,False,0.993,delivered within promise
HDEL001973,HORD001973,2018-08-31,2018-09-04,2018-09-02,Direct Freight,Standard,Delivered,0,True,39,11.84,none,4,9,Afternoon,5.0434,True,0.484,delivered within promise
HDEL001974,HORD001974,2018-03-27,2018-03-31,2018-03-29,StarTrack,Standard,Delivered,0,True,61,8.12,none,4,5,Afternoon,3.0762,False,0.346,delivered within promise
HDEL001975,HORD001975,2018-04-30,2018-05-05,2018-05-05,AusPost,Standard,Delivered,0,True,73,11.23,none,5,4,Afternoon,6.7933,False,0.491,delivered within promise
HDEL001976,HORD001976,2018-03-04,2018-03-07,2018-03-05,StarTrack,Standard,Delivered,0,True,33,6.97,none,3,4,Afternoon,3.333,True,0.444,delivered within promise
HDEL001977,HORD001977,2018-05-14,2018-05-19,2018-05-18,AusPost,Standard,Delivered,0,True,7,7.71,none,5,8,Anytime,5.9544,False,0.378,delivered within promise
HDEL001978,HORD001978,2018-05-21,2018-05-26,2018-05-24,Direct Freight,Standard,Delivered,0,True,2,9.63,none,5,4,Morning,7.4558,False,0.424,delivered within promise
HDEL001979,HORD001979,2018-10-19,2018-10-24,2018-10-22,Direct Freight,Standard,Delivered,0,True,7,6.8,none,5,4,Anytime,3.2578,True,0.46,delivered within promise
HDEL001980,HORD001980,2018-01-30,2018-02-06,2018-02-06,DHL,Express,Delivered,0,True,21,19.63,none,7,5,Morning,5.225,True,1.271,delivered within promise
HDEL001981,HORD001981,2018-06-11,2018-06-15,2018-06-15,AusPost,Standard,Delivered,0,True,5,9.28,none,4,3,Morning,3.3418,True,1.021,delivered within promise
HDEL001982,HORD001982,2018-05-29,2018-06-01,2018-05-31,Direct Freight,Standard,Delivered,0,True,28,7.67,none,3,6,Afternoon,3.7343,True,0.405,delivered within promise
HDEL001983,HORD001983,2018-02-27,2018-03-06,2018-03-04,AusPost,Standard,Delivered,0,True,56,10.09,none,7,5,Afternoon,4.7927,True,0.331,delivered within promise
HDEL001984,HORD001984,2018-08-02,2018-08-09,2018-08-09,StarTrack,Standard,Delivered,0,True,32,12.34,none,7,5,Afternoon,4.4186,False,0.349,delivered within promise
HDEL001985,HORD001985,2018-11-21,2018-11-26,2018-11-24,StarTrack,Standard,Delivered,0,True,54,7.67,none,5,8,Anytime,5.3249,True,0.46,delivered within promise
HDEL001986,HORD001986,2018-01-21,2018-01-28,2018-01-28,DHL,Standard,Delivered,0,True,16,10.61,none,7,9,Afternoon,6.2791,True,1.293,delivered within promise
HDEL001987,HORD001987,2018-05-03,2018-05-06,2018-05-04,AusPost,Standard,Delivered,0,True,73,6.6,none,3,9,Afternoon,3.4785,True,0.548,delivered within promise
HDEL001988,HORD001988,2018-08-11,2018-08-16,2018-08-16,AusPost,Standard,Delivered,0,True,9,11.96,none,5,6,Anytime,5.5262,True,0.34,delivered within promise
HDEL001989,HORD001989,2018-03-31,2018-04-07,2018-04-07,AusPost,Standard,Delivered,0,True,33,7.79,none,7,4,Afternoon,5.2669,True,0.466,delivered within promise
HDEL001990,HORD001990,2018-09-02,2018-09-07,2018-09-05,Direct Freight,Standard,Delivered,0,True,39,10.61,none,5,5,Morning,3.7942,False,0.304,delivered within promise
HDEL001991,HORD001991,2018-04-10,2018-04-16,2018-04-15,DHL,Express,Delivered,0,True,64,17.76,none,6,7,Afternoon,7.3787,True,0.519,delivered within promise
HDEL001992,HORD001992,2018-02-14,2018-02-18,2018-02-17,StarTrack,Standard,Delivered,0,True,47,8.57,none,4,6,Morning,4.6007,False,0.417,delivered within promise
HDEL001993,HORD001993,2018-08-26,2018-08-31,2018-08-30,StarTrack,Standard,Delivered,0,True,32,11.92,none,5,9,Afternoon,7.3787,True,0.576,delivered within promise
HDEL001994,HORD001994,2018-06-20,2018-06-27,2018-06-27,AusPost,Standard,Delivered,0,True,7,9.6,none,7,6,Morning,2.8809,True,0.986,delivered within promise
HDEL001995,HORD001995,2018-03-31,2018-04-03,2018-04-01,Direct Freight,Express,Delivered,0,True,53,21.32,none,3,3,Anytime,7.3527,False,0.415,delivered within promise
HDEL001996,HORD001996,2018-10-06,2018-10-12,2018-10-12,StarTrack,Standard,Delivered,0,True,15,11.6,none,6,7,Morning,7.931,True,0.993,delivered within promise
HDEL001997,HORD001997,2018-11-12,2018-11-15,2018-11-14,AusPost,Standard,Delivered,0,True,42,10.62,none,3,9,Afternoon,7.9406,True,0.648,delivered within promise
HDEL001998,HORD001998,2018-02-16,2018-02-23,2018-02-23,Direct Freight,Standard,Delivered,0,True,20,9.78,none,7,6,Morning,7.0002,True,0.693,delivered within promise
HDEL001999,HORD001999,2018-07-06,2018-07-12,2018-07-11,Direct Freight,Standard,Delivered,0,True,70,11.31,none,6,4,Morning,6.0605,True,0.897,delivered within promise
HDEL002000,HORD002000,2018-12-26,2018-12-29,2018-12-29,DHL,Standard,Delivered,0,True,58,12.53,none,3,9,Morning,9.3365,True,0.545,delivered within promise
HDEL002001,HORD002001,2018-08-24,2018-08-27,2018-08-25,AusPost,Standard,Delivered,0,True,22,10.29,none,3,5,Morning,2.0015,True,0.533,delivered within promise
HDEL002002,HORD002002,2018-02-20,2018-02-24,2018-02-23,DHL,Standard,Delivered,0,True,20,7.81,none,4,7,Anytime,1.4362,True,0.284,delivered within promise
HDEL002003,HORD002003,2018-09-11,2018-09-14,2018-09-14,DHL,Standard,Delivered,0,True,11,8.08,none,3,6,Afternoon,3.0762,True,0.381,delivered within promise
HDEL002004,HORD002004,2018-08-09,2018-08-14,2018-08-12,AusPost,Standard,Delivered,0,True,59,11.83,none,5,8,Anytime,6.386,False,0.428,delivered within promise
HDEL002005,HORD002005,2018-05-15,2018-05-18,2018-05-18,AusPost,Standard,Delivered,0,True,62,6.62,none,3,5,Morning,3.4124,True,0.578,delivered within promise
HDEL002006,HORD002006,2018-10-13,2018-10-17,2018-10-15,StarTrack,Standard,Delivered,0,True,27,8.48,none,4,7,Anytime,4.9022,False,0.328,delivered within promise
HDEL002007,HORD002007,2018-12-07,2018-12-13,2018-12-11,AusPost,Express,Delivered,0,True,45,17.2,none,6,8,Afternoon,6.6725,True,0.518,delivered within promise
HDEL002008,HORD002008,2018-09-27,2018-10-03,2018-10-02,DHL,Standard,Delivered,0,True,33,10.52,none,6,7,Afternoon,7.3803,True,1.143,delivered within promise
HDEL002009,HORD002009,2018-11-07,2018-11-12,2018-11-15,Direct Freight,Standard,Delivered,3,False,35,7.53,warehouse_congestion,5,9,Morning,4.3953,True,0.483,carrier scan reconciled
HDEL002010,HORD002010,2018-05-09,2018-05-16,2018-05-15,StarTrack,Express,Delivered,0,True,69,17.31,none,7,5,Anytime,7.1054,False,0.371,delivered within promise
HDEL002011,HORD002011,2018-07-18,2018-07-23,2018-07-22,Direct Freight,Standard,Delivered,0,True,6,11.5,none,5,6,Morning,5.4327,True,0.384,delivered within promise
HDEL002012,HORD002012,2018-07-07,2018-07-11,2018-07-10,StarTrack,Express,Delivered,0,True,73,22.59,none,4,6,Morning,8.2355,False,0.459,delivered within promise
HDEL002013,HORD002013,2018-08-02,2018-08-09,2018-08-07,AusPost,Standard,Delivered,0,True,39,13.23,none,7,3,Anytime,7.1087,True,0.543,delivered within promise
HDEL002014,HORD002014,2018-07-07,2018-07-14,2018-07-13,StarTrack,Standard,Delivered,0,True,13,11.24,none,7,7,Afternoon,3.1302,False,0.455,delivered within promise
HDEL002015,HORD002015,2018-11-02,2018-11-09,2018-11-09,StarTrack,Standard,Delivered,0,True,26,8.93,none,7,9,Afternoon,6.9572,True,1.546,delivered within promise
HDEL002016,HORD002016,2018-05-17,2018-05-20,2018-05-18,DHL,Express,Delivered,0,True,17,18.41,none,3,9,Morning,3.4116,False,0.398,delivered within promise
HDEL002017,HORD002017,2018-07-28,2018-07-31,2018-07-29,AusPost,Standard,Delivered,0,True,36,11.39,none,3,6,Anytime,7.932,False,0.432,delivered within promise
HDEL002018,HORD002018,2018-07-27,2018-08-01,2018-08-06,AusPost,Standard,Delivered,5,False,54,11.14,carrier_capacity,5,3,Morning,6.1231,True,0.61,carrier scan reconciled
HDEL002019,HORD002019,2018-11-14,2018-11-19,2018-11-19,StarTrack,Standard,Delivered,0,True,11,10.28,none,5,4,Afternoon,6.1208,True,0.582,delivered within promise
HDEL002020,HORD002020,2018-01-04,2018-01-09,2018-01-08,StarTrack,Standard,Delivered,0,True,47,8.69,none,5,3,Morning,6.6906,False,0.365,delivered within promise
HDEL002021,HORD002021,2018-09-19,2018-09-22,2018-09-20,StarTrack,Express,Delivered,0,True,64,18.7,none,3,5,Afternoon,4.677,False,0.345,delivered within promise
HDEL002022,HORD002022,2018-05-26,2018-06-01,2018-06-04,DHL,Standard,Delivered,3,False,24,8.82,warehouse_congestion,6,9,Afternoon,4.5581,True,0.509,carrier scan reconciled
HDEL002023,HORD002023,2018-12-21,2018-12-28,2018-12-27,DHL,Standard,Delivered,0,True,22,11.05,none,7,9,Morning,7.0574,True,0.462,delivered within promise
HDEL002024,HORD002024,2018-06-25,2018-07-02,2018-07-01,DHL,Standard,Delivered,0,True,60,11.79,none,7,4,Afternoon,8.3145,True,0.529,delivered within promise
HDEL002025,HORD002025,2018-02-23,2018-02-26,2018-02-26,DHL,Standard,Delivered,0,True,39,7.98,none,3,7,Anytime,1.5938,True,0.346,delivered within promise
HDEL002026,HORD002026,2018-04-22,2018-04-25,2018-04-25,Direct Freight,Standard,Delivered,0,True,44,5.23,none,3,5,Morning,1.0768,True,0.943,delivered within promise
HDEL002027,HORD002027,2018-02-27,2018-03-02,2018-02-28,Direct Freight,Standard,Delivered,0,True,53,8.4,none,3,5,Anytime,4.1654,True,0.351,delivered within promise
HDEL002028,HORD002028,2018-02-26,2018-03-01,2018-03-01,StarTrack,Standard,Delivered,0,True,63,10.53,none,3,3,Anytime,7.0002,True,0.896,delivered within promise
HDEL002029,HORD002029,2018-04-27,2018-05-02,2018-05-06,AusPost,Standard,Delivered,4,False,4,11.04,carrier_capacity,5,4,Afternoon,6.6906,True,0.404,carrier scan reconciled
HDEL002030,HORD002030,2018-05-06,2018-05-10,2018-05-10,AusPost,Standard,Delivered,0,True,49,10.01,none,4,6,Morning,7.3474,False,1.133,delivered within promise
HDEL002031,HORD002031,2018-09-28,2018-10-03,2018-10-03,AusPost,Standard,Delivered,0,True,73,10.51,none,5,7,Anytime,6.753,True,0.501,delivered within promise
HDEL002032,HORD002032,2018-05-16,2018-05-20,2018-05-19,StarTrack,Express,Delivered,0,True,29,16.28,none,4,3,Afternoon,4.6357,False,0.416,delivered within promise
HDEL002033,HORD002033,2018-04-30,2018-05-03,2018-05-03,AusPost,Standard,Delivered,0,True,37,8.85,none,3,7,Afternoon,6.8585,False,0.367,delivered within promise
HDEL002034,HORD002034,2018-09-07,2018-09-11,2018-09-10,DHL,Express,Delivered,0,True,20,13.04,none,4,3,Afternoon,1.0772,False,0.329,delivered within promise
HDEL002035,HORD002035,2018-07-04,2018-07-08,2018-07-06,Direct Freight,Standard,Delivered,0,True,46,11.43,none,4,5,Morning,6.9394,True,0.616,delivered within promise
HDEL002036,HORD002036,2018-09-08,2018-09-11,2018-09-09,StarTrack,Express,Delivered,0,True,30,17.17,none,3,6,Morning,1.7014,True,0.407,delivered within promise
HDEL002037,HORD002037,2018-07-06,2018-07-09,2018-07-09,StarTrack,Standard,Delivered,0,True,37,10.09,none,3,4,Afternoon,4.1904,False,0.457,delivered within promise
HDEL002038,HORD002038,2018-06-15,2018-06-19,2018-06-17,StarTrack,Standard,Delivered,0,True,45,13.68,none,4,9,Morning,7.0423,True,0.438,delivered within promise
HDEL002039,HORD002039,2018-05-24,2018-05-28,2018-05-28,Direct Freight,Standard,Delivered,0,True,39,8.32,none,4,8,Anytime,3.0762,True,0.509,delivered within promise
HDEL002040,HORD002040,2018-03-12,2018-03-19,2018-03-17,Direct Freight,Express,Delivered,0,True,42,16.45,none,7,7,Afternoon,1.2522,True,0.352,delivered within promise
HDEL002041,HORD002041,2018-02-11,2018-02-16,2018-02-16,Direct Freight,Express,Delivered,0,True,40,16.65,none,5,7,Afternoon,1.698,True,1.042,delivered within promise
HDEL002042,HORD002042,2018-01-22,2018-01-28,2018-02-01,StarTrack,Standard,Delivered,4,False,63,7.13,carrier_capacity,6,9,Afternoon,2.0846,True,0.755,carrier scan reconciled
HDEL002043,HORD002043,2018-08-31,2018-09-03,2018-09-07,DHL,Standard,Delivered,4,False,32,12.76,warehouse_congestion,3,7,Afternoon,5.1023,False,0.442,carrier scan reconciled
HDEL002044,HORD002044,2018-12-11,2018-12-16,2018-12-15,Direct Freight,Standard,Delivered,0,True,25,9.8,none,5,7,Anytime,5.0091,False,0.399,delivered within promise
HDEL002045,HORD002045,2018-09-18,2018-09-25,2018-09-25,DHL,Standard,Delivered,0,True,15,8.62,none,7,7,Afternoon,3.8508,True,0.421,delivered within promise
HDEL002046,HORD002046,2018-06-22,2018-06-29,2018-06-29,AusPost,Standard,Delivered,0,True,21,10.8,none,7,5,Afternoon,2.9629,True,0.396,delivered within promise
HDEL002047,HORD002047,2018-11-04,2018-11-08,2018-11-07,StarTrack,Standard,Delivered,0,True,43,6.97,none,4,8,Morning,1.3998,True,1.103,delivered within promise
HDEL002048,HORD002048,2018-05-22,2018-05-28,2018-05-26,DHL,Standard,Delivered,0,True,71,8.01,none,6,6,Anytime,2.8809,False,0.317,delivered within promise
HDEL002049,HORD002049,2018-03-09,2018-03-12,2018-03-11,DHL,Standard,Delivered,0,True,71,10.05,none,3,5,Afternoon,7.8766,False,0.448,delivered within promise
HDEL002050,HORD002050,2018-12-24,2018-12-27,2018-12-27,Direct Freight,Standard,Delivered,0,True,35,8.41,none,3,8,Morning,4.6531,False,0.367,delivered within promise
HDEL002051,HORD002051,2018-07-06,2018-07-12,2018-07-12,DHL,Standard,Delivered,0,True,40,12.72,none,6,6,Morning,7.3527,True,0.523,delivered within promise
HDEL002052,HORD002052,2018-11-18,2018-11-23,2018-11-21,Direct Freight,Standard,Delivered,0,True,73,7.6,none,5,8,Morning,1.3177,False,0.351,delivered within promise
HDEL002053,HORD002053,2018-10-23,2018-10-26,2018-10-24,AusPost,Standard,Delivered,0,True,14,5.61,none,3,5,Afternoon,1.4979,True,0.328,delivered within promise
HDEL002054,HORD002054,2018-09-23,2018-09-30,2018-09-28,StarTrack,Standard,Delivered,0,True,64,6.65,none,7,9,Anytime,3.2634,True,0.402,delivered within promise
HDEL002055,HORD002055,2018-03-26,2018-03-31,2018-03-30,AusPost,Standard,Delivered,0,True,33,6.66,none,5,7,Anytime,3.6096,True,0.346,delivered within promise
HDEL002056,HORD002056,2018-08-23,2018-08-27,2018-08-26,DHL,Standard,Delivered,0,True,47,9.99,none,4,7,Anytime,6.1633,True,0.478,delivered within promise
HDEL002057,HORD002057,2018-04-01,2018-04-08,2018-04-06,DHL,Standard,Delivered,0,True,5,12.71,none,7,3,Morning,8.9675,False,0.415,delivered within promise
HDEL002058,HORD002058,2018-09-19,2018-09-25,2018-09-23,DHL,Standard,Delivered,0,True,47,8.51,none,6,3,Morning,6.2138,True,1.283,delivered within promise
HDEL002059,HORD002059,2018-04-03,2018-04-08,2018-04-06,Direct Freight,Standard,Delivered,0,True,56,6.11,none,5,5,Morning,2.6825,False,0.375,delivered within promise
HDEL002060,HORD002060,2018-10-28,2018-11-03,2018-11-03,AusPost,Standard,Delivered,0,True,38,8.43,none,6,7,Anytime,6.1208,True,0.54,delivered within promise
HDEL002061,HORD002061,2018-11-15,2018-11-18,2018-11-18,Direct Freight,Standard,Delivered,0,True,63,5.76,none,3,4,Anytime,1.4145,True,0.469,delivered within promise
HDEL002062,HORD002062,2018-09-20,2018-09-23,2018-09-21,DHL,Standard,Delivered,0,True,48,9.46,none,3,8,Morning,4.974,True,0.619,delivered within promise
HDEL002063,HORD002063,2018-12-09,2018-12-15,2018-12-14,Direct Freight,Standard,Delivered,0,True,7,9.05,none,6,5,Morning,2.9353,True,0.381,delivered within promise
HDEL002064,HORD002064,2018-08-03,2018-08-10,2018-08-10,DHL,Express,Delivered,0,True,8,20.5,none,7,7,Morning,7.578,True,0.894,delivered within promise
HDEL002065,HORD002065,2018-06-30,2018-07-04,2018-07-02,DHL,Standard,Delivered,0,True,47,10.23,none,4,3,Morning,2.5527,True,0.389,delivered within promise
HDEL002066,HORD002066,2018-11-25,2018-11-28,2018-11-27,StarTrack,Standard,Delivered,0,True,66,11.06,none,3,5,Anytime,7.3474,True,0.495,delivered within promise
HDEL002067,HORD002067,2018-08-07,2018-08-11,2018-08-11,Direct Freight,Standard,Delivered,0,True,68,11.57,none,4,5,Anytime,4.2248,False,0.361,delivered within promise
HDEL002068,HORD002068,2018-04-29,2018-05-02,2018-04-30,StarTrack,Standard,Delivered,0,True,47,7.1,none,3,8,Morning,3.4859,True,0.339,delivered within promise
HDEL002069,HORD002069,2018-06-03,2018-06-09,2018-06-09,AusPost,Express,Delivered,0,True,63,15.1,none,6,6,Morning,2.2454,True,0.299,delivered within promise
HDEL002070,HORD002070,2018-02-07,2018-02-10,2018-02-08,AusPost,Standard,Delivered,0,True,50,9.47,none,3,4,Morning,5.2036,False,0.357,delivered within promise
HDEL002071,HORD002071,2018-02-10,2018-02-13,2018-02-13,Direct Freight,Standard,Delivered,0,True,68,8.55,none,3,6,Afternoon,2.0932,True,0.459,delivered within promise
HDEL002072,HORD002072,2018-07-04,2018-07-08,2018-07-06,AusPost,Standard,Delivered,0,True,19,10.02,none,4,5,Morning,3.3316,True,0.44,delivered within promise
HDEL002073,HORD002073,2018-08-17,2018-08-22,2018-08-21,StarTrack,Standard,Delivered,0,True,67,10.46,none,5,4,Afternoon,6.0031,False,0.449,delivered within promise
HDEL002074,HORD002074,2018-01-23,2018-01-27,2018-01-27,Direct Freight,Standard,Delivered,0,True,34,7.42,none,4,7,Anytime,0.3679,False,0.231,delivered within promise
HDEL002075,HORD002075,2018-11-08,2018-11-11,2018-11-10,DHL,Standard,Delivered,0,True,68,11.53,none,3,9,Afternoon,6.9572,False,0.405,delivered within promise
HDEL002076,HORD002076,2018-06-23,2018-06-26,2018-06-26,AusPost,Standard,Delivered,0,True,43,10.3,none,3,4,Anytime,1.9711,True,0.849,delivered within promise
HDEL002077,HORD002077,2018-08-03,2018-08-09,2018-08-08,Direct Freight,Standard,Delivered,0,True,61,13.76,none,6,6,Anytime,9.4249,True,0.559,delivered within promise
HDEL002078,HORD002078,2018-10-03,2018-10-06,2018-10-04,DHL,Standard,Delivered,0,True,35,8.27,none,3,7,Afternoon,3.1441,True,0.835,delivered within promise
HDEL002079,HORD002079,2018-05-24,2018-05-29,2018-05-29,Direct Freight,Standard,Delivered,0,True,61,9.38,none,5,4,Morning,6.944,True,0.465,delivered within promise
HDEL002080,HORD002080,2018-07-14,2018-07-19,2018-07-19,DHL,Standard,Delivered,0,True,7,10.46,none,5,3,Afternoon,3.2634,False,0.373,delivered within promise
HDEL002081,HORD002081,2018-02-17,2018-02-23,2018-02-22,StarTrack,Standard,Delivered,0,True,69,9.77,none,6,9,Morning,7.0873,True,0.536,delivered within promise
HDEL002082,HORD002082,2018-08-13,2018-08-18,2018-08-18,Direct Freight,Standard,Delivered,0,True,37,8.7,none,5,6,Anytime,2.8697,True,0.406,delivered within promise
HDEL002083,HORD002083,2018-12-04,2018-12-10,2018-12-10,Direct Freight,Standard,Delivered,0,True,23,10.32,none,6,8,Afternoon,5.0399,True,0.506,delivered within promise
HDEL002084,HORD002084,2019-01-01,2019-01-06,2019-01-04,StarTrack,Standard,Delivered,0,True,63,10.58,none,5,3,Afternoon,5.1954,True,0.492,delivered within promise
HDEL002085,HORD002085,2018-03-07,2018-03-14,2018-03-12,AusPost,Express,Delivered,0,True,6,17.8,none,7,8,Morning,3.7704,True,0.398,delivered within promise
HDEL002086,HORD002086,2018-05-28,2018-06-02,2018-06-01,DHL,Standard,Delivered,0,True,47,7.4,none,5,4,Morning,5.3613,False,0.442,delivered within promise
HDEL002087,HORD002087,2018-12-30,2019-01-06,2019-01-06,DHL,Standard,Delivered,0,True,51,7.04,none,7,9,Anytime,2.9301,False,0.263,delivered within promise
HDEL002088,HORD002088,2018-03-18,2018-03-21,2018-03-20,Direct Freight,Standard,Delivered,0,True,15,10.25,none,3,5,Afternoon,6.5503,False,0.413,delivered within promise
HDEL002089,HORD002089,2018-12-05,2018-12-09,2018-12-08,DHL,Standard,Delivered,0,True,28,9.22,none,4,8,Afternoon,4.416,False,0.433,delivered within promise
HDEL002090,HORD002090,2018-09-30,2018-10-03,2018-10-03,StarTrack,Standard,Delivered,0,True,4,6.02,none,3,3,Afternoon,2.3642,True,0.38,delivered within promise
HDEL002091,HORD002091,2018-06-25,2018-06-29,2018-06-28,AusPost,Standard,Delivered,0,True,59,10.98,none,4,9,Anytime,2.8809,True,0.405,delivered within promise
HDEL002092,HORD002092,2018-07-13,2018-07-16,2018-07-16,StarTrack,Standard,Delivered,0,True,65,9.83,none,3,4,Anytime,5.2449,True,0.516,delivered within promise
HDEL002093,HORD002093,2018-05-14,2018-05-17,2018-05-15,Direct Freight,Standard,Delivered,0,True,58,11.12,none,3,5,Anytime,6.6691,False,0.4,delivered within promise
HDEL002094,HORD002094,2018-09-14,2018-09-21,2018-09-19,Direct Freight,Standard,Delivered,0,True,56,11.08,none,7,9,Morning,7.278,True,0.469,delivered within promise
HDEL002095,HORD002095,2018-11-27,2018-12-02,2018-11-30,AusPost,Standard,Delivered,0,True,68,9.55,none,5,3,Morning,6.753,True,0.508,delivered within promise
HDEL002096,HORD002096,2018-08-14,2018-08-17,2018-08-15,AusPost,Standard,Delivered,0,True,66,10.5,none,3,6,Anytime,6.6906,True,0.484,delivered within promise
HDEL002097,HORD002097,2018-07-22,2018-07-26,2018-07-24,StarTrack,Standard,Delivered,0,True,2,10.32,none,4,8,Anytime,3.7704,True,0.401,delivered within promise
HDEL002098,HORD002098,2018-05-14,2018-05-21,2018-05-20,AusPost,Standard,Delivered,0,True,26,8.22,none,7,4,Morning,5.8758,True,0.507,delivered within promise
HDEL002099,HORD002099,2018-07-31,2018-08-06,2018-08-04,AusPost,Express,Delivered,0,True,71,23.86,none,6,8,Anytime,6.7933,True,0.565,delivered within promise
HDEL002100,HORD002100,2018-08-31,2018-09-05,2018-09-05,DHL,Standard,Delivered,0,True,7,10.29,none,5,3,Afternoon,4.6923,True,0.767,delivered within promise
HDEL002101,HORD002101,2018-09-02,2018-09-07,2018-09-07,DHL,Standard,Delivered,0,True,28,10.74,none,5,4,Afternoon,6.783,True,0.535,delivered within promise
HDEL002102,HORD002102,2018-01-15,2018-01-22,2018-01-20,DHL,Standard,Delivered,0,True,52,6.73,none,7,3,Afternoon,2.5747,True,0.627,delivered within promise
HDEL002103,HORD002103,2018-08-25,2018-08-29,2018-08-27,AusPost,Standard,Delivered,0,True,5,13.18,none,4,4,Morning,6.0108,True,0.451,delivered within promise
HDEL002104,HORD002104,2018-06-06,2018-06-11,2018-06-10,DHL,Express,Delivered,0,True,28,19.02,none,5,3,Morning,4.2137,False,0.503,delivered within promise
HDEL002105,HORD002105,2018-12-17,2018-12-21,2018-12-20,AusPost,Standard,Delivered,0,True,24,11.45,none,4,3,Morning,8.3145,True,0.777,delivered within promise
HDEL002106,HORD002106,2018-02-21,2018-02-27,2018-02-27,DHL,Standard,Delivered,0,True,69,12.78,none,6,4,Afternoon,8.5784,True,0.478,delivered within promise
HDEL002107,HORD002107,2018-08-13,2018-08-19,2018-08-17,Direct Freight,Standard,Delivered,0,True,7,11.07,none,6,6,Afternoon,6.5356,True,0.636,delivered within promise
HDEL002108,HORD002108,2018-09-22,2018-09-27,2018-09-29,DHL,Express,Delivered,2,False,52,13.85,weather,5,8,Anytime,2.7719,True,0.337,carrier scan reconciled
HDEL002109,HORD002109,2018-09-12,2018-09-15,2018-09-14,Direct Freight,Express,Delivered,0,True,17,15.05,none,3,5,Anytime,0.8202,True,0.281,delivered within promise
HDEL002110,HORD002110,2018-08-10,2018-08-15,2018-08-14,DHL,Express,Delivered,0,True,3,23.8,none,5,6,Anytime,6.7796,True,0.608,delivered within promise
HDEL002111,HORD002111,2018-02-02,2018-02-06,2018-02-06,AusPost,Express,Delivered,0,True,24,16.86,none,4,8,Afternoon,8.3,True,0.484,delivered within promise
HDEL002112,HORD002112,2018-08-29,2018-09-04,2018-09-03,StarTrack,Standard,Delivered,0,True,10,10.98,none,6,4,Afternoon,4.9204,False,0.379,delivered within promise
HDEL002113,HORD002113,2018-05-08,2018-05-15,2018-05-16,Direct Freight,Standard,Delivered,1,False,50,7.43,warehouse_congestion,7,8,Anytime,4.5644,True,0.475,carrier scan reconciled
HDEL002114,HORD002114,2018-06-28,2018-07-01,2018-06-29,StarTrack,Standard,Delivered,0,True,12,11.35,none,3,4,Anytime,5.6653,False,0.431,delivered within promise
HDEL002115,HORD002115,2018-07-18,2018-07-21,2018-07-21,Direct Freight,Standard,Delivered,0,True,41,11.95,none,3,8,Anytime,4.2475,True,0.39,delivered within promise
HDEL002116,HORD002116,2018-11-27,2018-12-02,2018-12-01,DHL,Standard,Delivered,0,True,55,8.08,none,5,3,Afternoon,5.0091,True,0.425,delivered within promise
HDEL002117,HORD002117,2018-04-04,2018-04-09,2018-04-08,Direct Freight,Standard,Delivered,0,True,65,6.39,none,5,6,Afternoon,1.5776,True,0.543,delivered within promise
HDEL002118,HORD002118,2018-10-07,2018-10-11,2018-10-11,DHL,Standard,Delivered,0,True,47,10.09,none,4,5,Morning,5.5988,True,1.04,delivered within promise
HDEL002119,HORD002119,2018-12-09,2018-12-12,2018-12-12,StarTrack,Standard,Delivered,0,True,63,8.12,none,3,7,Morning,3.933,False,0.406,delivered within promise
HDEL002120,HORD002120,2018-03-06,2018-03-10,2018-03-09,AusPost,Standard,Delivered,0,True,55,5.91,none,4,8,Morning,1.9767,True,0.382,delivered within promise
HDEL002121,HORD002121,2018-02-28,2018-03-07,2018-03-05,StarTrack,Standard,Delivered,0,True,64,6.02,none,7,7,Anytime,1.4362,True,0.411,delivered within promise
HDEL002122,HORD002122,2018-08-20,2018-08-24,2018-08-23,DHL,Standard,Delivered,0,True,71,12.75,none,4,8,Anytime,6.0551,True,0.459,delivered within promise
HDEL002123,HORD002123,2018-08-03,2018-08-08,2018-08-06,AusPost,Standard,Delivered,0,True,15,12.18,none,5,8,Afternoon,7.424,True,1.24,delivered within promise
HDEL002124,HORD002124,2018-04-01,2018-04-07,2018-04-05,Direct Freight,Standard,Delivered,0,True,56,8.68,none,6,6,Afternoon,7.5021,False,0.409,delivered within promise
HDEL002125,HORD002125,2018-07-03,2018-07-08,2018-07-07,StarTrack,Standard,Delivered,0,True,64,11.87,none,5,7,Anytime,3.6475,False,0.323,delivered within promise
HDEL002126,HORD002126,2018-08-05,2018-08-10,2018-08-13,AusPost,Express,Delivered,3,False,32,21.51,weather,5,8,Afternoon,6.0605,True,0.48,carrier scan reconciled
HDEL002127,HORD002127,2018-12-06,2018-12-10,2018-12-10,DHL,Standard,Delivered,0,True,63,8.29,none,4,5,Afternoon,3.773,False,0.369,delivered within promise
HDEL002128,HORD002128,2018-09-12,2018-09-15,2018-09-13,Direct Freight,Standard,Delivered,0,True,46,8.57,none,3,3,Morning,6.983,False,0.43,delivered within promise
HDEL002129,HORD002129,2018-10-25,2018-10-31,2018-10-30,StarTrack,Standard,Delivered,0,True,24,9.05,none,6,8,Afternoon,7.4945,False,0.409,delivered within promise
HDEL002130,HORD002130,2018-01-10,2018-01-16,2018-01-16,DHL,Standard,Delivered,0,True,69,8.19,none,6,6,Morning,3.933,True,0.362,delivered within promise
HDEL002131,HORD002131,2018-11-27,2018-12-04,2018-12-02,DHL,Standard,Delivered,0,True,11,8.73,none,7,8,Afternoon,6.5587,True,0.441,delivered within promise
HDEL002132,HORD002132,2018-08-16,2018-08-21,2018-08-21,DHL,Standard,Delivered,0,True,41,14.21,none,5,4,Afternoon,6.9266,False,0.363,delivered within promise
HDEL002133,HORD002133,2018-04-09,2018-04-12,2018-04-10,AusPost,Standard,Delivered,0,True,42,6.84,none,3,9,Afternoon,3.9742,False,0.387,delivered within promise
HDEL002134,HORD002134,2018-11-13,2018-11-18,2018-11-16,Direct Freight,Standard,Delivered,0,True,20,7.09,none,5,5,Afternoon,3.0741,False,0.306,delivered within promise
HDEL002135,HORD002135,2018-10-08,2018-10-15,2018-10-15,AusPost,Express,Delivered,0,True,17,16.26,none,7,9,Morning,6.2021,True,0.987,delivered within promise
HDEL002136,HORD002136,2018-08-14,2018-08-19,2018-08-17,Direct Freight,Standard,Delivered,0,True,17,9.76,none,5,3,Morning,4.1421,True,0.469,delivered within promise
HDEL002137,HORD002137,2018-01-09,2018-01-14,2018-01-14,AusPost,Standard,Delivered,0,True,36,9.04,none,5,8,Anytime,6.1407,True,0.473,delivered within promise
HDEL002138,HORD002138,2018-03-05,2018-03-08,2018-03-08,AusPost,Standard,Delivered,0,True,32,8.66,none,3,4,Morning,4.5788,True,0.451,delivered within promise
HDEL002139,HORD002139,2018-08-08,2018-08-14,2018-08-12,AusPost,Standard,Delivered,0,True,17,10.82,none,6,5,Anytime,6.9704,True,1.17,delivered within promise
HDEL002140,HORD002140,2018-01-24,2018-01-30,2018-01-29,AusPost,Express,Delivered,0,True,23,19.58,none,6,5,Afternoon,7.931,False,0.441,delivered within promise
HDEL002141,HORD002141,2018-06-22,2018-06-25,2018-06-25,Direct Freight,Standard,Delivered,0,True,53,10.73,none,3,3,Afternoon,6.9183,False,0.423,delivered within promise
HDEL002142,HORD002142,2018-01-27,2018-02-02,2018-02-02,StarTrack,Standard,Delivered,0,True,70,7.56,none,6,3,Afternoon,5.0818,True,0.538,delivered within promise
HDEL002143,HORD002143,2018-12-01,2018-12-04,2018-12-02,Direct Freight,Standard,Delivered,0,True,53,11.18,none,3,7,Afternoon,7.355,False,0.464,delivered within promise
HDEL002144,HORD002144,2018-09-12,2018-09-18,2018-09-16,StarTrack,Standard,Delivered,0,True,9,9.35,none,6,7,Morning,7.1166,False,0.444,delivered within promise
HDEL002145,HORD002145,2018-10-26,2018-10-30,2018-10-28,AusPost,Standard,Delivered,0,True,69,9.74,none,4,7,Afternoon,7.3474,False,0.377,delivered within promise
HDEL002146,HORD002146,2018-08-27,2018-09-03,2018-09-01,StarTrack,Express,Delivered,0,True,57,21.62,none,7,3,Morning,4.8879,False,0.435,delivered within promise
HDEL002147,HORD002147,2018-05-26,2018-05-29,2018-05-29,AusPost,Standard,Delivered,0,True,51,8.67,none,3,5,Morning,6.4272,False,0.409,delivered within promise
HDEL002148,HORD002148,2018-08-13,2018-08-17,2018-08-16,Direct Freight,Standard,Delivered,0,True,21,10.88,none,4,9,Morning,4.4275,False,0.372,delivered within promise
HDEL002149,HORD002149,2018-06-02,2018-06-06,2018-06-05,Direct Freight,Standard,Delivered,0,True,21,10.59,none,4,7,Morning,3.7517,True,0.925,delivered within promise
HDEL002150,HORD002150,2018-05-26,2018-06-01,2018-05-31,Direct Freight,Standard,Delivered,0,True,30,10.66,none,6,8,Morning,5.9006,False,0.354,delivered within promise
HDEL002151,HORD002151,2018-12-24,2018-12-30,2018-12-29,AusPost,Standard,Delivered,0,True,12,11.87,none,6,4,Morning,7.3971,False,0.438,delivered within promise
HDEL002152,HORD002152,2018-05-08,2018-05-11,2018-05-11,DHL,Standard,Delivered,0,True,44,9.94,none,3,7,Anytime,6.2791,True,0.643,delivered within promise
HDEL002153,HORD002153,2018-12-14,2018-12-19,2018-12-17,DHL,Standard,Delivered,0,True,73,6.44,none,5,3,Afternoon,1.9711,True,0.508,delivered within promise
HDEL002154,HORD002154,2018-05-22,2018-05-25,2018-05-25,StarTrack,Standard,Delivered,0,True,6,10.19,none,3,8,Anytime,7.8676,False,0.484,delivered within promise
HDEL002155,HORD002155,2018-01-31,2018-02-04,2018-02-03,StarTrack,Standard,Delivered,0,True,22,8.05,none,4,9,Anytime,3.6096,True,0.442,delivered within promise
HDEL002156,HORD002156,2018-04-13,2018-04-17,2018-04-15,Direct Freight,Standard,Delivered,0,True,49,7.6,none,4,9,Afternoon,4.7472,True,1.321,delivered within promise
HDEL002157,HORD002157,2018-04-03,2018-04-07,2018-04-06,StarTrack,Express,Delivered,0,True,15,13.16,none,4,9,Afternoon,1.4979,False,0.451,delivered within promise
HDEL002158,HORD002158,2018-07-23,2018-07-29,2018-07-27,AusPost,Express,Delivered,0,True,64,19.16,none,6,9,Afternoon,1.4968,True,1.1,delivered within promise
HDEL002159,HORD002159,2018-04-20,2018-04-25,2018-04-24,StarTrack,Standard,Delivered,0,True,66,9.74,none,5,4,Morning,7.1652,True,0.997,delivered within promise
HDEL002160,HORD002160,2018-10-06,2018-10-11,2018-10-09,AusPost,Standard,Delivered,0,True,21,9.31,none,5,6,Morning,7.7907,False,0.394,delivered within promise
HDEL002161,HORD002161,2018-04-16,2018-04-20,2018-04-20,StarTrack,Standard,Delivered,0,True,46,10.64,none,4,3,Morning,6.2138,True,0.866,delivered within promise
HDEL002162,HORD002162,2018-06-05,2018-06-09,2018-06-09,Direct Freight,Standard,Delivered,0,True,46,10.91,none,4,6,Afternoon,4.9486,True,0.624,delivered within promise
HDEL002163,HORD002163,2018-02-12,2018-02-16,2018-02-15,AusPost,Standard,Delivered,0,True,31,9.1,none,4,3,Afternoon,6.386,False,0.444,delivered within promise
HDEL002164,HORD002164,2018-05-02,2018-05-05,2018-05-03,StarTrack,Standard,Delivered,0,True,23,8.45,none,3,6,Afternoon,7.5536,True,0.452,delivered within promise
HDEL002165,HORD002165,2018-08-09,2018-08-14,2018-08-14,StarTrack,Standard,Delivered,0,True,15,10.11,none,5,7,Anytime,2.9812,True,0.944,delivered within promise
HDEL002166,HORD002166,2018-10-05,2018-10-09,2018-10-08,DHL,Standard,Delivered,0,True,48,8.71,none,4,6,Morning,3.6546,True,0.652,delivered within promise
HDEL002167,HORD002167,2018-08-01,2018-08-05,2018-08-03,Direct Freight,Standard,Delivered,0,True,56,9.53,none,4,6,Afternoon,3.8058,True,0.406,delivered within promise
HDEL002168,HORD002168,2018-09-10,2018-09-17,2018-09-16,AusPost,Express,Delivered,0,True,57,17.04,none,7,5,Afternoon,7.2473,False,0.43,delivered within promise
HDEL002169,HORD002169,2018-05-08,2018-05-13,2018-05-11,DHL,Standard,Delivered,0,True,56,9.72,none,5,3,Anytime,6.5587,True,1.038,delivered within promise
HDEL002170,HORD002170,2018-06-19,2018-06-25,2018-06-23,StarTrack,Standard,Delivered,0,True,43,11.43,none,6,8,Morning,8.7071,False,0.457,delivered within promise
HDEL002171,HORD002171,2018-08-22,2018-08-29,2018-08-28,StarTrack,Standard,Delivered,0,True,35,14.21,none,7,8,Anytime,6.7789,False,0.401,delivered within promise
HDEL002172,HORD002172,2018-03-03,2018-03-07,2018-03-07,DHL,Standard,Delivered,0,True,61,8.77,none,4,8,Anytime,7.2473,True,0.595,delivered within promise
HDEL002173,HORD002173,2018-06-16,2018-06-19,2018-06-18,DHL,Standard,Delivered,0,True,36,12.83,none,3,8,Afternoon,5.0545,True,1.883,delivered within promise
HDEL002174,HORD002174,2018-12-17,2018-12-20,2018-12-20,DHL,Standard,Delivered,0,True,63,10.25,none,3,9,Morning,6.1208,True,0.51,delivered within promise
HDEL002175,HORD002175,2018-11-17,2018-11-21,2018-11-21,AusPost,Standard,Delivered,0,True,39,9.43,none,4,8,Anytime,5.3606,True,0.394,delivered within promise
HDEL002176,HORD002176,2018-10-08,2018-10-15,2018-10-13,Direct Freight,Standard,Delivered,0,True,9,6.53,none,7,3,Afternoon,2.2927,True,0.436,delivered within promise
HDEL002177,HORD002177,2018-04-20,2018-04-26,2018-04-26,Direct Freight,Standard,Delivered,0,True,72,11.06,none,6,5,Morning,9.687,True,0.644,delivered within promise
HDEL002178,HORD002178,2018-09-16,2018-09-23,2018-09-23,AusPost,Standard,Delivered,0,True,72,8.68,none,7,8,Afternoon,7.1087,True,0.415,delivered within promise
HDEL002179,HORD002179,2018-06-14,2018-06-17,2018-06-16,StarTrack,Standard,Delivered,0,True,51,11.6,none,3,6,Afternoon,7.0574,True,0.428,delivered within promise
HDEL002180,HORD002180,2018-06-09,2018-06-12,2018-06-10,DHL,Standard,Delivered,0,True,72,13.58,none,3,5,Morning,7.7645,True,0.552,delivered within promise
HDEL002181,HORD002181,2018-02-20,2018-02-25,2018-02-23,DHL,Standard,Delivered,0,True,41,9.43,none,5,8,Morning,6.1729,True,0.548,delivered within promise
HDEL002182,HORD002182,2018-12-26,2019-01-01,2019-01-01,DHL,Express,Delivered,0,True,18,19.8,none,6,8,Morning,5.6239,False,0.424,delivered within promise
HDEL002183,HORD002183,2018-12-15,2018-12-18,2018-12-17,StarTrack,Standard,Delivered,0,True,58,7.41,none,3,6,Anytime,3.8216,False,0.328,delivered within promise
HDEL002184,HORD002184,2018-05-08,2018-05-14,2018-05-14,Direct Freight,Standard,Delivered,0,True,69,8.55,none,6,4,Morning,3.6475,True,0.871,delivered within promise
HDEL002185,HORD002185,2018-10-26,2018-11-02,2018-10-31,DHL,Standard,Delivered,0,True,29,8.95,none,7,4,Anytime,4.8879,True,0.449,delivered within promise
HDEL002186,HORD002186,2018-07-10,2018-07-14,2018-07-12,DHL,Standard,Delivered,0,True,73,12.93,none,4,3,Anytime,7.9755,True,0.662,delivered within promise
HDEL002187,HORD002187,2018-12-16,2018-12-21,2018-12-20,AusPost,Standard,Delivered,0,True,19,10.35,none,5,7,Morning,8.7071,False,0.419,delivered within promise
HDEL002188,HORD002188,2018-01-19,2018-01-24,2018-01-23,Direct Freight,Standard,Delivered,0,True,36,8.66,none,5,3,Afternoon,4.2327,False,0.404,delivered within promise
HDEL002189,HORD002189,2018-04-05,2018-04-10,2018-04-10,AusPost,Standard,Delivered,0,True,57,6.82,none,5,8,Afternoon,1.9767,False,0.329,delivered within promise
HDEL002190,HORD002190,2018-07-02,2018-07-06,2018-07-04,AusPost,Standard,Delivered,0,True,19,12.46,none,4,5,Anytime,5.9533,True,0.487,delivered within promise
HDEL002191,HORD002191,2018-12-02,2018-12-07,2018-12-07,Direct Freight,Standard,Delivered,0,True,43,7.39,none,5,3,Morning,5.0818,True,0.742,delivered within promise
HDEL002192,HORD002192,2018-08-06,2018-08-11,2018-08-11,DHL,Express,Delivered,0,True,32,19.46,none,5,8,Anytime,5.996,True,0.534,delivered within promise
HDEL002193,HORD002193,2018-01-06,2018-01-10,2018-01-10,AusPost,Standard,Delivered,0,True,42,8.94,none,4,8,Morning,3.7704,True,0.461,delivered within promise
HDEL002194,HORD002194,2018-02-13,2018-02-20,2018-02-19,DHL,Standard,Delivered,0,True,65,7.05,none,7,3,Morning,3.0357,True,0.385,delivered within promise
HDEL002195,HORD002195,2018-09-28,2018-10-03,2018-10-02,AusPost,Standard,Delivered,0,True,62,10.97,none,5,3,Afternoon,6.7742,False,0.357,delivered within promise
HDEL002196,HORD002196,2018-02-27,2018-03-05,2018-03-05,StarTrack,Standard,Delivered,0,True,37,7.11,none,6,4,Afternoon,2.8809,False,0.308,delivered within promise
HDEL002197,HORD002197,2018-05-05,2018-05-09,2018-05-09,Direct Freight,Standard,Delivered,0,True,50,8.19,none,4,6,Anytime,6.8617,True,0.559,delivered within promise
HDEL002198,HORD002198,2018-04-26,2018-04-30,2018-04-28,DHL,Standard,Delivered,0,True,36,5.98,none,4,6,Anytime,0.6788,True,0.914,delivered within promise
HDEL002199,HORD002199,2018-09-27,2018-10-03,2018-10-02,StarTrack,Standard,Delivered,0,True,34,8.36,none,6,9,Afternoon,3.9742,True,0.403,delivered within promise
HDEL002200,HORD002200,2018-11-16,2018-11-21,2018-11-20,Direct Freight,Standard,Delivered,0,True,25,8.8,none,5,5,Afternoon,4.9022,True,0.475,delivered within promise
HDEL002201,HORD002201,2018-07-17,2018-07-20,2018-07-19,DHL,Standard,Delivered,0,True,23,12.52,none,3,9,Morning,5.3108,True,1.679,delivered within promise
HDEL002202,HORD002202,2018-07-12,2018-07-18,2018-07-18,DHL,Standard,Delivered,0,True,36,11.99,none,6,7,Morning,4.9204,True,0.404,delivered within promise
HDEL002203,HORD002203,2018-12-25,2018-12-31,2018-12-31,DHL,Standard,Delivered,0,True,19,7.22,none,6,3,Afternoon,3.9696,True,0.891,delivered within promise
HDEL002204,HORD002204,2018-08-30,2018-09-05,2018-09-05,AusPost,Express,Delivered,0,True,21,25.7,none,6,9,Morning,8.3145,True,1.155,delivered within promise
HDEL002205,HORD002205,2018-08-08,2018-08-15,2018-08-15,DHL,Standard,Delivered,0,True,25,8.63,none,7,6,Anytime,3.1302,True,0.428,delivered within promise
HDEL002206,HORD002206,2018-07-25,2018-07-31,2018-07-30,DHL,Standard,Delivered,0,True,27,11.25,none,6,9,Morning,3.0762,False,0.337,delivered within promise
HDEL002207,HORD002207,2018-02-17,2018-02-22,2018-02-22,DHL,Standard,Delivered,0,True,3,9.4,none,5,5,Morning,5.5262,True,0.463,delivered within promise
HDEL002208,HORD002208,2018-01-10,2018-01-16,2018-01-15,DHL,Standard,Delivered,0,True,31,10.69,none,6,6,Morning,6.6691,False,0.406,delivered within promise
HDEL002209,HORD002209,2018-07-01,2018-07-04,2018-07-03,DHL,Standard,Delivered,0,True,14,13.01,none,3,5,Morning,5.6864,True,0.592,delivered within promise
HDEL002210,HORD002210,2018-10-14,2018-10-20,2018-10-20,DHL,Express,Delivered,0,True,65,17.72,none,6,4,Morning,3.4289,True,0.849,delivered within promise
HDEL002211,HORD002211,2018-06-24,2018-07-01,2018-07-04,Direct Freight,Standard,Delivered,3,False,51,10.38,warehouse_congestion,7,8,Afternoon,6.8848,True,0.54,carrier scan reconciled
HDEL002212,HORD002212,2018-08-08,2018-08-14,2018-08-12,StarTrack,Express,Delivered,0,True,63,25.53,none,6,4,Morning,7.1166,False,0.382,delivered within promise
HDEL002213,HORD002213,2018-06-16,2018-06-20,2018-06-20,AusPost,Express,Delivered,0,True,58,25.74,none,4,5,Morning,9.1012,True,0.684,delivered within promise
HDEL002214,HORD002214,2018-08-19,2018-08-24,2018-08-23,DHL,Standard,Delivered,0,True,28,11.45,none,5,6,Afternoon,4.2137,False,0.384,delivered within promise
HDEL002215,HORD002215,2018-11-25,2018-11-30,2018-11-28,DHL,Standard,Delivered,0,True,23,7.27,none,5,4,Afternoon,4.7492,True,0.374,delivered within promise
HDEL002216,HORD002216,2018-10-03,2018-10-09,2018-10-08,Direct Freight,Standard,Delivered,0,True,3,7.74,none,6,8,Anytime,2.5747,False,0.419,delivered within promise
HDEL002217,HORD002217,2018-08-19,2018-08-26,2018-08-26,AusPost,Standard,Delivered,0,True,56,13.58,none,7,8,Afternoon,7.0423,True,2.1,delivered within promise
HDEL002218,HORD002218,2018-10-14,2018-10-21,2018-10-19,Direct Freight,Standard,Delivered,0,True,34,9.29,none,7,9,Afternoon,4.0371,False,0.35,delivered within promise
HDEL002219,HORD002219,2018-02-02,2018-02-05,2018-02-04,StarTrack,Standard,Delivered,0,True,29,10.01,none,3,5,Afternoon,4.5544,True,0.368,delivered within promise
HDEL002220,HORD002220,2018-10-21,2018-10-26,2018-10-31,AusPost,Standard,Delivered,5,False,22,7.35,weather,5,5,Morning,4.8907,False,0.364,carrier scan reconciled
HDEL002221,HORD002221,2018-12-03,2018-12-08,2018-12-07,StarTrack,Standard,Delivered,0,True,30,8.73,none,5,7,Anytime,6.2383,False,0.441,delivered within promise
HDEL002222,HORD002222,2018-12-08,2018-12-14,2018-12-14,DHL,Standard,Delivered,0,True,10,9.15,none,6,9,Anytime,6.3746,False,0.476,delivered within promise
HDEL002223,HORD002223,2018-08-07,2018-08-11,2018-08-09,StarTrack,Standard,Delivered,0,True,25,10.38,none,4,3,Morning,2.8809,True,0.36,delivered within promise
HDEL002224,HORD002224,2018-06-16,2018-06-20,2018-06-19,StarTrack,Standard,Delivered,0,True,47,11.31,none,4,3,Anytime,4.8046,True,0.404,delivered within promise
HDEL002225,HORD002225,2018-09-04,2018-09-11,2018-09-11,AusPost,Express,Delivered,0,True,12,13.88,none,7,8,Afternoon,0.87,True,0.351,delivered within promise
HDEL002226,HORD002226,2018-01-13,2018-01-20,2018-01-19,Direct Freight,Standard,Delivered,0,True,38,9.42,none,7,3,Anytime,8.3145,True,0.597,delivered within promise
HDEL002227,HORD002227,2018-11-03,2018-11-07,2018-11-07,Direct Freight,Standard,Delivered,0,True,18,6.87,none,4,8,Morning,3.6096,False,0.312,delivered within promise
HDEL002228,HORD002228,2018-09-26,2018-10-03,2018-10-02,StarTrack,Standard,Delivered,0,True,50,8.49,none,7,3,Anytime,5.4863,True,0.501,delivered within promise
HDEL002229,HORD002229,2018-09-15,2018-09-20,2018-09-20,Direct Freight,Standard,Delivered,0,True,40,12.21,none,5,9,Afternoon,7.9406,False,0.607,delivered within promise
HDEL002230,HORD002230,2018-02-12,2018-02-17,2018-02-17,DHL,Standard,Delivered,0,True,34,6.12,none,5,6,Morning,0.3679,False,0.213,delivered within promise
HDEL002231,HORD002231,2018-12-21,2018-12-26,2018-12-25,AusPost,Standard,Delivered,0,True,68,7.6,none,5,6,Anytime,3.7377,True,0.423,delivered within promise
HDEL002232,HORD002232,2018-02-22,2018-02-26,2018-02-26,StarTrack,Standard,Delivered,0,True,59,7.0,none,4,9,Morning,3.5737,False,0.921,delivered within promise
HDEL002233,HORD002233,2018-09-25,2018-09-28,2018-09-26,StarTrack,Standard,Delivered,0,True,7,7.66,none,3,3,Morning,4.1548,True,0.425,delivered within promise
HDEL002234,HORD002234,2018-08-01,2018-08-08,2018-08-08,Direct Freight,Standard,Delivered,0,True,27,8.11,none,7,7,Afternoon,2.9046,True,0.394,delivered within promise
HDEL002235,HORD002235,2018-01-29,2018-02-03,2018-02-02,StarTrack,Standard,Delivered,0,True,68,8.97,none,5,4,Morning,6.2791,True,0.468,delivered within promise
HDEL002236,HORD002236,2018-12-07,2018-12-12,2018-12-10,AusPost,Standard,Delivered,0,True,50,11.44,none,5,9,Anytime,8.0537,True,0.585,delivered within promise
HDEL002237,HORD002237,2018-06-11,2018-06-18,2018-06-18,DHL,Standard,Delivered,0,True,4,10.0,none,7,4,Afternoon,5.5262,True,0.525,delivered within promise
HDEL002238,HORD002238,2018-02-26,2018-03-04,2018-03-03,StarTrack,Standard,Delivered,0,True,63,8.4,none,6,5,Morning,1.7014,True,0.346,delivered within promise
HDEL002239,HORD002239,2018-11-13,2018-11-16,2018-11-14,AusPost,Standard,Delivered,0,True,67,12.21,none,3,7,Anytime,9.1216,True,0.516,delivered within promise
HDEL002240,HORD002240,2018-03-19,2018-03-24,2018-03-22,Direct Freight,Standard,Delivered,0,True,6,8.25,none,5,8,Anytime,3.5955,True,0.574,delivered within promise
HDEL002241,HORD002241,2018-04-20,2018-04-26,2018-04-26,DHL,Standard,Delivered,0,True,4,8.13,none,6,5,Morning,6.8617,True,0.446,delivered within promise
HDEL002242,HORD002242,2018-09-16,2018-09-21,2018-09-21,Direct Freight,Standard,Delivered,0,True,40,7.6,none,5,8,Morning,5.5051,False,0.355,delivered within promise
HDEL002243,HORD002243,2018-01-14,2018-01-21,2018-01-20,DHL,Standard,Delivered,0,True,52,7.76,none,7,6,Afternoon,5.0931,True,0.491,delivered within promise
HDEL002244,HORD002244,2018-12-02,2018-12-09,2018-12-08,StarTrack,Standard,Delivered,0,True,61,9.22,none,7,8,Afternoon,3.8216,True,0.568,delivered within promise
HDEL002245,HORD002245,2018-06-03,2018-06-08,2018-06-06,AusPost,Express,Delivered,0,True,23,23.1,none,5,9,Afternoon,5.1961,True,0.502,delivered within promise
HDEL002246,HORD002246,2018-05-01,2018-05-05,2018-05-04,DHL,Standard,Delivered,0,True,39,7.28,none,4,6,Afternoon,3.7377,False,0.43,delivered within promise
HDEL002247,HORD002247,2018-07-06,2018-07-11,2018-07-11,DHL,Standard,Delivered,0,True,10,14.41,none,5,7,Afternoon,7.1166,False,0.382,delivered within promise
HDEL002248,HORD002248,2018-05-26,2018-05-29,2018-05-29,Direct Freight,Standard,Delivered,0,True,60,6.24,none,3,5,Morning,2.018,True,1.361,delivered within promise
HDEL002249,HORD002249,2018-05-16,2018-05-22,2018-05-22,Direct Freight,Standard,Delivered,0,True,64,9.15,none,6,7,Anytime,6.0476,True,0.464,delivered within promise
HDEL002250,HORD002250,2018-06-16,2018-06-23,2018-06-21,AusPost,Standard,Delivered,0,True,62,10.02,none,7,4,Afternoon,5.2449,False,0.442,delivered within promise
HDEL002251,HORD002251,2018-03-30,2018-04-03,2018-04-03,DHL,Standard,Delivered,0,True,68,11.0,none,4,4,Morning,8.6168,True,0.74,delivered within promise
HDEL002252,HORD002252,2018-06-01,2018-06-04,2018-06-02,StarTrack,Standard,Delivered,0,True,69,10.63,none,3,8,Afternoon,7.4143,True,0.466,delivered within promise
HDEL002253,HORD002253,2018-07-18,2018-07-23,2018-07-23,StarTrack,Standard,Delivered,0,True,19,9.37,none,5,6,Afternoon,1.7855,False,0.343,delivered within promise
HDEL002254,HORD002254,2018-03-21,2018-03-26,2018-03-26,Direct Freight,Standard,Delivered,0,True,66,8.78,none,5,6,Anytime,5.2525,True,0.524,delivered within promise
HDEL002255,HORD002255,2018-07-07,2018-07-13,2018-07-13,Direct Freight,Express,Delivered,0,True,28,17.35,none,6,8,Morning,2.2928,False,0.287,delivered within promise
HDEL002256,HORD002256,2018-03-10,2018-03-15,2018-03-15,AusPost,Express,Delivered,0,True,36,16.08,none,5,4,Anytime,5.2534,True,0.449,delivered within promise
HDEL002257,HORD002257,2018-11-26,2018-11-30,2018-11-28,Direct Freight,Express,Delivered,0,True,12,15.33,none,4,5,Morning,3.4566,False,0.328,delivered within promise
HDEL002258,HORD002258,2018-08-02,2018-08-06,2018-08-04,Direct Freight,Express,Delivered,0,True,55,26.59,none,4,7,Anytime,6.9704,False,0.402,delivered within promise
HDEL002259,HORD002259,2018-04-26,2018-04-30,2018-04-30,DHL,Standard,Delivered,0,True,45,6.61,none,4,7,Morning,2.4836,True,0.316,delivered within promise
HDEL002260,HORD002260,2018-07-13,2018-07-20,2018-07-19,StarTrack,Standard,Delivered,0,True,69,11.54,none,7,9,Morning,3.3316,False,0.354,delivered within promise
HDEL002261,HORD002261,2018-08-26,2018-09-02,2018-09-02,StarTrack,Standard,Delivered,0,True,26,13.15,none,7,5,Afternoon,7.3527,False,0.371,delivered within promise
HDEL002262,HORD002262,2018-11-22,2018-11-25,2018-11-24,Direct Freight,Standard,Delivered,0,True,72,6.04,none,3,9,Afternoon,1.7132,True,0.425,delivered within promise
HDEL002263,HORD002263,2018-05-17,2018-05-20,2018-05-19,StarTrack,Express,Delivered,0,True,37,14.88,none,3,4,Morning,6.2383,False,0.381,delivered within promise
HDEL002264,HORD002264,2018-05-18,2018-05-22,2018-05-20,DHL,Standard,Delivered,0,True,14,5.24,none,4,6,Anytime,1.0784,True,0.372,delivered within promise
HDEL002265,HORD002265,2018-05-09,2018-05-13,2018-05-13,AusPost,Express,Delivered,0,True,8,17.34,none,4,3,Morning,5.5563,True,0.693,delivered within promise
HDEL002266,HORD002266,2018-11-12,2018-11-15,2018-11-15,Direct Freight,Express,Delivered,0,True,61,20.22,none,3,4,Afternoon,7.8823,True,0.594,delivered within promise
HDEL002267,HORD002267,2018-03-28,2018-04-04,2018-04-03,DHL,Standard,Delivered,0,True,72,6.14,none,7,6,Morning,1.0355,True,0.356,delivered within promise
HDEL002268,HORD002268,2018-08-12,2018-08-15,2018-08-15,Direct Freight,Standard,Delivered,0,True,2,9.55,none,3,5,Morning,2.8256,True,0.406,delivered within promise
HDEL002269,HORD002269,2018-05-03,2018-05-06,2018-05-05,AusPost,Standard,Delivered,0,True,34,7.76,none,3,8,Anytime,3.4124,True,0.455,delivered within promise
HDEL002270,HORD002270,2018-09-23,2018-09-29,2018-09-27,DHL,Standard,Delivered,0,True,55,8.26,none,6,7,Afternoon,2.7719,False,0.262,delivered within promise
HDEL002271,HORD002271,2018-08-26,2018-08-30,2018-09-01,Direct Freight,Express,Delivered,2,False,4,18.06,carrier_capacity,4,4,Anytime,3.5976,True,0.54,carrier scan reconciled
HDEL002272,HORD002272,2018-12-09,2018-12-15,2018-12-15,AusPost,Standard,Delivered,0,True,63,11.17,none,6,6,Afternoon,7.4635,False,0.391,delivered within promise
HDEL002273,HORD002273,2018-07-05,2018-07-10,2018-07-08,StarTrack,Standard,Delivered,0,True,44,11.6,none,5,4,Morning,3.2914,True,0.374,delivered within promise
HDEL002274,HORD002274,2018-03-27,2018-04-02,2018-04-01,StarTrack,Standard,Delivered,0,True,17,9.67,none,6,7,Morning,5.4918,False,0.377,delivered within promise
HDEL002275,HORD002275,2018-05-07,2018-05-13,2018-05-11,DHL,Standard,Delivered,0,True,4,11.48,none,6,9,Anytime,7.3474,True,1.188,delivered within promise
HDEL002276,HORD002276,2018-03-23,2018-03-30,2018-03-28,StarTrack,Standard,Delivered,0,True,40,8.32,none,7,3,Anytime,2.8256,False,0.289,delivered within promise
HDEL002277,HORD002277,2018-02-01,2018-02-06,2018-02-05,StarTrack,Standard,Delivered,0,True,10,6.94,none,5,9,Afternoon,2.9449,False,0.308,delivered within promise
HDEL002278,HORD002278,2018-03-02,2018-03-09,2018-03-07,Direct Freight,Standard,Delivered,0,True,72,7.94,none,7,8,Afternoon,4.1904,False,0.36,delivered within promise
HDEL002279,HORD002279,2018-12-12,2018-12-16,2018-12-19,AusPost,Standard,Delivered,3,False,8,7.85,warehouse_congestion,4,3,Afternoon,1.0148,True,0.406,carrier scan reconciled
HDEL002280,HORD002280,2018-02-23,2018-03-02,2018-03-02,AusPost,Standard,Delivered,0,True,40,10.18,none,7,6,Morning,4.9903,False,0.382,delivered within promise
HDEL002281,HORD002281,2018-04-30,2018-05-06,2018-05-06,Direct Freight,Standard,Delivered,0,True,65,10.62,none,6,5,Morning,7.9059,True,1.284,delivered within promise
HDEL002282,HORD002282,2018-06-22,2018-06-27,2018-06-25,DHL,Standard,Delivered,0,True,3,10.04,none,5,5,Morning,1.7662,True,0.311,delivered within promise
HDEL002283,HORD002283,2018-11-08,2018-11-14,2018-11-12,AusPost,Standard,Delivered,0,True,11,8.13,none,6,4,Anytime,2.704,True,0.362,delivered within promise
HDEL002284,HORD002284,2018-11-18,2018-11-21,2018-11-19,DHL,Standard,Delivered,0,True,69,8.89,none,3,9,Anytime,7.7244,True,0.424,delivered within promise
HDEL002285,HORD002285,2018-07-16,2018-07-22,2018-07-22,StarTrack,Standard,Delivered,0,True,3,12.66,none,6,6,Afternoon,6.0108,False,0.877,delivered within promise
HDEL002286,HORD002286,2018-12-17,2018-12-24,2018-12-23,AusPost,Standard,Delivered,0,True,42,8.51,none,7,5,Afternoon,3.1617,True,0.386,delivered within promise
HDEL002287,HORD002287,2018-08-08,2018-08-13,2018-08-12,AusPost,Standard,Delivered,0,True,39,7.96,none,5,4,Morning,0.053,True,0.299,delivered within promise
HDEL002288,HORD002288,2018-02-19,2018-02-25,2018-02-24,AusPost,Standard,Delivered,0,True,10,9.83,none,6,9,Morning,7.9755,False,0.5,delivered within promise
HDEL002289,HORD002289,2018-04-03,2018-04-08,2018-04-06,Direct Freight,Express,Delivered,0,True,29,13.69,none,5,4,Afternoon,3.6934,True,0.366,delivered within promise
HDEL002290,HORD002290,2018-08-09,2018-08-15,2018-08-14,AusPost,Standard,Delivered,0,True,60,15.07,none,6,8,Morning,9.687,False,0.461,delivered within promise
HDEL002291,HORD002291,2018-12-07,2018-12-12,2018-12-10,AusPost,Standard,Delivered,0,True,26,10.39,none,5,7,Afternoon,7.0873,True,0.558,delivered within promise
HDEL002292,HORD002292,2018-12-12,2018-12-19,2018-12-18,Direct Freight,Standard,Delivered,0,True,48,9.06,none,7,9,Anytime,2.9046,False,0.294,delivered within promise
HDEL002293,HORD002293,2018-07-20,2018-07-24,2018-07-24,AusPost,Standard,Delivered,0,True,64,11.16,none,4,3,Afternoon,7.8766,True,0.487,delivered within promise
HDEL002294,HORD002294,2018-10-07,2018-10-11,2018-10-12,StarTrack,Express,Delivered,1,False,49,13.22,warehouse_congestion,4,3,Morning,3.186,False,0.364,carrier scan reconciled
HDEL002295,HORD002295,2018-05-22,2018-05-25,2018-05-30,DHL,Standard,Delivered,5,False,63,8.94,carrier_capacity,3,7,Anytime,6.6671,True,0.44,carrier scan reconciled
HDEL002296,HORD002296,2018-07-26,2018-08-01,2018-08-01,StarTrack,Standard,Delivered,0,True,8,9.56,none,6,8,Afternoon,1.5797,True,0.355,delivered within promise
HDEL002297,HORD002297,2018-09-03,2018-09-09,2018-09-08,AusPost,Standard,Delivered,0,True,58,10.92,none,6,4,Morning,4.2327,False,0.346,delivered within promise
HDEL002298,HORD002298,2018-01-01,2018-01-04,2018-01-04,StarTrack,Standard,Delivered,0,True,5,10.33,none,3,9,Afternoon,7.1166,True,0.501,delivered within promise
HDEL002299,HORD002299,2018-12-31,2019-01-06,2019-01-04,Direct Freight,Standard,Delivered,0,True,22,9.1,none,6,8,Anytime,5.2525,True,0.429,delivered within promise
HDEL002300,HORD002300,2018-02-06,2018-02-13,2018-02-12,Direct Freight,Express,Delivered,0,True,61,16.86,none,7,3,Afternoon,3.0268,True,0.358,delivered within promise
HDEL002301,HORD002301,2018-01-13,2018-01-17,2018-01-16,StarTrack,Express,Delivered,0,True,38,12.75,none,4,6,Morning,2.123,True,0.308,delivered within promise
HDEL002302,HORD002302,2018-05-22,2018-05-25,2018-05-23,DHL,Express,Delivered,0,True,38,20.66,none,3,7,Anytime,6.0551,True,0.521,delivered within promise
HDEL002303,HORD002303,2018-08-20,2018-08-23,2018-08-23,DHL,Standard,Delivered,0,True,65,9.61,none,3,3,Afternoon,3.8058,True,0.391,delivered within promise
HDEL002304,HORD002304,2018-09-24,2018-09-27,2018-09-25,AusPost,Standard,Delivered,0,True,68,9.23,none,3,8,Morning,3.8508,False,0.367,delivered within promise
HDEL002305,HORD002305,2018-07-26,2018-08-02,2018-08-01,StarTrack,Express,Delivered,0,True,50,20.1,none,7,9,Anytime,2.4444,True,0.375,delivered within promise
HDEL002306,HORD002306,2018-07-07,2018-07-11,2018-07-10,Direct Freight,Standard,Delivered,0,True,64,9.82,none,4,5,Afternoon,1.6321,False,0.259,delivered within promise
HDEL002307,HORD002307,2018-06-28,2018-07-05,2018-07-03,AusPost,Standard,Delivered,0,True,66,7.71,none,7,5,Anytime,0.7721,True,0.345,delivered within promise
HDEL002308,HORD002308,2018-03-02,2018-03-07,2018-03-07,DHL,Standard,Delivered,0,True,42,8.97,none,5,6,Morning,4.0181,True,0.423,delivered within promise
HDEL002309,HORD002309,2018-05-30,2018-06-04,2018-06-04,AusPost,Express,Delivered,0,True,18,21.33,none,5,9,Morning,9.9192,True,0.562,delivered within promise
HDEL002310,HORD002310,2018-01-23,2018-01-26,2018-01-24,StarTrack,Standard,Delivered,0,True,16,8.7,none,3,4,Morning,4.0213,True,0.369,delivered within promise
HDEL002311,HORD002311,2018-05-26,2018-06-01,2018-06-01,AusPost,Express,Delivered,0,True,23,17.25,none,6,4,Afternoon,1.3177,True,0.414,delivered within promise
HDEL002312,HORD002312,2018-11-09,2018-11-14,2018-11-14,StarTrack,Standard,Delivered,0,True,51,7.18,none,5,7,Anytime,4.6463,True,0.592,delivered within promise
HDEL002313,HORD002313,2018-04-16,2018-04-20,2018-04-20,DHL,Standard,Delivered,0,True,7,8.09,none,4,3,Afternoon,4.8879,True,1.125,delivered within promise
HDEL002314,HORD002314,2018-02-03,2018-02-10,2018-02-10,AusPost,Standard,Delivered,0,True,33,10.15,none,7,7,Anytime,9.1012,False,0.448,delivered within promise
HDEL002315,HORD002315,2018-12-05,2018-12-10,2018-12-08,StarTrack,Standard,Delivered,0,True,17,11.06,none,5,6,Anytime,6.2848,False,0.413,delivered within promise
HDEL002316,HORD002316,2018-12-18,2018-12-25,2018-12-25,StarTrack,Standard,Delivered,0,True,34,5.99,none,7,5,Morning,1.3001,True,0.425,delivered within promise
HDEL002317,HORD002317,2018-02-12,2018-02-19,2018-02-18,Direct Freight,Standard,Delivered,0,True,68,7.65,none,7,6,Afternoon,2.9301,True,0.419,delivered within promise
HDEL002318,HORD002318,2018-11-10,2018-11-16,2018-11-14,AusPost,Standard,Delivered,0,True,69,7.89,none,6,8,Morning,4.5739,True,1.0,delivered within promise
HDEL002319,HORD002319,2018-12-13,2018-12-20,2018-12-18,StarTrack,Express,Delivered,0,True,29,15.51,none,7,5,Morning,6.9556,True,0.465,delivered within promise
HDEL002320,HORD002320,2018-02-26,2018-03-02,2018-03-01,Direct Freight,Standard,Delivered,0,True,46,9.99,none,4,4,Anytime,7.4926,True,0.608,delivered within promise
HDEL002321,HORD002321,2018-04-24,2018-04-28,2018-04-26,StarTrack,Express,Delivered,0,True,43,19.6,none,4,3,Anytime,7.2107,False,0.371,delivered within promise
HDEL002322,HORD002322,2018-09-23,2018-09-28,2018-09-26,AusPost,Standard,Delivered,0,True,18,6.45,none,5,5,Afternoon,2.5747,False,0.267,delivered within promise
HDEL002323,HORD002323,2018-12-19,2018-12-26,2018-12-26,Direct Freight,Standard,Delivered,0,True,31,8.43,none,7,8,Morning,4.3953,True,0.502,delivered within promise
HDEL002324,HORD002324,2018-10-20,2018-10-25,2018-10-24,Direct Freight,Standard,Delivered,0,True,41,9.01,none,5,6,Afternoon,3.776,True,0.355,delivered within promise
HDEL002325,HORD002325,2018-03-26,2018-03-29,2018-03-29,Direct Freight,Standard,Delivered,0,True,69,9.71,none,3,9,Afternoon,5.9006,True,0.548,delivered within promise
HDEL002326,HORD002326,2018-03-05,2018-03-08,2018-03-07,AusPost,Standard,Delivered,0,True,46,9.31,none,3,5,Anytime,6.6671,True,0.969,delivered within promise
HDEL002327,HORD002327,2018-01-09,2018-01-12,2018-01-12,StarTrack,Standard,Delivered,0,True,61,8.02,none,3,9,Anytime,4.1904,False,0.301,delivered within promise
HDEL002328,HORD002328,2018-02-04,2018-02-08,2018-02-08,Direct Freight,Standard,Delivered,0,True,68,7.79,none,4,3,Afternoon,5.0931,False,0.407,delivered within promise
HDEL002329,HORD002329,2018-01-23,2018-01-29,2018-01-29,AusPost,Standard,Delivered,0,True,56,8.01,none,6,6,Morning,3.2914,False,0.338,delivered within promise
HDEL002330,HORD002330,2018-03-03,2018-03-10,2018-03-10,Direct Freight,Standard,Delivered,0,True,30,7.72,none,7,3,Anytime,4.3953,True,0.866,delivered within promise
HDEL002331,HORD002331,2018-09-06,2018-09-10,2018-09-14,Direct Freight,Standard,Delivered,4,False,27,9.12,warehouse_congestion,4,7,Anytime,5.0931,True,0.546,carrier scan reconciled
HDEL002332,HORD002332,2018-12-01,2018-12-06,2018-12-05,AusPost,Standard,Delivered,0,True,50,9.62,none,5,9,Morning,6.9183,True,0.504,delivered within promise
HDEL002333,HORD002333,2018-12-01,2018-12-04,2018-12-04,Direct Freight,Standard,Delivered,0,True,43,8.76,none,3,8,Morning,5.3613,True,0.589,delivered within promise
HDEL002334,HORD002334,2018-01-31,2018-02-06,2018-02-04,AusPost,Standard,Delivered,0,True,8,8.37,none,6,7,Morning,5.2666,True,0.474,delivered within promise
HDEL002335,HORD002335,2018-02-15,2018-02-22,2018-02-21,StarTrack,Standard,Delivered,0,True,59,7.55,none,7,7,Morning,3.2764,False,0.293,delivered within promise
HDEL002336,HORD002336,2018-11-11,2018-11-15,2018-11-14,DHL,Standard,Delivered,0,True,58,5.77,none,4,9,Morning,0.7165,True,0.467,delivered within promise
HDEL002337,HORD002337,2018-12-31,2019-01-06,2019-01-04,DHL,Express,Delivered,0,True,69,16.8,none,6,4,Afternoon,4.9929,True,1.004,delivered within promise
HDEL002338,HORD002338,2018-01-12,2018-01-17,2018-01-16,DHL,Express,Delivered,0,True,54,17.79,none,5,8,Anytime,5.8169,True,1.011,delivered within promise
HDEL002339,HORD002339,2018-06-29,2018-07-05,2018-07-03,StarTrack,Standard,Delivered,0,True,46,13.94,none,6,3,Morning,6.6351,False,0.521,delivered within promise
HDEL002340,HORD002340,2018-02-23,2018-02-26,2018-02-25,DHL,Standard,Delivered,0,True,30,6.77,none,3,7,Morning,3.3529,True,0.343,delivered within promise
HDEL002341,HORD002341,2018-05-06,2018-05-11,2018-05-10,AusPost,Express,Delivered,0,True,5,19.88,none,5,3,Anytime,6.3492,True,0.514,delivered within promise
HDEL002342,HORD002342,2018-06-30,2018-07-03,2018-07-02,StarTrack,Standard,Delivered,0,True,23,11.48,none,3,9,Anytime,3.776,True,0.397,delivered within promise
HDEL002343,HORD002343,2018-03-10,2018-03-17,2018-03-16,AusPost,Express,Delivered,0,True,26,13.79,none,7,8,Anytime,3.1441,False,0.337,delivered within promise
HDEL002344,HORD002344,2018-06-02,2018-06-08,2018-06-06,AusPost,Express,Delivered,0,True,13,18.6,none,6,5,Afternoon,6.5356,False,0.464,delivered within promise
HDEL002345,HORD002345,2018-05-17,2018-05-23,2018-05-23,Direct Freight,Standard,Delivered,0,True,7,8.33,none,6,8,Anytime,5.4433,True,0.454,delivered within promise
HDEL002346,HORD002346,2018-09-01,2018-09-07,2018-09-05,StarTrack,Standard,Delivered,0,True,17,9.87,none,6,5,Anytime,6.0108,True,0.469,delivered within promise
HDEL002347,HORD002347,2018-11-18,2018-11-23,2018-11-22,AusPost,Standard,Delivered,0,True,14,6.55,none,5,7,Morning,0.9173,True,0.535,delivered within promise
HDEL002348,HORD002348,2018-05-14,2018-05-21,2018-05-21,AusPost,Standard,Delivered,0,True,69,6.54,none,7,8,Morning,1.4362,True,0.328,delivered within promise
HDEL002349,HORD002349,2018-09-12,2018-09-15,2018-09-13,DHL,Standard,Delivered,0,True,50,9.42,none,3,6,Afternoon,6.4707,False,0.38,delivered within promise
HDEL002350,HORD002350,2018-12-13,2018-12-17,2018-12-17,DHL,Standard,Delivered,0,True,11,10.62,none,4,6,Afternoon,7.5021,True,0.437,delivered within promise
HDEL002351,HORD002351,2018-12-16,2018-12-22,2018-12-21,DHL,Standard,Delivered,0,True,17,6.78,none,6,9,Anytime,3.4226,False,0.74,delivered within promise
HDEL002352,HORD002352,2018-08-03,2018-08-10,2018-08-08,DHL,Standard,Delivered,0,True,41,12.24,none,7,4,Afternoon,5.5988,True,0.488,delivered within promise
HDEL002353,HORD002353,2018-08-03,2018-08-06,2018-08-05,Direct Freight,Standard,Delivered,0,True,66,10.79,none,3,3,Morning,7.5021,True,0.847,delivered within promise
HDEL002354,HORD002354,2018-01-24,2018-01-31,2018-01-29,StarTrack,Standard,Delivered,0,True,55,8.25,none,7,4,Morning,4.3953,False,0.351,delivered within promise
HDEL002355,HORD002355,2018-11-18,2018-11-24,2018-11-22,Direct Freight,Standard,Delivered,0,True,7,7.22,none,6,8,Afternoon,1.4968,True,0.37,delivered within promise
HDEL002356,HORD002356,2018-05-15,2018-05-19,2018-05-18,AusPost,Standard,Delivered,0,True,35,9.2,none,4,5,Morning,4.6096,False,0.373,delivered within promise
HDEL002357,HORD002357,2018-07-29,2018-08-04,2018-08-04,StarTrack,Standard,Delivered,0,True,32,10.32,none,6,3,Morning,5.5051,True,0.462,delivered within promise
HDEL002358,HORD002358,2018-10-17,2018-10-22,2018-10-20,Direct Freight,Standard,Delivered,0,True,64,11.94,none,5,8,Morning,8.6168,True,0.502,delivered within promise
HDEL002359,HORD002359,2018-01-17,2018-01-23,2018-01-21,DHL,Standard,Delivered,0,True,73,9.96,none,6,6,Afternoon,4.704,False,0.349,delivered within promise
HDEL002360,HORD002360,2018-04-05,2018-04-10,2018-04-08,AusPost,Standard,Delivered,0,True,63,8.05,none,5,5,Morning,5.5821,True,0.595,delivered within promise
HDEL002361,HORD002361,2018-08-03,2018-08-08,2018-08-06,DHL,Standard,Delivered,0,True,14,8.77,none,5,3,Afternoon,3.0357,True,0.32,delivered within promise
HDEL002362,HORD002362,2018-12-26,2018-12-31,2018-12-29,DHL,Express,Delivered,0,True,58,14.39,none,5,7,Morning,3.4859,True,0.482,delivered within promise
HDEL002363,HORD002363,2018-03-03,2018-03-08,2018-03-06,AusPost,Standard,Delivered,0,True,72,12.09,none,5,9,Morning,7.931,True,0.612,delivered within promise
HDEL002364,HORD002364,2018-08-25,2018-08-29,2018-08-29,DHL,Standard,Delivered,0,True,5,9.14,none,4,8,Afternoon,1.1475,True,0.359,delivered within promise
HDEL002365,HORD002365,2018-05-06,2018-05-09,2018-05-09,StarTrack,Standard,Delivered,0,True,42,7.36,none,3,7,Anytime,4.7492,True,0.469,delivered within promise
HDEL002366,HORD002366,2018-10-19,2018-10-22,2018-10-20,AusPost,Express,Delivered,0,True,28,15.04,none,3,6,Anytime,0.7165,False,0.255,delivered within promise
HDEL002367,HORD002367,2018-07-28,2018-08-04,2018-08-02,DHL,Express,Delivered,0,True,55,20.78,none,7,6,Afternoon,1.321,True,0.311,delivered within promise
HDEL002368,HORD002368,2018-11-18,2018-11-25,2018-11-24,Direct Freight,Standard,Delivered,0,True,51,10.02,none,7,3,Morning,7.3787,True,0.546,delivered within promise
HDEL002369,HORD002369,2018-02-03,2018-02-07,2018-02-07,StarTrack,Standard,Delivered,0,True,55,11.65,none,4,4,Anytime,9.7141,True,0.457,delivered within promise
HDEL002370,HORD002370,2018-04-25,2018-04-30,2018-04-29,DHL,Standard,Delivered,0,True,34,7.81,none,5,7,Anytime,5.893,False,0.415,delivered within promise
HDEL002371,HORD002371,2018-07-14,2018-07-19,2018-07-17,Direct Freight,Express,Delivered,0,True,62,17.9,none,5,3,Morning,3.4226,True,0.431,delivered within promise
HDEL002372,HORD002372,2018-06-08,2018-06-13,2018-06-14,StarTrack,Standard,Delivered,1,False,59,14.83,carrier_capacity,5,7,Afternoon,7.3787,True,0.553,carrier scan reconciled
HDEL002373,HORD002373,2018-07-21,2018-07-26,2018-07-24,StarTrack,Standard,Delivered,0,True,69,12.08,none,5,6,Morning,7.1134,True,0.434,delivered within promise
HDEL002374,HORD002374,2018-05-28,2018-06-03,2018-06-02,AusPost,Express,Delivered,0,True,25,16.34,none,6,9,Afternoon,3.4566,True,0.415,delivered within promise
HDEL002375,HORD002375,2018-06-19,2018-06-25,2018-06-24,DHL,Standard,Delivered,0,True,73,8.07,none,6,9,Anytime,2.0932,True,1.058,delivered within promise
HDEL002376,HORD002376,2018-07-24,2018-07-30,2018-07-29,Direct Freight,Standard,Delivered,0,True,38,11.96,none,6,6,Morning,5.8758,False,0.355,delivered within promise
HDEL002377,HORD002377,2018-01-10,2018-01-14,2018-01-12,DHL,Express,Delivered,0,True,34,19.76,none,4,8,Anytime,7.1166,True,0.476,delivered within promise
HDEL002378,HORD002378,2018-01-27,2018-01-30,2018-02-02,AusPost,Standard,Delivered,3,False,37,11.63,warehouse_congestion,3,8,Afternoon,6.9179,False,0.382,carrier scan reconciled
HDEL002379,HORD002379,2018-04-10,2018-04-15,2018-04-13,StarTrack,Standard,Delivered,0,True,55,12.27,none,5,3,Anytime,8.7537,True,0.511,delivered within promise
HDEL002380,HORD002380,2018-11-20,2018-11-27,2018-11-27,StarTrack,Standard,Delivered,0,True,25,8.53,none,7,4,Afternoon,6.386,True,0.686,delivered within promise
HDEL002381,HORD002381,2018-05-26,2018-05-31,2018-05-31,StarTrack,Standard,Delivered,0,True,66,9.56,none,5,3,Morning,4.4259,True,0.461,delivered within promise
HDEL002382,HORD002382,2018-08-22,2018-08-26,2018-08-26,Direct Freight,Standard,Delivered,0,True,4,10.25,none,4,9,Afternoon,4.2221,True,0.555,delivered within promise
HDEL002383,HORD002383,2018-04-11,2018-04-15,2018-04-15,Direct Freight,Standard,Delivered,0,True,36,8.9,none,4,6,Anytime,5.1954,True,0.495,delivered within promise
HDEL002384,HORD002384,2018-11-06,2018-11-09,2018-11-08,StarTrack,Express,Delivered,0,True,53,19.05,none,3,9,Afternoon,4.9903,True,0.483,delivered within promise
HDEL002385,HORD002385,2018-03-29,2018-04-04,2018-04-02,StarTrack,Express,Delivered,0,True,37,15.48,none,6,8,Morning,3.2914,True,0.315,delivered within promise
HDEL002386,HORD002386,2018-12-28,2019-01-03,2019-01-01,AusPost,Standard,Delivered,0,True,69,7.4,none,6,4,Morning,3.028,True,0.386,delivered within promise
HDEL002387,HORD002387,2018-07-11,2018-07-15,2018-07-14,Direct Freight,Standard,Delivered,0,True,31,14.3,none,4,6,Afternoon,9.9192,False,0.483,delivered within promise
HDEL002388,HORD002388,2018-02-22,2018-02-25,2018-02-23,StarTrack,Standard,Delivered,0,True,48,10.53,none,3,3,Morning,4.9215,True,0.412,delivered within promise
HDEL002389,HORD002389,2018-05-19,2018-05-23,2018-05-22,StarTrack,Standard,Delivered,0,True,16,10.68,none,4,8,Afternoon,7.0756,False,0.507,delivered within promise
HDEL002390,HORD002390,2018-06-25,2018-07-02,2018-07-01,AusPost,Standard,Delivered,0,True,12,10.15,none,7,9,Afternoon,1.5938,False,0.33,delivered within promise
HDEL002391,HORD002391,2018-12-11,2018-12-16,2018-12-15,DHL,Standard,Delivered,0,True,64,11.82,none,5,5,Morning,8.7347,True,0.495,delivered within promise
HDEL002392,HORD002392,2018-07-01,2018-07-05,2018-07-05,AusPost,Express,Delivered,0,True,27,24.87,none,4,7,Afternoon,5.3613,False,0.394,delivered within promise
HDEL002393,HORD002393,2018-08-04,2018-08-07,2018-08-06,Direct Freight,Standard,Delivered,0,True,50,11.93,none,3,7,Morning,7.5536,True,1.139,delivered within promise
HDEL002394,HORD002394,2018-07-27,2018-07-30,2018-07-28,StarTrack,Standard,Delivered,0,True,72,11.18,none,3,6,Morning,6.8577,True,0.435,delivered within promise
HDEL002395,HORD002395,2018-11-29,2018-12-04,2018-12-05,DHL,Standard,Delivered,1,False,68,7.33,weather,5,9,Afternoon,1.0784,True,0.387,carrier scan reconciled
HDEL002396,HORD002396,2018-05-09,2018-05-13,2018-05-13,StarTrack,Standard,Delivered,0,True,42,7.01,none,4,3,Afternoon,1.698,True,0.899,delivered within promise
HDEL002397,HORD002397,2018-03-06,2018-03-13,2018-03-12,AusPost,Standard,Delivered,0,True,19,9.69,none,7,4,Anytime,9.1216,False,0.433,delivered within promise
HDEL002398,HORD002398,2018-11-18,2018-11-25,2018-11-24,StarTrack,Standard,Delivered,0,True,39,6.66,none,7,4,Morning,1.4056,True,0.935,delivered within promise
HDEL002399,HORD002399,2018-03-16,2018-03-20,2018-03-19,AusPost,Standard,Delivered,0,True,17,7.92,none,4,9,Anytime,3.4799,True,0.328,delivered within promise
HDEL002400,HORD002400,2018-07-25,2018-08-01,2018-07-31,DHL,Standard,Delivered,0,True,25,10.29,none,7,4,Afternoon,1.4056,True,0.806,delivered within promise
HDEL002401,HORD002401,2018-06-10,2018-06-13,2018-06-13,DHL,Standard,Delivered,0,True,29,10.38,none,3,9,Anytime,5.2439,True,0.569,delivered within promise
HDEL002402,HORD002402,2018-01-25,2018-01-29,2018-01-29,StarTrack,Standard,Delivered,0,True,66,9.92,none,4,8,Afternoon,6.2019,True,0.54,delivered within promise
HDEL002403,HORD002403,2018-01-10,2018-01-16,2018-01-15,AusPost,Standard,Delivered,0,True,29,9.08,none,6,5,Anytime,3.9344,False,1.011,delivered within promise
HDEL002404,HORD002404,2018-06-14,2018-06-20,2018-06-20,AusPost,Standard,Delivered,0,True,10,11.66,none,6,5,Anytime,5.5306,True,0.404,delivered within promise
HDEL002405,HORD002405,2018-03-14,2018-03-21,2018-03-19,AusPost,Standard,Delivered,0,True,19,8.06,none,7,8,Morning,6.0249,False,0.392,delivered within promise
HDEL002406,HORD002406,2018-09-14,2018-09-19,2018-09-17,Direct Freight,Standard,Delivered,0,True,17,8.59,none,5,8,Morning,7.0574,True,1.13,delivered within promise
HDEL002407,HORD002407,2018-06-08,2018-06-15,2018-06-15,AusPost,Standard,Delivered,0,True,48,11.9,none,7,6,Afternoon,7.408,True,0.658,delivered within promise
HDEL002408,HORD002408,2018-04-17,2018-04-21,2018-04-20,AusPost,Standard,Delivered,0,True,42,8.42,none,4,9,Morning,6.8585,True,0.543,delivered within promise
HDEL002409,HORD002409,2018-08-04,2018-08-09,2018-08-07,Direct Freight,Standard,Delivered,0,True,35,10.54,none,5,8,Morning,5.4295,True,0.417,delivered within promise
HDEL002410,HORD002410,2018-02-18,2018-02-24,2018-02-22,DHL,Express,Delivered,0,True,44,14.37,none,6,8,Morning,3.4566,True,0.484,delivered within promise
HDEL002411,HORD002411,2018-10-11,2018-10-14,2018-10-13,StarTrack,Standard,Delivered,0,True,39,8.39,none,3,3,Anytime,3.6934,True,0.693,delivered within promise
HDEL002412,HORD002412,2018-11-23,2018-11-26,2018-11-26,StarTrack,Standard,Delivered,0,True,14,9.5,none,3,6,Anytime,5.2666,True,0.567,delivered within promise
HDEL002413,HORD002413,2018-06-28,2018-07-04,2018-07-03,Direct Freight,Standard,Delivered,0,True,69,11.65,none,6,8,Anytime,6.6671,False,0.454,delivered within promise
HDEL002414,HORD002414,2018-06-05,2018-06-10,2018-06-10,DHL,Express,Delivered,0,True,21,26.55,none,5,9,Afternoon,7.5369,True,0.437,delivered within promise
HDEL002415,HORD002415,2018-04-22,2018-04-25,2018-04-23,StarTrack,Standard,Delivered,0,True,45,7.7,none,3,3,Anytime,3.4226,True,0.529,delivered within promise
HDEL002416,HORD002416,2018-09-08,2018-09-13,2018-09-11,Direct Freight,Standard,Delivered,0,True,47,7.45,none,5,6,Morning,4.7492,True,0.454,delivered within promise
HDEL002417,HORD002417,2018-06-04,2018-06-07,2018-06-10,DHL,Standard,Delivered,3,False,46,11.74,warehouse_congestion,3,5,Afternoon,5.9544,True,0.478,carrier scan reconciled
HDEL002418,HORD002418,2018-09-22,2018-09-27,2018-09-27,StarTrack,Standard,Delivered,0,True,36,7.27,none,5,9,Anytime,4.911,False,0.365,delivered within promise
HDEL002419,HORD002419,2018-01-10,2018-01-16,2018-01-16,AusPost,Express,Delivered,0,True,15,19.33,none,6,7,Morning,5.5051,False,0.455,delivered within promise
HDEL002420,HORD002420,2018-11-02,2018-11-07,2018-11-06,Direct Freight,Standard,Delivered,0,True,46,10.16,none,5,9,Morning,8.0537,False,0.454,delivered within promise
HDEL002421,HORD002421,2018-01-07,2018-01-14,2018-01-13,DHL,Standard,Delivered,0,True,16,11.34,none,7,7,Afternoon,6.7796,True,0.513,delivered within promise
HDEL002422,HORD002422,2018-03-11,2018-03-16,2018-03-16,DHL,Express,Delivered,0,True,47,15.15,none,5,9,Morning,5.0931,True,0.419,delivered within promise
HDEL002423,HORD002423,2018-09-26,2018-10-01,2018-09-30,AusPost,Standard,Delivered,0,True,14,8.27,none,5,8,Afternoon,5.6864,True,1.191,delivered within promise
HDEL002424,HORD002424,2018-06-19,2018-06-24,2018-06-23,DHL,Standard,Delivered,0,True,47,10.4,none,5,3,Morning,5.9006,True,0.599,delivered within promise
HDEL002425,HORD002425,2018-11-20,2018-11-25,2018-11-24,DHL,Standard,Delivered,0,True,67,7.51,none,5,3,Anytime,3.9724,True,0.43,delivered within promise
HDEL002426,HORD002426,2018-10-29,2018-11-01,2018-11-01,DHL,Standard,Delivered,0,True,3,10.39,none,3,5,Morning,6.6671,False,0.399,delivered within promise
HDEL002427,HORD002427,2018-10-24,2018-10-27,2018-10-27,Direct Freight,Standard,Delivered,0,True,69,11.9,none,3,8,Afternoon,7.7396,True,0.581,delivered within promise
HDEL002428,HORD002428,2018-05-21,2018-05-28,2018-05-27,AusPost,Standard,Delivered,0,True,6,6.68,none,7,9,Morning,1.6321,True,0.32,delivered within promise
HDEL002429,HORD002429,2018-11-24,2018-11-30,2018-11-30,StarTrack,Express,Delivered,0,True,27,15.43,none,6,5,Morning,5.2882,True,0.479,delivered within promise
HDEL002430,HORD002430,2018-03-03,2018-03-06,2018-03-05,Direct Freight,Standard,Delivered,0,True,13,9.71,none,3,5,Afternoon,5.1871,True,0.342,delivered within promise
HDEL002431,HORD002431,2018-02-07,2018-02-14,2018-02-13,DHL,Standard,Delivered,0,True,59,8.97,none,7,5,Afternoon,3.5955,False,0.34,delivered within promise
HDEL002432,HORD002432,2018-12-03,2018-12-09,2018-12-08,Direct Freight,Standard,Delivered,0,True,17,9.15,none,6,9,Morning,4.7492,False,0.371,delivered within promise
HDEL002433,HORD002433,2018-03-23,2018-03-30,2018-03-30,DHL,Standard,Delivered,0,True,66,8.45,none,7,3,Afternoon,6.9179,True,0.509,delivered within promise
HDEL002434,HORD002434,2018-06-12,2018-06-17,2018-06-16,StarTrack,Standard,Delivered,0,True,51,9.56,none,5,7,Morning,1.8818,False,0.326,delivered within promise
HDEL002435,HORD002435,2018-07-27,2018-08-02,2018-08-02,DHL,Standard,Delivered,0,True,22,9.04,none,6,6,Afternoon,1.5797,False,0.267,delivered within promise
HDEL002436,HORD002436,2018-12-22,2018-12-28,2018-12-26,AusPost,Express,Delivered,0,True,54,19.0,none,6,4,Morning,5.0545,False,0.349,delivered within promise
HDEL002437,HORD002437,2018-11-17,2018-11-21,2018-11-20,AusPost,Standard,Delivered,0,True,65,11.33,none,4,5,Afternoon,6.8617,True,0.493,delivered within promise
HDEL002438,HORD002438,2018-03-15,2018-03-19,2018-03-19,AusPost,Standard,Delivered,0,True,6,10.65,none,4,7,Anytime,6.6351,True,0.501,delivered within promise
HDEL002439,HORD002439,2018-07-06,2018-07-11,2018-07-10,Direct Freight,Standard,Delivered,0,True,45,13.64,none,5,6,Morning,6.6135,True,0.534,delivered within promise
HDEL002440,HORD002440,2018-03-09,2018-03-15,2018-03-15,Direct Freight,Standard,Delivered,0,True,46,9.23,none,6,3,Morning,6.0031,True,0.516,delivered within promise
HDEL002441,HORD002441,2018-01-28,2018-02-01,2018-02-04,Direct Freight,Standard,Delivered,3,False,14,11.27,warehouse_congestion,4,8,Anytime,6.2259,False,0.452,carrier scan reconciled
HDEL002442,HORD002442,2018-03-15,2018-03-19,2018-03-18,Direct Freight,Standard,Delivered,0,True,63,10.61,none,4,4,Afternoon,6.1208,True,0.528,delivered within promise
HDEL002443,HORD002443,2018-05-18,2018-05-22,2018-05-22,AusPost,Standard,Delivered,0,True,62,10.99,none,4,6,Anytime,7.5536,True,0.546,delivered within promise
HDEL002444,HORD002444,2018-04-12,2018-04-17,2018-04-17,StarTrack,Express,Delivered,0,True,2,19.85,none,5,4,Morning,5.2669,False,0.415,delivered within promise
HDEL002445,HORD002445,2018-04-05,2018-04-10,2018-04-09,StarTrack,Standard,Delivered,0,True,33,6.6,none,5,8,Afternoon,2.9301,True,0.459,delivered within promise
HDEL002446,HORD002446,2018-01-21,2018-01-26,2018-01-25,AusPost,Standard,Delivered,0,True,19,9.12,none,5,6,Afternoon,8.0565,True,0.577,delivered within promise
HDEL002447,HORD002447,2018-11-05,2018-11-09,2018-11-08,StarTrack,Standard,Delivered,0,True,49,9.47,none,4,9,Anytime,4.0213,False,0.375,delivered within promise
HDEL002448,HORD002448,2018-04-10,2018-04-17,2018-04-17,Direct Freight,Express,Delivered,0,True,38,15.56,none,7,8,Morning,3.6475,True,0.488,delivered within promise
HDEL002449,HORD002449,2018-06-03,2018-06-10,2018-06-09,Direct Freight,Standard,Delivered,0,True,14,8.3,none,7,6,Anytime,0.3467,False,0.319,delivered within promise
HDEL002450,HORD002450,2018-12-18,2018-12-22,2018-12-21,Direct Freight,Express,Delivered,0,True,46,13.75,none,4,9,Morning,1.5797,True,0.445,delivered within promise
HDEL002451,HORD002451,2018-07-25,2018-07-31,2018-07-30,DHL,Standard,Delivered,0,True,70,13.21,none,6,9,Afternoon,5.3068,False,0.491,delivered within promise
HDEL002452,HORD002452,2018-07-03,2018-07-08,2018-07-07,StarTrack,Standard,Delivered,0,True,39,11.5,none,5,8,Morning,3.3418,True,0.48,delivered within promise
HDEL002453,HORD002453,2018-12-12,2018-12-15,2018-12-14,AusPost,Standard,Delivered,0,True,16,8.14,none,3,9,Anytime,3.6475,True,0.375,delivered within promise
HDEL002454,HORD002454,2018-12-11,2018-12-16,2018-12-14,DHL,Standard,Delivered,0,True,54,8.93,none,5,6,Afternoon,4.5739,True,0.342,delivered within promise
HDEL002455,HORD002455,2018-08-16,2018-08-23,2018-08-21,Direct Freight,Standard,Delivered,0,True,58,9.83,none,7,9,Afternoon,5.3613,True,0.713,delivered within promise
HDEL002456,HORD002456,2018-11-01,2018-11-05,2018-11-05,AusPost,Standard,Delivered,0,True,60,6.14,none,4,9,Morning,1.8818,True,1.12,delivered within promise
HDEL002457,HORD002457,2018-09-04,2018-09-09,2018-09-08,AusPost,Standard,Delivered,0,True,18,10.49,none,5,7,Afternoon,8.7338,True,1.228,delivered within promise
HDEL002458,HORD002458,2018-09-17,2018-09-22,2018-09-20,Direct Freight,Express,Delivered,0,True,8,19.94,none,5,9,Afternoon,5.5403,True,1.01,delivered within promise
HDEL002459,HORD002459,2018-11-29,2018-12-02,2018-11-30,StarTrack,Standard,Delivered,0,True,23,9.06,none,3,5,Afternoon,6.5356,True,0.404,delivered within promise
HDEL002460,HORD002460,2018-06-07,2018-06-11,2018-06-11,StarTrack,Standard,Delivered,0,True,12,10.31,none,4,7,Anytime,4.3318,False,0.316,delivered within promise
HDEL002461,HORD002461,2018-11-02,2018-11-05,2018-11-04,StarTrack,Standard,Delivered,0,True,2,9.32,none,3,7,Afternoon,8.9566,True,0.506,delivered within promise
HDEL002462,HORD002462,2018-05-05,2018-05-10,2018-05-10,StarTrack,Standard,Delivered,0,True,18,7.58,none,5,7,Afternoon,3.3602,True,0.306,delivered within promise
HDEL002463,HORD002463,2018-05-31,2018-06-07,2018-06-07,StarTrack,Standard,Delivered,0,True,8,7.36,none,7,8,Morning,4.2475,False,0.316,delivered within promise
HDEL002464,HORD002464,2018-08-17,2018-08-20,2018-08-19,StarTrack,Standard,Delivered,0,True,23,10.97,none,3,6,Anytime,2.4836,True,0.326,delivered within promise
HDEL002465,HORD002465,2018-01-31,2018-02-07,2018-02-10,StarTrack,Standard,Delivered,3,False,21,7.98,carrier_capacity,7,7,Morning,4.974,True,0.464,carrier scan reconciled
HDEL002466,HORD002466,2018-12-31,2019-01-03,2019-01-01,DHL,Standard,Delivered,0,True,26,9.04,none,3,8,Afternoon,6.0605,True,0.484,delivered within promise
HDEL002467,HORD002467,2018-12-15,2018-12-20,2018-12-19,AusPost,Standard,Delivered,0,True,69,8.07,none,5,7,Morning,2.1843,True,0.889,delivered within promise
HDEL002468,HORD002468,2018-05-19,2018-05-23,2018-05-23,StarTrack,Standard,Delivered,0,True,45,8.56,none,4,4,Morning,3.0676,False,0.311,delivered within promise
HDEL002469,HORD002469,2018-05-19,2018-05-23,2018-05-23,DHL,Standard,Delivered,0,True,13,10.73,none,4,5,Afternoon,6.6135,True,0.396,delivered within promise
HDEL002470,HORD002470,2018-04-10,2018-04-16,2018-04-16,AusPost,Standard,Delivered,0,True,17,11.78,none,6,4,Morning,7.6726,True,1.485,delivered within promise
HDEL002471,HORD002471,2018-08-24,2018-08-30,2018-08-28,Direct Freight,Standard,Delivered,0,True,54,11.94,none,6,6,Afternoon,3.7377,False,0.339,delivered within promise
HDEL002472,HORD002472,2018-08-21,2018-08-24,2018-08-24,Direct Freight,Standard,Delivered,0,True,44,9.97,none,3,9,Afternoon,3.9724,False,0.404,delivered within promise
HDEL002473,HORD002473,2018-08-22,2018-08-26,2018-08-25,StarTrack,Express,Delivered,0,True,50,21.17,none,4,7,Anytime,4.3953,True,0.608,delivered within promise
HDEL002474,HORD002474,2018-10-18,2018-10-23,2018-10-21,DHL,Express,Delivered,0,True,66,17.34,none,5,3,Morning,6.8585,True,1.672,delivered within promise
HDEL002475,HORD002475,2018-09-24,2018-09-27,2018-09-26,StarTrack,Standard,Delivered,0,True,8,10.36,none,3,7,Afternoon,8.7338,True,0.512,delivered within promise
HDEL002476,HORD002476,2018-05-31,2018-06-04,2018-06-03,Direct Freight,Standard,Delivered,0,True,28,8.3,none,4,8,Afternoon,7.355,False,0.433,delivered within promise
HDEL002477,HORD002477,2018-06-08,2018-06-11,2018-06-09,StarTrack,Standard,Delivered,0,True,50,8.62,none,3,3,Morning,0.7721,False,1.046,delivered within promise
HDEL002478,HORD002478,2018-01-26,2018-02-02,2018-02-02,StarTrack,Express,Delivered,0,True,32,18.06,none,7,3,Morning,6.8429,False,0.549,delivered within promise
HDEL002479,HORD002479,2018-07-27,2018-08-01,2018-08-01,DHL,Standard,Delivered,0,True,66,9.47,none,5,5,Anytime,5.3249,True,0.491,delivered within promise
HDEL002480,HORD002480,2018-02-08,2018-02-15,2018-02-14,DHL,Standard,Delivered,0,True,4,9.28,none,7,4,Anytime,5.5403,True,0.475,delivered within promise
HDEL002481,HORD002481,2018-09-20,2018-09-25,2018-09-25,StarTrack,Standard,Delivered,0,True,50,10.4,none,5,4,Anytime,8.3331,False,0.456,delivered within promise
HDEL002482,HORD002482,2018-12-10,2018-12-15,2018-12-15,Direct Freight,Standard,Delivered,0,True,64,10.18,none,5,6,Anytime,5.3515,False,0.324,delivered within promise
HDEL002483,HORD002483,2018-11-05,2018-11-09,2018-11-07,DHL,Standard,Delivered,0,True,62,9.04,none,4,3,Anytime,5.8992,True,1.083,delivered within promise
HDEL002484,HORD002484,2018-04-06,2018-04-12,2018-04-11,DHL,Standard,Delivered,0,True,73,8.29,none,6,6,Morning,3.9472,True,0.492,delivered within promise
HDEL002485,HORD002485,2018-05-15,2018-05-22,2018-05-22,DHL,Standard,Delivered,0,True,50,8.35,none,7,6,Anytime,7.3787,True,0.954,delivered within promise
HDEL002486,HORD002486,2018-04-05,2018-04-08,2018-04-06,Direct Freight,Standard,Delivered,0,True,2,11.12,none,3,3,Afternoon,7.1054,False,0.389,delivered within promise
HDEL002487,HORD002487,2018-10-03,2018-10-10,2018-10-09,Direct Freight,Standard,Delivered,0,True,5,9.36,none,7,6,Afternoon,6.0108,True,0.397,delivered within promise
HDEL002488,HORD002488,2018-06-25,2018-06-29,2018-06-27,DHL,Standard,Delivered,0,True,31,10.49,none,4,6,Anytime,6.753,True,0.459,delivered within promise
HDEL002489,HORD002489,2018-11-06,2018-11-12,2018-11-12,AusPost,Express,Delivered,0,True,17,15.29,none,6,7,Afternoon,3.0357,True,0.348,delivered within promise
HDEL002490,HORD002490,2018-06-27,2018-07-01,2018-07-02,DHL,Express,Delivered,1,False,20,17.55,weather,4,4,Afternoon,0.8411,True,0.915,carrier scan reconciled
HDEL002491,HORD002491,2018-05-26,2018-06-02,2018-06-01,StarTrack,Standard,Delivered,0,True,49,8.69,none,7,6,Anytime,7.424,True,0.45,delivered within promise
HDEL002492,HORD002492,2018-12-24,2018-12-27,2018-12-25,StarTrack,Standard,Delivered,0,True,65,12.06,none,3,8,Afternoon,9.2711,True,0.556,delivered within promise
HDEL002493,HORD002493,2018-08-08,2018-08-11,2018-08-10,Direct Freight,Standard,Delivered,0,True,36,15.35,none,3,6,Morning,7.8766,True,0.412,delivered within promise
HDEL002494,HORD002494,2018-06-23,2018-06-27,2018-06-25,AusPost,Standard,Delivered,0,True,43,9.14,none,4,5,Anytime,2.9046,True,0.443,delivered within promise
HDEL002495,HORD002495,2018-10-28,2018-10-31,2018-10-30,DHL,Standard,Delivered,0,True,23,8.65,none,3,7,Anytime,5.2882,False,0.324,delivered within promise
HDEL002496,HORD002496,2018-04-14,2018-04-17,2018-04-15,AusPost,Standard,Delivered,0,True,34,7.32,none,3,8,Anytime,3.6546,True,0.354,delivered within promise
HDEL002497,HORD002497,2018-07-16,2018-07-20,2018-07-20,DHL,Standard,Delivered,0,True,43,13.74,none,4,7,Afternoon,7.9059,True,0.639,delivered within promise
HDEL002498,HORD002498,2018-03-28,2018-04-02,2018-04-01,StarTrack,Express,Delivered,0,True,44,16.1,none,5,7,Anytime,4.8879,True,1.198,delivered within promise
HDEL002499,HORD002499,2018-04-09,2018-04-14,2018-04-14,StarTrack,Standard,Delivered,0,True,15,8.36,none,5,7,Anytime,3.4226,True,0.517,delivered within promise
HDEL002500,HORD002500,2018-03-28,2018-04-04,2018-04-02,StarTrack,Standard,Delivered,0,True,70,8.39,none,7,3,Anytime,7.408,False,0.43,delivered within promise
HDEL002501,HORD002501,2018-01-23,2018-01-26,2018-01-26,StarTrack,Standard,Delivered,0,True,47,8.88,none,3,5,Anytime,2.7874,True,0.462,delivered within promise
HDEL002502,HORD002502,2018-03-10,2018-03-14,2018-03-13,AusPost,Standard,Delivered,0,True,33,8.31,none,4,4,Morning,7.2645,True,0.534,delivered within promise
HDEL002503,HORD002503,2018-07-24,2018-07-27,2018-07-26,Direct Freight,Standard,Delivered,0,True,70,14.75,none,3,6,Afternoon,7.1651,False,0.568,delivered within promise
HDEL002504,HORD002504,2018-10-15,2018-10-18,2018-10-17,Direct Freight,Standard,Delivered,0,True,52,10.11,none,3,4,Morning,5.2882,True,0.459,delivered within promise
HDEL002505,HORD002505,2018-05-16,2018-05-19,2018-05-19,AusPost,Express,Delivered,0,True,15,21.15,none,3,9,Afternoon,8.2355,False,0.45,delivered within promise
HDEL002506,HORD002506,2018-08-26,2018-09-01,2018-08-31,StarTrack,Standard,Delivered,0,True,70,12.61,none,6,6,Morning,7.6404,False,0.413,delivered within promise
HDEL002507,HORD002507,2018-08-04,2018-08-07,2018-08-07,AusPost,Standard,Delivered,0,True,63,15.58,none,3,7,Afternoon,9.7072,True,0.533,delivered within promise
HDEL002508,HORD002508,2018-07-22,2018-07-29,2018-07-27,DHL,Express,Delivered,0,True,39,24.24,none,7,4,Anytime,6.0031,True,0.415,delivered within promise
HDEL002509,HORD002509,2018-12-16,2018-12-20,2018-12-19,DHL,Express,Delivered,0,True,33,16.53,none,4,5,Anytime,5.9533,True,1.24,delivered within promise
HDEL002510,HORD002510,2018-06-01,2018-06-06,2018-06-04,AusPost,Standard,Delivered,0,True,56,8.38,none,5,4,Morning,4.6463,True,0.37,delivered within promise
HDEL002511,HORD002511,2018-04-21,2018-04-27,2018-04-25,AusPost,Express,Delivered,0,True,65,17.21,none,6,6,Anytime,6.6135,True,0.451,delivered within promise
HDEL002512,HORD002512,2018-04-27,2018-05-01,2018-05-01,StarTrack,Standard,Delivered,0,True,8,7.12,none,4,6,Morning,1.0071,True,0.51,delivered within promise
HDEL002513,HORD002513,2018-08-11,2018-08-17,2018-08-15,AusPost,Standard,Delivered,0,True,11,8.77,none,6,9,Afternoon,1.5938,True,0.468,delivered within promise
HDEL002514,HORD002514,2018-09-07,2018-09-13,2018-09-11,Direct Freight,Standard,Delivered,0,True,42,7.77,none,6,6,Morning,5.1871,True,0.846,delivered within promise
HDEL002515,HORD002515,2018-12-26,2019-01-01,2019-01-01,Direct Freight,Standard,Delivered,0,True,48,8.72,none,6,4,Afternoon,5.8765,False,0.39,delivered within promise
HDEL002516,HORD002516,2018-10-05,2018-10-09,2018-10-08,StarTrack,Standard,Delivered,0,True,40,7.5,none,4,7,Morning,5.2882,True,0.506,delivered within promise
HDEL002517,HORD002517,2018-07-02,2018-07-05,2018-07-05,DHL,Standard,Delivered,0,True,6,13.75,none,3,5,Anytime,6.7742,False,0.556,delivered within promise
HDEL002518,HORD002518,2018-06-05,2018-06-09,2018-06-09,Direct Freight,Standard,Delivered,0,True,73,11.5,none,4,4,Morning,5.4918,True,0.786,delivered within promise
HDEL002519,HORD002519,2018-10-08,2018-10-15,2018-10-13,StarTrack,Standard,Delivered,0,True,24,8.49,none,7,6,Morning,4.9215,True,1.077,delivered within promise
HDEL002520,HORD002520,2018-12-21,2018-12-28,2018-12-26,DHL,Standard,Delivered,0,True,49,9.06,none,7,8,Morning,2.9301,True,0.364,delivered within promise
HDEL002521,HORD002521,2018-10-07,2018-10-11,2018-10-09,DHL,Standard,Delivered,0,True,20,11.08,none,4,6,Morning,9.687,True,0.546,delivered within promise
HDEL002522,HORD002522,2018-03-25,2018-03-30,2018-03-28,DHL,Express,Delivered,0,True,15,19.58,none,5,6,Morning,5.0399,False,0.878,delivered within promise
HDEL002523,HORD002523,2018-10-21,2018-10-26,2018-10-24,DHL,Express,Delivered,0,True,27,14.68,none,5,5,Afternoon,4.0259,False,0.371,delivered within promise
HDEL002524,HORD002524,2018-12-14,2018-12-19,2018-12-18,Direct Freight,Standard,Delivered,0,True,42,9.8,none,5,9,Anytime,7.1166,True,0.636,delivered within promise
HDEL002525,HORD002525,2018-06-02,2018-06-07,2018-06-05,AusPost,Standard,Delivered,0,True,62,8.0,none,5,8,Anytime,3.2578,True,1.016,delivered within promise
HDEL002526,HORD002526,2018-07-23,2018-07-30,2018-07-29,StarTrack,Standard,Delivered,0,True,26,11.8,none,7,6,Afternoon,5.2882,True,0.504,delivered within promise
HDEL002527,HORD002527,2018-02-24,2018-03-03,2018-03-03,AusPost,Standard,Delivered,0,True,28,8.92,none,7,6,Morning,6.8617,True,0.466,delivered within promise
HDEL002528,HORD002528,2018-05-19,2018-05-24,2018-05-22,Direct Freight,Standard,Delivered,0,True,10,9.57,none,5,9,Anytime,4.4633,True,0.451,delivered within promise
HDEL002529,HORD002529,2018-03-02,2018-03-07,2018-03-07,StarTrack,Standard,Delivered,0,True,52,9.93,none,5,9,Morning,6.386,False,0.438,delivered within promise
HDEL002530,HORD002530,2018-07-04,2018-07-09,2018-07-09,Direct Freight,Standard,Delivered,0,True,30,10.39,none,5,8,Anytime,5.2666,False,0.972,delivered within promise
HDEL002531,HORD002531,2018-12-28,2018-12-31,2018-12-29,AusPost,Express,Delivered,0,True,22,21.2,none,3,7,Anytime,7.5016,True,0.528,delivered within promise
HDEL002532,HORD002532,2018-09-16,2018-09-21,2018-09-19,StarTrack,Express,Delivered,0,True,70,18.92,none,5,4,Morning,4.0663,True,0.632,delivered within promise
HDEL002533,HORD002533,2018-02-11,2018-02-18,2018-02-17,Direct Freight,Express,Delivered,0,True,15,17.38,none,7,6,Anytime,6.7199,True,0.583,delivered within promise
HDEL002534,HORD002534,2018-08-04,2018-08-11,2018-08-09,Direct Freight,Standard,Delivered,0,True,39,12.1,none,7,3,Afternoon,7.578,False,0.409,delivered within promise
HDEL002535,HORD002535,2018-08-11,2018-08-16,2018-08-15,AusPost,Standard,Delivered,0,True,73,9.44,none,5,8,Afternoon,3.028,False,0.995,delivered within promise
HDEL002536,HORD002536,2018-06-23,2018-06-26,2018-06-24,DHL,Standard,Delivered,0,True,24,9.8,none,3,9,Anytime,4.4197,True,0.711,delivered within promise
HDEL002537,HORD002537,2018-10-15,2018-10-18,2018-10-17,AusPost,Standard,Delivered,0,True,20,9.54,none,3,5,Morning,4.7492,True,0.37,delivered within promise
HDEL002538,HORD002538,2018-11-14,2018-11-21,2018-11-19,StarTrack,Standard,Delivered,0,True,58,8.45,none,7,3,Anytime,7.0574,False,0.532,delivered within promise
HDEL002539,HORD002539,2018-04-13,2018-04-19,2018-04-17,StarTrack,Standard,Delivered,0,True,17,7.27,none,6,9,Anytime,5.0434,True,0.492,delivered within promise
HDEL002540,HORD002540,2018-10-03,2018-10-06,2018-10-04,StarTrack,Standard,Delivered,0,True,31,8.45,none,3,3,Morning,3.7377,True,0.426,delivered within promise
HDEL002541,HORD002541,2018-02-10,2018-02-17,2018-02-15,DHL,Standard,Delivered,0,True,14,7.37,none,7,8,Anytime,1.4968,True,0.968,delivered within promise
HDEL002542,HORD002542,2018-10-30,2018-11-02,2018-11-02,AusPost,Standard,Delivered,0,True,73,8.76,none,3,3,Anytime,6.9396,True,0.44,delivered within promise
HDEL002543,HORD002543,2018-03-25,2018-03-31,2018-03-29,Direct Freight,Standard,Delivered,0,True,35,10.8,none,6,6,Morning,6.3062,True,0.619,delivered within promise
HDEL002544,HORD002544,2018-10-12,2018-10-15,2018-10-15,Direct Freight,Express,Delivered,0,True,53,20.99,none,3,6,Afternoon,7.1568,False,0.497,delivered within promise
HDEL002545,HORD002545,2018-03-21,2018-03-27,2018-03-26,StarTrack,Standard,Delivered,0,True,67,6.18,none,6,4,Morning,2.704,True,0.824,delivered within promise
HDEL002546,HORD002546,2018-06-05,2018-06-12,2018-06-10,StarTrack,Standard,Delivered,0,True,32,11.53,none,7,9,Afternoon,4.555,False,0.413,delivered within promise
HDEL002547,HORD002547,2018-04-07,2018-04-12,2018-04-10,Direct Freight,Standard,Delivered,0,True,29,11.89,none,5,5,Afternoon,8.0765,False,0.443,delivered within promise
HDEL002548,HORD002548,2018-11-15,2018-11-20,2018-11-18,AusPost,Express,Delivered,0,True,57,18.96,none,5,8,Afternoon,8.2822,False,0.416,delivered within promise
HDEL002549,HORD002549,2018-11-28,2018-12-03,2018-12-02,StarTrack,Standard,Delivered,0,True,18,8.65,none,5,9,Afternoon,4.555,False,0.361,delivered within promise
HDEL002550,HORD002550,2018-07-03,2018-07-10,2018-07-10,Direct Freight,Standard,Delivered,0,True,2,10.24,none,7,6,Afternoon,5.2597,True,0.423,delivered within promise
HDEL002551,HORD002551,2018-10-22,2018-10-29,2018-10-29,AusPost,Standard,Delivered,0,True,30,12.8,none,7,3,Morning,8.9566,True,0.656,delivered within promise
HDEL002552,HORD002552,2018-07-12,2018-07-15,2018-07-15,DHL,Standard,Delivered,0,True,15,13.58,none,3,8,Afternoon,6.4658,True,1.142,delivered within promise
HDEL002553,HORD002553,2018-08-30,2018-09-04,2018-09-04,Direct Freight,Express,Delivered,0,True,5,26.05,none,5,7,Anytime,6.6725,False,0.448,delivered within promise
HDEL002554,HORD002554,2018-11-25,2018-11-29,2018-11-29,StarTrack,Standard,Delivered,0,True,5,9.74,none,4,6,Anytime,5.4595,False,0.34,delivered within promise
HDEL002555,HORD002555,2018-05-31,2018-06-04,2018-06-04,DHL,Standard,Delivered,0,True,19,11.32,none,4,9,Morning,6.7995,True,0.574,delivered within promise
HDEL002556,HORD002556,2018-09-19,2018-09-23,2018-09-21,Direct Freight,Standard,Delivered,0,True,71,9.37,none,4,5,Anytime,3.7343,False,0.334,delivered within promise
HDEL002557,HORD002557,2018-11-07,2018-11-13,2018-11-12,AusPost,Standard,Delivered,0,True,16,9.34,none,6,7,Anytime,7.8676,True,0.517,delivered within promise
HDEL002558,HORD002558,2018-08-22,2018-08-27,2018-08-25,StarTrack,Standard,Delivered,0,True,63,11.05,none,5,5,Morning,4.416,True,0.516,delivered within promise
HDEL002559,HORD002559,2018-04-16,2018-04-23,2018-04-22,StarTrack,Standard,Delivered,0,True,2,6.98,none,7,8,Anytime,1.4362,True,0.461,delivered within promise
HDEL002560,HORD002560,2018-03-08,2018-03-11,2018-03-09,DHL,Standard,Delivered,0,True,16,9.16,none,3,6,Morning,7.5016,True,0.923,delivered within promise
HDEL002561,HORD002561,2018-03-10,2018-03-17,2018-03-15,StarTrack,Standard,Delivered,0,True,2,7.88,none,7,9,Afternoon,6.0031,True,0.46,delivered within promise
HDEL002562,HORD002562,2018-02-01,2018-02-06,2018-02-06,DHL,Standard,Delivered,0,True,42,9.54,none,5,7,Afternoon,5.0434,False,0.372,delivered within promise
HDEL002563,HORD002563,2018-01-06,2018-01-12,2018-01-10,StarTrack,Standard,Delivered,0,True,19,7.42,none,6,3,Anytime,3.3529,False,0.288,delivered within promise
HDEL002564,HORD002564,2018-01-25,2018-01-28,2018-01-27,Direct Freight,Express,Delivered,0,True,46,17.68,none,3,8,Afternoon,6.4658,True,1.095,delivered within promise
HDEL002565,HORD002565,2018-02-05,2018-02-11,2018-02-10,Direct Freight,Standard,Delivered,0,True,45,8.97,none,6,7,Morning,3.5762,True,0.326,delivered within promise
HDEL002566,HORD002566,2018-06-08,2018-06-15,2018-06-13,StarTrack,Standard,Delivered,0,True,36,11.23,none,7,4,Afternoon,6.9476,True,0.439,delivered within promise
HDEL002567,HORD002567,2018-05-06,2018-05-10,2018-05-09,StarTrack,Standard,Delivered,0,True,12,8.74,none,4,4,Afternoon,4.0663,False,0.308,delivered within promise
HDEL002568,HORD002568,2018-09-18,2018-09-23,2018-09-21,DHL,Express,Delivered,0,True,10,18.01,none,5,3,Afternoon,6.8906,True,0.478,delivered within promise
HDEL002569,HORD002569,2018-12-05,2018-12-09,2018-12-07,AusPost,Standard,Delivered,0,True,24,6.92,none,4,3,Afternoon,3.7052,True,0.392,delivered within promise
HDEL002570,HORD002570,2018-11-06,2018-11-10,2018-11-09,StarTrack,Express,Delivered,0,True,23,17.18,none,4,6,Afternoon,7.8676,True,0.46,delivered within promise
HDEL002571,HORD002571,2018-01-29,2018-02-04,2018-02-03,Direct Freight,Standard,Delivered,0,True,48,6.69,none,6,6,Anytime,0.6788,False,0.306,delivered within promise
HDEL002572,HORD002572,2018-09-26,2018-10-01,2018-10-01,Direct Freight,Standard,Delivered,0,True,14,8.64,none,5,9,Afternoon,3.933,False,0.425,delivered within promise
HDEL002573,HORD002573,2018-11-09,2018-11-15,2018-11-13,AusPost,Standard,Delivered,0,True,69,12.1,none,6,5,Afternoon,8.7636,False,0.475,delivered within promise
HDEL002574,HORD002574,2018-06-28,2018-07-01,2018-06-30,AusPost,Standard,Delivered,0,True,8,10.95,none,3,6,Morning,5.0931,True,0.585,delivered within promise
HDEL002575,HORD002575,2018-02-21,2018-02-26,2018-02-24,Direct Freight,Standard,Delivered,0,True,20,8.52,none,5,9,Afternoon,2.8809,True,0.411,delivered within promise
HDEL002576,HORD002576,2018-10-04,2018-10-11,2018-10-10,AusPost,Standard,Delivered,0,True,9,9.71,none,7,9,Anytime,6.6135,True,0.522,delivered within promise
HDEL002577,HORD002577,2018-04-06,2018-04-13,2018-04-11,DHL,Express,Delivered,0,True,44,13.26,none,7,5,Afternoon,2.0846,True,0.324,delivered within promise
HDEL002578,HORD002578,2018-12-29,2019-01-03,2019-01-03,StarTrack,Standard,Delivered,0,True,6,7.23,none,5,3,Anytime,2.5443,True,0.326,delivered within promise
HDEL002579,HORD002579,2018-03-21,2018-03-25,2018-03-24,Direct Freight,Standard,Delivered,0,True,50,6.69,none,4,7,Afternoon,3.1441,False,0.285,delivered within promise
HDEL002580,HORD002580,2018-11-24,2018-11-28,2018-11-26,StarTrack,Standard,Delivered,0,True,68,10.05,none,4,7,Afternoon,5.6239,True,0.502,delivered within promise
HDEL002581,HORD002581,2018-02-13,2018-02-20,2018-02-18,Direct Freight,Standard,Delivered,0,True,19,10.34,none,7,6,Morning,6.6032,True,0.506,delivered within promise
HDEL002582,HORD002582,2018-01-19,2018-01-23,2018-01-21,StarTrack,Standard,Delivered,0,True,57,9.44,none,4,5,Anytime,3.4799,True,0.379,delivered within promise
HDEL002583,HORD002583,2018-05-02,2018-05-05,2018-05-03,Direct Freight,Express,Delivered,0,True,12,16.67,none,3,8,Anytime,6.6671,True,0.618,delivered within promise
HDEL002584,HORD002584,2018-08-30,2018-09-04,2018-09-03,Direct Freight,Express,Delivered,0,True,43,22.96,none,5,8,Anytime,7.7904,False,0.434,delivered within promise
HDEL002585,HORD002585,2018-10-27,2018-11-02,2018-11-01,AusPost,Standard,Delivered,0,True,51,8.06,none,6,5,Morning,5.996,True,0.962,delivered within promise
HDEL002586,HORD002586,2018-02-17,2018-02-20,2018-02-18,Direct Freight,Standard,Delivered,0,True,11,9.54,none,3,7,Anytime,6.783,False,0.413,delivered within promise
HDEL002587,HORD002587,2018-05-06,2018-05-11,2018-05-11,StarTrack,Standard,Delivered,0,True,46,9.23,none,5,6,Anytime,4.631,False,0.317,delivered within promise
HDEL002588,HORD002588,2018-08-15,2018-08-20,2018-08-18,DHL,Standard,Delivered,0,True,21,10.67,none,5,7,Morning,3.0741,False,0.474,delivered within promise
HDEL002589,HORD002589,2018-05-12,2018-05-19,2018-05-19,StarTrack,Standard,Delivered,0,True,64,11.37,none,7,9,Morning,7.1466,True,0.517,delivered within promise
HDEL002590,HORD002590,2018-02-25,2018-03-01,2018-02-28,StarTrack,Express,Delivered,0,True,64,13.18,none,4,3,Afternoon,0.87,True,0.368,delivered within promise
HDEL002591,HORD002591,2018-12-03,2018-12-07,2018-12-07,DHL,Standard,Delivered,0,True,23,10.38,none,4,6,Morning,6.514,True,0.442,delivered within promise
HDEL002592,HORD002592,2018-09-15,2018-09-20,2018-09-18,DHL,Express,Delivered,0,True,6,17.87,none,5,3,Anytime,6.7349,False,0.48,delivered within promise
HDEL002593,HORD002593,2018-01-02,2018-01-08,2018-01-08,StarTrack,Standard,Delivered,0,True,18,9.81,none,6,6,Morning,7.4143,True,0.47,delivered within promise
HDEL002594,HORD002594,2018-08-20,2018-08-23,2018-08-22,StarTrack,Standard,Delivered,0,True,53,10.48,none,3,7,Anytime,3.5762,True,0.419,delivered within promise
HDEL002595,HORD002595,2018-07-13,2018-07-20,2018-07-19,Direct Freight,Standard,Delivered,0,True,65,11.77,none,7,4,Morning,6.0765,False,0.399,delivered within promise
HDEL002596,HORD002596,2018-10-06,2018-10-09,2018-10-12,StarTrack,Standard,Delivered,3,False,39,7.49,weather,3,4,Afternoon,5.2534,False,0.436,carrier scan reconciled
HDEL002597,HORD002597,2018-04-06,2018-04-09,2018-04-08,Direct Freight,Standard,Delivered,0,True,21,8.57,none,3,4,Afternoon,6.1407,False,0.468,delivered within promise
HDEL002598,HORD002598,2018-05-11,2018-05-18,2018-05-16,DHL,Standard,Delivered,0,True,31,7.52,none,7,9,Afternoon,3.2578,True,1.014,delivered within promise
HDEL002599,HORD002599,2018-11-18,2018-11-23,2018-11-22,DHL,Standard,Delivered,0,True,13,8.44,none,5,3,Anytime,6.0108,False,0.433,delivered within promise
HDEL002600,HORD002600,2018-10-23,2018-10-28,2018-10-26,AusPost,Express,Delivered,0,True,33,19.85,none,5,6,Anytime,7.5369,False,0.391,delivered within promise
HDEL002601,HORD002601,2018-09-22,2018-09-29,2018-09-29,StarTrack,Express,Delivered,0,True,33,20.54,none,7,4,Anytime,6.783,True,0.687,delivered within promise
HDEL002602,HORD002602,2018-05-11,2018-05-14,2018-05-14,DHL,Standard,Delivered,0,True,48,5.61,none,3,3,Morning,1.5895,False,0.361,delivered within promise
HDEL002603,HORD002603,2018-08-15,2018-08-22,2018-08-21,DHL,Standard,Delivered,0,True,56,13.98,none,7,3,Morning,7.9406,False,0.391,delivered within promise
HDEL002604,HORD002604,2018-10-31,2018-11-05,2018-11-05,Direct Freight,Standard,Delivered,0,True,37,8.81,none,5,9,Morning,4.555,False,0.377,delivered within promise
HDEL002605,HORD002605,2018-04-08,2018-04-13,2018-04-13,DHL,Standard,Delivered,0,True,18,9.7,none,5,8,Anytime,5.3068,True,0.529,delivered within promise
HDEL002606,HORD002606,2018-10-07,2018-10-13,2018-10-13,DHL,Standard,Delivered,0,True,53,11.59,none,6,8,Afternoon,6.983,False,0.458,delivered within promise
HDEL002607,HORD002607,2018-06-29,2018-07-06,2018-07-05,Direct Freight,Standard,Delivered,0,True,64,14.09,none,7,5,Afternoon,6.8429,True,0.658,delivered within promise
HDEL002608,HORD002608,2018-12-16,2018-12-19,2018-12-19,StarTrack,Express,Delivered,0,True,56,18.16,none,3,6,Anytime,3.4785,False,0.302,delivered within promise
HDEL002609,HORD002609,2018-11-01,2018-11-07,2018-11-05,DHL,Standard,Delivered,0,True,57,8.91,none,6,3,Anytime,6.2791,False,0.41,delivered within promise
HDEL002610,HORD002610,2018-01-28,2018-02-01,2018-02-01,StarTrack,Standard,Delivered,0,True,18,8.09,none,4,8,Morning,3.9472,True,0.412,delivered within promise
HDEL002611,HORD002611,2018-01-12,2018-01-15,2018-01-15,Direct Freight,Express,Delivered,0,True,31,18.53,none,3,8,Afternoon,3.333,True,0.551,delivered within promise
HDEL002612,HORD002612,2018-03-22,2018-03-28,2018-03-28,AusPost,Standard,Delivered,0,True,72,9.41,none,6,8,Morning,7.5016,True,0.583,delivered within promise
HDEL002613,HORD002613,2018-03-28,2018-03-31,2018-03-30,StarTrack,Standard,Delivered,0,True,38,7.78,none,3,8,Afternoon,3.2243,True,1.191,delivered within promise
HDEL002614,HORD002614,2018-11-22,2018-11-25,2018-11-25,Direct Freight,Standard,Delivered,0,True,34,7.3,none,3,3,Afternoon,2.2928,True,0.505,delivered within promise
HDEL002615,HORD002615,2018-02-13,2018-02-18,2018-02-18,DHL,Standard,Delivered,0,True,60,9.18,none,5,9,Anytime,5.9963,True,0.438,delivered within promise
HDEL002616,HORD002616,2018-12-21,2018-12-28,2018-12-27,Direct Freight,Standard,Delivered,0,True,17,9.76,none,7,3,Anytime,3.9472,True,0.76,delivered within promise
HDEL002617,HORD002617,2018-10-17,2018-10-23,2018-10-21,Direct Freight,Standard,Delivered,0,True,53,6.93,none,6,7,Morning,0.8202,True,0.336,delivered within promise
HDEL002618,HORD002618,2018-08-24,2018-08-28,2018-08-26,Direct Freight,Express,Delivered,0,True,22,16.86,none,4,5,Morning,1.0784,True,0.376,delivered within promise
HDEL002619,HORD002619,2018-12-11,2018-12-16,2018-12-15,AusPost,Express,Delivered,0,True,11,16.02,none,5,4,Afternoon,7.355,True,0.573,delivered within promise
HDEL002620,HORD002620,2018-05-14,2018-05-20,2018-05-18,Direct Freight,Standard,Delivered,0,True,25,6.91,none,6,5,Afternoon,2.4538,True,0.494,delivered within promise
HDEL002621,HORD002621,2018-08-08,2018-08-14,2018-08-14,AusPost,Standard,Delivered,0,True,71,10.05,none,6,3,Afternoon,4.0669,True,1.579,delivered within promise
HDEL002622,HORD002622,2018-07-11,2018-07-14,2018-07-13,DHL,Express,Delivered,0,True,72,21.29,none,3,5,Afternoon,4.2248,True,0.461,delivered within promise
HDEL002623,HORD002623,2018-04-05,2018-04-10,2018-04-10,StarTrack,Standard,Delivered,0,True,42,6.57,none,5,4,Morning,3.1348,True,0.527,delivered within promise
HDEL002624,HORD002624,2018-03-28,2018-04-02,2018-03-31,Direct Freight,Standard,Delivered,0,True,69,8.02,none,5,7,Anytime,5.1954,True,0.455,delivered within promise
HDEL002625,HORD002625,2018-03-25,2018-03-29,2018-03-28,DHL,Standard,Delivered,0,True,31,7.92,none,4,3,Anytime,2.1843,True,0.443,delivered within promise
HDEL002626,HORD002626,2018-08-05,2018-08-10,2018-08-08,Direct Freight,Standard,Delivered,0,True,47,13.49,none,5,9,Anytime,7.8676,True,0.48,delivered within promise
HDEL002627,HORD002627,2018-01-03,2018-01-07,2018-01-06,Direct Freight,Standard,Delivered,0,True,10,11.72,none,4,8,Anytime,8.7071,True,0.467,delivered within promise
HDEL002628,HORD002628,2018-04-12,2018-04-18,2018-04-16,DHL,Standard,Delivered,0,True,4,10.35,none,6,3,Morning,6.6671,False,0.365,delivered within promise
HDEL002629,HORD002629,2018-07-18,2018-07-23,2018-07-21,AusPost,Standard,Delivered,0,True,10,13.61,none,5,9,Anytime,6.9183,True,1.166,delivered within promise
HDEL002630,HORD002630,2018-03-21,2018-03-25,2018-03-28,AusPost,Standard,Delivered,3,False,16,8.69,weather,4,6,Anytime,7.7907,False,0.431,carrier scan reconciled
HDEL002631,HORD002631,2018-11-14,2018-11-19,2018-11-19,DHL,Standard,Delivered,0,True,44,6.2,none,5,9,Morning,2.0932,True,0.367,delivered within promise
HDEL002632,HORD002632,2018-01-28,2018-01-31,2018-01-29,Direct Freight,Standard,Delivered,0,True,55,8.14,none,3,6,Anytime,5.9544,True,1.211,delivered within promise
HDEL002633,HORD002633,2018-01-24,2018-01-31,2018-01-30,StarTrack,Standard,Delivered,0,True,47,9.56,none,7,3,Afternoon,6.1688,True,0.37,delivered within promise
HDEL002634,HORD002634,2018-10-18,2018-10-24,2018-10-24,AusPost,Standard,Delivered,0,True,72,10.45,none,6,9,Afternoon,6.5462,False,0.447,delivered within promise
HDEL002635,HORD002635,2018-08-19,2018-08-23,2018-08-23,StarTrack,Express,Delivered,0,True,73,22.47,none,4,7,Afternoon,6.6906,True,0.468,delivered within promise
HDEL002636,HORD002636,2018-07-27,2018-08-03,2018-08-01,AusPost,Standard,Delivered,0,True,35,12.92,none,7,9,Afternoon,7.2473,False,0.48,delivered within promise
HDEL002637,HORD002637,2018-09-02,2018-09-07,2018-09-07,Direct Freight,Standard,Delivered,0,True,70,11.91,none,5,3,Anytime,4.6923,False,0.351,delivered within promise
HDEL002638,HORD002638,2018-05-21,2018-05-28,2018-05-27,AusPost,Standard,Delivered,0,True,40,10.66,none,7,9,Anytime,7.7244,True,1.736,delivered within promise
HDEL002639,HORD002639,2018-07-18,2018-07-22,2018-07-21,AusPost,Standard,Delivered,0,True,40,11.77,none,4,7,Anytime,3.6934,True,0.444,delivered within promise
HDEL002640,HORD002640,2018-02-17,2018-02-22,2018-02-22,DHL,Standard,Delivered,0,True,53,10.24,none,5,4,Anytime,6.8617,False,0.445,delivered within promise
HDEL002641,HORD002641,2018-12-04,2018-12-11,2018-12-10,Direct Freight,Standard,Delivered,0,True,58,8.62,none,7,7,Morning,4.4633,True,0.542,delivered within promise
HDEL002642,HORD002642,2018-08-03,2018-08-10,2018-08-08,Direct Freight,Standard,Delivered,0,True,46,15.45,none,7,7,Afternoon,8.7178,True,0.482,delivered within promise
HDEL002643,HORD002643,2018-12-12,2018-12-18,2018-12-16,StarTrack,Standard,Delivered,0,True,3,9.47,none,6,8,Afternoon,3.6955,True,0.531,delivered within promise
HDEL002644,HORD002644,2018-10-17,2018-10-22,2018-10-20,DHL,Standard,Delivered,0,True,72,8.99,none,5,8,Afternoon,3.4859,False,0.355,delivered within promise
HDEL002645,HORD002645,2018-01-02,2018-01-05,2018-01-03,AusPost,Standard,Delivered,0,True,8,6.05,none,3,7,Anytime,1.3998,False,0.239,delivered within promise
HDEL002646,HORD002646,2018-04-30,2018-05-05,2018-05-05,DHL,Standard,Delivered,0,True,14,7.04,none,5,9,Morning,3.4859,True,0.47,delivered within promise
HDEL002647,HORD002647,2018-03-26,2018-04-02,2018-04-01,DHL,Standard,Delivered,0,True,44,7.49,none,7,3,Morning,5.2525,False,0.336,delivered within promise
HDEL002648,HORD002648,2018-06-17,2018-06-20,2018-06-18,Direct Freight,Standard,Delivered,0,True,64,11.3,none,3,6,Anytime,5.3613,True,0.332,delivered within promise
HDEL002649,HORD002649,2018-07-28,2018-08-01,2018-07-30,DHL,Express,Delivered,0,True,65,21.2,none,4,4,Morning,6.6671,True,0.993,delivered within promise
HDEL002650,HORD002650,2018-09-11,2018-09-16,2018-09-16,StarTrack,Standard,Delivered,0,True,8,7.32,none,5,5,Anytime,4.1904,False,0.39,delivered within promise
HDEL002651,HORD002651,2018-01-20,2018-01-26,2018-01-24,StarTrack,Express,Delivered,0,True,56,19.14,none,6,5,Anytime,5.8895,True,0.557,delivered within promise
HDEL002652,HORD002652,2018-11-20,2018-11-23,2018-11-23,StarTrack,Standard,Delivered,0,True,47,9.07,none,3,7,Anytime,3.4859,True,0.478,delivered within promise
HDEL002653,HORD002653,2018-12-28,2019-01-01,2018-12-30,StarTrack,Standard,Delivered,0,True,38,11.2,none,4,4,Afternoon,6.9179,True,0.498,delivered within promise
HDEL002654,HORD002654,2018-04-18,2018-04-21,2018-04-21,AusPost,Standard,Delivered,0,True,48,10.13,none,3,6,Anytime,5.3606,False,0.375,delivered within promise
HDEL002655,HORD002655,2018-11-30,2018-12-03,2018-12-01,Direct Freight,Express,Delivered,0,True,49,16.96,none,3,7,Afternoon,3.1617,False,0.335,delivered within promise
HDEL002656,HORD002656,2018-09-06,2018-09-09,2018-09-09,DHL,Standard,Delivered,0,True,62,6.79,none,3,7,Morning,3.7377,False,0.31,delivered within promise
HDEL002657,HORD002657,2018-06-15,2018-06-19,2018-06-19,StarTrack,Standard,Delivered,0,True,65,15.29,none,4,8,Morning,8.6168,True,0.443,delivered within promise
HDEL002658,HORD002658,2018-01-30,2018-02-05,2018-02-05,StarTrack,Standard,Delivered,0,True,8,9.36,none,6,3,Afternoon,6.5503,True,0.558,delivered within promise
HDEL002659,HORD002659,2018-06-07,2018-06-12,2018-06-12,DHL,Standard,Delivered,0,True,61,12.28,none,5,8,Morning,4.0663,True,0.485,delivered within promise
HDEL002660,HORD002660,2018-05-13,2018-05-16,2018-05-14,DHL,Standard,Delivered,0,True,36,8.62,none,3,7,Anytime,7.8955,True,0.632,delivered within promise
HDEL002661,HORD002661,2018-10-04,2018-10-08,2018-10-06,AusPost,Standard,Delivered,0,True,11,10.54,none,4,8,Anytime,8.2822,True,0.576,delivered within promise
HDEL002662,HORD002662,2018-10-06,2018-10-12,2018-10-12,Direct Freight,Standard,Delivered,0,True,21,9.04,none,6,3,Morning,4.3953,False,0.306,delivered within promise
HDEL002663,HORD002663,2018-12-17,2018-12-22,2018-12-20,Direct Freight,Standard,Delivered,0,True,71,9.43,none,5,8,Morning,4.7074,True,0.441,delivered within promise
HDEL002664,HORD002664,2018-03-22,2018-03-28,2018-03-26,DHL,Express,Delivered,0,True,51,16.23,none,6,7,Afternoon,4.37,True,0.907,delivered within promise
HDEL002665,HORD002665,2018-04-07,2018-04-12,2018-04-12,AusPost,Standard,Delivered,0,True,72,11.13,none,5,7,Anytime,7.1651,True,0.464,delivered within promise
HDEL002666,HORD002666,2018-11-09,2018-11-15,2018-11-15,DHL,Standard,Delivered,0,True,19,10.26,none,6,3,Afternoon,6.0108,True,0.388,delivered within promise
HDEL002667,HORD002667,2018-11-13,2018-11-19,2018-11-17,StarTrack,Standard,Delivered,0,True,28,8.16,none,6,3,Afternoon,4.8907,False,0.384,delivered within promise
HDEL002668,HORD002668,2018-01-25,2018-02-01,2018-01-31,StarTrack,Standard,Delivered,0,True,58,8.34,none,7,6,Anytime,2.3567,True,0.343,delivered within promise
HDEL002669,HORD002669,2018-07-11,2018-07-17,2018-07-18,DHL,Standard,Delivered,1,False,46,14.08,carrier_capacity,6,4,Morning,6.4658,True,0.438,carrier scan reconciled
HDEL002670,HORD002670,2018-08-30,2018-09-06,2018-09-06,AusPost,Express,Delivered,0,True,59,20.15,none,7,9,Morning,3.0357,True,0.789,delivered within promise
HDEL002671,HORD002671,2018-12-06,2018-12-11,2018-12-09,DHL,Standard,Delivered,0,True,49,6.96,none,5,6,Morning,0.053,True,0.505,delivered within promise
HDEL002672,HORD002672,2018-01-19,2018-01-23,2018-01-23,Direct Freight,Standard,Delivered,0,True,4,9.4,none,4,4,Morning,4.6923,True,0.487,delivered within promise
HDEL002673,HORD002673,2018-02-14,2018-02-18,2018-02-17,AusPost,Standard,Delivered,0,True,13,8.18,none,4,7,Anytime,4.3318,False,0.404,delivered within promise
HDEL002674,HORD002674,2018-10-28,2018-11-04,2018-11-03,StarTrack,Standard,Delivered,0,True,60,11.44,none,7,9,Afternoon,7.9406,True,1.147,delivered within promise
HDEL002675,HORD002675,2018-05-31,2018-06-06,2018-06-04,DHL,Standard,Delivered,0,True,54,11.97,none,6,4,Anytime,8.301,False,1.115,delivered within promise
HDEL002676,HORD002676,2018-01-20,2018-01-25,2018-01-23,StarTrack,Standard,Delivered,0,True,49,9.31,none,5,8,Morning,6.0476,False,0.394,delivered within promise
HDEL002677,HORD002677,2018-02-23,2018-02-26,2018-02-24,StarTrack,Standard,Delivered,0,True,47,10.86,none,3,8,Anytime,9.1012,True,1.182,delivered within promise
HDEL002678,HORD002678,2018-08-25,2018-08-29,2018-08-27,StarTrack,Standard,Delivered,0,True,33,11.92,none,4,9,Anytime,4.4075,True,0.365,delivered within promise
HDEL002679,HORD002679,2018-03-08,2018-03-15,2018-03-14,AusPost,Express,Delivered,0,True,9,20.17,none,7,3,Anytime,5.1062,True,0.719,delivered within promise
HDEL002680,HORD002680,2018-05-07,2018-05-14,2018-05-13,StarTrack,Standard,Delivered,0,True,4,9.92,none,7,5,Anytime,6.1231,True,0.986,delivered within promise
HDEL002681,HORD002681,2018-04-01,2018-04-06,2018-04-06,DHL,Standard,Delivered,0,True,63,8.58,none,5,5,Anytime,4.7927,True,0.944,delivered within promise
HDEL002682,HORD002682,2018-01-03,2018-01-10,2018-01-09,AusPost,Standard,Delivered,0,True,43,10.76,none,7,4,Morning,9.3352,True,0.447,delivered within promise
HDEL002683,HORD002683,2018-02-07,2018-02-11,2018-02-11,DHL,Express,Delivered,0,True,37,16.1,none,4,9,Morning,3.1405,True,0.277,delivered within promise
HDEL002684,HORD002684,2018-10-10,2018-10-14,2018-10-13,Direct Freight,Standard,Delivered,0,True,46,7.7,none,4,9,Morning,4.7074,True,0.48,delivered within promise
HDEL002685,HORD002685,2018-03-27,2018-03-31,2018-04-04,Direct Freight,Standard,Delivered,4,False,34,7.05,warehouse_congestion,4,7,Anytime,4.0213,True,0.404,carrier scan reconciled
HDEL002686,HORD002686,2018-11-15,2018-11-22,2018-11-20,AusPost,Express,Delivered,0,True,56,18.09,none,7,8,Morning,4.4197,False,0.393,delivered within promise
HDEL002687,HORD002687,2018-10-24,2018-10-29,2018-10-28,StarTrack,Standard,Delivered,0,True,22,10.3,none,5,9,Anytime,6.514,True,0.438,delivered within promise
HDEL002688,HORD002688,2018-11-13,2018-11-18,2018-11-18,AusPost,Standard,Delivered,0,True,36,9.12,none,5,7,Anytime,5.1925,False,0.363,delivered within promise
HDEL002689,HORD002689,2018-01-07,2018-01-13,2018-01-13,AusPost,Standard,Delivered,0,True,16,10.45,none,6,5,Anytime,10.4906,False,0.495,delivered within promise
HDEL002690,HORD002690,2018-03-26,2018-03-30,2018-03-30,Direct Freight,Express,Delivered,0,True,44,18.78,none,4,7,Morning,5.4918,True,0.43,delivered within promise
HDEL002691,HORD002691,2018-01-28,2018-02-01,2018-01-31,Direct Freight,Standard,Delivered,0,True,71,9.15,none,4,3,Morning,3.4226,True,0.464,delivered within promise
HDEL002692,HORD002692,2018-03-22,2018-03-26,2018-03-24,AusPost,Standard,Delivered,0,True,51,7.57,none,4,7,Morning,3.6475,True,0.479,delivered within promise
HDEL002693,HORD002693,2018-06-25,2018-06-29,2018-06-27,StarTrack,Standard,Delivered,0,True,2,7.21,none,4,4,Afternoon,0.3467,True,0.296,delivered within promise
HDEL002694,HORD002694,2018-07-30,2018-08-02,2018-08-07,DHL,Standard,Delivered,5,False,33,13.99,carrier_capacity,3,9,Morning,7.5016,True,0.432,carrier scan reconciled
HDEL002695,HORD002695,2018-07-15,2018-07-18,2018-07-18,AusPost,Standard,Delivered,0,True,47,14.57,none,3,3,Afternoon,8.9566,False,0.429,delivered within promise
HDEL002696,HORD002696,2018-06-12,2018-06-17,2018-06-17,StarTrack,Standard,Delivered,0,True,23,10.12,none,5,7,Morning,3.4289,True,0.547,delivered within promise
HDEL002697,HORD002697,2018-12-22,2018-12-27,2018-12-26,Direct Freight,Standard,Delivered,0,True,27,11.43,none,5,5,Anytime,8.9566,True,0.637,delivered within promise
HDEL002698,HORD002698,2018-11-28,2018-12-03,2018-12-03,StarTrack,Standard,Delivered,0,True,3,10.82,none,5,6,Anytime,6.7696,True,0.612,delivered within promise
HDEL002699,HORD002699,2018-12-12,2018-12-19,2018-12-18,Direct Freight,Standard,Delivered,0,True,64,9.35,none,7,8,Morning,4.8046,True,0.453,delivered within promise
HDEL002700,HORD002700,2018-09-27,2018-10-01,2018-10-01,DHL,Express,Delivered,0,True,70,15.43,none,4,9,Morning,5.5403,False,0.388,delivered within promise
HDEL002701,HORD002701,2018-12-22,2018-12-26,2018-12-25,StarTrack,Standard,Delivered,0,True,54,9.03,none,4,4,Morning,5.2534,True,0.62,delivered within promise
HDEL002702,HORD002702,2018-11-07,2018-11-13,2018-11-11,AusPost,Standard,Delivered,0,True,2,6.6,none,6,4,Afternoon,1.7014,True,1.031,delivered within promise
HDEL002703,HORD002703,2018-02-11,2018-02-17,2018-02-17,StarTrack,Standard,Delivered,0,True,27,11.98,none,6,7,Afternoon,7.4945,True,1.025,delivered within promise
HDEL002704,HORD002704,2018-05-24,2018-05-27,2018-05-26,Direct Freight,Standard,Delivered,0,True,35,7.28,none,3,5,Morning,4.0259,False,0.36,delivered within promise
HDEL002705,HORD002705,2018-09-16,2018-09-22,2018-09-21,StarTrack,Standard,Delivered,0,True,37,5.99,none,6,7,Morning,1.8901,True,1.068,delivered within promise
HDEL002706,HORD002706,2018-11-19,2018-11-26,2018-11-28,StarTrack,Express,Delivered,2,False,20,18.84,weather,7,6,Anytime,7.2645,True,0.907,carrier scan reconciled
HDEL002707,HORD002707,2018-03-16,2018-03-19,2018-03-18,StarTrack,Standard,Delivered,0,True,8,6.71,none,3,6,Morning,3.3602,False,0.277,delivered within promise
HDEL002708,HORD002708,2018-10-04,2018-10-07,2018-10-05,Direct Freight,Standard,Delivered,0,True,59,7.46,none,3,3,Anytime,4.5841,True,1.14,delivered within promise
HDEL002709,HORD002709,2018-03-17,2018-03-21,2018-03-24,StarTrack,Standard,Delivered,3,False,25,9.21,carrier_capacity,4,4,Anytime,7.4143,True,0.967,carrier scan reconciled
HDEL002710,HORD002710,2018-09-21,2018-09-28,2018-09-27,Direct Freight,Standard,Delivered,0,True,25,8.01,none,7,4,Anytime,5.0091,False,0.479,delivered within promise
HDEL002711,HORD002711,2018-03-03,2018-03-09,2018-03-09,DHL,Standard,Delivered,0,True,33,10.34,none,6,8,Afternoon,7.3091,True,1.203,delivered within promise
HDEL002712,HORD002712,2018-06-21,2018-06-28,2018-06-26,Direct Freight,Standard,Delivered,0,True,36,8.86,none,7,8,Morning,2.3642,True,0.764,delivered within promise
HDEL002713,HORD002713,2018-11-06,2018-11-11,2018-11-11,DHL,Standard,Delivered,0,True,27,7.56,none,5,9,Morning,4.4186,True,1.035,delivered within promise
HDEL002714,HORD002714,2018-06-10,2018-06-16,2018-06-15,Direct Freight,Standard,Delivered,0,True,14,11.79,none,6,8,Afternoon,6.4707,True,0.545,delivered within promise
HDEL002715,HORD002715,2018-01-12,2018-01-15,2018-01-14,Direct Freight,Standard,Delivered,0,True,4,12.65,none,3,5,Anytime,8.5784,True,0.602,delivered within promise
HDEL002716,HORD002716,2018-10-14,2018-10-19,2018-10-19,StarTrack,Standard,Delivered,0,True,3,8.45,none,5,3,Afternoon,3.333,False,0.27,delivered within promise
HDEL002717,HORD002717,2018-08-21,2018-08-25,2018-08-25,DHL,Express,Delivered,0,True,39,22.41,none,4,3,Anytime,4.6506,True,0.435,delivered within promise
HDEL002718,HORD002718,2018-07-24,2018-07-31,2018-07-31,DHL,Standard,Delivered,0,True,60,8.44,none,7,7,Anytime,3.2797,True,1.027,delivered within promise
HDEL002719,HORD002719,2018-05-15,2018-05-18,2018-05-23,Direct Freight,Standard,Delivered,5,False,67,5.44,warehouse_congestion,3,9,Morning,0.1725,True,0.331,carrier scan reconciled
HDEL002720,HORD002720,2018-05-08,2018-05-12,2018-05-12,Direct Freight,Standard,Delivered,0,True,63,6.22,none,4,6,Morning,2.3567,False,0.269,delivered within promise
HDEL002721,HORD002721,2018-07-09,2018-07-16,2018-07-14,Direct Freight,Standard,Delivered,0,True,30,9.23,none,7,6,Afternoon,3.776,False,0.889,delivered within promise
HDEL002722,HORD002722,2018-04-01,2018-04-05,2018-04-03,DHL,Express,Delivered,0,True,44,16.33,none,4,4,Morning,4.3781,True,0.487,delivered within promise
HDEL002723,HORD002723,2018-01-14,2018-01-18,2018-01-18,StarTrack,Express,Delivered,0,True,3,13.6,none,4,3,Morning,2.2364,False,0.267,delivered within promise
HDEL002724,HORD002724,2018-03-13,2018-03-20,2018-03-18,Direct Freight,Express,Delivered,0,True,73,14.49,none,7,4,Afternoon,2.1843,False,0.321,delivered within promise
HDEL002725,HORD002725,2018-09-23,2018-09-28,2018-09-26,Direct Freight,Standard,Delivered,0,True,18,8.95,none,5,7,Afternoon,4.302,True,0.332,delivered within promise
HDEL002726,HORD002726,2018-02-28,2018-03-07,2018-03-06,AusPost,Standard,Delivered,0,True,43,8.5,none,7,5,Anytime,1.9711,True,0.468,delivered within promise
HDEL002727,HORD002727,2018-01-06,2018-01-11,2018-01-10,AusPost,Standard,Delivered,0,True,72,6.94,none,5,4,Anytime,3.5955,False,0.282,delivered within promise
HDEL002728,HORD002728,2018-02-26,2018-03-01,2018-02-27,Direct Freight,Express,Delivered,0,True,36,14.32,none,3,9,Afternoon,3.6955,True,0.444,delivered within promise
HDEL002729,HORD002729,2018-12-26,2019-01-01,2018-12-31,AusPost,Standard,Delivered,0,True,5,12.71,none,6,3,Afternoon,9.1216,False,0.465,delivered within promise
HDEL002730,HORD002730,2018-09-27,2018-09-30,2018-09-29,StarTrack,Standard,Delivered,0,True,45,6.38,none,3,6,Afternoon,0.9,True,0.336,delivered within promise
HDEL002731,HORD002731,2018-10-12,2018-10-16,2018-10-15,Direct Freight,Standard,Delivered,0,True,25,9.69,none,4,5,Anytime,7.1134,False,0.529,delivered within promise
HDEL002732,HORD002732,2018-12-14,2018-12-21,2018-12-19,DHL,Express,Delivered,0,True,54,13.4,none,7,4,Anytime,3.4447,False,0.417,delivered within promise
HDEL002733,HORD002733,2018-09-05,2018-09-09,2018-09-08,Direct Freight,Standard,Delivered,0,True,51,8.88,none,4,4,Anytime,7.4601,False,0.608,delivered within promise
HDEL002734,HORD002734,2018-10-28,2018-11-01,2018-10-31,AusPost,Standard,Delivered,0,True,59,7.83,none,4,8,Afternoon,5.5403,True,0.741,delivered within promise
HDEL002735,HORD002735,2018-06-11,2018-06-17,2018-06-17,DHL,Express,Delivered,0,True,18,28.6,none,6,4,Morning,10.4906,True,1.167,delivered within promise
HDEL002736,HORD002736,2018-05-08,2018-05-15,2018-05-15,AusPost,Standard,Delivered,0,True,22,5.99,none,7,8,Afternoon,1.4979,False,0.34,delivered within promise
HDEL002737,HORD002737,2018-02-10,2018-02-13,2018-02-13,StarTrack,Standard,Delivered,0,True,18,10.96,none,3,7,Afternoon,6.2021,True,0.625,delivered within promise
HDEL002738,HORD002738,2018-04-06,2018-04-09,2018-04-07,Direct Freight,Standard,Delivered,0,True,28,8.25,none,3,7,Morning,4.7927,False,0.333,delivered within promise
HDEL002739,HORD002739,2018-11-05,2018-11-12,2018-11-12,StarTrack,Standard,Delivered,0,True,50,7.65,none,7,8,Afternoon,1.698,True,0.339,delivered within promise
HDEL002740,HORD002740,2018-08-14,2018-08-17,2018-08-17,Direct Freight,Standard,Delivered,0,True,61,11.99,none,3,7,Afternoon,7.4635,False,0.454,delivered within promise
HDEL002741,HORD002741,2018-09-19,2018-09-22,2018-09-20,StarTrack,Standard,Delivered,0,True,32,6.31,none,3,8,Afternoon,2.2928,True,0.384,delivered within promise
HDEL002742,HORD002742,2018-11-27,2018-11-30,2018-11-30,Direct Freight,Standard,Delivered,0,True,62,6.12,none,3,6,Morning,2.4538,True,0.471,delivered within promise
HDEL002743,HORD002743,2018-10-23,2018-10-26,2018-10-24,AusPost,Standard,Delivered,0,True,60,7.44,none,3,7,Anytime,1.8818,False,0.745,delivered within promise
HDEL002744,HORD002744,2018-07-03,2018-07-09,2018-07-08,DHL,Express,Delivered,0,True,22,24.1,none,6,5,Anytime,6.514,True,0.421,delivered within promise
HDEL002745,HORD002745,2018-08-22,2018-08-29,2018-08-29,StarTrack,Standard,Delivered,0,True,60,9.54,none,7,4,Afternoon,1.2249,True,0.334,delivered within promise
HDEL002746,HORD002746,2018-04-01,2018-04-07,2018-04-06,Direct Freight,Standard,Delivered,0,True,47,8.61,none,6,6,Anytime,3.1405,True,0.289,delivered within promise
HDEL002747,HORD002747,2018-09-04,2018-09-09,2018-09-08,StarTrack,Standard,Delivered,0,True,73,9.14,none,5,3,Morning,5.4863,True,0.557,delivered within promise
HDEL002748,HORD002748,2018-05-06,2018-05-09,2018-05-09,AusPost,Express,Delivered,0,True,31,16.48,none,3,4,Afternoon,5.1925,False,0.356,delivered within promise
HDEL002749,HORD002749,2018-12-18,2018-12-21,2018-12-20,AusPost,Express,Delivered,0,True,23,19.76,none,3,4,Morning,5.0454,True,0.796,delivered within promise
HDEL002750,HORD002750,2018-06-09,2018-06-16,2018-06-16,DHL,Standard,Delivered,0,True,54,9.49,none,7,7,Anytime,4.0669,True,0.484,delivered within promise
HDEL002751,HORD002751,2018-06-24,2018-06-28,2018-06-27,Direct Freight,Express,Delivered,0,True,18,25.46,none,4,7,Afternoon,9.7072,False,0.495,delivered within promise
HDEL002752,HORD002752,2019-01-01,2019-01-06,2019-01-06,StarTrack,Standard,Delivered,0,True,30,8.16,none,5,6,Anytime,2.9449,False,0.355,delivered within promise
HDEL002753,HORD002753,2018-07-30,2018-08-02,2018-08-01,StarTrack,Standard,Delivered,0,True,46,13.28,none,3,3,Morning,8.3,True,0.482,delivered within promise
HDEL002754,HORD002754,2018-10-05,2018-10-08,2018-10-08,AusPost,Standard,Delivered,0,True,48,11.37,none,3,9,Anytime,7.4601,True,0.511,delivered within promise
HDEL002755,HORD002755,2018-07-29,2018-08-01,2018-08-01,Direct Freight,Standard,Delivered,0,True,58,11.73,none,3,8,Anytime,4.4275,True,0.851,delivered within promise
HDEL002756,HORD002756,2018-08-27,2018-09-01,2018-09-01,AusPost,Standard,Delivered,0,True,62,7.5,none,5,5,Anytime,0.6788,True,0.394,delivered within promise
HDEL002757,HORD002757,2018-04-08,2018-04-13,2018-04-12,DHL,Express,Delivered,0,True,5,15.0,none,5,3,Morning,1.0772,False,0.321,delivered within promise
HDEL002758,HORD002758,2018-05-18,2018-05-23,2018-05-22,Direct Freight,Standard,Delivered,0,True,9,11.11,none,5,5,Anytime,6.783,True,0.703,delivered within promise
HDEL002759,HORD002759,2018-09-12,2018-09-17,2018-09-17,StarTrack,Standard,Delivered,0,True,42,9.09,none,5,7,Morning,6.5356,True,0.443,delivered within promise
HDEL002760,HORD002760,2018-12-16,2018-12-22,2018-12-21,StarTrack,Standard,Delivered,0,True,41,6.77,none,6,6,Anytime,2.0944,True,0.354,delivered within promise
HDEL002761,HORD002761,2018-10-08,2018-10-11,2018-10-11,Direct Freight,Standard,Delivered,0,True,45,10.61,none,3,6,Afternoon,6.544,False,0.393,delivered within promise
HDEL002762,HORD002762,2018-10-03,2018-10-06,2018-10-06,DHL,Standard,Delivered,0,True,19,6.22,none,3,6,Morning,2.0932,True,1.032,delivered within promise
HDEL002763,HORD002763,2018-04-16,2018-04-21,2018-04-19,StarTrack,Standard,Delivered,0,True,46,11.1,none,5,7,Afternoon,9.3352,True,0.557,delivered within promise
HDEL002764,HORD002764,2018-11-19,2018-11-23,2018-11-21,StarTrack,Standard,Delivered,0,True,72,11.02,none,4,5,Afternoon,7.5536,False,0.429,delivered within promise
HDEL002765,HORD002765,2018-06-12,2018-06-17,2018-06-16,StarTrack,Standard,Delivered,0,True,67,12.51,none,5,9,Afternoon,5.1871,True,0.487,delivered within promise
HDEL002766,HORD002766,2018-07-13,2018-07-20,2018-07-19,Direct Freight,Standard,Delivered,0,True,65,9.84,none,7,6,Afternoon,5.7703,False,0.434,delivered within promise
HDEL002767,HORD002767,2018-06-04,2018-06-09,2018-06-09,Direct Freight,Standard,Delivered,0,True,27,11.93,none,5,5,Afternoon,7.1652,False,0.461,delivered within promise
HDEL002768,HORD002768,2018-10-18,2018-10-21,2018-10-19,Direct Freight,Standard,Delivered,0,True,39,9.87,none,3,9,Morning,6.783,False,0.496,delivered within promise
HDEL002769,HORD002769,2018-01-08,2018-01-11,2018-01-09,Direct Freight,Standard,Delivered,0,True,3,10.81,none,3,5,Anytime,7.2473,False,0.41,delivered within promise
HDEL002770,HORD002770,2018-12-24,2018-12-30,2018-12-30,Direct Freight,Standard,Delivered,0,True,44,11.55,none,6,7,Morning,7.2473,False,0.533,delivered within promise
HDEL002771,HORD002771,2018-08-20,2018-08-25,2018-08-23,AusPost,Standard,Delivered,0,True,45,15.04,none,5,6,Afternoon,8.9566,True,0.61,delivered within promise
HDEL002772,HORD002772,2018-01-07,2018-01-14,2018-01-12,Direct Freight,Express,Delivered,0,True,34,18.51,none,7,7,Afternoon,7.5021,False,0.464,delivered within promise
HDEL002773,HORD002773,2018-09-25,2018-10-02,2018-10-02,StarTrack,Standard,Delivered,0,True,28,8.6,none,7,3,Anytime,7.5048,False,0.547,delivered within promise
HDEL002774,HORD002774,2018-05-23,2018-05-26,2018-05-25,StarTrack,Standard,Delivered,0,True,55,9.56,none,3,3,Afternoon,7.5016,True,0.5,delivered within promise
HDEL002775,HORD002775,2018-01-25,2018-01-28,2018-01-27,AusPost,Standard,Delivered,0,True,32,10.6,none,3,5,Anytime,5.9544,True,0.458,delivered within promise
HDEL002776,HORD002776,2018-03-14,2018-03-17,2018-03-15,AusPost,Standard,Delivered,0,True,55,9.32,none,3,5,Morning,7.8766,True,0.582,delivered within promise
HDEL002777,HORD002777,2018-08-18,2018-08-22,2018-08-21,AusPost,Standard,Delivered,0,True,38,13.81,none,4,6,Afternoon,7.3803,True,0.589,delivered within promise
HDEL002778,HORD002778,2018-07-21,2018-07-24,2018-07-28,Direct Freight,Standard,Delivered,4,False,67,12.05,warehouse_congestion,3,7,Afternoon,4.1654,True,0.392,carrier scan reconciled
HDEL002779,HORD002779,2018-01-04,2018-01-09,2018-01-08,DHL,Express,Delivered,0,True,56,20.26,none,5,4,Afternoon,7.3474,False,0.43,delivered within promise
HDEL002780,HORD002780,2018-10-24,2018-10-28,2018-10-28,StarTrack,Standard,Delivered,0,True,60,12.62,none,4,8,Anytime,8.7636,False,0.442,delivered within promise
HDEL002781,HORD002781,2018-06-19,2018-06-26,2018-06-25,Direct Freight,Standard,Delivered,0,True,59,11.32,none,7,6,Morning,7.1134,False,0.396,delivered within promise
HDEL002782,HORD002782,2018-08-30,2018-09-04,2018-09-02,Direct Freight,Standard,Delivered,0,True,42,9.76,none,5,4,Anytime,3.5737,False,0.366,delivered within promise
HDEL002783,HORD002783,2018-09-23,2018-09-30,2018-09-30,StarTrack,Standard,Delivered,0,True,42,9.83,none,7,8,Afternoon,4.7472,False,0.331,delivered within promise
HDEL002784,HORD002784,2019-01-01,2019-01-04,2019-01-02,AusPost,Standard,Delivered,0,True,25,6.95,none,3,3,Morning,1.4968,True,0.975,delivered within promise
HDEL002785,HORD002785,2018-09-24,2018-09-28,2018-09-27,StarTrack,Express,Delivered,0,True,71,19.83,none,4,7,Morning,6.3827,False,0.474,delivered within promise
HDEL002786,HORD002786,2018-03-10,2018-03-16,2018-03-16,DHL,Standard,Delivered,0,True,57,7.49,none,6,3,Anytime,1.7795,True,0.336,delivered within promise
HDEL002787,HORD002787,2018-04-05,2018-04-08,2018-04-07,Direct Freight,Standard,Delivered,0,True,19,7.29,none,3,7,Afternoon,5.0454,False,0.375,delivered within promise
HDEL002788,HORD002788,2018-02-22,2018-02-25,2018-02-25,Direct Freight,Standard,Delivered,0,True,40,9.68,none,3,5,Anytime,8.7178,True,0.511,delivered within promise
HDEL002789,HORD002789,2018-03-07,2018-03-14,2018-03-12,AusPost,Express,Delivered,0,True,20,19.82,none,7,8,Anytime,6.9476,True,0.435,delivered within promise
HDEL002790,HORD002790,2018-11-21,2018-11-24,2018-11-23,Direct Freight,Standard,Delivered,0,True,44,11.07,none,3,6,Afternoon,6.6113,True,0.493,delivered within promise
HDEL002791,HORD002791,2018-10-22,2018-10-26,2018-10-26,StarTrack,Express,Delivered,0,True,37,16.47,none,4,7,Morning,2.9301,False,0.38,delivered within promise
HDEL002792,HORD002792,2018-06-17,2018-06-21,2018-06-21,DHL,Standard,Delivered,0,True,72,10.46,none,4,9,Morning,1.7662,False,0.287,delivered within promise
HDEL002793,HORD002793,2018-11-05,2018-11-10,2018-11-08,AusPost,Standard,Delivered,0,True,24,6.65,none,5,9,Afternoon,1.7795,True,0.543,delivered within promise
HDEL002794,HORD002794,2018-10-08,2018-10-13,2018-10-12,DHL,Standard,Delivered,0,True,58,5.45,none,5,5,Morning,0.3679,True,0.364,delivered within promise
HDEL002795,HORD002795,2018-02-14,2018-02-18,2018-02-22,AusPost,Standard,Delivered,4,False,26,10.63,warehouse_congestion,4,3,Morning,6.8906,False,0.394,carrier scan reconciled
HDEL002796,HORD002796,2018-05-18,2018-05-23,2018-05-21,AusPost,Standard,Delivered,0,True,71,7.14,none,5,3,Afternoon,3.7181,False,0.3,delivered within promise
HDEL002797,HORD002797,2018-10-22,2018-10-26,2018-10-26,Direct Freight,Standard,Delivered,0,True,73,7.71,none,4,7,Afternoon,3.7377,True,0.441,delivered within promise
HDEL002798,HORD002798,2018-05-29,2018-06-04,2018-06-02,AusPost,Standard,Delivered,0,True,14,9.78,none,6,8,Afternoon,5.9442,False,0.488,delivered within promise
HDEL002799,HORD002799,2018-10-11,2018-10-17,2018-10-16,Direct Freight,Standard,Delivered,0,True,5,9.44,none,6,3,Morning,9.3365,True,0.676,delivered within promise
HDEL002800,HORD002800,2018-10-04,2018-10-07,2018-10-07,StarTrack,Standard,Delivered,0,True,72,8.36,none,3,6,Afternoon,3.7942,True,0.613,delivered within promise
HDEL002801,HORD002801,2018-01-26,2018-01-31,2018-02-01,AusPost,Standard,Delivered,1,False,15,8.26,warehouse_congestion,5,3,Afternoon,4.0705,False,0.334,carrier scan reconciled
HDEL002802,HORD002802,2018-07-04,2018-07-09,2018-07-07,AusPost,Express,Delivered,0,True,39,21.72,none,5,9,Morning,4.7074,True,0.388,delivered within promise
HDEL002803,HORD002803,2018-02-25,2018-03-02,2018-02-28,AusPost,Standard,Delivered,0,True,42,8.93,none,5,7,Anytime,7.5021,True,0.562,delivered within promise
HDEL002804,HORD002804,2018-05-04,2018-05-10,2018-05-09,Direct Freight,Standard,Delivered,0,True,24,6.97,none,6,9,Afternoon,4.1654,True,0.913,delivered within promise
HDEL002805,HORD002805,2018-03-20,2018-03-27,2018-03-26,DHL,Standard,Delivered,0,True,39,9.56,none,7,9,Morning,6.7933,False,0.505,delivered within promise
HDEL002806,HORD002806,2018-11-04,2018-11-09,2018-11-08,DHL,Standard,Delivered,0,True,28,9.21,none,5,4,Anytime,3.7104,False,0.435,delivered within promise
HDEL002807,HORD002807,2018-10-09,2018-10-12,2018-10-11,StarTrack,Standard,Delivered,0,True,2,9.73,none,3,3,Afternoon,5.996,False,0.397,delivered within promise
HDEL002808,HORD002808,2018-01-25,2018-02-01,2018-01-31,StarTrack,Express,Delivered,0,True,64,15.66,none,7,4,Anytime,4.6007,True,0.471,delivered within promise
HDEL002809,HORD002809,2018-07-30,2018-08-02,2018-08-01,Direct Freight,Standard,Delivered,0,True,15,10.5,none,3,3,Afternoon,5.497,True,0.974,delivered within promise
HDEL002810,HORD002810,2018-06-08,2018-06-14,2018-06-12,DHL,Standard,Delivered,0,True,62,13.37,none,6,7,Morning,7.9406,False,0.669,delivered within promise
HDEL002811,HORD002811,2018-09-08,2018-09-13,2018-09-13,Direct Freight,Standard,Delivered,0,True,3,7.78,none,5,5,Afternoon,2.9812,True,1.224,delivered within promise
HDEL002812,HORD002812,2018-11-10,2018-11-16,2018-11-15,StarTrack,Express,Delivered,0,True,35,15.96,none,6,6,Afternoon,3.2972,True,1.077,delivered within promise
HDEL002813,HORD002813,2018-01-27,2018-02-03,2018-02-02,StarTrack,Standard,Delivered,0,True,16,7.2,none,7,8,Morning,2.9974,True,0.48,delivered within promise
HDEL002814,HORD002814,2018-01-09,2018-01-14,2018-01-12,DHL,Standard,Delivered,0,True,46,10.52,none,5,9,Morning,5.3108,True,0.49,delivered within promise
HDEL002815,HORD002815,2018-11-12,2018-11-17,2018-11-17,Direct Freight,Standard,Delivered,0,True,63,4.96,none,5,7,Morning,0.1378,False,0.234,delivered within promise
HDEL002816,HORD002816,2018-05-08,2018-05-12,2018-05-12,StarTrack,Standard,Delivered,0,True,50,11.26,none,4,6,Anytime,7.9406,True,0.501,delivered within promise
HDEL002817,HORD002817,2018-09-22,2018-09-27,2018-09-25,DHL,Express,Delivered,0,True,34,15.0,none,5,9,Anytime,6.386,True,0.482,delivered within promise
HDEL002818,HORD002818,2018-08-13,2018-08-18,2018-08-16,AusPost,Standard,Delivered,0,True,25,13.0,none,5,5,Morning,6.7742,True,1.097,delivered within promise
HDEL002819,HORD002819,2018-03-20,2018-03-27,2018-03-26,Direct Freight,Standard,Delivered,0,True,4,10.21,none,7,3,Anytime,5.8765,True,0.535,delivered within promise
HDEL002820,HORD002820,2018-06-04,2018-06-08,2018-06-07,StarTrack,Standard,Delivered,0,True,27,10.49,none,4,6,Afternoon,4.974,False,0.353,delivered within promise
HDEL002821,HORD002821,2018-09-08,2018-09-14,2018-09-13,Direct Freight,Express,Delivered,0,True,9,16.67,none,6,5,Anytime,4.4197,True,0.409,delivered within promise
HDEL002822,HORD002822,2018-07-26,2018-07-31,2018-07-29,AusPost,Standard,Delivered,0,True,61,11.09,none,5,6,Morning,6.7933,True,0.471,delivered within promise
HDEL002823,HORD002823,2018-05-29,2018-06-01,2018-06-04,DHL,Standard,Delivered,3,False,21,7.38,carrier_capacity,3,6,Anytime,3.2192,True,1.593,carrier scan reconciled
HDEL002824,HORD002824,2018-03-15,2018-03-22,2018-03-21,StarTrack,Express,Delivered,0,True,53,20.23,none,7,6,Afternoon,7.3971,False,0.478,delivered within promise
HDEL002825,HORD002825,2018-12-15,2018-12-19,2018-12-19,AusPost,Standard,Delivered,0,True,42,11.0,none,4,6,Anytime,7.408,True,1.649,delivered within promise
HDEL002826,HORD002826,2018-08-25,2018-08-28,2018-08-28,StarTrack,Standard,Delivered,0,True,47,11.56,none,3,3,Anytime,4.9204,False,0.333,delivered within promise
HDEL002827,HORD002827,2018-04-30,2018-05-07,2018-05-06,Direct Freight,Standard,Delivered,0,True,41,9.34,none,7,8,Afternoon,4.2221,False,0.335,delivered within promise
HDEL002828,HORD002828,2018-07-25,2018-07-31,2018-07-29,StarTrack,Standard,Delivered,0,True,54,10.7,none,6,8,Afternoon,6.7102,True,0.405,delivered within promise
HDEL002829,HORD002829,2018-08-04,2018-08-11,2018-08-10,Direct Freight,Standard,Delivered,0,True,37,7.61,none,7,3,Afternoon,1.2249,True,0.371,delivered within promise
HDEL002830,HORD002830,2018-12-11,2018-12-14,2018-12-13,DHL,Standard,Delivered,0,True,58,9.42,none,3,5,Anytime,7.424,True,0.57,delivered within promise
HDEL002831,HORD002831,2018-03-06,2018-03-11,2018-03-11,StarTrack,Standard,Delivered,0,True,19,9.47,none,5,9,Anytime,7.1568,False,0.463,delivered within promise
HDEL002832,HORD002832,2018-08-07,2018-08-14,2018-08-12,AusPost,Standard,Delivered,0,True,8,12.23,none,7,7,Morning,6.6257,False,0.46,delivered within promise
HDEL002833,HORD002833,2018-08-14,2018-08-17,2018-08-17,AusPost,Express,Delivered,0,True,25,22.31,none,3,9,Anytime,6.2791,True,0.6,delivered within promise
HDEL002834,HORD002834,2018-07-15,2018-07-20,2018-07-18,AusPost,Standard,Delivered,0,True,12,9.1,none,5,4,Afternoon,3.2063,True,0.992,delivered within promise
HDEL002835,HORD002835,2018-01-27,2018-02-02,2018-01-31,DHL,Standard,Delivered,0,True,18,9.92,none,6,6,Afternoon,5.2465,True,0.504,delivered within promise
HDEL002836,HORD002836,2018-04-07,2018-04-12,2018-04-10,Direct Freight,Standard,Delivered,0,True,69,9.37,none,5,8,Anytime,5.9963,True,0.452,delivered within promise
HDEL002837,HORD002837,2018-11-19,2018-11-23,2018-11-23,StarTrack,Standard,Delivered,0,True,73,10.82,none,4,5,Anytime,7.2459,True,0.484,delivered within promise
HDEL002838,HORD002838,2018-05-22,2018-05-25,2018-05-23,AusPost,Express,Delivered,0,True,69,18.32,none,3,3,Morning,4.7492,True,1.088,delivered within promise
HDEL002839,HORD002839,2018-03-01,2018-03-04,2018-03-03,DHL,Standard,Delivered,0,True,57,7.92,none,3,4,Afternoon,2.8809,False,0.379,delivered within promise
HDEL002840,HORD002840,2018-07-28,2018-08-04,2018-08-03,DHL,Standard,Delivered,0,True,42,10.89,none,7,3,Anytime,3.1302,False,0.364,delivered within promise
HDEL002841,HORD002841,2018-03-11,2018-03-18,2018-03-18,DHL,Standard,Delivered,0,True,46,8.58,none,7,5,Afternoon,5.4548,True,0.427,delivered within promise
HDEL002842,HORD002842,2018-04-04,2018-04-09,2018-04-08,DHL,Standard,Delivered,0,True,52,6.95,none,5,4,Anytime,2.5443,False,0.408,delivered within promise
HDEL002843,HORD002843,2018-09-23,2018-09-30,2018-09-28,Direct Freight,Standard,Delivered,0,True,45,9.44,none,7,4,Anytime,6.6906,False,0.456,delivered within promise
HDEL002844,HORD002844,2018-03-27,2018-04-01,2018-03-30,Direct Freight,Standard,Delivered,0,True,39,8.4,none,5,8,Morning,3.4116,True,0.44,delivered within promise
HDEL002845,HORD002845,2018-04-10,2018-04-15,2018-04-14,DHL,Standard,Delivered,0,True,72,8.93,none,5,7,Morning,3.9724,False,0.425,delivered within promise
HDEL002846,HORD002846,2018-03-26,2018-04-01,2018-03-30,StarTrack,Express,Delivered,0,True,9,14.83,none,6,4,Anytime,3.4226,False,0.365,delivered within promise
HDEL002847,HORD002847,2018-08-23,2018-08-27,2018-08-27,Direct Freight,Standard,Delivered,0,True,61,10.72,none,4,8,Afternoon,4.0549,True,0.962,delivered within promise
HDEL002848,HORD002848,2018-01-10,2018-01-14,2018-01-13,StarTrack,Express,Delivered,0,True,53,17.83,none,4,3,Anytime,7.6404,False,0.442,delivered within promise
HDEL002849,HORD002849,2018-03-25,2018-04-01,2018-03-31,Direct Freight,Standard,Delivered,0,True,41,8.98,none,7,8,Anytime,5.0434,True,0.38,delivered within promise
HDEL002850,HORD002850,2018-10-20,2018-10-26,2018-10-31,DHL,Standard,Delivered,5,False,54,5.75,carrier_capacity,6,3,Anytime,1.7014,True,0.327,carrier scan reconciled
HDEL002851,HORD002851,2018-10-27,2018-11-01,2018-10-30,Direct Freight,Standard,Delivered,0,True,40,8.14,none,5,4,Morning,2.9982,False,0.318,delivered within promise
HDEL002852,HORD002852,2018-10-30,2018-11-02,2018-11-02,DHL,Express,Delivered,0,True,73,17.49,none,3,9,Anytime,4.6007,True,0.59,delivered within promise
HDEL002853,HORD002853,2018-11-11,2018-11-16,2018-11-15,Direct Freight,Standard,Delivered,0,True,46,8.12,none,5,7,Morning,3.3602,True,1.029,delivered within promise
HDEL002854,HORD002854,2018-03-17,2018-03-23,2018-03-21,DHL,Standard,Delivered,0,True,5,8.62,none,6,6,Afternoon,6.7896,True,0.459,delivered within promise
HDEL002855,HORD002855,2018-07-04,2018-07-09,2018-07-09,StarTrack,Standard,Delivered,0,True,36,11.51,none,5,4,Anytime,3.4289,True,0.353,delivered within promise
HDEL002856,HORD002856,2018-11-01,2018-11-06,2018-11-04,DHL,Express,Delivered,0,True,64,16.02,none,5,7,Morning,2.8697,True,0.459,delivered within promise
HDEL002857,HORD002857,2018-02-01,2018-02-06,2018-02-04,AusPost,Standard,Delivered,0,True,15,10.67,none,5,5,Morning,8.7347,False,0.585,delivered within promise
HDEL002858,HORD002858,2018-06-15,2018-06-18,2018-06-16,AusPost,Express,Delivered,0,True,35,19.84,none,3,4,Afternoon,7.1134,True,0.474,delivered within promise
HDEL002859,HORD002859,2018-09-27,2018-10-03,2018-10-01,AusPost,Standard,Delivered,0,True,20,7.58,none,6,6,Afternoon,1.3177,True,0.799,delivered within promise
HDEL002860,HORD002860,2018-06-13,2018-06-16,2018-06-14,AusPost,Standard,Delivered,0,True,37,9.99,none,3,7,Afternoon,5.1871,False,0.99,delivered within promise
HDEL002861,HORD002861,2018-06-13,2018-06-18,2018-06-17,StarTrack,Standard,Delivered,0,True,45,12.2,none,5,3,Anytime,6.0108,True,0.625,delivered within promise
HDEL002862,HORD002862,2018-06-22,2018-06-26,2018-06-25,StarTrack,Standard,Delivered,0,True,70,11.18,none,4,4,Anytime,4.1654,True,1.281,delivered within promise
HDEL002863,HORD002863,2018-01-20,2018-01-27,2018-01-26,DHL,Standard,Delivered,0,True,20,6.13,none,7,7,Morning,0.1725,True,0.369,delivered within promise
HDEL002864,HORD002864,2018-07-14,2018-07-21,2018-07-20,Direct Freight,Standard,Delivered,0,True,46,10.49,none,7,3,Anytime,6.983,False,1.043,delivered within promise
HDEL002865,HORD002865,2018-06-11,2018-06-15,2018-06-15,Direct Freight,Express,Delivered,0,True,66,19.07,none,4,7,Morning,3.2634,True,0.404,delivered within promise
HDEL002866,HORD002866,2018-03-22,2018-03-28,2018-03-26,StarTrack,Standard,Delivered,0,True,15,8.62,none,6,4,Morning,7.6447,False,0.417,delivered within promise
HDEL002867,HORD002867,2018-05-24,2018-05-27,2018-05-29,Direct Freight,Standard,Delivered,2,False,23,10.08,warehouse_congestion,3,6,Morning,7.3787,True,1.157,carrier scan reconciled
HDEL002868,HORD002868,2018-03-15,2018-03-22,2018-03-21,DHL,Standard,Delivered,0,True,53,8.93,none,7,9,Afternoon,4.9324,True,0.372,delivered within promise
HDEL002869,HORD002869,2018-11-02,2018-11-08,2018-11-08,AusPost,Standard,Delivered,0,True,5,7.15,none,6,4,Anytime,3.6546,True,0.352,delivered within promise
HDEL002870,HORD002870,2018-04-05,2018-04-11,2018-04-10,StarTrack,Standard,Delivered,0,True,65,8.39,none,6,8,Anytime,6.983,True,1.737,delivered within promise
HDEL002871,HORD002871,2018-03-02,2018-03-09,2018-03-08,DHL,Standard,Delivered,0,True,2,10.47,none,7,3,Morning,7.7904,True,0.537,delivered within promise
HDEL002872,HORD002872,2018-03-22,2018-03-25,2018-03-25,AusPost,Standard,Delivered,0,True,29,7.65,none,3,6,Anytime,2.7719,True,0.389,delivered within promise
HDEL002873,HORD002873,2018-05-30,2018-06-02,2018-06-01,Direct Freight,Standard,Delivered,0,True,66,7.68,none,3,5,Afternoon,3.1302,True,0.406,delivered within promise
HDEL002874,HORD002874,2018-05-26,2018-05-30,2018-05-29,Direct Freight,Standard,Delivered,0,True,44,7.23,none,4,7,Anytime,3.028,True,1.016,delivered within promise
HDEL002875,HORD002875,2018-05-14,2018-05-19,2018-05-17,Direct Freight,Express,Delivered,0,True,47,18.4,none,5,4,Morning,3.5737,True,0.438,delivered within promise
HDEL002876,HORD002876,2018-02-10,2018-02-14,2018-02-14,StarTrack,Standard,Delivered,0,True,28,9.42,none,4,5,Morning,5.2036,True,0.468,delivered within promise
HDEL002877,HORD002877,2018-11-17,2018-11-24,2018-11-22,StarTrack,Standard,Delivered,0,True,6,7.94,none,7,4,Morning,4.5544,False,0.386,delivered within promise
HDEL002878,HORD002878,2018-12-11,2018-12-15,2018-12-13,AusPost,Standard,Delivered,0,True,63,7.17,none,4,7,Anytime,1.0772,True,0.459,delivered within promise
HDEL002879,HORD002879,2018-03-07,2018-03-14,2018-03-12,Direct Freight,Standard,Delivered,0,True,68,8.74,none,7,3,Afternoon,4.5544,True,0.474,delivered within promise
HDEL002880,HORD002880,2018-03-13,2018-03-20,2018-03-19,StarTrack,Express,Delivered,0,True,10,17.88,none,7,6,Afternoon,5.3606,True,1.139,delivered within promise
HDEL002881,HORD002881,2018-12-01,2018-12-04,2018-12-03,Direct Freight,Standard,Delivered,0,True,60,9.21,none,3,3,Anytime,6.753,True,0.548,delivered within promise
HDEL002882,HORD002882,2018-07-18,2018-07-22,2018-07-21,DHL,Express,Delivered,0,True,28,16.68,none,4,4,Anytime,0.87,True,0.349,delivered within promise
HDEL002883,HORD002883,2018-12-02,2018-12-09,2018-12-14,Direct Freight,Standard,Delivered,5,False,48,8.54,weather,7,7,Afternoon,4.704,True,0.549,carrier scan reconciled
HDEL002884,HORD002884,2018-11-06,2018-11-12,2018-11-14,Direct Freight,Standard,Delivered,2,False,28,8.78,warehouse_congestion,6,6,Anytime,3.2764,True,0.494,carrier scan reconciled
HDEL002885,HORD002885,2018-04-18,2018-04-25,2018-04-24,AusPost,Standard,Delivered,0,True,48,6.79,none,7,9,Morning,3.7052,True,0.572,delivered within promise
HDEL002886,HORD002886,2018-01-26,2018-02-02,2018-01-31,Direct Freight,Standard,Delivered,0,True,72,10.91,none,7,7,Morning,5.8992,False,0.356,delivered within promise
HDEL002887,HORD002887,2018-10-02,2018-10-07,2018-10-06,AusPost,Standard,Delivered,0,True,49,9.61,none,5,5,Morning,8.301,True,0.579,delivered within promise
HDEL002888,HORD002888,2019-01-01,2019-01-08,2019-01-07,DHL,Standard,Delivered,0,True,41,9.23,none,7,3,Morning,8.7347,True,0.449,delivered within promise
HDEL002889,HORD002889,2018-02-12,2018-02-15,2018-02-15,DHL,Standard,Delivered,0,True,32,9.85,none,3,7,Anytime,4.416,True,0.416,delivered within promise
HDEL002890,HORD002890,2018-01-27,2018-02-02,2018-02-02,AusPost,Standard,Delivered,0,True,25,7.82,none,6,7,Morning,3.5737,False,0.389,delivered within promise
HDEL002891,HORD002891,2018-09-12,2018-09-18,2018-09-18,AusPost,Standard,Delivered,0,True,50,8.89,none,6,4,Anytime,3.8216,True,0.391,delivered within promise
HDEL002892,HORD002892,2018-08-25,2018-08-29,2018-08-28,AusPost,Standard,Delivered,0,True,47,12.23,none,4,4,Afternoon,6.2383,False,0.55,delivered within promise
HDEL002893,HORD002893,2018-11-07,2018-11-13,2018-11-13,StarTrack,Standard,Delivered,0,True,10,10.06,none,6,9,Afternoon,7.5021,False,0.47,delivered within promise
HDEL002894,HORD002894,2018-07-08,2018-07-13,2018-07-13,StarTrack,Standard,Delivered,0,True,40,11.59,none,5,3,Afternoon,3.1348,True,0.517,delivered within promise
HDEL002895,HORD002895,2018-01-24,2018-01-30,2018-01-29,StarTrack,Standard,Delivered,0,True,71,8.91,none,6,6,Anytime,7.2473,True,0.598,delivered within promise
HDEL002896,HORD002896,2018-06-07,2018-06-11,2018-06-10,StarTrack,Standard,Delivered,0,True,33,7.37,none,4,8,Anytime,1.0383,True,1.123,delivered within promise
HDEL002897,HORD002897,2018-08-31,2018-09-04,2018-09-02,AusPost,Standard,Delivered,0,True,13,10.98,none,4,8,Morning,5.6653,False,0.354,delivered within promise
HDEL002898,HORD002898,2018-12-19,2018-12-23,2018-12-25,Direct Freight,Standard,Delivered,2,False,68,12.22,carrier_capacity,4,4,Anytime,7.5536,True,0.541,carrier scan reconciled
HDEL002899,HORD002899,2018-11-05,2018-11-09,2018-11-08,StarTrack,Standard,Delivered,0,True,29,7.39,none,4,7,Afternoon,2.4836,True,0.421,delivered within promise
HDEL002900,HORD002900,2018-05-30,2018-06-04,2018-06-02,StarTrack,Standard,Delivered,0,True,53,9.12,none,5,8,Anytime,6.6725,True,0.506,delivered within promise
HDEL002901,HORD002901,2018-09-15,2018-09-21,2018-09-21,DHL,Standard,Delivered,0,True,4,8.79,none,6,5,Morning,4.4676,True,0.863,delivered within promise
HDEL002902,HORD002902,2018-07-27,2018-07-30,2018-07-29,Direct Freight,Standard,Delivered,0,True,52,9.71,none,3,9,Morning,5.5022,False,0.512,delivered within promise
HDEL002903,HORD002903,2018-08-15,2018-08-19,2018-08-17,Direct Freight,Standard,Delivered,0,True,21,9.26,none,4,9,Anytime,2.704,True,0.44,delivered within promise
HDEL002904,HORD002904,2018-10-03,2018-10-06,2018-10-05,AusPost,Standard,Delivered,0,True,2,7.82,none,3,9,Afternoon,4.4903,False,0.334,delivered within promise
HDEL002905,HORD002905,2018-05-23,2018-05-29,2018-05-27,Direct Freight,Standard,Delivered,0,True,48,8.6,none,6,7,Afternoon,6.9704,False,1.173,delivered within promise
HDEL002906,HORD002906,2018-01-23,2018-01-30,2018-01-29,StarTrack,Standard,Delivered,0,True,13,9.89,none,7,4,Anytime,6.8906,False,0.487,delivered within promise
HDEL002907,HORD002907,2018-04-05,2018-04-12,2018-04-12,DHL,Express,Delivered,0,True,66,18.8,none,7,6,Anytime,7.4635,True,0.602,delivered within promise
HDEL002908,HORD002908,2018-08-07,2018-08-11,2018-08-10,StarTrack,Standard,Delivered,0,True,37,7.97,none,4,9,Afternoon,2.2927,True,1.077,delivered within promise
HDEL002909,HORD002909,2018-08-03,2018-08-08,2018-08-08,DHL,Standard,Delivered,0,True,71,13.67,none,5,7,Afternoon,5.9963,True,0.459,delivered within promise
HDEL002910,HORD002910,2018-06-17,2018-06-22,2018-06-22,DHL,Standard,Delivered,0,True,18,11.39,none,5,8,Anytime,4.4075,True,0.462,delivered within promise
HDEL002911,HORD002911,2018-12-31,2019-01-05,2019-01-04,StarTrack,Express,Delivered,0,True,46,14.96,none,5,8,Afternoon,3.2063,True,0.403,delivered within promise
HDEL002912,HORD002912,2018-09-28,2018-10-01,2018-09-29,StarTrack,Standard,Delivered,0,True,63,9.41,none,3,6,Anytime,6.514,True,0.531,delivered within promise
HDEL002913,HORD002913,2018-12-29,2019-01-01,2018-12-30,Direct Freight,Standard,Delivered,0,True,30,9.52,none,3,9,Morning,8.5159,False,0.438,delivered within promise
HDEL002914,HORD002914,2018-03-28,2018-04-03,2018-04-03,DHL,Express,Delivered,0,True,49,15.52,none,6,7,Morning,5.0931,True,0.558,delivered within promise
HDEL002915,HORD002915,2018-12-11,2018-12-15,2018-12-13,Direct Freight,Standard,Delivered,0,True,61,10.16,none,4,6,Anytime,8.2822,True,1.705,delivered within promise
HDEL002916,HORD002916,2018-07-01,2018-07-04,2018-07-03,AusPost,Standard,Delivered,0,True,19,10.17,none,3,3,Anytime,2.0846,True,0.518,delivered within promise
HDEL002917,HORD002917,2018-07-31,2018-08-05,2018-08-05,StarTrack,Standard,Delivered,0,True,33,11.52,none,5,8,Afternoon,4.555,False,0.337,delivered within promise
HDEL002918,HORD002918,2018-12-12,2018-12-18,2018-12-18,AusPost,Standard,Delivered,0,True,47,7.97,none,6,7,Morning,4.4075,True,1.03,delivered within promise
HDEL002919,HORD002919,2018-05-14,2018-05-20,2018-05-19,Direct Freight,Standard,Delivered,0,True,40,9.72,none,6,3,Anytime,7.0756,True,0.404,delivered within promise
HDEL002920,HORD002920,2018-09-23,2018-09-26,2018-09-25,Direct Freight,Standard,Delivered,0,True,29,7.64,none,3,9,Morning,4.9215,False,0.372,delivered within promise
HDEL002921,HORD002921,2018-08-30,2018-09-05,2018-09-03,StarTrack,Standard,Delivered,0,True,39,11.55,none,6,9,Morning,3.1441,True,0.465,delivered within promise
HDEL002922,HORD002922,2018-04-26,2018-04-30,2018-04-29,DHL,Standard,Delivered,0,True,71,7.72,none,4,5,Afternoon,5.6239,True,0.512,delivered within promise
HDEL002923,HORD002923,2018-03-09,2018-03-15,2018-03-15,StarTrack,Standard,Delivered,0,True,11,10.03,none,6,7,Anytime,7.4143,True,0.506,delivered within promise
HDEL002924,HORD002924,2018-03-16,2018-03-20,2018-03-20,DHL,Standard,Delivered,0,True,63,10.62,none,4,8,Anytime,5.893,False,0.499,delivered within promise
HDEL002925,HORD002925,2018-04-16,2018-04-20,2018-04-19,DHL,Standard,Delivered,0,True,50,7.59,none,4,7,Afternoon,4.5544,True,0.574,delivered within promise
HDEL002926,HORD002926,2018-12-15,2018-12-19,2018-12-17,AusPost,Express,Delivered,0,True,5,17.08,none,4,8,Morning,6.1231,False,0.352,delivered within promise
HDEL002927,HORD002927,2018-03-16,2018-03-21,2018-03-20,Direct Freight,Standard,Delivered,0,True,41,6.74,none,5,8,Afternoon,2.2355,True,0.275,delivered within promise
HDEL002928,HORD002928,2018-09-23,2018-09-27,2018-09-25,DHL,Express,Delivered,0,True,26,17.07,none,4,9,Morning,1.7014,True,0.548,delivered within promise
HDEL002929,HORD002929,2018-01-05,2018-01-08,2018-01-07,DHL,Express,Delivered,0,True,18,14.92,none,3,6,Afternoon,5.0931,False,0.401,delivered within promise
HDEL002930,HORD002930,2018-05-20,2018-05-23,2018-05-21,StarTrack,Standard,Delivered,0,True,17,9.79,none,3,5,Anytime,4.7326,False,0.368,delivered within promise
HDEL002931,HORD002931,2018-02-22,2018-02-25,2018-02-24,AusPost,Standard,Delivered,0,True,73,10.55,none,3,7,Afternoon,7.0873,False,1.111,delivered within promise
HDEL002932,HORD002932,2018-11-14,2018-11-21,2018-11-21,DHL,Standard,Delivered,0,True,31,5.46,none,7,4,Morning,0.8202,False,0.243,delivered within promise
HDEL002933,HORD002933,2018-06-25,2018-06-29,2018-06-27,Direct Freight,Standard,Delivered,0,True,11,11.88,none,4,3,Afternoon,4.1548,True,0.405,delivered within promise
HDEL002934,HORD002934,2018-05-29,2018-06-04,2018-06-03,StarTrack,Standard,Delivered,0,True,41,8.61,none,6,3,Morning,6.9476,False,0.365,delivered within promise
HDEL002935,HORD002935,2018-09-03,2018-09-09,2018-09-08,Direct Freight,Standard,Delivered,0,True,64,12.05,none,6,4,Morning,3.6546,False,0.307,delivered within promise
HDEL002936,HORD002936,2018-09-12,2018-09-16,2018-09-15,DHL,Standard,Delivered,0,True,24,10.95,none,4,4,Anytime,8.0537,True,0.567,delivered within promise
HDEL002937,HORD002937,2018-12-14,2018-12-21,2018-12-21,AusPost,Standard,Delivered,0,True,73,8.12,none,7,7,Afternoon,4.911,True,0.589,delivered within promise
HDEL002938,HORD002938,2018-12-26,2018-12-31,2018-12-29,AusPost,Express,Delivered,0,True,37,15.08,none,5,5,Anytime,3.3418,False,0.371,delivered within promise
HDEL002939,HORD002939,2018-02-21,2018-02-26,2018-02-26,StarTrack,Standard,Delivered,0,True,57,8.08,none,5,3,Anytime,6.1688,True,0.368,delivered within promise
HDEL002940,HORD002940,2018-01-27,2018-02-02,2018-02-02,AusPost,Standard,Delivered,0,True,48,8.24,none,6,3,Anytime,3.3602,True,1.023,delivered within promise
HDEL002941,HORD002941,2018-03-07,2018-03-12,2018-03-12,DHL,Standard,Delivered,0,True,11,9.91,none,5,5,Anytime,7.355,True,1.039,delivered within promise
HDEL002942,HORD002942,2018-03-19,2018-03-26,2018-03-31,DHL,Standard,Delivered,5,False,38,8.69,weather,7,7,Afternoon,6.3827,True,1.867,carrier scan reconciled
HDEL002943,HORD002943,2018-01-26,2018-01-31,2018-01-29,StarTrack,Express,Delivered,0,True,7,16.73,none,5,3,Anytime,7.355,True,0.577,delivered within promise
HDEL002944,HORD002944,2018-02-05,2018-02-11,2018-02-10,Direct Freight,Express,Delivered,0,True,50,16.25,none,6,7,Morning,7.2645,False,0.462,delivered within promise
HDEL002945,HORD002945,2018-12-24,2018-12-30,2018-12-28,Direct Freight,Standard,Delivered,0,True,7,7.36,none,6,7,Morning,3.6744,True,0.573,delivered within promise
HDEL002946,HORD002946,2018-07-21,2018-07-24,2018-07-24,Direct Freight,Standard,Delivered,0,True,3,13.06,none,3,5,Afternoon,8.9566,True,0.494,delivered within promise
HDEL002947,HORD002947,2018-07-13,2018-07-18,2018-07-17,Direct Freight,Express,Delivered,0,True,73,22.79,none,5,9,Morning,3.2972,True,1.672,delivered within promise
HDEL002948,HORD002948,2018-11-25,2018-12-02,2018-12-01,StarTrack,Standard,Delivered,0,True,63,9.65,none,7,5,Afternoon,6.8617,True,0.965,delivered within promise
HDEL002949,HORD002949,2018-02-11,2018-02-16,2018-02-15,DHL,Standard,Delivered,0,True,6,8.98,none,5,6,Afternoon,4.2327,True,1.227,delivered within promise
HDEL002950,HORD002950,2018-10-22,2018-10-28,2018-10-26,AusPost,Standard,Delivered,0,True,48,7.7,none,6,6,Morning,5.6653,True,0.551,delivered within promise
HDEL002951,HORD002951,2018-02-24,2018-03-03,2018-03-02,Direct Freight,Standard,Delivered,0,True,59,10.64,none,7,6,Morning,6.753,True,0.473,delivered within promise
HDEL002952,HORD002952,2018-11-06,2018-11-12,2018-11-10,AusPost,Standard,Delivered,0,True,29,10.19,none,6,5,Morning,7.278,False,0.502,delivered within promise
HDEL002953,HORD002953,2018-04-11,2018-04-14,2018-04-12,DHL,Standard,Delivered,0,True,40,9.34,none,3,5,Anytime,7.3971,True,0.534,delivered within promise
HDEL002954,HORD002954,2018-04-22,2018-04-25,2018-04-24,AusPost,Standard,Delivered,0,True,68,7.93,none,3,7,Anytime,4.9324,True,0.472,delivered within promise
HDEL002955,HORD002955,2018-09-08,2018-09-12,2018-09-10,Direct Freight,Standard,Delivered,0,True,6,6.7,none,4,6,Afternoon,0.7165,True,0.879,delivered within promise
HDEL002956,HORD002956,2018-01-02,2018-01-05,2018-01-05,DHL,Standard,Delivered,0,True,28,7.97,none,3,9,Anytime,3.7377,False,0.348,delivered within promise
HDEL002957,HORD002957,2018-11-08,2018-11-12,2018-11-11,Direct Freight,Standard,Delivered,0,True,29,9.0,none,4,3,Anytime,3.2063,False,0.36,delivered within promise
HDEL002958,HORD002958,2018-07-14,2018-07-19,2018-07-17,AusPost,Standard,Delivered,0,True,16,9.19,none,5,9,Anytime,1.1475,True,0.559,delivered within promise
HDEL002959,HORD002959,2018-01-11,2018-01-17,2018-01-17,Direct Freight,Standard,Delivered,0,True,63,7.28,none,6,6,Morning,2.134,False,0.359,delivered within promise
HDEL002960,HORD002960,2018-03-16,2018-03-22,2018-03-21,Direct Freight,Standard,Delivered,0,True,46,7.4,none,6,9,Anytime,4.2248,True,0.421,delivered within promise
HDEL002961,HORD002961,2018-11-10,2018-11-17,2018-11-15,AusPost,Standard,Delivered,0,True,15,8.02,none,7,6,Afternoon,6.3492,True,0.539,delivered within promise
HDEL002962,HORD002962,2018-08-22,2018-08-29,2018-08-28,Direct Freight,Standard,Delivered,0,True,23,11.21,none,7,5,Anytime,7.4601,True,0.407,delivered within promise
HDEL002963,HORD002963,2018-11-12,2018-11-15,2018-11-13,Direct Freight,Express,Delivered,0,True,36,16.57,none,3,8,Morning,6.6539,True,0.39,delivered within promise
HDEL002964,HORD002964,2018-04-05,2018-04-11,2018-04-11,AusPost,Standard,Delivered,0,True,24,11.77,none,6,8,Afternoon,8.0537,True,1.275,delivered within promise
HDEL002965,HORD002965,2018-03-06,2018-03-09,2018-03-07,AusPost,Standard,Delivered,0,True,12,5.85,none,3,9,Anytime,1.0768,True,0.969,delivered within promise
HDEL002966,HORD002966,2018-12-15,2018-12-22,2018-12-22,StarTrack,Standard,Delivered,0,True,64,9.07,none,7,5,Anytime,3.7343,True,0.319,delivered within promise
HDEL002967,HORD002967,2018-07-13,2018-07-19,2018-07-19,DHL,Standard,Delivered,0,True,2,9.21,none,6,4,Afternoon,0.053,False,0.299,delivered within promise
HDEL002968,HORD002968,2018-06-02,2018-06-08,2018-06-06,StarTrack,Express,Delivered,0,True,27,22.2,none,6,7,Anytime,6.1407,False,0.376,delivered within promise
HDEL002969,HORD002969,2018-12-16,2018-12-23,2018-12-22,StarTrack,Standard,Delivered,0,True,9,8.27,none,7,5,Afternoon,3.4566,True,0.363,delivered within promise
HDEL002970,HORD002970,2018-06-18,2018-06-23,2018-06-23,DHL,Standard,Delivered,0,True,37,12.98,none,5,6,Anytime,7.7907,True,0.628,delivered within promise
HDEL002971,HORD002971,2018-04-27,2018-05-04,2018-05-04,AusPost,Standard,Delivered,0,True,30,7.25,none,7,6,Anytime,2.123,False,0.334,delivered within promise
HDEL002972,HORD002972,2018-08-24,2018-08-28,2018-08-27,AusPost,Standard,Delivered,0,True,61,10.92,none,4,8,Anytime,7.6404,True,0.53,delivered within promise
HDEL002973,HORD002973,2018-06-20,2018-06-27,2018-06-26,AusPost,Standard,Delivered,0,True,5,9.42,none,7,3,Morning,3.776,True,0.411,delivered within promise
HDEL002974,HORD002974,2018-11-22,2018-11-29,2018-11-28,DHL,Standard,Delivered,0,True,43,6.41,none,7,9,Afternoon,3.1441,True,1.457,delivered within promise
HDEL002975,HORD002975,2018-05-14,2018-05-20,2018-05-20,DHL,Standard,Delivered,0,True,4,9.67,none,6,7,Morning,9.3352,True,0.508,delivered within promise
HDEL002976,HORD002976,2018-06-03,2018-06-06,2018-06-06,Direct Freight,Standard,Delivered,0,True,31,8.84,none,3,7,Morning,1.0148,True,0.326,delivered within promise
HDEL002977,HORD002977,2018-06-12,2018-06-17,2018-06-16,DHL,Standard,Delivered,0,True,5,10.43,none,5,7,Morning,5.4327,True,0.344,delivered within promise
HDEL002978,HORD002978,2018-10-08,2018-10-12,2018-10-12,StarTrack,Standard,Delivered,0,True,26,8.49,none,4,5,Anytime,4.3951,True,0.406,delivered within promise
HDEL002979,HORD002979,2018-09-20,2018-09-23,2018-09-23,StarTrack,Standard,Delivered,0,True,70,8.88,none,3,6,Morning,7.0574,False,0.48,delivered within promise
HDEL002980,HORD002980,2018-04-06,2018-04-11,2018-04-09,Direct Freight,Express,Delivered,0,True,27,13.16,none,5,5,Morning,1.4979,True,0.331,delivered within promise
HDEL002981,HORD002981,2018-05-09,2018-05-16,2018-05-14,AusPost,Standard,Delivered,0,True,54,7.04,none,7,3,Morning,3.2414,False,0.298,delivered within promise
HDEL002982,HORD002982,2018-08-29,2018-09-04,2018-09-03,StarTrack,Standard,Delivered,0,True,70,12.83,none,6,3,Afternoon,8.2822,True,0.446,delivered within promise
HDEL002983,HORD002983,2018-07-28,2018-08-02,2018-08-02,Direct Freight,Standard,Delivered,0,True,12,12.28,none,5,8,Morning,9.9192,True,0.523,delivered within promise
HDEL002984,HORD002984,2018-05-09,2018-05-14,2018-05-14,StarTrack,Standard,Delivered,0,True,24,11.22,none,5,4,Morning,7.3474,True,0.578,delivered within promise
HDEL002985,HORD002985,2018-01-17,2018-01-22,2018-01-20,StarTrack,Standard,Delivered,0,True,20,8.04,none,5,7,Afternoon,5.5403,False,0.412,delivered within promise
HDEL002986,HORD002986,2018-01-08,2018-01-12,2018-01-11,Direct Freight,Standard,Delivered,0,True,10,9.88,none,4,6,Morning,5.5803,True,1.095,delivered within promise
HDEL002987,HORD002987,2018-10-06,2018-10-13,2018-10-13,AusPost,Standard,Delivered,0,True,50,7.52,none,7,5,Morning,1.4968,True,0.264,delivered within promise
HDEL002988,HORD002988,2018-01-18,2018-01-24,2018-01-23,DHL,Standard,Delivered,0,True,42,9.76,none,6,5,Anytime,5.497,False,0.343,delivered within promise
HDEL002989,HORD002989,2018-01-20,2018-01-24,2018-01-23,DHL,Standard,Delivered,0,True,55,8.0,none,4,4,Morning,2.6825,True,0.279,delivered within promise
HDEL002990,HORD002990,2018-12-08,2018-12-15,2018-12-14,DHL,Standard,Delivered,0,True,25,9.37,none,7,3,Morning,8.7347,True,0.519,delivered within promise
HDEL002991,HORD002991,2018-08-04,2018-08-08,2018-08-08,DHL,Standard,Delivered,0,True,59,12.61,none,4,8,Morning,7.5048,True,0.495,delivered within promise
HDEL002992,HORD002992,2018-08-01,2018-08-08,2018-08-08,Direct Freight,Standard,Delivered,0,True,35,10.39,none,7,8,Anytime,3.1302,True,0.514,delivered within promise
HDEL002993,HORD002993,2018-05-08,2018-05-13,2018-05-11,AusPost,Standard,Delivered,0,True,20,10.07,none,5,5,Morning,5.8758,True,1.102,delivered within promise
HDEL002994,HORD002994,2018-03-18,2018-03-23,2018-03-22,Direct Freight,Standard,Delivered,0,True,65,11.7,none,5,4,Morning,8.0606,True,0.642,delivered within promise
HDEL002995,HORD002995,2018-10-27,2018-10-31,2018-10-30,AusPost,Standard,Delivered,0,True,73,8.26,none,4,6,Morning,2.2454,True,0.383,delivered within promise
HDEL002996,HORD002996,2018-09-17,2018-09-22,2018-09-20,StarTrack,Standard,Delivered,0,True,7,7.32,none,5,6,Afternoon,1.4362,True,0.579,delivered within promise
HDEL002997,HORD002997,2018-05-08,2018-05-11,2018-05-11,DHL,Standard,Delivered,0,True,26,10.09,none,3,5,Afternoon,5.8895,True,1.123,delivered within promise
HDEL002998,HORD002998,2018-05-24,2018-05-29,2018-05-29,DHL,Standard,Delivered,0,True,9,10.02,none,5,8,Anytime,6.6551,False,0.46,delivered within promise
HDEL002999,HORD002999,2018-05-02,2018-05-07,2018-05-05,Direct Freight,Standard,Delivered,0,True,65,8.75,none,5,5,Morning,5.1954,True,0.61,delivered within promise
HDEL003000,HORD003000,2018-12-23,2018-12-29,2018-12-29,DHL,Standard,Delivered,0,True,37,8.48,none,6,3,Afternoon,6.1208,False,0.375,delivered within promise
HDEL003001,HORD003001,2018-01-15,2018-01-20,2018-01-18,StarTrack,Standard,Delivered,0,True,16,10.07,none,5,8,Morning,4.416,True,0.326,delivered within promise
HDEL003002,HORD003002,2018-05-06,2018-05-13,2018-05-13,DHL,Standard,Delivered,0,True,12,9.46,none,7,5,Afternoon,4.4275,True,0.532,delivered within promise
HDEL003003,HORD003003,2018-02-19,2018-02-23,2018-02-21,AusPost,Express,Delivered,0,True,51,17.39,none,4,6,Morning,6.1407,True,0.393,delivered within promise
HDEL003004,HORD003004,2018-05-04,2018-05-10,2018-05-10,Direct Freight,Standard,Delivered,0,True,8,11.2,none,6,7,Afternoon,7.9755,False,0.503,delivered within promise
HDEL003005,HORD003005,2018-12-21,2018-12-28,2018-12-28,AusPost,Express,Delivered,0,True,66,18.05,none,7,7,Morning,6.7742,True,0.484,delivered within promise
HDEL003006,HORD003006,2018-01-10,2018-01-17,2018-01-15,DHL,Standard,Delivered,0,True,54,8.24,none,7,5,Anytime,1.7855,True,0.384,delivered within promise
HDEL003007,HORD003007,2018-01-14,2018-01-18,2018-01-18,Direct Freight,Standard,Delivered,0,True,30,8.7,none,4,9,Anytime,3.5976,False,0.34,delivered within promise
HDEL003008,HORD003008,2018-12-22,2018-12-26,2018-12-25,DHL,Standard,Delivered,0,True,20,10.31,none,4,6,Afternoon,6.2848,False,0.42,delivered within promise
HDEL003009,HORD003009,2018-12-19,2018-12-26,2018-12-26,DHL,Standard,Delivered,0,True,42,6.51,none,7,8,Morning,2.018,True,0.288,delivered within promise
HDEL003010,HORD003010,2018-06-14,2018-06-17,2018-06-16,DHL,Express,Delivered,0,True,14,24.09,none,3,8,Morning,6.983,True,0.933,delivered within promise
HDEL003011,HORD003011,2018-12-01,2018-12-07,2018-12-06,StarTrack,Standard,Delivered,0,True,21,6.76,none,6,7,Morning,3.7343,True,0.483,delivered within promise
HDEL003012,HORD003012,2018-09-14,2018-09-21,2018-09-19,DHL,Standard,Delivered,0,True,14,10.2,none,7,9,Morning,7.7396,True,0.586,delivered within promise
HDEL003013,HORD003013,2018-07-24,2018-07-31,2018-07-29,AusPost,Standard,Delivered,0,True,27,10.01,none,7,7,Anytime,4.416,True,0.433,delivered within promise
HDEL003014,HORD003014,2018-08-15,2018-08-19,2018-08-17,AusPost,Express,Delivered,0,True,17,19.01,none,4,7,Anytime,0.1725,True,0.296,delivered within promise
HDEL003015,HORD003015,2018-06-01,2018-06-06,2018-06-05,AusPost,Standard,Delivered,0,True,64,9.25,none,5,7,Morning,4.9486,False,0.32,delivered within promise
HDEL003016,HORD003016,2018-11-25,2018-11-29,2018-11-27,Direct Freight,Standard,Delivered,0,True,24,10.46,none,4,6,Anytime,5.3606,True,0.48,delivered within promise
HDEL003017,HORD003017,2018-12-13,2018-12-19,2018-12-17,DHL,Standard,Delivered,0,True,73,8.55,none,6,6,Morning,6.9183,False,0.366,delivered within promise
HDEL003018,HORD003018,2018-02-19,2018-02-23,2018-02-28,Direct Freight,Standard,Delivered,5,False,16,10.14,carrier_capacity,4,8,Morning,4.9204,True,0.413,carrier scan reconciled
HDEL003019,HORD003019,2018-01-21,2018-01-28,2018-01-26,StarTrack,Standard,Delivered,0,True,41,10.43,none,7,9,Afternoon,8.5645,True,0.549,delivered within promise
HDEL003020,HORD003020,2018-01-11,2018-01-15,2018-01-15,DHL,Standard,Delivered,0,True,28,11.29,none,4,8,Morning,9.7141,True,1.66,delivered within promise
HDEL003021,HORD003021,2018-01-18,2018-01-23,2018-01-23,StarTrack,Standard,Delivered,0,True,33,7.33,none,5,7,Morning,4.631,False,0.364,delivered within promise
HDEL003022,HORD003022,2018-10-05,2018-10-08,2018-10-06,DHL,Standard,Delivered,0,True,50,8.31,none,3,6,Anytime,6.0476,True,0.57,delivered within promise
HDEL003023,HORD003023,2018-02-28,2018-03-03,2018-03-03,DHL,Standard,Delivered,0,True,50,6.31,none,3,3,Morning,2.0015,False,0.37,delivered within promise
HDEL003024,HORD003024,2018-10-05,2018-10-10,2018-10-09,AusPost,Standard,Delivered,0,True,51,9.22,none,5,7,Anytime,9.0452,True,0.547,delivered within promise
HDEL003025,HORD003025,2018-07-06,2018-07-09,2018-07-07,Direct Freight,Standard,Delivered,0,True,5,11.21,none,3,6,Morning,7.3803,True,1.262,delivered within promise
HDEL003026,HORD003026,2018-08-31,2018-09-04,2018-09-04,AusPost,Standard,Delivered,0,True,14,10.11,none,4,5,Morning,3.3602,True,1.075,delivered within promise
HDEL003027,HORD003027,2018-01-18,2018-01-22,2018-01-20,DHL,Express,Delivered,0,True,4,14.28,none,4,3,Anytime,4.8879,True,0.432,delivered within promise
HDEL003028,HORD003028,2018-02-18,2018-02-23,2018-02-21,DHL,Express,Delivered,0,True,42,12.9,none,5,7,Morning,2.2355,True,0.375,delivered within promise
HDEL003029,HORD003029,2018-10-06,2018-10-09,2018-10-08,AusPost,Standard,Delivered,0,True,36,7.38,none,3,3,Anytime,1.5797,False,0.319,delivered within promise
HDEL003030,HORD003030,2018-09-28,2018-10-01,2018-10-01,Direct Freight,Standard,Delivered,0,True,66,9.21,none,3,5,Anytime,4.6463,True,0.541,delivered within promise
HDEL003031,HORD003031,2018-05-06,2018-05-11,2018-05-09,Direct Freight,Standard,Delivered,0,True,32,9.75,none,5,3,Afternoon,5.497,True,0.476,delivered within promise
HDEL003032,HORD003032,2018-07-14,2018-07-21,2018-07-20,DHL,Express,Delivered,0,True,29,20.44,none,7,6,Morning,6.322,True,0.83,delivered within promise
HDEL003033,HORD003033,2018-10-26,2018-10-31,2018-10-29,DHL,Standard,Delivered,0,True,32,9.28,none,5,8,Afternoon,4.3953,True,0.516,delivered within promise
HDEL003034,HORD003034,2018-02-15,2018-02-20,2018-02-18,DHL,Standard,Delivered,0,True,20,10.89,none,5,3,Morning,6.2138,False,0.416,delivered within promise
HDEL003035,HORD003035,2018-12-15,2018-12-19,2018-12-17,Direct Freight,Standard,Delivered,0,True,30,9.89,none,4,5,Anytime,5.5051,False,0.45,delivered within promise
HDEL003036,HORD003036,2018-05-21,2018-05-24,2018-05-23,DHL,Express,Delivered,0,True,57,13.81,none,3,9,Anytime,2.8697,True,0.39,delivered within promise
HDEL003037,HORD003037,2018-02-02,2018-02-08,2018-02-08,DHL,Standard,Delivered,0,True,44,11.78,none,6,3,Anytime,7.355,True,0.989,delivered within promise
HDEL003038,HORD003038,2018-08-18,2018-08-24,2018-08-22,Direct Freight,Standard,Delivered,0,True,39,9.14,none,6,6,Afternoon,2.601,False,0.786,delivered within promise
HDEL003039,HORD003039,2018-05-31,2018-06-07,2018-06-07,DHL,Standard,Delivered,0,True,16,8.82,none,7,7,Anytime,6.0765,True,0.631,delivered within promise
HDEL003040,HORD003040,2018-04-02,2018-04-05,2018-04-05,AusPost,Standard,Delivered,0,True,4,6.42,none,3,7,Afternoon,2.2454,False,0.383,delivered within promise
HDEL003041,HORD003041,2018-04-23,2018-04-27,2018-04-26,StarTrack,Standard,Delivered,0,True,55,10.8,none,4,3,Anytime,8.0565,True,1.212,delivered within promise
HDEL003042,HORD003042,2018-05-23,2018-05-29,2018-05-29,StarTrack,Standard,Delivered,0,True,64,8.11,none,6,6,Anytime,5.4595,True,0.36,delivered within promise
HDEL003043,HORD003043,2018-01-14,2018-01-19,2018-01-19,Direct Freight,Standard,Delivered,0,True,63,7.83,none,5,9,Anytime,4.3951,True,0.942,delivered within promise
HDEL003044,HORD003044,2018-11-10,2018-11-14,2018-11-12,DHL,Standard,Delivered,0,True,36,6.5,none,4,9,Morning,1.4145,True,0.457,delivered within promise
HDEL003045,HORD003045,2018-11-13,2018-11-18,2018-11-17,DHL,Standard,Delivered,0,True,19,12.3,none,5,9,Morning,8.8204,False,0.421,delivered within promise
HDEL003046,HORD003046,2018-03-30,2018-04-02,2018-03-31,StarTrack,Standard,Delivered,0,True,62,8.18,none,3,7,Anytime,4.6923,True,1.056,delivered within promise
HDEL003047,HORD003047,2018-09-04,2018-09-09,2018-09-07,DHL,Standard,Delivered,0,True,15,9.72,none,5,8,Morning,5.4295,True,0.388,delivered within promise
HDEL003048,HORD003048,2018-10-24,2018-10-29,2018-10-29,StarTrack,Standard,Delivered,0,True,49,9.77,none,5,7,Afternoon,4.3781,True,0.536,delivered within promise
HDEL003049,HORD003049,2018-12-09,2018-12-16,2018-12-16,Direct Freight,Standard,Delivered,0,True,34,7.58,none,7,3,Morning,4.0213,True,0.887,delivered within promise
HDEL003050,HORD003050,2018-10-04,2018-10-09,2018-10-08,AusPost,Standard,Delivered,0,True,31,12.09,none,5,7,Afternoon,9.4249,True,1.136,delivered within promise
HDEL003051,HORD003051,2018-09-11,2018-09-15,2018-09-13,Direct Freight,Standard,Delivered,0,True,70,9.85,none,4,8,Afternoon,8.301,False,0.433,delivered within promise
HDEL003052,HORD003052,2018-12-24,2018-12-30,2018-12-30,StarTrack,Standard,Delivered,0,True,58,9.37,none,6,6,Anytime,5.5821,False,0.371,delivered within promise
HDEL003053,HORD003053,2018-07-13,2018-07-20,2018-07-20,DHL,Standard,Delivered,0,True,3,11.1,none,7,8,Anytime,6.7883,True,0.518,delivered within promise
HDEL003054,HORD003054,2018-01-31,2018-02-05,2018-02-03,AusPost,Express,Delivered,0,True,40,18.07,none,5,6,Morning,7.6447,True,0.466,delivered within promise
HDEL003055,HORD003055,2018-10-21,2018-10-25,2018-10-23,DHL,Express,Delivered,0,True,36,17.81,none,4,8,Anytime,6.0108,True,0.537,delivered within promise
HDEL003056,HORD003056,2018-12-02,2018-12-07,2018-12-07,Direct Freight,Standard,Delivered,0,True,46,8.94,none,5,6,Anytime,3.3602,False,0.305,delivered within promise
HDEL003057,HORD003057,2018-10-31,2018-11-06,2018-11-04,Direct Freight,Standard,Delivered,0,True,65,7.48,none,6,9,Afternoon,1.0768,True,0.478,delivered within promise
HDEL003058,HORD003058,2018-11-01,2018-11-05,2018-11-03,Direct Freight,Standard,Delivered,0,True,59,6.01,none,4,3,Afternoon,2.3567,True,0.363,delivered within promise
HDEL003059,HORD003059,2018-03-25,2018-03-31,2018-03-29,Direct Freight,Standard,Delivered,0,True,58,7.06,none,6,7,Anytime,2.2928,True,0.351,delivered within promise
HDEL003060,HORD003060,2018-09-23,2018-09-26,2018-09-25,Direct Freight,Standard,Delivered,0,True,22,9.77,none,3,8,Anytime,7.0873,True,0.452,delivered within promise
HDEL003061,HORD003061,2018-12-03,2018-12-09,2018-12-08,AusPost,Standard,Delivered,0,True,24,7.39,none,6,7,Morning,2.3567,True,0.275,delivered within promise
HDEL003062,HORD003062,2018-08-20,2018-08-24,2018-08-24,DHL,Standard,Delivered,0,True,8,8.82,none,4,8,Afternoon,1.3177,False,0.243,delivered within promise
HDEL003063,HORD003063,2018-02-11,2018-02-16,2018-02-16,DHL,Standard,Delivered,0,True,22,6.63,none,5,4,Afternoon,1.6321,True,0.294,delivered within promise
HDEL003064,HORD003064,2018-10-03,2018-10-10,2018-10-08,Direct Freight,Standard,Delivered,0,True,32,9.28,none,7,3,Afternoon,3.6934,True,0.471,delivered within promise
HDEL003065,HORD003065,2018-07-31,2018-08-07,2018-08-06,AusPost,Express,Delivered,0,True,39,17.9,none,7,8,Anytime,1.4145,True,0.825,delivered within promise
HDEL003066,HORD003066,2018-10-17,2018-10-23,2018-10-23,DHL,Standard,Delivered,0,True,43,7.16,none,6,3,Morning,2.5527,True,0.301,delivered within promise
HDEL003067,HORD003067,2018-10-25,2018-11-01,2018-10-30,StarTrack,Standard,Delivered,0,True,6,9.82,none,7,4,Morning,6.9704,True,0.393,delivered within promise
HDEL003068,HORD003068,2018-01-12,2018-01-19,2018-01-17,DHL,Standard,Delivered,0,True,51,8.73,none,7,7,Afternoon,2.704,True,0.409,delivered within promise
HDEL003069,HORD003069,2018-02-09,2018-02-15,2018-02-14,DHL,Standard,Delivered,0,True,53,6.43,none,6,4,Morning,1.4145,True,0.264,delivered within promise
HDEL003070,HORD003070,2018-01-07,2018-01-11,2018-01-09,Direct Freight,Express,Delivered,0,True,22,18.67,none,4,4,Anytime,4.6463,True,0.481,delivered within promise
HDEL003071,HORD003071,2018-05-15,2018-05-20,2018-05-20,StarTrack,Standard,Delivered,0,True,52,10.23,none,5,7,Morning,7.578,True,0.416,delivered within promise
HDEL003072,HORD003072,2018-06-20,2018-06-23,2018-06-21,AusPost,Standard,Delivered,0,True,21,10.29,none,3,9,Afternoon,4.974,True,0.537,delivered within promise
HDEL003073,HORD003073,2018-01-13,2018-01-17,2018-01-16,AusPost,Standard,Delivered,0,True,14,9.62,none,4,3,Afternoon,7.3159,True,0.454,delivered within promise
HDEL003074,HORD003074,2018-01-09,2018-01-12,2018-01-10,StarTrack,Standard,Delivered,0,True,9,10.31,none,3,8,Afternoon,5.4918,True,1.156,delivered within promise
HDEL003075,HORD003075,2018-03-14,2018-03-19,2018-03-18,AusPost,Standard,Delivered,0,True,28,11.96,none,5,4,Afternoon,9.2711,True,0.453,delivered within promise
HDEL003076,HORD003076,2018-03-08,2018-03-13,2018-03-13,Direct Freight,Standard,Delivered,0,True,54,7.01,none,5,5,Anytime,3.6096,True,0.427,delivered within promise
HDEL003077,HORD003077,2018-04-30,2018-05-04,2018-05-04,DHL,Standard,Delivered,0,True,11,10.06,none,4,5,Morning,7.4601,True,0.482,delivered within promise
HDEL003078,HORD003078,2018-06-01,2018-06-04,2018-06-02,DHL,Standard,Delivered,0,True,8,7.46,none,3,5,Anytime,3.1302,True,0.442,delivered within promise
HDEL003079,HORD003079,2018-09-19,2018-09-25,2018-09-23,DHL,Standard,Delivered,0,True,59,13.32,none,6,5,Morning,9.9192,True,0.99,delivered within promise
HDEL003080,HORD003080,2018-01-08,2018-01-15,2018-01-13,DHL,Standard,Delivered,0,True,52,5.96,none,7,7,Anytime,1.5938,True,0.356,delivered within promise
HDEL003081,HORD003081,2018-05-02,2018-05-05,2018-05-03,AusPost,Standard,Delivered,0,True,72,7.79,none,3,7,Afternoon,3.7343,True,1.039,delivered within promise
HDEL003082,HORD003082,2018-07-06,2018-07-09,2018-07-09,StarTrack,Standard,Delivered,0,True,63,9.62,none,3,8,Morning,3.2972,False,0.407,delivered within promise
HDEL003083,HORD003083,2018-04-03,2018-04-10,2018-04-10,AusPost,Express,Delivered,0,True,69,19.16,none,7,5,Afternoon,6.6691,True,0.416,delivered within promise
HDEL003084,HORD003084,2018-11-28,2018-12-04,2018-12-02,DHL,Standard,Delivered,0,True,44,8.39,none,6,6,Afternoon,2.601,True,0.436,delivered within promise
HDEL003085,HORD003085,2018-06-10,2018-06-17,2018-06-17,AusPost,Standard,Delivered,0,True,49,12.17,none,7,3,Anytime,5.4863,True,0.47,delivered within promise
HDEL003086,HORD003086,2018-03-19,2018-03-24,2018-03-22,StarTrack,Express,Delivered,0,True,16,18.54,none,5,5,Morning,6.9179,False,0.443,delivered within promise
HDEL003087,HORD003087,2018-12-13,2018-12-16,2018-12-15,StarTrack,Standard,Delivered,0,True,72,7.06,none,3,4,Anytime,3.7343,True,0.512,delivered within promise
HDEL003088,HORD003088,2018-04-26,2018-05-01,2018-05-01,StarTrack,Standard,Delivered,0,True,52,8.29,none,5,6,Anytime,5.5803,True,0.478,delivered within promise
HDEL003089,HORD003089,2018-05-25,2018-06-01,2018-05-31,StarTrack,Standard,Delivered,0,True,55,7.53,none,7,9,Anytime,1.7855,True,0.376,delivered within promise
HDEL003090,HORD003090,2018-12-13,2018-12-18,2018-12-16,AusPost,Standard,Delivered,0,True,35,7.63,none,5,6,Morning,3.2914,True,0.63,delivered within promise
HDEL003091,HORD003091,2018-08-14,2018-08-19,2018-08-18,StarTrack,Standard,Delivered,0,True,31,12.78,none,5,8,Afternoon,7.1651,False,1.141,delivered within promise
HDEL003092,HORD003092,2018-08-25,2018-08-28,2018-08-26,StarTrack,Standard,Delivered,0,True,62,11.28,none,3,9,Afternoon,4.416,False,0.321,delivered within promise
HDEL003093,HORD003093,2018-07-10,2018-07-14,2018-07-14,AusPost,Standard,Delivered,0,True,20,9.05,none,4,5,Afternoon,1.7662,False,0.253,delivered within promise
HDEL003094,HORD003094,2018-11-17,2018-11-22,2018-11-20,AusPost,Standard,Delivered,0,True,23,10.08,none,5,7,Morning,7.3474,True,1.187,delivered within promise
HDEL003095,HORD003095,2018-11-29,2018-12-03,2018-12-01,Direct Freight,Standard,Delivered,0,True,17,8.59,none,4,3,Morning,4.5788,True,0.371,delivered within promise
HDEL003096,HORD003096,2018-06-03,2018-06-07,2018-06-05,DHL,Standard,Delivered,0,True,48,10.14,none,4,9,Morning,5.0399,True,0.415,delivered within promise
HDEL003097,HORD003097,2018-04-07,2018-04-12,2018-04-12,StarTrack,Standard,Delivered,0,True,2,6.33,none,5,7,Afternoon,0.6788,False,0.336,delivered within promise
HDEL003098,HORD003098,2018-05-28,2018-06-04,2018-06-08,Direct Freight,Express,Delivered,4,False,26,16.41,warehouse_congestion,7,3,Morning,6.6113,False,0.382,carrier scan reconciled
HDEL003099,HORD003099,2018-09-07,2018-09-11,2018-09-11,Direct Freight,Standard,Delivered,0,True,24,7.89,none,4,3,Anytime,2.9982,False,0.266,delivered within promise
HDEL003100,HORD003100,2018-08-27,2018-09-03,2018-09-03,AusPost,Standard,Delivered,0,True,48,10.66,none,7,7,Morning,3.2797,True,0.847,delivered within promise
HDEL003101,HORD003101,2018-04-15,2018-04-18,2018-04-17,AusPost,Standard,Delivered,0,True,34,7.21,none,3,3,Anytime,4.302,True,1.297,delivered within promise
HDEL003102,HORD003102,2018-03-03,2018-03-10,2018-03-08,Direct Freight,Standard,Delivered,0,True,49,7.87,none,7,9,Afternoon,3.333,True,0.529,delivered within promise
HDEL003103,HORD003103,2018-10-12,2018-10-19,2018-10-19,DHL,Express,Delivered,0,True,70,13.67,none,7,6,Morning,2.704,False,0.347,delivered within promise
HDEL003104,HORD003104,2018-11-22,2018-11-27,2018-11-25,Direct Freight,Standard,Delivered,0,True,45,9.75,none,5,8,Anytime,6.7742,True,0.569,delivered within promise
HDEL003105,HORD003105,2018-04-04,2018-04-09,2018-04-08,Direct Freight,Standard,Delivered,0,True,69,9.27,none,5,4,Morning,5.1954,True,0.347,delivered within promise
HDEL003106,HORD003106,2018-12-03,2018-12-07,2018-12-06,AusPost,Standard,Delivered,0,True,13,9.33,none,4,3,Anytime,3.5087,False,0.422,delivered within promise
HDEL003107,HORD003107,2018-08-13,2018-08-19,2018-08-18,StarTrack,Standard,Delivered,0,True,38,12.32,none,6,9,Afternoon,7.4635,True,0.441,delivered within promise
HDEL003108,HORD003108,2018-06-15,2018-06-21,2018-06-19,AusPost,Standard,Delivered,0,True,26,11.8,none,6,6,Afternoon,4.5788,True,0.422,delivered within promise
HDEL003109,HORD003109,2018-04-19,2018-04-25,2018-04-23,Direct Freight,Standard,Delivered,0,True,69,10.98,none,6,9,Afternoon,7.1651,True,1.108,delivered within promise
HDEL003110,HORD003110,2018-07-31,2018-08-07,2018-08-06,AusPost,Standard,Delivered,0,True,69,10.38,none,7,4,Morning,2.5443,True,0.32,delivered within promise
HDEL003111,HORD003111,2018-09-24,2018-09-30,2018-09-30,DHL,Express,Delivered,0,True,32,16.62,none,6,5,Morning,4.4676,False,0.484,delivered within promise
HDEL003112,HORD003112,2018-06-12,2018-06-17,2018-06-16,DHL,Standard,Delivered,0,True,18,12.06,none,5,8,Morning,6.783,True,0.507,delivered within promise
HDEL003113,HORD003113,2018-03-17,2018-03-24,2018-03-23,Direct Freight,Standard,Delivered,0,True,43,8.85,none,7,7,Anytime,5.7703,False,0.359,delivered within promise
HDEL003114,HORD003114,2018-04-30,2018-05-06,2018-05-06,Direct Freight,Standard,Delivered,0,True,27,7.82,none,6,8,Afternoon,6.3492,False,0.366,delivered within promise
HDEL003115,HORD003115,2018-12-26,2018-12-30,2018-12-28,Direct Freight,Express,Delivered,0,True,56,18.12,none,4,6,Afternoon,7.1609,False,0.482,delivered within promise
HDEL003116,HORD003116,2018-11-22,2018-11-26,2018-11-24,DHL,Standard,Delivered,0,True,25,10.06,none,4,4,Afternoon,6.9183,True,1.173,delivered within promise
HDEL003117,HORD003117,2018-01-16,2018-01-19,2018-01-19,AusPost,Standard,Delivered,0,True,30,11.03,none,3,6,Afternoon,7.4143,False,0.534,delivered within promise
HDEL003118,HORD003118,2018-02-06,2018-02-10,2018-02-10,Direct Freight,Standard,Delivered,0,True,29,9.03,none,4,3,Anytime,3.5087,True,1.104,delivered within promise
HDEL003119,HORD003119,2018-01-25,2018-01-31,2018-01-30,Direct Freight,Standard,Delivered,0,True,65,11.32,none,6,8,Afternoon,6.3492,True,1.093,delivered within promise
HDEL003120,HORD003120,2018-05-23,2018-05-27,2018-05-25,DHL,Standard,Delivered,0,True,11,12.25,none,4,6,Anytime,9.4249,True,0.589,delivered within promise
HDEL003121,HORD003121,2018-06-19,2018-06-26,2018-06-24,Direct Freight,Standard,Delivered,0,True,59,14.43,none,7,5,Morning,7.0323,False,0.429,delivered within promise
HDEL003122,HORD003122,2018-08-28,2018-09-02,2018-08-31,DHL,Standard,Delivered,0,True,17,10.94,none,5,6,Anytime,5.1765,False,0.379,delivered within promise
HDEL003123,HORD003123,2018-03-23,2018-03-28,2018-03-27,AusPost,Express,Delivered,0,True,56,20.83,none,5,5,Afternoon,7.424,True,1.428,delivered within promise
HDEL003124,HORD003124,2018-03-23,2018-03-29,2018-03-28,StarTrack,Standard,Delivered,0,True,65,8.77,none,6,4,Morning,7.1101,True,1.695,delivered within promise
HDEL003125,HORD003125,2018-01-20,2018-01-26,2018-01-26,StarTrack,Standard,Delivered,0,True,72,9.46,none,6,9,Anytime,6.544,True,0.773,delivered within promise
HDEL003126,HORD003126,2018-03-15,2018-03-21,2018-03-20,Direct Freight,Standard,Delivered,0,True,12,10.88,none,6,6,Afternoon,7.5021,False,0.406,delivered within promise
HDEL003127,HORD003127,2018-06-02,2018-06-06,2018-06-06,AusPost,Standard,Delivered,0,True,66,10.12,none,4,4,Afternoon,6.9179,True,0.619,delivered within promise
HDEL003128,HORD003128,2018-12-24,2018-12-30,2018-12-30,StarTrack,Standard,Delivered,0,True,73,12.54,none,6,5,Morning,8.7338,True,1.156,delivered within promise
HDEL003129,HORD003129,2018-12-07,2018-12-10,2018-12-08,DHL,Standard,Delivered,0,True,35,9.91,none,3,6,Morning,8.301,False,0.535,delivered within promise
HDEL003130,HORD003130,2018-11-01,2018-11-08,2018-11-08,StarTrack,Standard,Delivered,0,True,69,6.11,none,7,5,Afternoon,2.4444,True,0.321,delivered within promise
HDEL003131,HORD003131,2018-10-21,2018-10-25,2018-10-23,DHL,Standard,Delivered,0,True,42,7.43,none,4,6,Morning,3.028,True,1.144,delivered within promise
HDEL003132,HORD003132,2018-05-25,2018-05-29,2018-05-27,StarTrack,Standard,Delivered,0,True,27,8.1,none,4,3,Morning,2.8851,False,0.336,delivered within promise
HDEL003133,HORD003133,2018-10-21,2018-10-26,2018-10-24,DHL,Standard,Delivered,0,True,34,9.49,none,5,9,Morning,4.4676,True,0.57,delivered within promise
HDEL003134,HORD003134,2018-02-25,2018-02-28,2018-02-28,StarTrack,Standard,Delivered,0,True,47,6.82,none,3,6,Morning,2.134,False,0.377,delivered within promise
HDEL003135,HORD003135,2018-06-17,2018-06-21,2018-06-20,DHL,Standard,Delivered,0,True,59,14.3,none,4,3,Anytime,7.3527,True,0.572,delivered within promise
HDEL003136,HORD003136,2018-07-12,2018-07-15,2018-07-15,DHL,Standard,Delivered,0,True,4,12.48,none,3,9,Afternoon,6.9572,True,0.57,delivered within promise
HDEL003137,HORD003137,2018-02-05,2018-02-11,2018-02-10,DHL,Standard,Delivered,0,True,25,9.77,none,6,3,Anytime,7.5536,True,1.842,delivered within promise
HDEL003138,HORD003138,2018-08-23,2018-08-30,2018-08-30,DHL,Standard,Delivered,0,True,6,13.23,none,7,6,Afternoon,7.3527,False,0.434,delivered within promise
HDEL003139,HORD003139,2018-06-17,2018-06-21,2018-06-19,Direct Freight,Express,Delivered,0,True,48,18.48,none,4,4,Morning,1.0071,True,0.749,delivered within promise
HDEL003140,HORD003140,2018-09-11,2018-09-18,2018-09-17,AusPost,Standard,Delivered,0,True,65,9.22,none,7,7,Anytime,5.3613,True,0.489,delivered within promise
HDEL003141,HORD003141,2018-08-02,2018-08-09,2018-08-09,StarTrack,Express,Delivered,0,True,65,21.27,none,7,4,Anytime,5.996,True,0.507,delivered within promise
HDEL003142,HORD003142,2018-01-31,2018-02-06,2018-02-06,StarTrack,Standard,Delivered,0,True,23,8.18,none,6,5,Morning,3.776,True,0.403,delivered within promise
HDEL003143,HORD003143,2018-08-16,2018-08-22,2018-08-20,Direct Freight,Standard,Delivered,0,True,68,13.42,none,6,6,Anytime,7.2459,True,0.649,delivered within promise
HDEL003144,HORD003144,2018-12-29,2019-01-01,2019-01-01,StarTrack,Express,Delivered,0,True,52,17.5,none,3,4,Morning,2.018,True,0.464,delivered within promise
HDEL003145,HORD003145,2018-05-16,2018-05-23,2018-05-22,AusPost,Standard,Delivered,0,True,70,7.35,none,7,7,Morning,1.5776,True,1.103,delivered within promise
HDEL003146,HORD003146,2018-02-07,2018-02-13,2018-02-13,DHL,Standard,Delivered,0,True,9,9.2,none,6,3,Morning,6.7742,False,0.881,delivered within promise
HDEL003147,HORD003147,2018-08-29,2018-09-04,2018-09-03,DHL,Standard,Delivered,0,True,36,7.69,none,6,6,Anytime,1.0383,True,0.854,delivered within promise
HDEL003148,HORD003148,2018-05-18,2018-05-25,2018-05-23,DHL,Standard,Delivered,0,True,10,8.86,none,7,5,Morning,7.578,True,1.19,delivered within promise
HDEL003149,HORD003149,2018-04-07,2018-04-10,2018-04-10,DHL,Standard,Delivered,0,True,12,7.46,none,3,9,Morning,3.773,True,0.606,delivered within promise
HDEL003150,HORD003150,2018-05-06,2018-05-12,2018-05-10,Direct Freight,Standard,Delivered,0,True,43,9.34,none,6,3,Morning,5.0545,True,0.458,delivered within promise
HDEL003151,HORD003151,2018-10-01,2018-10-04,2018-10-03,StarTrack,Standard,Delivered,0,True,73,7.2,none,3,5,Afternoon,4.6463,False,0.411,delivered within promise
HDEL003152,HORD003152,2018-11-02,2018-11-06,2018-11-05,StarTrack,Standard,Delivered,0,True,42,9.35,none,4,9,Morning,8.9566,False,0.519,delivered within promise
HDEL003153,HORD003153,2018-10-23,2018-10-27,2018-10-27,DHL,Standard,Delivered,0,True,62,9.31,none,4,4,Afternoon,6.6671,True,0.555,delivered within promise
HDEL003154,HORD003154,2018-07-10,2018-07-16,2018-07-15,StarTrack,Standard,Delivered,0,True,37,10.96,none,6,3,Afternoon,5.3515,True,0.413,delivered within promise
HDEL003155,HORD003155,2018-09-26,2018-09-29,2018-09-27,AusPost,Standard,Delivered,0,True,2,7.3,none,3,5,Morning,1.6321,False,0.239,delivered within promise
HDEL003156,HORD003156,2018-03-28,2018-04-01,2018-03-31,DHL,Standard,Delivered,0,True,38,9.37,none,4,6,Afternoon,4.1421,True,1.753,delivered within promise
HDEL003157,HORD003157,2018-08-12,2018-08-18,2018-08-16,StarTrack,Standard,Delivered,0,True,64,9.36,none,6,7,Afternoon,2.8809,False,0.353,delivered within promise
HDEL003158,HORD003158,2018-11-03,2018-11-06,2018-11-05,Direct Freight,Express,Delivered,0,True,51,19.68,none,3,4,Morning,5.3249,False,0.481,delivered within promise
HDEL003159,HORD003159,2018-10-27,2018-11-02,2018-11-01,DHL,Standard,Delivered,0,True,3,5.98,none,6,7,Afternoon,1.0768,False,0.373,delivered within promise
HDEL003160,HORD003160,2018-03-11,2018-03-18,2018-03-16,DHL,Standard,Delivered,0,True,56,10.07,none,7,3,Morning,6.5568,False,0.384,delivered within promise
HDEL003161,HORD003161,2018-03-30,2018-04-03,2018-04-01,AusPost,Standard,Delivered,0,True,13,6.56,none,4,6,Afternoon,2.8697,True,0.373,delivered within promise
HDEL003162,HORD003162,2018-03-17,2018-03-22,2018-03-21,StarTrack,Express,Delivered,0,True,25,17.98,none,5,8,Morning,5.2666,False,0.35,delivered within promise
HDEL003163,HORD003163,2018-12-17,2018-12-22,2018-12-20,StarTrack,Standard,Delivered,0,True,12,10.47,none,5,7,Afternoon,7.1054,True,0.474,delivered within promise
HDEL003164,HORD003164,2018-07-09,2018-07-13,2018-07-13,Direct Freight,Standard,Delivered,0,True,5,8.24,none,4,7,Afternoon,1.0148,True,0.775,delivered within promise
HDEL003165,HORD003165,2018-11-09,2018-11-14,2018-11-14,Direct Freight,Standard,Delivered,0,True,43,7.67,none,5,9,Anytime,3.1405,False,0.309,delivered within promise
HDEL003166,HORD003166,2018-07-24,2018-07-31,2018-07-29,DHL,Standard,Delivered,0,True,53,9.68,none,7,5,Afternoon,3.3316,False,0.29,delivered within promise
HDEL003167,HORD003167,2018-08-05,2018-08-12,2018-08-12,Direct Freight,Standard,Delivered,0,True,26,11.14,none,7,9,Morning,4.1904,False,0.301,delivered within promise
HDEL003168,HORD003168,2018-08-10,2018-08-14,2018-08-13,Direct Freight,Express,Delivered,0,True,17,19.89,none,4,5,Afternoon,7.3971,False,0.399,delivered within promise
HDEL003169,HORD003169,2018-10-08,2018-10-13,2018-10-13,StarTrack,Standard,Delivered,0,True,13,9.69,none,5,9,Anytime,7.5536,False,0.391,delivered within promise
HDEL003170,HORD003170,2018-03-31,2018-04-07,2018-04-05,AusPost,Standard,Delivered,0,True,23,6.46,none,7,5,Anytime,1.0784,True,0.374,delivered within promise
HDEL003171,HORD003171,2018-05-04,2018-05-09,2018-05-09,AusPost,Standard,Delivered,0,True,17,8.66,none,5,5,Afternoon,5.972,False,0.457,delivered within promise
HDEL003172,HORD003172,2018-04-10,2018-04-13,2018-04-12,StarTrack,Standard,Delivered,0,True,37,8.5,none,3,7,Anytime,3.0268,False,0.295,delivered within promise
HDEL003173,HORD003173,2018-06-07,2018-06-14,2018-06-13,StarTrack,Express,Delivered,0,True,43,17.28,none,7,9,Morning,1.7014,True,1.027,delivered within promise
HDEL003174,HORD003174,2018-10-13,2018-10-18,2018-10-17,Direct Freight,Standard,Delivered,0,True,59,6.58,none,5,3,Afternoon,3.3602,True,1.094,delivered within promise
HDEL003175,HORD003175,2018-10-01,2018-10-04,2018-10-04,AusPost,Standard,Delivered,0,True,67,6.68,none,3,9,Anytime,1.3001,False,0.297,delivered within promise
HDEL003176,HORD003176,2018-01-09,2018-01-13,2018-01-12,DHL,Standard,Delivered,0,True,47,10.11,none,4,4,Anytime,4.5644,False,0.34,delivered within promise
HDEL003177,HORD003177,2018-10-03,2018-10-09,2018-10-09,Direct Freight,Standard,Delivered,0,True,53,8.14,none,6,7,Morning,3.5019,True,0.873,delivered within promise
HDEL003178,HORD003178,2018-03-09,2018-03-13,2018-03-11,StarTrack,Standard,Delivered,0,True,58,7.63,none,4,4,Afternoon,3.776,False,0.283,delivered within promise
HDEL003179,HORD003179,2018-12-12,2018-12-18,2018-12-18,Direct Freight,Standard,Delivered,0,True,4,10.64,none,6,8,Morning,6.8577,False,0.407,delivered within promise
HDEL003180,HORD003180,2018-07-14,2018-07-18,2018-07-16,StarTrack,Standard,Delivered,0,True,71,10.82,none,4,7,Morning,3.7517,False,0.388,delivered within promise
HDEL003181,HORD003181,2018-08-13,2018-08-17,2018-08-17,StarTrack,Express,Delivered,0,True,44,20.35,none,4,8,Anytime,4.0181,True,0.374,delivered within promise
HDEL003182,HORD003182,2018-05-23,2018-05-30,2018-05-28,Direct Freight,Express,Delivered,0,True,27,19.13,none,7,3,Anytime,6.7896,True,1.161,delivered within promise
HDEL003183,HORD003183,2018-10-31,2018-11-03,2018-11-03,DHL,Express,Delivered,0,True,51,17.85,none,3,5,Afternoon,3.773,True,1.055,delivered within promise
HDEL003184,HORD003184,2018-06-01,2018-06-07,2018-06-06,StarTrack,Express,Delivered,0,True,55,14.51,none,6,7,Anytime,1.0071,False,0.793,delivered within promise
HDEL003185,HORD003185,2018-09-30,2018-10-05,2018-10-04,Direct Freight,Standard,Delivered,0,True,39,9.53,none,5,3,Afternoon,5.4327,True,1.026,delivered within promise
HDEL003186,HORD003186,2018-03-30,2018-04-02,2018-04-02,AusPost,Express,Delivered,0,True,66,16.99,none,3,3,Morning,5.972,True,1.095,delivered within promise
HDEL003187,HORD003187,2018-01-09,2018-01-14,2018-01-13,StarTrack,Express,Delivered,0,True,72,15.26,none,5,9,Afternoon,6.4658,True,0.451,delivered within promise
HDEL003188,HORD003188,2018-01-21,2018-01-26,2018-01-26,Direct Freight,Standard,Delivered,0,True,7,8.51,none,5,6,Afternoon,1.92,False,1.02,delivered within promise
HDEL003189,HORD003189,2018-04-27,2018-04-30,2018-04-29,StarTrack,Standard,Delivered,0,True,34,8.37,none,3,9,Anytime,3.333,False,0.382,delivered within promise
HDEL003190,HORD003190,2018-04-07,2018-04-10,2018-04-09,AusPost,Standard,Delivered,0,True,3,10.05,none,3,3,Morning,5.1961,False,0.377,delivered within promise
HDEL003191,HORD003191,2018-08-15,2018-08-22,2018-08-22,DHL,Standard,Delivered,0,True,40,14.75,none,7,9,Morning,7.578,False,0.386,delivered within promise
HDEL003192,HORD003192,2018-11-14,2018-11-20,2018-11-18,StarTrack,Standard,Delivered,0,True,9,9.95,none,6,9,Morning,4.9022,True,0.47,delivered within promise
HDEL003193,HORD003193,2018-06-09,2018-06-13,2018-06-13,Direct Freight,Standard,Delivered,0,True,60,11.69,none,4,8,Morning,5.8814,True,1.239,delivered within promise
HDEL003194,HORD003194,2018-04-04,2018-04-10,2018-04-10,Direct Freight,Standard,Delivered,0,True,28,10.68,none,6,7,Anytime,6.5356,True,1.056,delivered within promise
HDEL003195,HORD003195,2018-04-28,2018-05-02,2018-05-01,Direct Freight,Standard,Delivered,0,True,42,5.48,none,4,3,Afternoon,1.7132,False,0.278,delivered within promise
HDEL003196,HORD003196,2018-01-13,2018-01-17,2018-01-17,Direct Freight,Express,Delivered,0,True,44,19.0,none,4,7,Anytime,5.1789,True,1.11,delivered within promise
HDEL003197,HORD003197,2018-02-06,2018-02-10,2018-02-10,DHL,Standard,Delivered,0,True,25,9.54,none,4,9,Morning,6.1688,True,0.581,delivered within promise
HDEL003198,HORD003198,2018-05-07,2018-05-14,2018-05-14,StarTrack,Standard,Delivered,0,True,4,9.7,none,7,3,Anytime,6.0031,True,0.742,delivered within promise
HDEL003199,HORD003199,2018-11-03,2018-11-06,2018-11-05,AusPost,Express,Delivered,0,True,65,16.53,none,3,5,Anytime,4.9204,False,0.386,delivered within promise
HDEL003200,HORD003200,2018-04-30,2018-05-05,2018-05-04,StarTrack,Standard,Delivered,0,True,59,8.05,none,5,5,Afternoon,2.2928,False,0.413,delivered within promise
HDEL003201,HORD003201,2018-03-19,2018-03-23,2018-03-23,Direct Freight,Standard,Delivered,0,True,36,9.02,none,4,6,Anytime,5.5821,False,0.393,delivered within promise
HDEL003202,HORD003202,2018-04-19,2018-04-22,2018-04-22,DHL,Standard,Delivered,0,True,73,7.51,none,3,8,Anytime,4.5581,True,0.578,delivered within promise
HDEL003203,HORD003203,2018-08-13,2018-08-20,2018-08-20,Direct Freight,Express,Delivered,0,True,2,21.52,none,7,8,Anytime,2.2355,False,0.4,delivered within promise
HDEL003204,HORD003204,2018-01-27,2018-02-03,2018-02-03,Direct Freight,Standard,Delivered,0,True,7,8.41,none,7,5,Afternoon,3.9742,True,0.381,delivered within promise
HDEL003205,HORD003205,2018-09-07,2018-09-14,2018-09-14,DHL,Standard,Delivered,0,True,67,10.87,none,7,7,Morning,5.9533,True,0.559,delivered within promise
HDEL003206,HORD003206,2018-02-24,2018-03-03,2018-03-02,DHL,Express,Delivered,0,True,66,14.06,none,7,9,Morning,2.5443,True,1.694,delivered within promise
HDEL003207,HORD003207,2018-06-01,2018-06-06,2018-06-05,StarTrack,Standard,Delivered,0,True,11,7.73,none,5,9,Afternoon,3.6096,False,0.328,delivered within promise
HDEL003208,HORD003208,2018-10-20,2018-10-23,2018-10-22,StarTrack,Standard,Delivered,0,True,28,8.26,none,3,4,Morning,5.3606,False,0.385,delivered within promise
HDEL003209,HORD003209,2018-10-06,2018-10-09,2018-10-08,AusPost,Standard,Delivered,0,True,70,7.75,none,3,5,Afternoon,1.5776,False,0.269,delivered within promise
HDEL003210,HORD003210,2018-01-17,2018-01-22,2018-01-22,Direct Freight,Standard,Delivered,0,True,26,7.98,none,5,6,Anytime,4.3951,True,0.523,delivered within promise
HDEL003211,HORD003211,2018-09-29,2018-10-02,2018-09-30,StarTrack,Standard,Delivered,0,True,23,7.39,none,3,7,Morning,2.8333,True,0.536,delivered within promise
HDEL003212,HORD003212,2018-03-29,2018-04-01,2018-03-30,Direct Freight,Standard,Delivered,0,True,31,7.27,none,3,5,Afternoon,3.3602,True,0.549,delivered within promise
HDEL003213,HORD003213,2018-03-13,2018-03-16,2018-03-15,DHL,Express,Delivered,0,True,59,15.11,none,3,6,Afternoon,5.0399,True,0.51,delivered within promise
HDEL003214,HORD003214,2018-11-27,2018-11-30,2018-11-30,Direct Freight,Standard,Delivered,0,True,54,7.89,none,3,5,Anytime,1.7132,True,0.355,delivered within promise
HDEL003215,HORD003215,2018-05-23,2018-05-30,2018-05-30,StarTrack,Standard,Delivered,0,True,58,10.19,none,7,4,Afternoon,6.7742,True,0.415,delivered within promise
HDEL003216,HORD003216,2018-12-27,2019-01-01,2018-12-31,DHL,Standard,Delivered,0,True,27,7.62,none,5,4,Afternoon,4.9204,True,0.431,delivered within promise
HDEL003217,HORD003217,2018-01-13,2018-01-16,2018-01-14,Direct Freight,Standard,Delivered,0,True,2,8.78,none,3,3,Morning,7.4945,True,0.499,delivered within promise
HDEL003218,HORD003218,2018-08-01,2018-08-06,2018-08-06,AusPost,Standard,Delivered,0,True,5,12.3,none,5,5,Anytime,7.0873,True,1.135,delivered within promise
HDEL003219,HORD003219,2018-02-26,2018-03-05,2018-03-04,DHL,Standard,Delivered,0,True,46,10.78,none,7,4,Afternoon,6.4707,False,0.479,delivered within promise
HDEL003220,HORD003220,2018-10-25,2018-10-31,2018-10-29,DHL,Standard,Delivered,0,True,16,6.54,none,6,6,Afternoon,0.8411,False,0.259,delivered within promise
HDEL003221,HORD003221,2018-04-10,2018-04-15,2018-04-13,AusPost,Express,Delivered,0,True,55,16.26,none,5,3,Afternoon,4.5788,True,1.052,delivered within promise
HDEL003222,HORD003222,2018-09-11,2018-09-18,2018-09-17,StarTrack,Standard,Delivered,0,True,7,10.46,none,7,9,Anytime,8.3,False,0.459,delivered within promise
HDEL003223,HORD003223,2018-11-21,2018-11-27,2018-11-27,AusPost,Standard,Delivered,0,True,14,7.42,none,6,4,Anytime,2.704,True,0.341,delivered within promise
HDEL003224,HORD003224,2018-09-22,2018-09-26,2018-09-26,AusPost,Standard,Delivered,0,True,51,7.45,none,4,3,Afternoon,2.5747,True,1.015,delivered within promise
HDEL003225,HORD003225,2018-04-25,2018-04-29,2018-04-29,Direct Freight,Standard,Delivered,0,True,34,8.8,none,4,7,Anytime,6.5587,True,0.471,delivered within promise
HDEL003226,HORD003226,2018-01-03,2018-01-06,2018-01-06,StarTrack,Standard,Delivered,0,True,14,7.79,none,3,3,Afternoon,5.4918,False,0.423,delivered within promise
HDEL003227,HORD003227,2018-11-17,2018-11-23,2018-11-21,AusPost,Standard,Delivered,0,True,50,8.13,none,6,4,Morning,4.704,False,0.314,delivered within promise
HDEL003228,HORD003228,2018-04-24,2018-04-30,2018-04-29,DHL,Standard,Delivered,0,True,63,9.82,none,6,4,Afternoon,7.2272,True,0.747,delivered within promise
HDEL003229,HORD003229,2018-05-03,2018-05-07,2018-05-05,Direct Freight,Standard,Delivered,0,True,42,8.13,none,4,7,Afternoon,2.9974,False,0.34,delivered within promise
HDEL003230,HORD003230,2018-07-17,2018-07-22,2018-07-24,Direct Freight,Express,Delivered,2,False,69,22.09,carrier_capacity,5,3,Morning,4.6463,False,0.424,carrier scan reconciled
HDEL003231,HORD003231,2018-05-23,2018-05-30,2018-05-29,StarTrack,Standard,Delivered,0,True,5,7.36,none,7,8,Afternoon,1.7662,True,0.385,delivered within promise
HDEL003232,HORD003232,2018-03-13,2018-03-17,2018-03-17,AusPost,Standard,Delivered,0,True,40,10.51,none,4,3,Afternoon,10.4906,False,0.549,delivered within promise
HDEL003233,HORD003233,2018-04-05,2018-04-12,2018-04-10,StarTrack,Standard,Delivered,0,True,62,8.88,none,7,9,Afternoon,4.4903,True,0.383,delivered within promise
HDEL003234,HORD003234,2018-02-22,2018-02-25,2018-02-23,AusPost,Standard,Delivered,0,True,33,10.81,none,3,4,Anytime,5.6307,True,0.387,delivered within promise
HDEL003235,HORD003235,2018-08-08,2018-08-12,2018-08-10,Direct Freight,Standard,Delivered,0,True,47,14.12,none,4,6,Anytime,7.0574,True,0.433,delivered within promise
HDEL003236,HORD003236,2018-01-24,2018-01-30,2018-01-30,AusPost,Standard,Delivered,0,True,6,10.28,none,6,6,Morning,6.5587,True,0.494,delivered within promise
HDEL003237,HORD003237,2018-01-28,2018-02-02,2018-02-01,Direct Freight,Standard,Delivered,0,True,13,11.06,none,5,8,Morning,7.3159,True,0.706,delivered within promise
HDEL003238,HORD003238,2018-03-03,2018-03-07,2018-03-05,DHL,Standard,Delivered,0,True,18,7.4,none,4,3,Afternoon,5.0399,False,0.364,delivered within promise
HDEL003239,HORD003239,2018-07-31,2018-08-06,2018-08-06,AusPost,Standard,Delivered,0,True,50,11.1,none,6,4,Morning,3.5854,False,1.03,delivered within promise
HDEL003240,HORD003240,2018-05-19,2018-05-23,2018-05-22,AusPost,Express,Delivered,0,True,62,15.06,none,4,5,Morning,1.2249,True,0.43,delivered within promise
HDEL003241,HORD003241,2018-10-22,2018-10-28,2018-10-28,Direct Freight,Standard,Delivered,0,True,7,9.64,none,6,8,Afternoon,6.7995,True,0.572,delivered within promise
HDEL003242,HORD003242,2018-01-25,2018-01-31,2018-01-29,DHL,Standard,Delivered,0,True,6,8.49,none,6,8,Morning,3.2192,False,0.301,delivered within promise
HDEL003243,HORD003243,2018-02-19,2018-02-22,2018-02-21,Direct Freight,Standard,Delivered,0,True,64,7.53,none,3,7,Morning,1.7795,True,0.3,delivered within promise
HDEL003244,HORD003244,2018-10-15,2018-10-19,2018-10-17,StarTrack,Standard,Delivered,0,True,69,10.45,none,4,4,Anytime,6.4658,True,0.555,delivered within promise
HDEL003245,HORD003245,2018-12-25,2019-01-01,2018-12-31,AusPost,Standard,Delivered,0,True,60,8.84,none,7,5,Afternoon,3.3418,True,0.325,delivered within promise
HDEL003246,HORD003246,2018-04-17,2018-04-21,2018-04-20,AusPost,Standard,Delivered,0,True,56,10.66,none,4,3,Morning,7.9406,True,0.536,delivered within promise
HDEL003247,HORD003247,2018-10-31,2018-11-06,2018-11-05,Direct Freight,Standard,Delivered,0,True,67,8.43,none,6,3,Anytime,4.3318,True,0.491,delivered within promise
HDEL003248,HORD003248,2018-03-03,2018-03-10,2018-03-10,StarTrack,Standard,Delivered,0,True,2,6.54,none,7,6,Anytime,2.0944,True,0.284,delivered within promise
HDEL003249,HORD003249,2018-12-05,2018-12-08,2018-12-08,DHL,Standard,Delivered,0,True,47,6.57,none,3,6,Anytime,2.2928,True,0.946,delivered within promise
HDEL003250,HORD003250,2018-05-23,2018-05-29,2018-05-27,StarTrack,Standard,Delivered,0,True,24,8.4,none,6,7,Morning,5.893,True,0.444,delivered within promise
HDEL003251,HORD003251,2018-08-03,2018-08-07,2018-08-06,StarTrack,Standard,Delivered,0,True,48,9.96,none,4,7,Afternoon,1.8901,True,0.323,delivered within promise
HDEL003252,HORD003252,2018-04-02,2018-04-06,2018-04-06,StarTrack,Standard,Delivered,0,True,35,10.43,none,4,4,Afternoon,6.6135,True,0.511,delivered within promise
HDEL003253,HORD003253,2018-09-13,2018-09-20,2018-09-19,AusPost,Standard,Delivered,0,True,15,7.28,none,7,6,Anytime,3.7343,True,0.768,delivered within promise
HDEL003254,HORD003254,2018-05-15,2018-05-20,2018-05-20,DHL,Standard,Delivered,0,True,72,7.1,none,5,3,Anytime,3.7052,True,0.969,delivered within promise
HDEL003255,HORD003255,2018-12-14,2018-12-17,2018-12-17,StarTrack,Standard,Delivered,0,True,72,8.31,none,3,5,Afternoon,4.631,True,0.498,delivered within promise
HDEL003256,HORD003256,2018-11-25,2018-12-02,2018-12-01,AusPost,Express,Delivered,0,True,58,14.18,none,7,7,Morning,4.0663,True,0.375,delivered within promise
HDEL003257,HORD003257,2018-01-26,2018-02-01,2018-01-31,StarTrack,Standard,Delivered,0,True,44,11.15,none,6,9,Morning,9.2711,True,0.64,delivered within promise
HDEL003258,HORD003258,2018-09-27,2018-10-04,2018-10-04,AusPost,Standard,Delivered,0,True,9,8.83,none,7,8,Afternoon,3.773,False,0.307,delivered within promise
HDEL003259,HORD003259,2018-05-07,2018-05-12,2018-05-12,DHL,Standard,Delivered,0,True,31,7.82,none,5,4,Anytime,3.4785,True,0.983,delivered within promise
HDEL003260,HORD003260,2019-01-02,2019-01-05,2019-01-10,AusPost,Express,Delivered,5,False,42,16.69,warehouse_congestion,3,8,Afternoon,3.2972,True,1.17,carrier scan reconciled
HDEL003261,HORD003261,2018-06-28,2018-07-03,2018-07-03,StarTrack,Standard,Delivered,0,True,7,11.01,none,5,8,Afternoon,5.5051,True,0.582,delivered within promise
HDEL003262,HORD003262,2018-01-04,2018-01-09,2018-01-08,DHL,Standard,Delivered,0,True,19,8.34,none,5,6,Morning,3.0676,False,0.315,delivered within promise
HDEL003263,HORD003263,2018-08-07,2018-08-14,2018-08-13,StarTrack,Standard,Delivered,0,True,6,11.88,none,7,4,Morning,5.2036,True,0.52,delivered within promise
HDEL003264,HORD003264,2018-08-12,2018-08-18,2018-08-18,DHL,Standard,Delivered,0,True,49,11.42,none,6,5,Morning,5.2597,False,1.002,delivered within promise
HDEL003265,HORD003265,2018-02-18,2018-02-23,2018-02-21,StarTrack,Standard,Delivered,0,True,31,6.33,none,5,6,Anytime,1.7795,False,0.346,delivered within promise
HDEL003266,HORD003266,2018-11-16,2018-11-20,2018-11-19,DHL,Standard,Delivered,0,True,65,12.7,none,4,3,Morning,9.1216,True,0.585,delivered within promise
HDEL003267,HORD003267,2018-03-11,2018-03-17,2018-03-16,Direct Freight,Standard,Delivered,0,True,70,10.75,none,6,8,Afternoon,6.3827,False,0.435,delivered within promise
HDEL003268,HORD003268,2018-07-18,2018-07-22,2018-07-21,StarTrack,Express,Delivered,0,True,70,19.95,none,4,7,Morning,4.1548,True,0.468,delivered within promise
HDEL003269,HORD003269,2018-05-02,2018-05-06,2018-05-05,AusPost,Standard,Delivered,0,True,31,10.09,none,4,4,Anytime,6.9394,True,1.009,delivered within promise
HDEL003270,HORD003270,2018-02-11,2018-02-17,2018-02-16,Direct Freight,Standard,Delivered,0,True,30,10.61,none,6,9,Anytime,6.8906,True,0.549,delivered within promise
HDEL003271,HORD003271,2018-06-22,2018-06-29,2018-06-28,AusPost,Standard,Delivered,0,True,61,11.92,none,7,3,Afternoon,6.1208,False,0.434,delivered within promise
HDEL003272,HORD003272,2018-08-12,2018-08-16,2018-08-15,AusPost,Express,Delivered,0,True,25,23.61,none,4,5,Anytime,3.6744,True,0.467,delivered within promise
HDEL003273,HORD003273,2018-09-13,2018-09-18,2018-09-16,StarTrack,Standard,Delivered,0,True,23,9.52,none,5,7,Afternoon,4.6357,True,0.346,delivered within promise
HDEL003274,HORD003274,2018-12-23,2018-12-27,2018-12-26,AusPost,Standard,Delivered,0,True,46,8.07,none,4,3,Anytime,5.9544,False,0.456,delivered within promise
HDEL003275,HORD003275,2018-08-19,2018-08-25,2018-08-23,AusPost,Standard,Delivered,0,True,59,11.09,none,6,6,Afternoon,5.3606,True,0.822,delivered within promise
HDEL003276,HORD003276,2018-08-15,2018-08-18,2018-08-16,DHL,Standard,Delivered,0,True,57,15.57,none,3,8,Morning,8.301,False,0.417,delivered within promise
HDEL003277,HORD003277,2018-03-20,2018-03-26,2018-03-24,StarTrack,Standard,Delivered,0,True,55,5.98,none,6,3,Afternoon,2.2928,True,0.448,delivered within promise
HDEL003278,HORD003278,2018-07-13,2018-07-16,2018-07-16,AusPost,Express,Delivered,0,True,12,17.38,none,3,4,Afternoon,1.3998,True,0.351,delivered within promise
HDEL003279,HORD003279,2018-12-07,2018-12-11,2018-12-11,Direct Freight,Standard,Delivered,0,True,42,8.45,none,4,5,Anytime,3.2578,True,0.413,delivered within promise
HDEL003280,HORD003280,2018-07-17,2018-07-23,2018-07-21,Direct Freight,Standard,Delivered,0,True,67,7.86,none,6,3,Afternoon,2.4444,True,0.974,delivered within promise
HDEL003281,HORD003281,2018-01-18,2018-01-23,2018-01-23,Direct Freight,Standard,Delivered,0,True,9,8.54,none,5,9,Afternoon,6.1208,True,1.068,delivered within promise
HDEL003282,HORD003282,2018-03-05,2018-03-08,2018-03-08,AusPost,Express,Delivered,0,True,33,14.84,none,3,4,Afternoon,2.4836,True,1.132,delivered within promise
HDEL003283,HORD003283,2018-11-01,2018-11-08,2018-11-08,Direct Freight,Standard,Delivered,0,True,61,7.64,none,7,7,Anytime,3.333,False,0.351,delivered within promise
HDEL003284,HORD003284,2018-03-27,2018-04-03,2018-04-03,Direct Freight,Standard,Delivered,0,True,3,7.15,none,7,5,Morning,4.4593,True,1.046,delivered within promise
HDEL003285,HORD003285,2018-12-28,2019-01-01,2018-12-31,Direct Freight,Standard,Delivered,0,True,27,10.23,none,4,9,Anytime,6.0605,True,0.475,delivered within promise
HDEL003286,HORD003286,2018-03-15,2018-03-22,2018-03-22,StarTrack,Standard,Delivered,0,True,4,5.07,none,7,8,Anytime,0.3467,False,0.314,delivered within promise
HDEL003287,HORD003287,2018-12-22,2018-12-26,2018-12-25,StarTrack,Standard,Delivered,0,True,50,9.31,none,4,8,Morning,5.9442,True,0.482,delivered within promise
HDEL003288,HORD003288,2018-04-27,2018-05-04,2018-05-02,AusPost,Standard,Delivered,0,True,44,7.82,none,7,5,Morning,3.1617,True,0.334,delivered within promise
HDEL003289,HORD003289,2018-11-11,2018-11-16,2018-11-14,StarTrack,Standard,Delivered,0,True,6,10.38,none,5,4,Anytime,5.2439,True,0.471,delivered within promise
HDEL003290,HORD003290,2018-08-20,2018-08-24,2018-08-23,AusPost,Standard,Delivered,0,True,67,11.05,none,4,3,Afternoon,7.2459,True,0.518,delivered within promise
HDEL003291,HORD003291,2018-03-03,2018-03-08,2018-03-08,Direct Freight,Express,Delivered,0,True,63,18.29,none,5,5,Anytime,5.893,True,0.438,delivered within promise
HDEL003292,HORD003292,2018-03-27,2018-04-01,2018-04-01,DHL,Express,Delivered,0,True,18,16.71,none,5,5,Afternoon,1.321,True,0.37,delivered within promise
HDEL003293,HORD003293,2018-12-21,2018-12-25,2018-12-23,AusPost,Standard,Delivered,0,True,46,6.18,none,4,9,Morning,1.5895,False,0.231,delivered within promise
HDEL003294,HORD003294,2018-11-11,2018-11-14,2018-11-12,DHL,Standard,Delivered,0,True,63,6.61,none,3,8,Afternoon,1.4056,True,0.487,delivered within promise
HDEL003295,HORD003295,2018-11-19,2018-11-23,2018-11-22,DHL,Standard,Delivered,0,True,61,8.79,none,4,3,Anytime,7.408,True,0.578,delivered within promise
HDEL003296,HORD003296,2018-08-01,2018-08-04,2018-08-04,Direct Freight,Standard,Delivered,0,True,48,11.73,none,3,8,Anytime,5.9442,True,0.524,delivered within promise
HDEL003297,HORD003297,2018-03-17,2018-03-22,2018-03-22,DHL,Express,Delivered,0,True,73,18.22,none,5,5,Anytime,2.9353,True,0.472,delivered within promise
HDEL003298,HORD003298,2018-03-08,2018-03-15,2018-03-15,AusPost,Standard,Delivered,0,True,37,7.38,none,7,3,Anytime,3.1441,False,0.287,delivered within promise
HDEL003299,HORD003299,2018-05-04,2018-05-08,2018-05-06,AusPost,Express,Delivered,0,True,4,18.21,none,4,6,Morning,3.6096,False,0.356,delivered within promise
HDEL003300,HORD003300,2018-11-01,2018-11-06,2018-11-06,StarTrack,Standard,Delivered,0,True,14,7.8,none,5,5,Morning,2.9629,True,0.444,delivered within promise
HDEL003301,HORD003301,2018-07-22,2018-07-29,2018-07-29,DHL,Standard,Delivered,0,True,68,8.38,none,7,4,Afternoon,0.6788,True,0.908,delivered within promise
HDEL003302,HORD003302,2018-03-04,2018-03-11,2018-03-11,DHL,Standard,Delivered,0,True,45,9.85,none,7,5,Anytime,6.8429,True,0.443,delivered within promise
HDEL003303,HORD003303,2018-07-04,2018-07-07,2018-07-05,Direct Freight,Standard,Delivered,0,True,50,9.99,none,3,4,Afternoon,3.333,True,0.895,delivered within promise
HDEL003304,HORD003304,2018-12-06,2018-12-13,2018-12-13,AusPost,Standard,Delivered,0,True,19,9.89,none,7,3,Morning,4.6463,True,0.406,delivered within promise
HDEL003305,HORD003305,2018-11-13,2018-11-19,2018-11-24,StarTrack,Express,Delivered,5,False,2,16.65,warehouse_congestion,6,8,Anytime,8.2822,False,0.456,carrier scan reconciled
HDEL003306,HORD003306,2018-04-19,2018-04-22,2018-04-20,AusPost,Standard,Delivered,0,True,8,8.74,none,3,4,Afternoon,4.4259,True,0.431,delivered within promise
HDEL003307,HORD003307,2018-09-24,2018-09-28,2018-09-26,Direct Freight,Standard,Delivered,0,True,42,9.23,none,4,8,Anytime,3.4785,True,0.423,delivered within promise
HDEL003308,HORD003308,2018-07-10,2018-07-14,2018-07-14,DHL,Standard,Delivered,0,True,49,8.96,none,4,6,Morning,3.0741,False,0.349,delivered within promise
HDEL003309,HORD003309,2018-09-21,2018-09-27,2018-09-25,StarTrack,Standard,Delivered,0,True,38,9.15,none,6,8,Morning,6.0605,True,0.391,delivered within promise
HDEL003310,HORD003310,2018-11-30,2018-12-07,2018-12-08,DHL,Standard,Delivered,1,False,13,8.19,carrier_capacity,7,7,Morning,5.4863,False,0.395,carrier scan reconciled
HDEL003311,HORD003311,2018-05-18,2018-05-22,2018-05-22,Direct Freight,Standard,Delivered,0,True,33,7.87,none,4,8,Morning,2.5747,True,0.383,delivered within promise
HDEL003312,HORD003312,2018-12-12,2018-12-18,2018-12-16,StarTrack,Express,Delivered,0,True,59,15.85,none,6,8,Morning,1.4145,True,0.263,delivered within promise
HDEL003313,HORD003313,2018-02-15,2018-02-18,2018-02-17,DHL,Standard,Delivered,0,True,4,8.87,none,3,9,Anytime,3.5762,True,0.504,delivered within promise
HDEL003314,HORD003314,2018-11-03,2018-11-10,2018-11-09,DHL,Standard,Delivered,0,True,53,9.0,none,7,5,Morning,5.1023,True,0.594,delivered within promise
HDEL003315,HORD003315,2018-05-16,2018-05-19,2018-05-17,AusPost,Express,Delivered,0,True,64,16.07,none,3,6,Afternoon,1.7014,False,0.295,delivered within promise
HDEL003316,HORD003316,2018-09-29,2018-10-02,2018-09-30,DHL,Standard,Delivered,0,True,24,9.07,none,3,6,Morning,4.974,False,0.348,delivered within promise
HDEL003317,HORD003317,2018-02-10,2018-02-15,2018-02-13,AusPost,Standard,Delivered,0,True,17,9.84,none,5,4,Afternoon,8.3,True,0.449,delivered within promise
HDEL003318,HORD003318,2018-08-30,2018-09-03,2018-09-03,DHL,Standard,Delivered,0,True,57,13.83,none,4,9,Morning,6.5356,True,0.553,delivered within promise
HDEL003319,HORD003319,2018-02-09,2018-02-13,2018-02-12,DHL,Standard,Delivered,0,True,14,9.74,none,4,6,Afternoon,8.0765,False,0.459,delivered within promise
HDEL003320,HORD003320,2018-07-06,2018-07-10,2018-07-09,StarTrack,Standard,Delivered,0,True,60,9.87,none,4,9,Morning,0.9173,False,0.283,delivered within promise
HDEL003321,HORD003321,2018-01-31,2018-02-07,2018-02-09,DHL,Standard,Delivered,2,False,32,9.55,weather,7,8,Afternoon,3.4566,True,0.334,carrier scan reconciled
HDEL003322,HORD003322,2018-07-17,2018-07-24,2018-07-24,DHL,Standard,Delivered,0,True,8,14.65,none,7,4,Anytime,7.9755,True,1.894,delivered within promise
HDEL003323,HORD003323,2018-04-16,2018-04-20,2018-04-23,DHL,Standard,Delivered,3,False,66,10.1,weather,4,5,Anytime,5.1062,False,0.315,carrier scan reconciled
HDEL003324,HORD003324,2018-04-19,2018-04-26,2018-04-26,AusPost,Standard,Delivered,0,True,4,8.96,none,7,6,Anytime,6.3746,False,0.429,delivered within promise
HDEL003325,HORD003325,2018-10-02,2018-10-09,2018-10-08,DHL,Standard,Delivered,0,True,21,8.78,none,7,3,Anytime,7.3787,True,0.524,delivered within promise
HDEL003326,HORD003326,2018-05-09,2018-05-12,2018-05-12,DHL,Express,Delivered,0,True,19,21.03,none,3,3,Morning,6.5462,True,0.553,delivered within promise
HDEL003327,HORD003327,2018-08-20,2018-08-27,2018-08-27,Direct Freight,Standard,Delivered,0,True,47,13.92,none,7,5,Afternoon,9.1217,False,0.457,delivered within promise
HDEL003328,HORD003328,2018-03-12,2018-03-15,2018-03-15,Direct Freight,Standard,Delivered,0,True,30,7.97,none,3,9,Morning,3.7343,True,0.425,delivered within promise
HDEL003329,HORD003329,2018-12-24,2018-12-30,2018-12-29,AusPost,Standard,Delivered,0,True,28,8.3,none,6,8,Anytime,2.8809,True,0.446,delivered within promise
HDEL003330,HORD003330,2018-03-02,2018-03-08,2018-03-06,AusPost,Express,Delivered,0,True,21,17.91,none,6,5,Afternoon,5.9442,True,0.563,delivered within promise
HDEL003331,HORD003331,2018-06-03,2018-06-10,2018-06-09,StarTrack,Standard,Delivered,0,True,58,10.27,none,7,7,Morning,9.7072,True,0.516,delivered within promise
HDEL003332,HORD003332,2018-11-26,2018-12-01,2018-11-29,DHL,Express,Delivered,0,True,6,14.12,none,5,3,Anytime,4.5581,False,0.366,delivered within promise
HDEL003333,HORD003333,2018-09-19,2018-09-22,2018-09-22,Direct Freight,Standard,Delivered,0,True,39,11.46,none,3,9,Anytime,8.2357,True,0.617,delivered within promise
HDEL003334,HORD003334,2018-09-08,2018-09-12,2018-09-11,DHL,Standard,Delivered,0,True,42,8.28,none,4,6,Anytime,3.9472,False,0.309,delivered within promise
HDEL003335,HORD003335,2018-06-22,2018-06-26,2018-06-24,DHL,Standard,Delivered,0,True,67,12.53,none,4,8,Morning,6.8906,True,0.501,delivered within promise
HDEL003336,HORD003336,2018-05-31,2018-06-04,2018-06-03,AusPost,Standard,Delivered,0,True,40,12.46,none,4,9,Anytime,8.7636,True,0.766,delivered within promise
HDEL003337,HORD003337,2018-06-17,2018-06-23,2018-06-22,DHL,Standard,Delivered,0,True,10,9.47,none,6,6,Anytime,4.0663,True,0.349,delivered within promise
HDEL003338,HORD003338,2018-06-17,2018-06-22,2018-06-20,AusPost,Standard,Delivered,0,True,23,15.19,none,5,4,Morning,8.7347,True,1.488,delivered within promise
HDEL003339,HORD003339,2018-08-08,2018-08-15,2018-08-19,AusPost,Standard,Delivered,4,False,63,10.9,carrier_capacity,7,4,Afternoon,3.9742,False,0.762,carrier scan reconciled
HDEL003340,HORD003340,2018-07-16,2018-07-21,2018-07-22,Direct Freight,Standard,Delivered,1,False,10,12.85,carrier_capacity,5,4,Afternoon,5.4295,True,0.59,carrier scan reconciled
HDEL003341,HORD003341,2018-06-25,2018-06-30,2018-06-29,DHL,Standard,Delivered,0,True,56,10.11,none,5,7,Anytime,5.1789,False,0.413,delivered within promise
HDEL003342,HORD003342,2018-07-20,2018-07-27,2018-07-25,Direct Freight,Express,Delivered,0,True,9,23.18,none,7,8,Afternoon,7.1609,True,0.537,delivered within promise
HDEL003343,HORD003343,2018-01-06,2018-01-09,2018-01-07,AusPost,Standard,Delivered,0,True,51,8.87,none,3,7,Anytime,2.9353,True,0.471,delivered within promise
HDEL003344,HORD003344,2018-07-01,2018-07-06,2018-07-04,Direct Freight,Standard,Delivered,0,True,23,9.52,none,5,5,Morning,1.6321,False,0.388,delivered within promise
HDEL003345,HORD003345,2018-04-06,2018-04-09,2018-04-08,AusPost,Express,Delivered,0,True,72,19.91,none,3,9,Anytime,6.6032,True,0.541,delivered within promise
HDEL003346,HORD003346,2018-05-14,2018-05-17,2018-05-16,StarTrack,Standard,Delivered,0,True,47,6.7,none,3,3,Afternoon,1.3998,True,0.327,delivered within promise
HDEL003347,HORD003347,2018-02-01,2018-02-07,2018-02-07,StarTrack,Standard,Delivered,0,True,10,10.21,none,6,6,Afternoon,7.0323,False,0.492,delivered within promise
HDEL003348,HORD003348,2018-02-26,2018-03-05,2018-03-05,StarTrack,Express,Delivered,0,True,15,15.88,none,7,5,Afternoon,8.7178,False,0.458,delivered within promise
HDEL003349,HORD003349,2018-06-28,2018-07-05,2018-07-03,Direct Freight,Standard,Delivered,0,True,22,11.45,none,7,3,Morning,8.5645,False,0.482,delivered within promise
HDEL003350,HORD003350,2018-11-30,2018-12-03,2018-12-03,Direct Freight,Standard,Delivered,0,True,66,11.31,none,3,5,Afternoon,9.2711,False,0.493,delivered within promise
HDEL003351,HORD003351,2018-02-15,2018-02-19,2018-02-19,Direct Freight,Standard,Delivered,0,True,17,7.06,none,4,7,Morning,0.1378,True,0.323,delivered within promise
HDEL003352,HORD003352,2018-03-23,2018-03-28,2018-03-28,Direct Freight,Standard,Delivered,0,True,67,7.72,none,5,5,Afternoon,2.0932,True,0.338,delivered within promise
HDEL003353,HORD003353,2018-09-13,2018-09-18,2018-09-16,Direct Freight,Standard,Delivered,0,True,2,8.37,none,5,3,Anytime,5.6239,True,1.273,delivered within promise
HDEL003354,HORD003354,2018-07-29,2018-08-02,2018-07-31,Direct Freight,Express,Delivered,0,True,30,21.31,none,4,4,Morning,6.9572,True,1.208,delivered within promise
HDEL003355,HORD003355,2018-10-08,2018-10-11,2018-10-10,Direct Freight,Standard,Delivered,0,True,2,10.66,none,3,6,Anytime,6.753,False,0.5,delivered within promise
HDEL003356,HORD003356,2018-10-30,2018-11-02,2018-10-31,StarTrack,Standard,Delivered,0,True,20,7.87,none,3,7,Afternoon,3.3418,False,0.281,delivered within promise
HDEL003357,HORD003357,2018-11-19,2018-11-26,2018-11-26,StarTrack,Standard,Delivered,0,True,24,10.67,none,7,4,Afternoon,5.996,False,0.407,delivered within promise
HDEL003358,HORD003358,2018-02-24,2018-02-28,2018-02-26,DHL,Standard,Delivered,0,True,4,9.44,none,4,4,Afternoon,8.8204,True,0.617,delivered within promise
HDEL003359,HORD003359,2018-10-02,2018-10-09,2018-10-09,Direct Freight,Standard,Delivered,0,True,5,6.12,none,7,4,Anytime,1.8818,True,1.677,delivered within promise
HDEL003360,HORD003360,2018-11-07,2018-11-12,2018-11-12,AusPost,Standard,Delivered,0,True,27,9.15,none,5,4,Anytime,7.0323,False,0.419,delivered within promise
HDEL003361,HORD003361,2018-10-11,2018-10-14,2018-10-14,DHL,Standard,Delivered,0,True,43,9.46,none,3,5,Anytime,5.4327,True,0.406,delivered within promise
HDEL003362,HORD003362,2018-02-12,2018-02-17,2018-02-16,AusPost,Standard,Delivered,0,True,18,7.27,none,5,6,Anytime,4.0181,True,0.356,delivered within promise
HDEL003363,HORD003363,2018-08-15,2018-08-20,2018-08-18,Direct Freight,Standard,Delivered,0,True,30,15.1,none,5,4,Afternoon,9.687,False,0.597,delivered within promise
HDEL003364,HORD003364,2018-11-04,2018-11-07,2018-11-07,StarTrack,Standard,Delivered,0,True,32,8.69,none,3,7,Morning,6.6725,True,0.561,delivered within promise
HDEL003365,HORD003365,2018-02-16,2018-02-22,2018-02-22,Direct Freight,Standard,Delivered,0,True,48,9.0,none,6,7,Anytime,5.9006,True,1.118,delivered within promise
HDEL003366,HORD003366,2018-08-17,2018-08-23,2018-08-21,DHL,Standard,Delivered,0,True,37,10.79,none,6,3,Afternoon,6.3746,True,0.546,delivered within promise
HDEL003367,HORD003367,2018-08-12,2018-08-17,2018-08-15,Direct Freight,Standard,Delivered,0,True,24,12.34,none,5,3,Morning,7.4558,True,0.48,delivered within promise
HDEL003368,HORD003368,2018-07-26,2018-08-01,2018-07-31,Direct Freight,Standard,Delivered,0,True,33,11.15,none,6,3,Afternoon,6.6135,True,0.581,delivered within promise
HDEL003369,HORD003369,2018-09-30,2018-10-06,2018-10-11,AusPost,Standard,Delivered,5,False,22,9.59,warehouse_congestion,6,7,Morning,9.2711,True,0.95,carrier scan reconciled
HDEL003370,HORD003370,2018-10-02,2018-10-06,2018-10-11,DHL,Standard,Delivered,5,False,20,10.05,weather,4,3,Afternoon,5.2534,True,0.475,carrier scan reconciled
HDEL003371,HORD003371,2018-11-16,2018-11-22,2018-11-22,StarTrack,Standard,Delivered,0,True,14,9.56,none,6,7,Anytime,6.6539,False,0.378,delivered within promise
HDEL003372,HORD003372,2018-12-16,2018-12-21,2018-12-19,StarTrack,Express,Delivered,0,True,29,16.96,none,5,4,Morning,7.3474,False,0.413,delivered within promise
HDEL003373,HORD003373,2018-02-25,2018-03-01,2018-03-01,AusPost,Express,Delivered,0,True,48,19.71,none,4,7,Morning,6.983,False,0.463,delivered within promise
HDEL003374,HORD003374,2018-09-01,2018-09-07,2018-09-07,DHL,Standard,Delivered,0,True,10,7.03,none,6,6,Morning,3.0762,True,0.463,delivered within promise
HDEL003375,HORD003375,2018-01-10,2018-01-15,2018-01-15,Direct Freight,Express,Delivered,0,True,42,15.44,none,5,8,Afternoon,3.7862,False,0.282,delivered within promise
HDEL003376,HORD003376,2018-04-19,2018-04-22,2018-04-21,Direct Freight,Standard,Delivered,0,True,46,9.15,none,3,9,Anytime,7.4558,False,0.564,delivered within promise
HDEL003377,HORD003377,2018-09-22,2018-09-27,2018-09-26,StarTrack,Express,Delivered,0,True,7,17.09,none,5,6,Anytime,3.3316,True,0.341,delivered within promise
HDEL003378,HORD003378,2018-12-21,2018-12-25,2018-12-24,DHL,Standard,Delivered,0,True,61,9.75,none,4,4,Morning,5.9533,False,0.473,delivered within promise
HDEL003379,HORD003379,2018-06-15,2018-06-20,2018-06-20,DHL,Standard,Delivered,0,True,70,11.67,none,5,8,Anytime,6.386,False,0.407,delivered within promise
HDEL003380,HORD003380,2018-11-01,2018-11-05,2018-11-05,StarTrack,Standard,Delivered,0,True,8,7.43,none,4,7,Morning,4.2248,True,0.374,delivered within promise
HDEL003381,HORD003381,2018-06-24,2018-06-28,2018-06-26,StarTrack,Standard,Delivered,0,True,70,11.47,none,4,7,Afternoon,4.0056,True,0.471,delivered within promise
HDEL003382,HORD003382,2018-07-16,2018-07-19,2018-07-18,Direct Freight,Standard,Delivered,0,True,19,13.56,none,3,9,Morning,9.687,False,0.522,delivered within promise
HDEL003383,HORD003383,2018-09-05,2018-09-11,2018-09-11,DHL,Standard,Delivered,0,True,34,11.85,none,6,4,Morning,8.7347,True,0.981,delivered within promise
HDEL003384,HORD003384,2018-01-19,2018-01-26,2018-01-26,DHL,Standard,Delivered,0,True,64,6.85,none,7,4,Afternoon,3.5019,False,0.461,delivered within promise
HDEL003385,HORD003385,2018-09-22,2018-09-28,2018-09-28,AusPost,Standard,Delivered,0,True,58,9.08,none,6,6,Morning,3.7377,True,0.467,delivered within promise
HDEL003386,HORD003386,2018-10-23,2018-10-26,2018-10-24,Direct Freight,Standard,Delivered,0,True,35,8.0,none,3,5,Anytime,5.5803,True,0.869,delivered within promise
HDEL003387,HORD003387,2018-07-15,2018-07-19,2018-07-17,Direct Freight,Standard,Delivered,0,True,34,12.03,none,4,8,Afternoon,4.911,True,0.822,delivered within promise
HDEL003388,HORD003388,2018-08-04,2018-08-10,2018-08-08,StarTrack,Standard,Delivered,0,True,52,9.69,none,6,3,Anytime,5.2525,True,0.865,delivered within promise
HDEL003389,HORD003389,2018-01-13,2018-01-16,2018-01-14,AusPost,Standard,Delivered,0,True,3,9.14,none,3,7,Anytime,3.1405,True,0.381,delivered within promise
HDEL003390,HORD003390,2018-04-17,2018-04-20,2018-04-18,Direct Freight,Standard,Delivered,0,True,61,7.44,none,3,8,Afternoon,1.3998,True,0.484,delivered within promise
HDEL003391,HORD003391,2018-12-24,2018-12-30,2018-12-28,DHL,Standard,Delivered,0,True,46,10.2,none,6,7,Anytime,9.4205,False,0.572,delivered within promise
HDEL003392,HORD003392,2018-03-13,2018-03-17,2018-03-17,Direct Freight,Standard,Delivered,0,True,35,8.98,none,4,9,Anytime,7.2568,True,0.595,delivered within promise
HDEL003393,HORD003393,2018-06-19,2018-06-22,2018-06-20,DHL,Standard,Delivered,0,True,48,8.92,none,3,9,Morning,3.0741,False,0.3,delivered within promise
HDEL003394,HORD003394,2018-08-13,2018-08-19,2018-08-19,AusPost,Standard,Delivered,0,True,21,7.99,none,6,8,Morning,2.5747,False,0.4,delivered within promise
HDEL003395,HORD003395,2018-04-28,2018-05-05,2018-05-04,AusPost,Express,Delivered,0,True,61,17.81,none,7,5,Morning,2.3567,True,0.294,delivered within promise
HDEL003396,HORD003396,2018-06-20,2018-06-26,2018-06-24,Direct Freight,Standard,Delivered,0,True,47,9.61,none,6,4,Morning,1.4979,True,0.446,delivered within promise
HDEL003397,HORD003397,2018-04-20,2018-04-23,2018-04-22,AusPost,Standard,Delivered,0,True,72,10.96,none,3,3,Morning,8.301,True,0.563,delivered within promise
HDEL003398,HORD003398,2018-07-03,2018-07-09,2018-07-09,AusPost,Standard,Delivered,0,True,21,12.08,none,6,7,Anytime,4.7472,True,0.488,delivered within promise
HDEL003399,HORD003399,2018-10-13,2018-10-19,2018-10-18,StarTrack,Standard,Delivered,0,True,24,8.11,none,6,6,Morning,3.7517,True,1.189,delivered within promise
HDEL003400,HORD003400,2018-05-31,2018-06-04,2018-06-03,AusPost,Express,Delivered,0,True,73,16.47,none,4,3,Anytime,6.3827,True,1.022,delivered within promise
HDEL003401,HORD003401,2018-02-01,2018-02-04,2018-02-04,DHL,Standard,Delivered,0,True,66,9.03,none,3,4,Anytime,6.1208,False,0.449,delivered within promise
HDEL003402,HORD003402,2018-04-24,2018-05-01,2018-04-29,AusPost,Standard,Delivered,0,True,42,9.31,none,7,9,Anytime,5.1871,True,0.366,delivered within promise
HDEL003403,HORD003403,2018-05-27,2018-05-30,2018-05-29,StarTrack,Express,Delivered,0,True,7,14.33,none,3,8,Anytime,3.6546,True,0.363,delivered within promise
HDEL003404,HORD003404,2018-11-27,2018-11-30,2018-11-30,StarTrack,Standard,Delivered,0,True,7,8.51,none,3,5,Afternoon,5.9544,True,0.981,delivered within promise
HDEL003405,HORD003405,2018-02-28,2018-03-03,2018-03-03,DHL,Standard,Delivered,0,True,69,10.89,none,3,4,Morning,6.9179,False,0.439,delivered within promise
HDEL003406,HORD003406,2018-07-21,2018-07-26,2018-07-25,AusPost,Standard,Delivered,0,True,25,9.15,none,5,4,Morning,1.9711,True,0.356,delivered within promise
HDEL003407,HORD003407,2018-07-18,2018-07-21,2018-07-19,DHL,Standard,Delivered,0,True,68,13.86,none,3,8,Afternoon,7.1652,True,0.48,delivered within promise
HDEL003408,HORD003408,2018-04-15,2018-04-22,2018-04-22,DHL,Standard,Delivered,0,True,8,9.63,none,7,5,Anytime,5.2465,True,0.524,delivered within promise
HDEL003409,HORD003409,2018-11-03,2018-11-06,2018-11-05,DHL,Express,Delivered,0,True,32,21.11,none,3,4,Anytime,7.8823,False,0.49,delivered within promise
HDEL003410,HORD003410,2018-01-14,2018-01-21,2018-01-21,StarTrack,Standard,Delivered,0,True,6,8.74,none,7,6,Anytime,6.6032,True,0.526,delivered within promise
HDEL003411,HORD003411,2018-09-16,2018-09-22,2018-09-22,AusPost,Standard,Delivered,0,True,69,9.7,none,6,8,Afternoon,6.4707,True,0.414,delivered within promise
HDEL003412,HORD003412,2018-02-06,2018-02-11,2018-02-09,StarTrack,Standard,Delivered,0,True,53,11.47,none,5,5,Anytime,6.7742,True,1.31,delivered within promise
HDEL003413,HORD003413,2018-06-19,2018-06-24,2018-06-22,DHL,Standard,Delivered,0,True,24,7.72,none,5,7,Afternoon,1.3001,True,0.405,delivered within promise
HDEL003414,HORD003414,2018-06-21,2018-06-26,2018-06-26,AusPost,Standard,Delivered,0,True,38,12.77,none,5,6,Morning,4.7326,False,0.371,delivered within promise
HDEL003415,HORD003415,2018-11-16,2018-11-21,2018-11-19,AusPost,Standard,Delivered,0,True,23,7.44,none,5,5,Morning,3.186,False,0.391,delivered within promise
HDEL003416,HORD003416,2018-03-25,2018-03-29,2018-03-27,DHL,Express,Delivered,0,True,59,18.51,none,4,9,Afternoon,5.0818,True,0.458,delivered within promise
HDEL003417,HORD003417,2018-05-22,2018-05-28,2018-05-26,StarTrack,Standard,Delivered,0,True,63,11.05,none,6,8,Morning,6.7883,True,0.541,delivered within promise
HDEL003418,HORD003418,2018-02-09,2018-02-14,2018-02-14,StarTrack,Standard,Delivered,0,True,4,11.86,none,5,6,Morning,7.1651,True,0.488,delivered within promise
HDEL003419,HORD003419,2018-11-26,2018-11-30,2018-11-30,DHL,Standard,Delivered,0,True,25,10.19,none,4,6,Anytime,6.8848,True,0.578,delivered within promise
HDEL003420,HORD003420,2018-10-14,2018-10-20,2018-10-18,DHL,Standard,Delivered,0,True,23,6.05,none,6,4,Morning,0.87,False,0.373,delivered within promise
HDEL003421,HORD003421,2018-02-18,2018-02-23,2018-02-22,AusPost,Standard,Delivered,0,True,36,10.67,none,5,7,Morning,5.1765,True,0.398,delivered within promise
HDEL003422,HORD003422,2018-05-17,2018-05-22,2018-05-20,Direct Freight,Standard,Delivered,0,True,54,7.63,none,5,3,Anytime,6.0605,True,1.76,delivered within promise
HDEL003423,HORD003423,2018-01-14,2018-01-19,2018-01-17,StarTrack,Standard,Delivered,0,True,48,7.47,none,5,5,Afternoon,3.4799,True,0.385,delivered within promise
HDEL003424,HORD003424,2018-07-09,2018-07-13,2018-07-11,Direct Freight,Standard,Delivered,0,True,11,12.07,none,4,7,Afternoon,5.3613,True,0.356,delivered within promise
HDEL003425,HORD003425,2018-09-20,2018-09-23,2018-09-22,Direct Freight,Standard,Delivered,0,True,9,9.48,none,3,4,Anytime,4.9215,False,0.341,delivered within promise
HDEL003426,HORD003426,2018-12-24,2018-12-28,2018-12-26,DHL,Standard,Delivered,0,True,71,9.82,none,4,8,Anytime,3.9472,True,0.49,delivered within promise
HDEL003427,HORD003427,2018-08-20,2018-08-27,2018-08-25,StarTrack,Standard,Delivered,0,True,48,11.64,none,7,7,Afternoon,4.0549,False,0.305,delivered within promise
HDEL003428,HORD003428,2018-02-19,2018-02-23,2018-02-21,StarTrack,Express,Delivered,0,True,50,17.55,none,4,8,Anytime,5.2036,False,0.405,delivered within promise
HDEL003429,HORD003429,2018-12-07,2018-12-10,2018-12-10,AusPost,Standard,Delivered,0,True,17,7.76,none,3,5,Anytime,3.9472,True,0.457,delivered within promise
HDEL003430,HORD003430,2018-01-24,2018-01-28,2018-01-27,StarTrack,Standard,Delivered,0,True,62,7.29,none,4,8,Afternoon,4.4593,True,0.995,delivered within promise
HDEL003431,HORD003431,2018-12-07,2018-12-11,2018-12-10,AusPost,Standard,Delivered,0,True,36,10.47,none,4,7,Anytime,9.687,False,0.497,delivered within promise
HDEL003432,HORD003432,2018-12-22,2018-12-27,2018-12-27,Direct Freight,Standard,Delivered,0,True,9,10.21,none,5,3,Morning,5.9544,True,0.45,delivered within promise
HDEL003433,HORD003433,2018-06-17,2018-06-20,2018-06-19,DHL,Standard,Delivered,0,True,3,8.8,none,3,6,Anytime,0.3467,True,0.263,delivered within promise
HDEL003434,HORD003434,2018-01-26,2018-01-29,2018-01-27,StarTrack,Express,Delivered,0,True,55,16.05,none,3,9,Afternoon,2.4538,True,0.45,delivered within promise
HDEL003435,HORD003435,2018-06-14,2018-06-18,2018-06-17,StarTrack,Standard,Delivered,0,True,30,13.2,none,4,5,Anytime,8.6168,False,0.692,delivered within promise
HDEL003436,HORD003436,2018-11-11,2018-11-17,2018-11-15,AusPost,Standard,Delivered,0,True,61,11.07,none,6,9,Morning,6.8906,False,0.889,delivered within promise
HDEL003437,HORD003437,2018-08-15,2018-08-19,2018-08-18,Direct Freight,Express,Delivered,0,True,68,23.64,none,4,9,Anytime,3.4727,True,0.31,delivered within promise
HDEL003438,HORD003438,2018-04-26,2018-04-29,2018-04-27,StarTrack,Standard,Delivered,0,True,70,9.91,none,3,5,Anytime,5.0818,False,0.428,delivered within promise
HDEL003439,HORD003439,2018-05-11,2018-05-15,2018-05-14,StarTrack,Standard,Delivered,0,True,66,10.61,none,4,5,Anytime,5.9006,False,0.491,delivered within promise
HDEL003440,HORD003440,2018-10-11,2018-10-18,2018-10-16,AusPost,Standard,Delivered,0,True,21,9.46,none,7,9,Anytime,7.8955,True,0.66,delivered within promise
HDEL003441,HORD003441,2018-11-17,2018-11-21,2018-11-21,DHL,Standard,Delivered,0,True,66,10.93,none,4,3,Anytime,7.5048,True,0.872,delivered within promise
HDEL003442,HORD003442,2018-06-05,2018-06-08,2018-06-06,StarTrack,Express,Delivered,0,True,39,22.62,none,3,8,Anytime,3.4566,True,0.584,delivered within promise
HDEL003443,HORD003443,2018-06-10,2018-06-17,2018-06-15,AusPost,Standard,Delivered,0,True,44,11.53,none,7,5,Morning,3.0268,True,0.381,delivered within promise
HDEL003444,HORD003444,2018-09-23,2018-09-30,2018-09-28,StarTrack,Standard,Delivered,0,True,24,7.4,none,7,7,Morning,2.8697,True,0.392,delivered within promise
HDEL003445,HORD003445,2018-07-08,2018-07-13,2018-07-13,Direct Freight,Standard,Delivered,0,True,30,13.92,none,5,4,Anytime,7.4945,True,1.262,delivered within promise
HDEL003446,HORD003446,2018-09-16,2018-09-22,2018-09-20,StarTrack,Standard,Delivered,0,True,15,7.77,none,6,6,Afternoon,2.9449,False,0.332,delivered within promise
HDEL003447,HORD003447,2018-12-10,2018-12-13,2018-12-13,AusPost,Standard,Delivered,0,True,50,8.31,none,3,8,Anytime,4.9215,True,0.506,delivered within promise
HDEL003448,HORD003448,2018-07-15,2018-07-18,2018-07-16,Direct Freight,Standard,Delivered,0,True,63,9.69,none,3,7,Morning,2.2927,True,0.45,delivered within promise
HDEL003449,HORD003449,2018-12-25,2018-12-31,2018-12-30,AusPost,Standard,Delivered,0,True,30,7.79,none,6,5,Afternoon,0.9173,False,0.231,delivered within promise
HDEL003450,HORD003450,2018-07-31,2018-08-07,2018-08-05,StarTrack,Standard,Delivered,0,True,48,12.33,none,7,3,Afternoon,5.2669,True,1.094,delivered within promise
HDEL003451,HORD003451,2018-10-19,2018-10-26,2018-10-27,DHL,Standard,Delivered,1,False,47,6.43,warehouse_congestion,7,8,Afternoon,1.92,True,0.294,carrier scan reconciled
HDEL003452,HORD003452,2018-03-13,2018-03-19,2018-03-19,StarTrack,Express,Delivered,0,True,69,18.84,none,6,6,Morning,6.5587,True,0.546,delivered within promise
HDEL003453,HORD003453,2018-12-17,2018-12-24,2018-12-22,Direct Freight,Standard,Delivered,0,True,15,7.76,none,7,4,Anytime,4.8879,False,0.406,delivered within promise
HDEL003454,HORD003454,2018-07-31,2018-08-04,2018-08-03,DHL,Standard,Delivered,0,True,70,10.9,none,4,4,Morning,7.578,True,0.445,delivered within promise
HDEL003455,HORD003455,2018-02-06,2018-02-11,2018-02-09,DHL,Standard,Delivered,0,True,12,10.93,none,5,5,Anytime,6.7199,True,0.576,delivered within promise
HDEL003456,HORD003456,2018-05-08,2018-05-15,2018-05-13,DHL,Express,Delivered,0,True,39,22.26,none,7,6,Afternoon,8.301,False,0.418,delivered within promise
HDEL003457,HORD003457,2018-10-03,2018-10-09,2018-10-07,StarTrack,Standard,Delivered,0,True,45,9.63,none,6,9,Afternoon,5.0818,False,1.076,delivered within promise
HDEL003458,HORD003458,2018-05-19,2018-05-24,2018-05-25,AusPost,Express,Delivered,1,False,17,19.27,carrier_capacity,5,3,Morning,4.0663,True,0.566,carrier scan reconciled
HDEL003459,HORD003459,2018-01-13,2018-01-20,2018-01-19,StarTrack,Standard,Delivered,0,True,18,6.64,none,7,6,Anytime,2.7874,False,0.281,delivered within promise
HDEL003460,HORD003460,2018-10-24,2018-10-28,2018-10-26,DHL,Express,Delivered,0,True,18,16.98,none,4,8,Afternoon,1.321,False,0.297,delivered within promise
HDEL003461,HORD003461,2018-03-21,2018-03-25,2018-03-25,Direct Freight,Standard,Delivered,0,True,8,7.06,none,4,7,Afternoon,1.7662,False,0.24,delivered within promise
HDEL003462,HORD003462,2018-12-07,2018-12-12,2018-12-10,Direct Freight,Standard,Delivered,0,True,65,8.38,none,5,5,Afternoon,6.1633,True,0.421,delivered within promise
HDEL003463,HORD003463,2018-08-19,2018-08-23,2018-08-22,StarTrack,Standard,Delivered,0,True,5,8.07,none,4,9,Afternoon,0.7165,False,0.254,delivered within promise
HDEL003464,HORD003464,2018-09-12,2018-09-17,2018-09-17,StarTrack,Standard,Delivered,0,True,52,7.31,none,5,5,Morning,2.0846,True,0.45,delivered within promise
HDEL003465,HORD003465,2018-11-08,2018-11-14,2018-11-14,DHL,Standard,Delivered,0,True,64,8.11,none,6,7,Morning,5.4436,True,0.479,delivered within promise
HDEL003466,HORD003466,2018-06-26,2018-07-03,2018-07-02,Direct Freight,Standard,Delivered,0,True,45,8.86,none,7,4,Anytime,4.0213,False,0.345,delivered within promise
HDEL003467,HORD003467,2018-07-24,2018-07-31,2018-07-30,Direct Freight,Standard,Delivered,0,True,2,14.52,none,7,5,Anytime,9.4205,True,1.071,delivered within promise
HDEL003468,HORD003468,2018-08-29,2018-09-04,2018-09-02,Direct Freight,Standard,Delivered,0,True,58,11.58,none,6,4,Anytime,5.8169,True,1.043,delivered within promise
HDEL003469,HORD003469,2018-07-29,2018-08-04,2018-08-02,AusPost,Standard,Delivered,0,True,72,12.81,none,6,8,Morning,6.6691,False,0.498,delivered within promise
HDEL003470,HORD003470,2018-10-07,2018-10-12,2018-10-12,Direct Freight,Express,Delivered,0,True,55,19.7,none,5,8,Anytime,6.2383,False,0.422,delivered within promise
HDEL003471,HORD003471,2018-09-13,2018-09-16,2018-09-15,AusPost,Standard,Delivered,0,True,35,8.14,none,3,5,Afternoon,6.7933,False,0.405,delivered within promise
HDEL003472,HORD003472,2018-02-22,2018-02-28,2018-02-27,AusPost,Standard,Delivered,0,True,70,8.18,none,6,8,Anytime,4.5581,True,0.482,delivered within promise
HDEL003473,HORD003473,2018-01-15,2018-01-18,2018-01-17,StarTrack,Standard,Delivered,0,True,16,7.64,none,3,4,Morning,3.4785,True,0.455,delivered within promise
HDEL003474,HORD003474,2018-03-31,2018-04-06,2018-04-04,Direct Freight,Standard,Delivered,0,True,18,7.56,none,6,4,Morning,2.5527,True,0.519,delivered within promise
HDEL003475,HORD003475,2018-12-17,2018-12-23,2018-12-21,Direct Freight,Standard,Delivered,0,True,12,8.89,none,6,9,Morning,3.0357,False,0.287,delivered within promise
HDEL003476,HORD003476,2018-10-02,2018-10-06,2018-10-04,StarTrack,Standard,Delivered,0,True,66,9.75,none,4,6,Morning,4.8483,True,0.502,delivered within promise
HDEL003477,HORD003477,2018-09-27,2018-10-01,2018-10-01,StarTrack,Standard,Delivered,0,True,60,7.63,none,4,7,Morning,5.2669,False,0.421,delivered within promise
HDEL003478,HORD003478,2018-01-04,2018-01-09,2018-01-07,StarTrack,Standard,Delivered,0,True,31,10.54,none,5,9,Morning,5.893,True,0.395,delivered within promise
HDEL003479,HORD003479,2018-05-15,2018-05-19,2018-05-18,DHL,Standard,Delivered,0,True,2,7.98,none,4,6,Anytime,3.1348,False,0.342,delivered within promise
HDEL003480,HORD003480,2018-01-25,2018-01-28,2018-01-26,AusPost,Express,Delivered,0,True,13,16.84,none,3,5,Morning,2.123,True,0.451,delivered within promise
HDEL003481,HORD003481,2018-11-27,2018-11-30,2018-11-29,DHL,Standard,Delivered,0,True,14,8.55,none,3,4,Anytime,6.753,True,1.275,delivered within promise
HDEL003482,HORD003482,2018-12-14,2018-12-17,2018-12-15,Direct Freight,Standard,Delivered,0,True,68,10.99,none,3,5,Morning,7.4945,True,0.523,delivered within promise
HDEL003483,HORD003483,2018-04-26,2018-05-02,2018-05-02,StarTrack,Standard,Delivered,0,True,73,8.94,none,6,5,Anytime,4.6531,True,0.551,delivered within promise
HDEL003484,HORD003484,2018-09-18,2018-09-25,2018-09-23,Direct Freight,Standard,Delivered,0,True,11,9.02,none,7,5,Anytime,7.278,True,0.378,delivered within promise
HDEL003485,HORD003485,2018-11-19,2018-11-23,2018-11-21,StarTrack,Standard,Delivered,0,True,70,8.21,none,4,5,Anytime,2.2355,True,0.311,delivered within promise
HDEL003486,HORD003486,2018-12-05,2018-12-11,2018-12-10,AusPost,Standard,Delivered,0,True,16,9.22,none,6,5,Morning,2.9449,True,0.456,delivered within promise
HDEL003487,HORD003487,2018-09-09,2018-09-15,2018-09-14,Direct Freight,Standard,Delivered,0,True,65,11.25,none,6,4,Anytime,7.578,True,0.476,delivered within promise
HDEL003488,HORD003488,2018-06-19,2018-06-24,2018-06-22,StarTrack,Standard,Delivered,0,True,2,10.82,none,5,9,Morning,5.0931,True,0.39,delivered within promise
HDEL003489,HORD003489,2018-01-20,2018-01-25,2018-01-25,AusPost,Standard,Delivered,0,True,48,11.05,none,5,3,Anytime,7.7396,True,0.623,delivered within promise
HDEL003490,HORD003490,2018-09-17,2018-09-24,2018-09-22,AusPost,Standard,Delivered,0,True,29,11.82,none,7,3,Afternoon,8.9566,True,0.557,delivered within promise
HDEL003491,HORD003491,2018-08-13,2018-08-16,2018-08-17,Direct Freight,Standard,Delivered,1,False,36,10.88,weather,3,7,Anytime,5.6239,False,0.397,carrier scan reconciled
HDEL003492,HORD003492,2018-10-19,2018-10-26,2018-10-24,Direct Freight,Standard,Delivered,0,True,9,8.51,none,7,8,Afternoon,5.9963,True,0.594,delivered within promise
HDEL003493,HORD003493,2018-12-21,2018-12-27,2018-12-25,DHL,Standard,Delivered,0,True,52,8.86,none,6,3,Afternoon,6.322,True,0.481,delivered within promise
HDEL003494,HORD003494,2018-03-20,2018-03-26,2018-03-26,DHL,Standard,Delivered,0,True,50,10.38,none,6,3,Anytime,6.6135,False,0.397,delivered within promise
HDEL003495,HORD003495,2018-03-25,2018-03-31,2018-03-31,DHL,Standard,Delivered,0,True,72,8.59,none,6,6,Anytime,3.1617,False,0.308,delivered within promise
HDEL003496,HORD003496,2018-03-02,2018-03-07,2018-03-07,StarTrack,Standard,Delivered,0,True,53,10.0,none,5,6,Morning,5.225,True,0.603,delivered within promise
HDEL003497,HORD003497,2018-05-24,2018-05-29,2018-05-29,StarTrack,Standard,Delivered,0,True,33,9.44,none,5,7,Anytime,5.6307,False,0.358,delivered within promise
HDEL003498,HORD003498,2018-10-11,2018-10-18,2018-10-16,StarTrack,Standard,Delivered,0,True,20,7.75,none,7,5,Afternoon,5.996,True,0.471,delivered within promise
HDEL003499,HORD003499,2018-05-01,2018-05-07,2018-05-12,Direct Freight,Standard,Delivered,5,False,10,6.73,carrier_capacity,6,3,Morning,1.8818,True,0.467,carrier scan reconciled
HDEL003500,HORD003500,2018-03-27,2018-04-01,2018-03-30,Direct Freight,Standard,Delivered,0,True,62,6.84,none,5,9,Anytime,4.1904,True,0.326,delivered within promise
HDEL003501,HORD003501,2018-02-20,2018-02-26,2018-02-24,StarTrack,Standard,Delivered,0,True,69,12.02,none,6,6,Anytime,7.355,True,0.552,delivered within promise
HDEL003502,HORD003502,2018-06-25,2018-06-29,2018-06-28,DHL,Standard,Delivered,0,True,70,13.56,none,4,4,Morning,7.1609,True,0.558,delivered within promise
HDEL003503,HORD003503,2018-05-27,2018-06-02,2018-06-01,DHL,Standard,Delivered,0,True,37,10.69,none,6,7,Afternoon,6.1633,True,0.443,delivered within promise
HDEL003504,HORD003504,2018-06-02,2018-06-06,2018-06-05,AusPost,Standard,Delivered,0,True,43,8.86,none,4,9,Anytime,3.6475,True,0.314,delivered within promise
HDEL003505,HORD003505,2018-12-06,2018-12-13,2018-12-11,AusPost,Standard,Delivered,0,True,9,7.95,none,7,4,Anytime,2.5443,True,0.419,delivered within promise
HDEL003506,HORD003506,2018-06-19,2018-06-23,2018-06-21,DHL,Standard,Delivered,0,True,50,14.93,none,4,6,Morning,8.0765,True,0.563,delivered within promise
HDEL003507,HORD003507,2018-07-11,2018-07-17,2018-07-17,StarTrack,Standard,Delivered,0,True,8,10.3,none,6,6,Afternoon,1.8818,True,0.413,delivered within promise
HDEL003508,HORD003508,2018-07-08,2018-07-11,2018-07-11,Direct Freight,Standard,Delivered,0,True,42,8.54,none,3,7,Anytime,3.4226,False,0.414,delivered within promise
HDEL003509,HORD003509,2018-02-04,2018-02-09,2018-02-12,AusPost,Standard,Delivered,3,False,51,7.49,warehouse_congestion,5,4,Morning,1.321,True,0.768,carrier scan reconciled
HDEL003510,HORD003510,2018-01-02,2018-01-06,2018-01-06,StarTrack,Standard,Delivered,0,True,34,11.82,none,4,5,Afternoon,9.1216,True,0.595,delivered within promise
HDEL003511,HORD003511,2018-04-29,2018-05-05,2018-05-04,DHL,Standard,Delivered,0,True,44,9.88,none,6,8,Afternoon,8.3518,True,0.658,delivered within promise
HDEL003512,HORD003512,2018-11-14,2018-11-19,2018-11-18,AusPost,Standard,Delivered,0,True,29,7.65,none,5,9,Anytime,1.7132,False,0.341,delivered within promise
HDEL003513,HORD003513,2018-10-05,2018-10-09,2018-10-07,Direct Freight,Standard,Delivered,0,True,57,9.21,none,4,9,Morning,4.7927,False,0.542,delivered within promise
HDEL003514,HORD003514,2018-11-28,2018-12-01,2018-11-30,Direct Freight,Standard,Delivered,0,True,37,8.63,none,3,6,Morning,7.8766,True,0.56,delivered within promise
HDEL003515,HORD003515,2018-04-14,2018-04-19,2018-04-19,StarTrack,Express,Delivered,0,True,13,17.21,none,5,9,Morning,4.6096,True,0.429,delivered within promise
HDEL003516,HORD003516,2018-03-30,2018-04-04,2018-04-03,AusPost,Standard,Delivered,0,True,47,11.13,none,5,8,Anytime,6.783,True,1.082,delivered within promise
HDEL003517,HORD003517,2018-08-21,2018-08-27,2018-08-27,DHL,Standard,Delivered,0,True,24,8.51,none,6,3,Afternoon,2.8809,True,0.32,delivered within promise
HDEL003518,HORD003518,2018-09-02,2018-09-06,2018-09-05,DHL,Express,Delivered,0,True,49,23.48,none,4,3,Afternoon,3.0762,True,0.413,delivered within promise
HDEL003519,HORD003519,2018-08-17,2018-08-22,2018-08-20,DHL,Standard,Delivered,0,True,67,11.55,none,5,3,Anytime,6.6725,True,0.507,delivered within promise
HDEL003520,HORD003520,2018-03-13,2018-03-16,2018-03-14,Direct Freight,Express,Delivered,0,True,8,15.34,none,3,8,Morning,2.2364,False,0.371,delivered within promise
HDEL003521,HORD003521,2018-01-29,2018-02-05,2018-02-05,DHL,Standard,Delivered,0,True,29,6.37,none,7,6,Afternoon,1.0148,True,0.425,delivered within promise
HDEL003522,HORD003522,2018-08-31,2018-09-07,2018-09-06,DHL,Standard,Delivered,0,True,34,8.41,none,7,9,Afternoon,2.7597,True,0.399,delivered within promise
HDEL003523,HORD003523,2018-06-10,2018-06-16,2018-06-16,Direct Freight,Standard,Delivered,0,True,31,14.35,none,6,4,Morning,9.1216,True,0.963,delivered within promise
HDEL003524,HORD003524,2018-06-20,2018-06-27,2018-06-26,AusPost,Standard,Delivered,0,True,53,10.2,none,7,9,Morning,4.5788,True,0.394,delivered within promise
HDEL003525,HORD003525,2018-02-02,2018-02-05,2018-02-04,AusPost,Express,Delivered,0,True,35,17.26,none,3,3,Afternoon,6.7789,True,0.542,delivered within promise
HDEL003526,HORD003526,2018-10-19,2018-10-22,2018-10-21,Direct Freight,Express,Delivered,0,True,44,18.52,none,3,6,Afternoon,3.4447,True,0.605,delivered within promise
HDEL003527,HORD003527,2018-12-20,2018-12-27,2018-12-26,Direct Freight,Standard,Delivered,0,True,23,8.33,none,7,6,Anytime,3.5762,True,0.949,delivered within promise
HDEL003528,HORD003528,2018-04-14,2018-04-18,2018-04-18,DHL,Standard,Delivered,0,True,34,9.6,none,4,9,Morning,7.8766,True,0.566,delivered within promise
HDEL003529,HORD003529,2018-10-08,2018-10-15,2018-10-15,DHL,Standard,Delivered,0,True,62,8.15,none,7,4,Anytime,6.7199,True,1.269,delivered within promise
HDEL003530,HORD003530,2018-09-19,2018-09-25,2018-09-25,DHL,Standard,Delivered,0,True,37,8.66,none,6,4,Morning,3.4116,False,0.792,delivered within promise
HDEL003531,HORD003531,2018-01-06,2018-01-11,2018-01-11,AusPost,Standard,Delivered,0,True,56,10.75,none,5,9,Afternoon,7.8766,True,1.228,delivered within promise
HDEL003532,HORD003532,2018-04-22,2018-04-28,2018-04-27,Direct Freight,Standard,Delivered,0,True,53,9.66,none,6,5,Afternoon,5.4918,False,0.474,delivered within promise
HDEL003533,HORD003533,2018-07-30,2018-08-03,2018-08-01,StarTrack,Standard,Delivered,0,True,56,11.45,none,4,5,Anytime,3.6955,True,0.32,delivered within promise
HDEL003534,HORD003534,2018-01-13,2018-01-16,2018-01-15,Direct Freight,Standard,Delivered,0,True,39,8.88,none,3,6,Afternoon,7.0002,False,0.473,delivered within promise
HDEL003535,HORD003535,2018-10-14,2018-10-20,2018-10-23,AusPost,Standard,Delivered,3,False,41,9.38,weather,6,3,Anytime,7.0323,True,1.103,carrier scan reconciled
HDEL003536,HORD003536,2018-09-30,2018-10-05,2018-10-04,DHL,Standard,Delivered,0,True,10,8.67,none,5,5,Morning,4.5581,True,0.486,delivered within promise
HDEL003537,HORD003537,2018-02-02,2018-02-09,2018-02-09,DHL,Standard,Delivered,0,True,8,6.97,none,7,8,Morning,1.321,True,0.393,delivered within promise
HDEL003538,HORD003538,2018-01-29,2018-02-02,2018-01-31,DHL,Standard,Delivered,0,True,66,7.71,none,4,3,Morning,3.5955,False,0.31,delivered within promise
HDEL003539,HORD003539,2018-06-17,2018-06-24,2018-06-22,StarTrack,Standard,Delivered,0,True,73,11.82,none,7,4,Afternoon,7.2473,True,0.517,delivered within promise
HDEL003540,HORD003540,2018-05-23,2018-05-29,2018-05-28,AusPost,Standard,Delivered,0,True,57,7.62,none,6,5,Afternoon,3.3602,False,0.284,delivered within promise
HDEL003541,HORD003541,2018-03-31,2018-04-03,2018-04-03,StarTrack,Express,Delivered,0,True,5,13.71,none,3,7,Afternoon,2.1843,True,0.398,delivered within promise
HDEL003542,HORD003542,2018-02-19,2018-02-22,2018-02-21,DHL,Standard,Delivered,0,True,33,12.49,none,3,4,Afternoon,8.3518,True,0.635,delivered within promise
HDEL003543,HORD003543,2018-05-31,2018-06-05,2018-06-03,Direct Freight,Standard,Delivered,0,True,30,8.17,none,5,8,Anytime,2.7719,False,0.426,delivered within promise
HDEL003544,HORD003544,2018-05-10,2018-05-13,2018-05-12,AusPost,Standard,Delivered,0,True,54,9.71,none,3,9,Anytime,6.3746,True,0.433,delivered within promise
HDEL003545,HORD003545,2018-05-11,2018-05-18,2018-05-18,Direct Freight,Standard,Delivered,0,True,64,9.27,none,7,6,Morning,7.039,True,0.608,delivered within promise
HDEL003546,HORD003546,2018-05-16,2018-05-20,2018-05-20,DHL,Standard,Delivered,0,True,53,9.4,none,4,7,Morning,7.1652,False,0.436,delivered within promise
HDEL003547,HORD003547,2018-08-20,2018-08-26,2018-08-25,DHL,Standard,Delivered,0,True,61,7.85,none,6,8,Anytime,0.1725,True,0.929,delivered within promise
HDEL003548,HORD003548,2018-11-12,2018-11-16,2018-11-15,DHL,Standard,Delivered,0,True,24,8.66,none,4,8,Anytime,6.7742,True,0.435,delivered within promise
HDEL003549,HORD003549,2018-03-23,2018-03-30,2018-03-28,AusPost,Standard,Delivered,0,True,50,9.47,none,7,7,Morning,6.9572,True,0.628,delivered within promise
HDEL003550,HORD003550,2018-10-15,2018-10-21,2018-10-21,DHL,Standard,Delivered,0,True,6,9.39,none,6,4,Afternoon,4.8046,True,0.486,delivered within promise
HDEL003551,HORD003551,2018-08-25,2018-08-29,2018-08-27,AusPost,Standard,Delivered,0,True,47,12.68,none,4,5,Afternoon,5.5403,False,0.371,delivered within promise
HDEL003552,HORD003552,2018-08-11,2018-08-15,2018-08-15,AusPost,Standard,Delivered,0,True,28,8.94,none,4,8,Anytime,3.0741,False,0.31,delivered within promise
HDEL003553,HORD003553,2018-09-25,2018-09-30,2018-09-29,DHL,Standard,Delivered,0,True,3,8.21,none,5,6,Morning,6.2021,True,0.453,delivered within promise
HDEL003554,HORD003554,2018-08-19,2018-08-25,2018-08-23,DHL,Standard,Delivered,0,True,51,12.62,none,6,4,Anytime,4.974,True,1.514,delivered within promise
HDEL003555,HORD003555,2018-07-09,2018-07-13,2018-07-13,DHL,Standard,Delivered,0,True,19,9.85,none,4,5,Afternoon,4.631,True,0.428,delivered within promise
HDEL003556,HORD003556,2018-08-17,2018-08-23,2018-08-22,StarTrack,Standard,Delivered,0,True,72,10.27,none,6,4,Morning,2.1843,False,0.436,delivered within promise
HDEL003557,HORD003557,2018-10-31,2018-11-06,2018-11-05,DHL,Standard,Delivered,0,True,71,9.19,none,6,5,Afternoon,5.1789,False,0.347,delivered within promise
HDEL003558,HORD003558,2018-03-06,2018-03-13,2018-03-12,StarTrack,Standard,Delivered,0,True,52,6.36,none,7,9,Morning,0.7721,True,0.403,delivered within promise
HDEL003559,HORD003559,2018-01-11,2018-01-18,2018-01-18,DHL,Standard,Delivered,0,True,16,10.24,none,7,7,Afternoon,6.8906,True,1.836,delivered within promise
HDEL003560,HORD003560,2018-10-17,2018-10-20,2018-10-18,DHL,Standard,Delivered,0,True,69,8.62,none,3,5,Anytime,2.7874,False,0.281,delivered within promise
HDEL003561,HORD003561,2018-09-09,2018-09-16,2018-09-16,StarTrack,Standard,Delivered,0,True,30,10.24,none,7,3,Morning,5.5988,False,0.336,delivered within promise
HDEL003562,HORD003562,2018-11-24,2018-11-27,2018-11-27,Direct Freight,Standard,Delivered,0,True,2,6.83,none,3,8,Morning,0.8202,True,0.407,delivered within promise
HDEL003563,HORD003563,2018-01-10,2018-01-15,2018-01-15,Direct Freight,Express,Delivered,0,True,73,15.51,none,5,7,Morning,2.5342,True,0.508,delivered within promise
HDEL003564,HORD003564,2018-09-25,2018-09-30,2018-09-28,Direct Freight,Express,Delivered,0,True,43,17.37,none,5,8,Morning,7.931,True,0.488,delivered within promise
HDEL003565,HORD003565,2018-09-10,2018-09-16,2018-09-15,StarTrack,Express,Delivered,0,True,66,16.43,none,6,6,Morning,7.3527,False,0.506,delivered within promise
HDEL003566,HORD003566,2018-10-13,2018-10-18,2018-10-18,AusPost,Standard,Delivered,0,True,15,11.34,none,5,6,Afternoon,6.6539,True,0.511,delivered within promise
HDEL003567,HORD003567,2018-11-16,2018-11-20,2018-11-19,AusPost,Standard,Delivered,0,True,27,7.6,none,4,9,Afternoon,3.5955,True,0.561,delivered within promise
HDEL003568,HORD003568,2018-09-26,2018-10-03,2018-10-01,Direct Freight,Standard,Delivered,0,True,20,6.24,none,7,9,Anytime,2.601,True,0.479,delivered within promise
HDEL003569,HORD003569,2018-08-30,2018-09-05,2018-09-05,Direct Freight,Express,Delivered,0,True,51,22.8,none,6,7,Morning,6.7742,True,1.049,delivered within promise
HDEL003570,HORD003570,2018-07-31,2018-08-05,2018-08-05,DHL,Standard,Delivered,0,True,14,11.56,none,5,3,Morning,8.0565,True,0.674,delivered within promise
HDEL003571,HORD003571,2018-07-17,2018-07-23,2018-07-22,DHL,Express,Delivered,0,True,35,20.72,none,6,5,Afternoon,6.1208,False,0.371,delivered within promise
HDEL003572,HORD003572,2018-06-01,2018-06-07,2018-06-06,AusPost,Standard,Delivered,0,True,47,7.67,none,6,6,Afternoon,3.1348,True,0.419,delivered within promise
HDEL003573,HORD003573,2018-02-03,2018-02-10,2018-02-09,DHL,Express,Delivered,0,True,20,16.48,none,7,9,Morning,3.3602,True,0.423,delivered within promise
HDEL003574,HORD003574,2018-06-29,2018-07-02,2018-06-30,StarTrack,Standard,Delivered,0,True,20,11.31,none,3,6,Morning,3.4566,False,0.365,delivered within promise
HDEL003575,HORD003575,2018-08-23,2018-08-28,2018-08-28,DHL,Standard,Delivered,0,True,4,11.71,none,5,4,Morning,6.2684,True,0.473,delivered within promise
HDEL003576,HORD003576,2018-06-24,2018-06-28,2018-06-26,AusPost,Standard,Delivered,0,True,49,10.65,none,4,4,Morning,7.4926,True,1.28,delivered within promise
HDEL003577,HORD003577,2018-09-29,2018-10-02,2018-10-01,Direct Freight,Standard,Delivered,0,True,6,10.26,none,3,4,Morning,7.4471,True,1.181,delivered within promise
HDEL003578,HORD003578,2018-12-31,2019-01-07,2019-01-07,StarTrack,Standard,Delivered,0,True,41,10.98,none,7,9,Anytime,9.3352,True,0.572,delivered within promise
HDEL003579,HORD003579,2018-06-24,2018-06-30,2018-06-29,DHL,Standard,Delivered,0,True,63,10.0,none,6,6,Morning,1.4968,False,0.345,delivered within promise
HDEL003580,HORD003580,2018-06-25,2018-07-02,2018-07-02,StarTrack,Standard,Delivered,0,True,62,11.26,none,7,8,Afternoon,6.2684,True,1.155,delivered within promise
HDEL003581,HORD003581,2018-07-17,2018-07-24,2018-07-23,StarTrack,Standard,Delivered,0,True,66,11.61,none,7,5,Afternoon,3.933,True,0.39,delivered within promise
HDEL003582,HORD003582,2018-05-21,2018-05-24,2018-05-22,AusPost,Standard,Delivered,0,True,20,10.12,none,3,8,Morning,5.1954,True,0.995,delivered within promise
HDEL003583,HORD003583,2018-03-05,2018-03-10,2018-03-09,DHL,Standard,Delivered,0,True,29,8.71,none,5,8,Afternoon,6.2259,True,0.469,delivered within promise
HDEL003584,HORD003584,2018-04-26,2018-05-01,2018-04-30,StarTrack,Standard,Delivered,0,True,18,9.61,none,5,5,Anytime,7.6726,True,0.44,delivered within promise
HDEL003585,HORD003585,2018-12-09,2018-12-12,2018-12-10,AusPost,Standard,Delivered,0,True,31,7.26,none,3,8,Anytime,1.2522,False,0.359,delivered within promise
HDEL003586,HORD003586,2018-11-10,2018-11-15,2018-11-14,Direct Freight,Standard,Delivered,0,True,4,11.94,none,5,5,Morning,8.7537,False,0.444,delivered within promise
HDEL003587,HORD003587,2018-04-05,2018-04-08,2018-04-07,Direct Freight,Standard,Delivered,0,True,10,8.94,none,3,5,Anytime,5.0931,False,0.324,delivered within promise
HDEL003588,HORD003588,2018-11-02,2018-11-08,2018-11-07,StarTrack,Standard,Delivered,0,True,63,9.59,none,6,8,Anytime,5.4433,False,0.329,delivered within promise
HDEL003589,HORD003589,2018-09-21,2018-09-27,2018-09-26,Direct Freight,Standard,Delivered,0,True,10,11.22,none,6,5,Afternoon,7.5536,True,0.569,delivered within promise
HDEL003590,HORD003590,2018-07-22,2018-07-26,2018-07-24,Direct Freight,Standard,Delivered,0,True,55,13.98,none,4,9,Anytime,6.1208,False,0.388,delivered within promise
HDEL003591,HORD003591,2018-03-02,2018-03-05,2018-03-08,StarTrack,Standard,Delivered,3,False,18,9.98,carrier_capacity,3,6,Afternoon,5.8758,True,0.534,carrier scan reconciled
HDEL003592,HORD003592,2018-06-28,2018-07-02,2018-07-02,Direct Freight,Standard,Delivered,0,True,11,10.67,none,4,4,Afternoon,7.408,True,0.52,delivered within promise
HDEL003593,HORD003593,2018-07-21,2018-07-27,2018-07-26,Direct Freight,Standard,Delivered,0,True,46,13.62,none,6,3,Anytime,9.9192,True,0.537,delivered within promise
HDEL003594,HORD003594,2018-09-01,2018-09-06,2018-09-06,StarTrack,Standard,Delivered,0,True,15,12.66,none,5,4,Morning,7.7087,True,0.488,delivered within promise
HDEL003595,HORD003595,2018-08-20,2018-08-23,2018-08-22,DHL,Standard,Delivered,0,True,33,12.62,none,3,3,Anytime,4.6531,False,0.331,delivered within promise
HDEL003596,HORD003596,2018-10-30,2018-11-06,2018-11-06,AusPost,Express,Delivered,0,True,51,16.17,none,7,5,Anytime,4.974,True,0.464,delivered within promise
HDEL003597,HORD003597,2018-10-14,2018-10-21,2018-10-20,DHL,Standard,Delivered,0,True,68,6.75,none,7,9,Anytime,3.4566,True,1.517,delivered within promise
HDEL003598,HORD003598,2018-02-27,2018-03-02,2018-03-01,Direct Freight,Standard,Delivered,0,True,28,6.48,none,3,7,Anytime,1.1475,True,1.047,delivered within promise
HDEL003599,HORD003599,2018-11-26,2018-11-30,2018-11-29,StarTrack,Express,Delivered,0,True,28,17.96,none,4,9,Anytime,4.4259,True,0.504,delivered within promise
HDEL003600,HORD003600,2018-03-22,2018-03-29,2018-03-27,DHL,Standard,Delivered,0,True,13,5.95,none,7,6,Anytime,1.3001,True,0.273,delivered within promise
HDEL003601,HORD003601,2018-10-02,2018-10-08,2018-10-07,DHL,Standard,Delivered,0,True,29,9.49,none,6,4,Afternoon,4.3781,False,1.04,delivered within promise
HDEL003602,HORD003602,2018-03-26,2018-03-31,2018-03-30,StarTrack,Express,Delivered,0,True,6,14.31,none,5,9,Anytime,4.7492,True,0.887,delivered within promise
HDEL003603,HORD003603,2018-02-05,2018-02-11,2018-02-09,StarTrack,Standard,Delivered,0,True,70,11.89,none,6,9,Afternoon,7.2473,True,0.567,delivered within promise
HDEL003604,HORD003604,2018-12-06,2018-12-12,2018-12-17,DHL,Standard,Delivered,5,False,65,8.6,warehouse_congestion,6,6,Anytime,1.9767,False,0.269,carrier scan reconciled
HDEL003605,HORD003605,2018-04-18,2018-04-25,2018-04-25,AusPost,Express,Delivered,0,True,14,16.9,none,7,6,Morning,6.6351,False,0.475,delivered within promise
HDEL003606,HORD003606,2018-11-16,2018-11-23,2018-11-21,StarTrack,Standard,Delivered,0,True,6,6.4,none,7,9,Anytime,2.4836,True,0.518,delivered within promise
HDEL003607,HORD003607,2018-05-27,2018-06-03,2018-06-02,Direct Freight,Standard,Delivered,0,True,9,7.9,none,7,3,Anytime,2.9449,True,0.396,delivered within promise
HDEL003608,HORD003608,2018-08-10,2018-08-15,2018-08-15,StarTrack,Standard,Delivered,0,True,12,11.46,none,5,4,Anytime,5.893,True,0.539,delivered within promise
HDEL003609,HORD003609,2018-06-14,2018-06-20,2018-06-20,AusPost,Standard,Delivered,0,True,40,12.33,none,6,4,Morning,4.6463,False,0.328,delivered within promise
HDEL003610,HORD003610,2018-08-30,2018-09-06,2018-09-05,AusPost,Standard,Delivered,0,True,11,9.74,none,7,5,Morning,4.0669,False,0.406,delivered within promise
HDEL003611,HORD003611,2018-04-11,2018-04-15,2018-04-15,DHL,Express,Delivered,0,True,11,19.82,none,4,9,Anytime,5.5988,True,0.515,delivered within promise
HDEL003612,HORD003612,2018-05-27,2018-06-02,2018-06-02,Direct Freight,Standard,Delivered,0,True,45,7.8,none,6,7,Anytime,2.9974,False,0.272,delivered within promise
HDEL003613,HORD003613,2018-08-13,2018-08-19,2018-08-18,StarTrack,Standard,Delivered,0,True,25,14.51,none,6,4,Anytime,7.932,True,0.607,delivered within promise
HDEL003614,HORD003614,2018-10-05,2018-10-10,2018-10-08,AusPost,Standard,Delivered,0,True,40,8.7,none,5,4,Morning,4.9215,True,1.393,delivered within promise
HDEL003615,HORD003615,2018-11-02,2018-11-06,2018-11-05,Direct Freight,Standard,Delivered,0,True,43,8.24,none,4,7,Afternoon,6.3492,True,0.476,delivered within promise
HDEL003616,HORD003616,2018-05-27,2018-05-31,2018-05-29,StarTrack,Standard,Delivered,0,True,4,11.67,none,4,3,Morning,7.7904,False,0.481,delivered within promise
HDEL003617,HORD003617,2018-07-04,2018-07-07,2018-07-06,StarTrack,Express,Delivered,0,True,53,17.67,none,3,6,Morning,4.9215,True,1.066,delivered within promise
HDEL003618,HORD003618,2018-12-28,2019-01-04,2019-01-04,AusPost,Standard,Delivered,0,True,10,11.29,none,7,8,Anytime,6.2383,True,0.503,delivered within promise
HDEL003619,HORD003619,2018-08-03,2018-08-08,2018-08-07,DHL,Express,Delivered,0,True,50,26.0,none,5,6,Morning,9.2711,True,0.741,delivered within promise
HDEL003620,HORD003620,2018-01-08,2018-01-15,2018-01-15,StarTrack,Standard,Delivered,0,True,25,9.49,none,7,5,Afternoon,5.5306,True,0.544,delivered within promise
HDEL003621,HORD003621,2018-03-19,2018-03-23,2018-03-22,AusPost,Standard,Delivered,0,True,7,7.88,none,4,5,Anytime,4.0705,False,0.433,delivered within promise
HDEL003622,HORD003622,2018-11-02,2018-11-08,2018-11-08,AusPost,Standard,Delivered,0,True,70,10.03,none,6,6,Anytime,7.1054,False,0.463,delivered within promise
HDEL003623,HORD003623,2018-11-21,2018-11-27,2018-11-25,StarTrack,Standard,Delivered,0,True,72,7.73,none,6,4,Morning,1.2522,True,0.442,delivered within promise
HDEL003624,HORD003624,2018-07-19,2018-07-22,2018-07-21,Direct Freight,Standard,Delivered,0,True,15,10.96,none,3,8,Afternoon,4.8046,False,0.321,delivered within promise
HDEL003625,HORD003625,2018-04-18,2018-04-21,2018-04-20,DHL,Express,Delivered,0,True,70,16.46,none,3,5,Morning,5.3606,True,0.446,delivered within promise
HDEL003626,HORD003626,2018-06-11,2018-06-14,2018-06-12,DHL,Standard,Delivered,0,True,48,12.46,none,3,8,Anytime,5.4327,True,1.195,delivered within promise
HDEL003627,HORD003627,2018-07-02,2018-07-05,2018-07-05,StarTrack,Standard,Delivered,0,True,49,10.68,none,3,9,Morning,7.355,True,0.544,delivered within promise
HDEL003628,HORD003628,2018-09-19,2018-09-25,2018-09-23,DHL,Standard,Delivered,0,True,61,7.26,none,6,9,Morning,4.9929,True,0.837,delivered within promise
HDEL003629,HORD003629,2018-04-25,2018-05-01,2018-05-01,DHL,Standard,Delivered,0,True,39,9.98,none,6,3,Anytime,7.2107,True,1.269,delivered within promise
HDEL003630,HORD003630,2018-04-18,2018-04-21,2018-04-21,AusPost,Standard,Delivered,0,True,63,9.52,none,3,6,Afternoon,7.1054,True,0.474,delivered within promise
HDEL003631,HORD003631,2018-05-07,2018-05-13,2018-05-12,AusPost,Standard,Delivered,0,True,45,7.92,none,6,3,Anytime,2.9353,True,0.472,delivered within promise
HDEL003632,HORD003632,2018-02-24,2018-02-28,2018-02-26,StarTrack,Standard,Delivered,0,True,20,9.89,none,4,4,Afternoon,5.893,False,0.375,delivered within promise
HDEL003633,HORD003633,2018-03-01,2018-03-04,2018-03-04,AusPost,Standard,Delivered,0,True,46,6.95,none,3,9,Afternoon,2.9046,False,0.322,delivered within promise
HDEL003634,HORD003634,2018-01-14,2018-01-19,2018-01-17,AusPost,Standard,Delivered,0,True,61,10.23,none,5,4,Afternoon,5.9442,True,0.393,delivered within promise
HDEL003635,HORD003635,2018-02-03,2018-02-06,2018-02-05,AusPost,Standard,Delivered,0,True,31,9.78,none,3,6,Afternoon,6.7102,True,1.21,delivered within promise
HDEL003636,HORD003636,2018-04-29,2018-05-03,2018-05-01,DHL,Standard,Delivered,0,True,16,10.42,none,4,6,Afternoon,5.9963,False,0.402,delivered within promise
HDEL003637,HORD003637,2018-06-13,2018-06-20,2018-06-20,AusPost,Standard,Delivered,0,True,33,12.55,none,7,9,Anytime,6.2848,False,0.49,delivered within promise
HDEL003638,HORD003638,2018-05-04,2018-05-08,2018-05-08,Direct Freight,Standard,Delivered,0,True,3,10.49,none,4,4,Morning,6.8585,False,0.449,delivered within promise
HDEL003639,HORD003639,2018-09-12,2018-09-19,2018-09-19,DHL,Standard,Delivered,0,True,37,8.45,none,7,5,Afternoon,4.3951,True,0.357,delivered within promise
HDEL003640,HORD003640,2018-12-11,2018-12-17,2018-12-17,AusPost,Standard,Delivered,0,True,58,7.49,none,6,8,Anytime,3.2634,True,0.932,delivered within promise
HDEL003641,HORD003641,2018-05-28,2018-06-01,2018-05-30,StarTrack,Standard,Delivered,0,True,66,6.85,none,4,3,Anytime,1.8901,False,0.242,delivered within promise
HDEL003642,HORD003642,2018-02-22,2018-03-01,2018-03-01,StarTrack,Standard,Delivered,0,True,46,7.64,none,7,6,Anytime,3.4566,True,1.316,delivered within promise
HDEL003643,HORD003643,2018-06-20,2018-06-24,2018-06-22,StarTrack,Standard,Delivered,0,True,57,7.98,none,4,7,Morning,0.6788,True,0.288,delivered within promise
HDEL003644,HORD003644,2018-03-04,2018-03-07,2018-03-07,StarTrack,Standard,Delivered,0,True,34,6.17,none,3,8,Anytime,2.8851,True,0.583,delivered within promise
HDEL003645,HORD003645,2018-05-02,2018-05-06,2018-05-04,AusPost,Standard,Delivered,0,True,11,7.47,none,4,5,Afternoon,4.9903,True,0.403,delivered within promise
HDEL003646,HORD003646,2018-12-16,2018-12-21,2018-12-20,Direct Freight,Standard,Delivered,0,True,66,8.88,none,5,3,Anytime,6.1231,False,0.347,delivered within promise
HDEL003647,HORD003647,2018-07-25,2018-07-29,2018-07-28,DHL,Standard,Delivered,0,True,40,11.64,none,4,8,Afternoon,3.6955,True,0.403,delivered within promise
HDEL003648,HORD003648,2018-05-10,2018-05-14,2018-05-13,DHL,Standard,Delivered,0,True,9,8.73,none,4,6,Morning,4.2475,True,0.346,delivered within promise
HDEL003649,HORD003649,2018-02-26,2018-03-02,2018-03-02,Direct Freight,Express,Delivered,0,True,56,15.17,none,4,8,Afternoon,6.7349,True,0.579,delivered within promise
HDEL003650,HORD003650,2018-08-05,2018-08-12,2018-08-11,AusPost,Standard,Delivered,0,True,61,13.45,none,7,9,Anytime,8.0537,True,0.521,delivered within promise
HDEL003651,HORD003651,2018-02-01,2018-02-06,2018-02-06,AusPost,Standard,Delivered,0,True,46,11.17,none,5,8,Afternoon,7.0323,True,0.417,delivered within promise
HDEL003652,HORD003652,2018-05-20,2018-05-24,2018-05-22,Direct Freight,Express,Delivered,0,True,23,17.55,none,4,5,Anytime,5.1062,True,0.446,delivered within promise
HDEL003653,HORD003653,2018-04-09,2018-04-14,2018-04-13,AusPost,Standard,Delivered,0,True,41,6.09,none,5,7,Afternoon,1.0772,False,0.303,delivered within promise
HDEL003654,HORD003654,2018-03-25,2018-03-29,2018-03-27,StarTrack,Standard,Delivered,0,True,30,10.3,none,4,9,Anytime,7.8766,True,0.536,delivered within promise
HDEL003655,HORD003655,2018-08-10,2018-08-13,2018-08-12,AusPost,Express,Delivered,0,True,36,21.22,none,3,3,Morning,6.8429,True,0.953,delivered within promise
HDEL003656,HORD003656,2018-01-28,2018-02-03,2018-02-02,Direct Freight,Standard,Delivered,0,True,24,8.09,none,6,7,Morning,1.7855,True,0.341,delivered within promise
HDEL003657,HORD003657,2018-04-10,2018-04-14,2018-04-12,AusPost,Standard,Delivered,0,True,23,7.13,none,4,6,Anytime,2.2927,False,0.348,delivered within promise
HDEL003658,HORD003658,2018-03-25,2018-04-01,2018-03-30,Direct Freight,Standard,Delivered,0,True,52,8.29,none,7,4,Afternoon,3.2414,True,0.392,delivered within promise
HDEL003659,HORD003659,2018-12-08,2018-12-12,2018-12-10,StarTrack,Standard,Delivered,0,True,24,11.14,none,4,3,Anytime,5.9963,True,0.386,delivered within promise
HDEL003660,HORD003660,2018-06-15,2018-06-21,2018-06-21,StarTrack,Standard,Delivered,0,True,21,11.87,none,6,7,Anytime,6.2021,True,0.376,delivered within promise
HDEL003661,HORD003661,2018-05-31,2018-06-06,2018-06-06,AusPost,Standard,Delivered,0,True,45,10.16,none,6,5,Afternoon,8.7052,False,0.457,delivered within promise
HDEL003662,HORD003662,2018-04-25,2018-05-02,2018-05-01,Direct Freight,Standard,Delivered,0,True,41,9.0,none,7,3,Anytime,7.2107,True,0.471,delivered within promise
HDEL003663,HORD003663,2018-12-18,2018-12-21,2018-12-20,AusPost,Standard,Delivered,0,True,35,9.55,none,3,9,Morning,5.1023,True,0.502,delivered within promise
HDEL003664,HORD003664,2018-09-10,2018-09-17,2018-09-16,DHL,Standard,Delivered,0,True,45,10.05,none,7,9,Morning,5.3068,True,0.46,delivered within promise
HDEL003665,HORD003665,2018-02-16,2018-02-21,2018-02-19,Direct Freight,Standard,Delivered,0,True,57,11.14,none,5,8,Morning,8.5645,True,0.445,delivered within promise
HDEL003666,HORD003666,2018-12-15,2018-12-18,2018-12-18,Direct Freight,Standard,Delivered,0,True,24,10.07,none,3,7,Anytime,7.4143,True,0.484,delivered within promise
HDEL003667,HORD003667,2018-05-07,2018-05-14,2018-05-13,AusPost,Standard,Delivered,0,True,45,11.66,none,7,5,Afternoon,10.4906,True,0.57,delivered within promise
HDEL003668,HORD003668,2018-05-10,2018-05-13,2018-05-12,StarTrack,Standard,Delivered,0,True,30,9.2,none,3,3,Anytime,6.1208,True,0.444,delivered within promise
HDEL003669,HORD003669,2018-06-26,2018-07-03,2018-07-03,DHL,Standard,Delivered,0,True,7,12.12,none,7,3,Afternoon,3.9696,False,0.45,delivered within promise
HDEL003670,HORD003670,2018-12-04,2018-12-10,2018-12-10,StarTrack,Standard,Delivered,0,True,62,11.28,none,6,7,Morning,9.0452,True,0.678,delivered within promise
HDEL003671,HORD003671,2018-06-06,2018-06-13,2018-06-12,StarTrack,Standard,Delivered,0,True,47,14.77,none,7,4,Afternoon,9.2711,True,0.579,delivered within promise
HDEL003672,HORD003672,2018-11-05,2018-11-11,2018-11-11,AusPost,Standard,Delivered,0,True,61,9.95,none,6,6,Afternoon,7.7244,True,0.485,delivered within promise
HDEL003673,HORD003673,2018-05-29,2018-06-01,2018-06-01,Direct Freight,Standard,Delivered,0,True,18,5.83,none,3,8,Anytime,2.2927,True,1.051,delivered within promise
HDEL003674,HORD003674,2018-04-07,2018-04-12,2018-04-10,StarTrack,Standard,Delivered,0,True,41,6.78,none,5,5,Morning,1.5776,True,1.103,delivered within promise
HDEL003675,HORD003675,2018-04-26,2018-05-01,2018-05-01,DHL,Standard,Delivered,0,True,60,11.35,none,5,8,Afternoon,8.344,False,0.437,delivered within promise
HDEL003676,HORD003676,2018-12-23,2018-12-27,2018-12-27,Direct Freight,Standard,Delivered,0,True,12,11.12,none,4,6,Anytime,6.5462,True,1.011,delivered within promise
HDEL003677,HORD003677,2018-09-30,2018-10-06,2018-10-05,DHL,Standard,Delivered,0,True,51,7.22,none,6,5,Anytime,3.186,False,0.334,delivered within promise
HDEL003678,HORD003678,2018-09-22,2018-09-27,2018-09-27,StarTrack,Standard,Delivered,0,True,32,10.32,none,5,4,Morning,7.072,True,0.565,delivered within promise
HDEL003679,HORD003679,2018-05-08,2018-05-11,2018-05-09,Direct Freight,Standard,Delivered,0,True,58,8.57,none,3,4,Anytime,3.6744,True,0.357,delivered within promise
HDEL003680,HORD003680,2018-05-20,2018-05-23,2018-05-22,DHL,Standard,Delivered,0,True,3,10.28,none,3,7,Anytime,7.0323,True,1.316,delivered within promise
HDEL003681,HORD003681,2018-04-12,2018-04-15,2018-04-15,StarTrack,Standard,Delivered,0,True,7,9.9,none,3,8,Morning,5.1765,True,0.48,delivered within promise
HDEL003682,HORD003682,2018-04-16,2018-04-21,2018-04-24,StarTrack,Standard,Delivered,3,False,36,8.57,carrier_capacity,5,3,Anytime,3.186,True,0.422,carrier scan reconciled
HDEL003683,HORD003683,2018-03-25,2018-03-29,2018-03-29,DHL,Standard,Delivered,0,True,56,10.69,none,4,7,Afternoon,6.8585,True,0.537,delivered within promise
HDEL003684,HORD003684,2018-11-13,2018-11-17,2018-11-17,StarTrack,Standard,Delivered,0,True,63,8.85,none,4,3,Afternoon,3.9344,True,0.37,delivered within promise
HDEL003685,HORD003685,2018-12-25,2018-12-28,2018-12-26,AusPost,Standard,Delivered,0,True,28,8.23,none,3,5,Anytime,2.6653,True,0.387,delivered within promise
HDEL003686,HORD003686,2019-01-03,2019-01-07,2019-01-05,Direct Freight,Standard,Delivered,0,True,72,11.59,none,4,9,Afternoon,8.2357,False,0.614,delivered within promise
HDEL003687,HORD003687,2018-12-21,2018-12-26,2018-12-29,DHL,Standard,Delivered,3,False,3,10.49,warehouse_congestion,5,5,Anytime,9.7072,True,0.51,carrier scan reconciled
HDEL003688,HORD003688,2018-12-19,2018-12-22,2018-12-20,StarTrack,Standard,Delivered,0,True,9,8.41,none,3,3,Afternoon,3.8216,False,0.314,delivered within promise
HDEL003689,HORD003689,2018-04-18,2018-04-21,2018-04-20,StarTrack,Standard,Delivered,0,True,69,8.47,none,3,8,Morning,3.5854,False,0.298,delivered within promise
HDEL003690,HORD003690,2018-08-21,2018-08-26,2018-08-26,DHL,Standard,Delivered,0,True,55,11.95,none,5,8,Afternoon,6.4658,True,0.418,delivered within promise
HDEL003691,HORD003691,2018-12-14,2018-12-19,2018-12-19,AusPost,Standard,Delivered,0,True,3,6.31,none,5,7,Afternoon,0.87,False,0.263,delivered within promise
HDEL003692,HORD003692,2018-07-01,2018-07-05,2018-07-03,StarTrack,Standard,Delivered,0,True,41,9.84,none,4,6,Afternoon,5.5563,True,0.643,delivered within promise
HDEL003693,HORD003693,2018-05-06,2018-05-09,2018-05-09,Direct Freight,Standard,Delivered,0,True,42,10.99,none,3,6,Morning,6.6113,True,0.948,delivered within promise
HDEL003694,HORD003694,2018-07-02,2018-07-05,2018-07-03,Direct Freight,Standard,Delivered,0,True,19,10.43,none,3,7,Morning,4.8483,True,1.088,delivered within promise
HDEL003695,HORD003695,2018-11-03,2018-11-07,2018-11-05,DHL,Express,Delivered,0,True,40,14.75,none,4,8,Afternoon,2.9449,True,0.602,delivered within promise
HDEL003696,HORD003696,2018-11-10,2018-11-16,2018-11-16,DHL,Standard,Delivered,0,True,47,9.03,none,6,8,Anytime,5.4863,True,0.36,delivered within promise
HDEL003697,HORD003697,2018-04-10,2018-04-14,2018-04-12,AusPost,Standard,Delivered,0,True,49,9.77,none,4,4,Afternoon,7.0002,True,0.576,delivered within promise
HDEL003698,HORD003698,2018-10-02,2018-10-07,2018-10-05,DHL,Standard,Delivered,0,True,27,6.49,none,5,7,Morning,2.018,False,0.272,delivered within promise
HDEL003699,HORD003699,2018-07-28,2018-08-03,2018-08-03,StarTrack,Standard,Delivered,0,True,41,10.59,none,6,5,Morning,6.6691,True,0.919,delivered within promise
HDEL003700,HORD003700,2018-02-07,2018-02-14,2018-02-13,AusPost,Standard,Delivered,0,True,57,10.36,none,7,5,Morning,5.2666,True,0.412,delivered within promise
HDEL003701,HORD003701,2018-06-18,2018-06-23,2018-06-22,DHL,Standard,Delivered,0,True,9,10.68,none,5,9,Afternoon,5.5022,False,0.348,delivered within promise
HDEL003702,HORD003702,2018-09-24,2018-09-27,2018-09-25,AusPost,Standard,Delivered,0,True,63,10.67,none,3,4,Anytime,6.0476,False,0.415,delivered within promise
HDEL003703,HORD003703,2018-08-31,2018-09-05,2018-09-04,Direct Freight,Standard,Delivered,0,True,37,12.43,none,5,5,Anytime,4.7326,True,0.455,delivered within promise
HDEL003704,HORD003704,2018-11-08,2018-11-12,2018-11-11,AusPost,Standard,Delivered,0,True,71,7.73,none,4,3,Morning,2.9812,False,0.36,delivered within promise
HDEL003705,HORD003705,2018-06-11,2018-06-17,2018-06-15,StarTrack,Standard,Delivered,0,True,34,10.55,none,6,7,Afternoon,3.9472,True,1.022,delivered within promise
HDEL003706,HORD003706,2018-05-28,2018-06-02,2018-06-02,StarTrack,Standard,Delivered,0,True,48,7.59,none,5,8,Anytime,5.4295,False,0.334,delivered within promise
HDEL003707,HORD003707,2018-10-23,2018-10-29,2018-10-27,Direct Freight,Standard,Delivered,0,True,51,7.33,none,6,7,Morning,4.2475,True,0.581,delivered within promise
HDEL003708,HORD003708,2018-08-19,2018-08-25,2018-08-25,AusPost,Express,Delivered,0,True,29,20.61,none,6,9,Morning,4.7472,False,0.425,delivered within promise
HDEL003709,HORD003709,2018-02-12,2018-02-15,2018-02-14,Direct Freight,Express,Delivered,0,True,64,15.54,none,3,5,Morning,5.1789,False,0.496,delivered within promise
HDEL003710,HORD003710,2018-12-27,2019-01-01,2019-01-01,DHL,Express,Delivered,0,True,5,17.7,none,5,3,Anytime,4.8879,True,1.201,delivered within promise
HDEL003711,HORD003711,2018-03-27,2018-03-31,2018-03-29,DHL,Standard,Delivered,0,True,62,7.52,none,4,9,Anytime,4.7927,False,0.408,delivered within promise
HDEL003712,HORD003712,2018-06-10,2018-06-14,2018-06-12,StarTrack,Standard,Delivered,0,True,66,9.87,none,4,5,Anytime,5.8992,False,0.391,delivered within promise
HDEL003713,HORD003713,2018-04-19,2018-04-23,2018-04-23,AusPost,Standard,Delivered,0,True,10,10.32,none,4,7,Morning,6.0249,True,0.451,delivered within promise
HDEL003714,HORD003714,2018-06-13,2018-06-18,2018-06-16,AusPost,Standard,Delivered,0,True,48,10.51,none,5,3,Anytime,3.7052,True,0.482,delivered within promise
HDEL003715,HORD003715,2018-03-23,2018-03-28,2018-03-27,Direct Freight,Standard,Delivered,0,True,61,9.33,none,5,6,Morning,9.3365,True,0.486,delivered within promise
HDEL003716,HORD003716,2018-11-19,2018-11-22,2018-11-22,StarTrack,Standard,Delivered,0,True,63,9.03,none,3,6,Anytime,5.2669,True,0.497,delivered within promise
HDEL003717,HORD003717,2018-07-03,2018-07-08,2018-07-07,DHL,Express,Delivered,0,True,7,24.75,none,5,4,Afternoon,5.1871,False,0.346,delivered within promise
HDEL003718,HORD003718,2018-08-23,2018-08-27,2018-08-27,AusPost,Express,Delivered,0,True,18,21.2,none,4,9,Morning,3.7377,True,1.209,delivered within promise
HDEL003719,HORD003719,2018-09-18,2018-09-25,2018-09-25,StarTrack,Standard,Delivered,0,True,36,6.93,none,7,5,Afternoon,3.4226,False,0.462,delivered within promise
HDEL003720,HORD003720,2018-03-29,2018-04-02,2018-03-31,AusPost,Standard,Delivered,0,True,2,7.36,none,4,6,Anytime,4.9929,True,1.191,delivered within promise
HDEL003721,HORD003721,2018-06-28,2018-07-02,2018-07-01,StarTrack,Standard,Delivered,0,True,46,12.93,none,4,9,Afternoon,8.5645,True,0.559,delivered within promise
HDEL003722,HORD003722,2018-01-04,2018-01-09,2018-01-08,DHL,Express,Delivered,0,True,49,15.82,none,5,5,Anytime,6.5587,True,0.474,delivered within promise
HDEL003723,HORD003723,2019-01-02,2019-01-05,2019-01-04,DHL,Standard,Delivered,0,True,59,8.73,none,3,8,Anytime,5.2439,False,0.397,delivered within promise
HDEL003724,HORD003724,2018-02-20,2018-02-26,2018-02-24,StarTrack,Express,Delivered,0,True,33,19.66,none,6,8,Afternoon,5.1925,True,0.356,delivered within promise
HDEL003725,HORD003725,2018-03-28,2018-04-04,2018-04-02,DHL,Standard,Delivered,0,True,12,7.35,none,7,9,Morning,3.4566,True,0.344,delivered within promise
HDEL003726,HORD003726,2018-01-11,2018-01-14,2018-01-13,DHL,Standard,Delivered,0,True,73,10.27,none,3,5,Anytime,5.9963,True,0.614,delivered within promise
HDEL003727,HORD003727,2018-02-05,2018-02-10,2018-02-10,AusPost,Standard,Delivered,0,True,9,7.72,none,5,3,Morning,5.0399,True,0.539,delivered within promise
HDEL003728,HORD003728,2018-06-08,2018-06-11,2018-06-11,Direct Freight,Standard,Delivered,0,True,47,14.76,none,3,3,Afternoon,7.1609,True,0.485,delivered within promise
HDEL003729,HORD003729,2018-01-21,2018-01-28,2018-01-28,Direct Freight,Standard,Delivered,0,True,42,7.36,none,7,4,Afternoon,1.698,True,0.379,delivered within promise
HDEL003730,HORD003730,2018-11-01,2018-11-07,2018-11-07,StarTrack,Express,Delivered,0,True,50,16.4,none,6,5,Morning,6.6906,True,1.802,delivered within promise
HDEL003731,HORD003731,2018-07-17,2018-07-24,2018-07-22,StarTrack,Standard,Delivered,0,True,30,11.94,none,7,7,Morning,3.773,True,0.349,delivered within promise
HDEL003732,HORD003732,2018-09-28,2018-10-04,2018-10-02,AusPost,Standard,Delivered,0,True,6,9.0,none,6,3,Morning,4.8483,False,0.317,delivered within promise
HDEL003733,HORD003733,2018-06-21,2018-06-28,2018-06-28,Direct Freight,Standard,Delivered,0,True,57,14.95,none,7,4,Anytime,9.9192,False,0.493,delivered within promise
HDEL003734,HORD003734,2018-05-23,2018-05-27,2018-05-27,AusPost,Standard,Delivered,0,True,64,8.53,none,4,8,Afternoon,5.4548,True,0.882,delivered within promise
HDEL003735,HORD003735,2018-09-26,2018-10-03,2018-10-01,AusPost,Standard,Delivered,0,True,60,6.54,none,7,9,Morning,2.6825,True,0.29,delivered within promise
HDEL003736,HORD003736,2018-12-10,2018-12-14,2018-12-13,AusPost,Standard,Delivered,0,True,64,8.86,none,4,4,Anytime,3.1348,True,1.139,delivered within promise
HDEL003737,HORD003737,2018-09-29,2018-10-03,2018-10-01,Direct Freight,Standard,Delivered,0,True,50,7.02,none,4,8,Anytime,2.7597,False,0.263,delivered within promise
HDEL003738,HORD003738,2018-01-02,2018-01-09,2018-01-09,StarTrack,Standard,Delivered,0,True,34,9.08,none,7,4,Morning,5.5306,True,0.443,delivered within promise
HDEL003739,HORD003739,2018-08-23,2018-08-26,2018-08-24,AusPost,Standard,Delivered,0,True,14,14.07,none,3,5,Morning,7.2645,False,0.503,delivered within promise
HDEL003740,HORD003740,2018-01-27,2018-02-01,2018-01-30,AusPost,Standard,Delivered,0,True,19,10.5,none,5,4,Anytime,7.1466,False,0.451,delivered within promise
HDEL003741,HORD003741,2018-11-06,2018-11-12,2018-11-10,DHL,Standard,Delivered,0,True,39,11.33,none,6,8,Anytime,8.7537,True,0.723,delivered within promise
HDEL003742,HORD003742,2018-03-04,2018-03-10,2018-03-08,StarTrack,Standard,Delivered,0,True,71,10.6,none,6,7,Morning,6.4272,True,0.382,delivered within promise
HDEL003743,HORD003743,2018-06-16,2018-06-21,2018-06-21,DHL,Standard,Delivered,0,True,46,11.66,none,5,9,Afternoon,3.7343,True,0.511,delivered within promise
HDEL003744,HORD003744,2018-01-28,2018-02-04,2018-02-04,StarTrack,Standard,Delivered,0,True,48,11.2,none,7,3,Afternoon,8.0565,False,0.401,delivered within promise
HDEL003745,HORD003745,2018-12-16,2018-12-23,2018-12-22,Direct Freight,Standard,Delivered,0,True,7,9.78,none,7,8,Anytime,6.0031,True,0.638,delivered within promise
HDEL003746,HORD003746,2018-02-17,2018-02-23,2018-02-23,DHL,Express,Delivered,0,True,18,17.26,none,6,6,Morning,2.2928,True,0.521,delivered within promise
HDEL003747,HORD003747,2018-07-25,2018-07-29,2018-07-27,Direct Freight,Standard,Delivered,0,True,67,10.81,none,4,8,Anytime,2.2928,True,0.292,delivered within promise
HDEL003748,HORD003748,2018-10-12,2018-10-19,2018-10-19,AusPost,Standard,Delivered,0,True,26,8.57,none,7,7,Morning,4.0371,True,0.501,delivered within promise
HDEL003749,HORD003749,2018-07-03,2018-07-08,2018-07-06,DHL,Standard,Delivered,0,True,32,7.97,none,5,3,Morning,1.3177,False,0.335,delivered within promise
HDEL003750,HORD003750,2018-08-24,2018-08-30,2018-08-28,StarTrack,Standard,Delivered,0,True,28,10.76,none,6,9,Morning,4.37,True,0.565,delivered within promise
HDEL003751,HORD003751,2018-03-27,2018-03-31,2018-03-31,StarTrack,Standard,Delivered,0,True,15,8.82,none,4,7,Afternoon,5.0545,True,1.435,delivered within promise
HDEL003752,HORD003752,2018-11-25,2018-11-30,2018-11-30,StarTrack,Standard,Delivered,0,True,49,8.46,none,5,6,Morning,3.3316,True,1.135,delivered within promise
HDEL003753,HORD003753,2018-01-16,2018-01-20,2018-01-19,StarTrack,Standard,Delivered,0,True,8,11.08,none,4,3,Anytime,6.0765,True,0.981,delivered within promise
HDEL003754,HORD003754,2018-02-12,2018-02-15,2018-02-14,AusPost,Standard,Delivered,0,True,5,10.81,none,3,3,Morning,6.2259,True,0.487,delivered within promise
HDEL003755,HORD003755,2018-12-21,2018-12-26,2018-12-28,Direct Freight,Standard,Delivered,2,False,68,6.82,carrier_capacity,5,3,Anytime,3.4226,True,1.001,carrier scan reconciled
HDEL003756,HORD003756,2018-03-31,2018-04-06,2018-04-06,StarTrack,Standard,Delivered,0,True,32,9.79,none,6,7,Afternoon,7.072,True,0.541,delivered within promise
HDEL003757,HORD003757,2018-07-15,2018-07-18,2018-07-18,DHL,Standard,Delivered,0,True,32,9.42,none,3,4,Afternoon,3.6546,False,0.329,delivered within promise
HDEL003758,HORD003758,2018-02-07,2018-02-13,2018-02-11,DHL,Standard,Delivered,0,True,2,8.31,none,6,7,Morning,1.9767,True,0.451,delivered within promise
HDEL003759,HORD003759,2018-06-16,2018-06-22,2018-06-20,DHL,Standard,Delivered,0,True,20,13.23,none,6,5,Morning,5.2525,False,0.423,delivered within promise
HDEL003760,HORD003760,2018-04-15,2018-04-22,2018-04-22,AusPost,Standard,Delivered,0,True,43,10.78,none,7,5,Afternoon,7.5016,True,0.907,delivered within promise
HDEL003761,HORD003761,2018-02-09,2018-02-12,2018-02-11,AusPost,Standard,Delivered,0,True,17,7.67,none,3,6,Morning,4.2248,True,0.906,delivered within promise
HDEL003762,HORD003762,2018-10-10,2018-10-17,2018-10-16,Direct Freight,Standard,Delivered,0,True,22,7.65,none,7,7,Morning,2.8851,True,0.339,delivered within promise
HDEL003763,HORD003763,2018-11-13,2018-11-20,2018-11-20,AusPost,Standard,Delivered,0,True,21,7.91,none,7,9,Morning,2.2454,True,0.875,delivered within promise
HDEL003764,HORD003764,2018-06-07,2018-06-12,2018-06-12,AusPost,Standard,Delivered,0,True,65,9.28,none,5,4,Anytime,4.5544,True,0.468,delivered within promise
HDEL003765,HORD003765,2018-10-16,2018-10-19,2018-10-19,DHL,Standard,Delivered,0,True,44,10.36,none,3,6,Anytime,5.8814,True,1.959,delivered within promise
HDEL003766,HORD003766,2018-07-13,2018-07-16,2018-07-16,AusPost,Standard,Delivered,0,True,38,9.21,none,3,6,Afternoon,4.4593,True,0.401,delivered within promise
HDEL003767,HORD003767,2018-11-02,2018-11-07,2018-11-07,DHL,Standard,Delivered,0,True,54,7.86,none,5,3,Morning,2.601,True,0.275,delivered within promise
HDEL003768,HORD003768,2018-05-06,2018-05-10,2018-05-09,DHL,Standard,Delivered,0,True,7,9.25,none,4,5,Anytime,5.2036,True,0.431,delivered within promise
HDEL003769,HORD003769,2018-05-19,2018-05-25,2018-05-25,DHL,Standard,Delivered,0,True,48,7.66,none,6,7,Morning,5.8895,True,0.384,delivered within promise
HDEL003770,HORD003770,2018-12-20,2018-12-24,2018-12-23,DHL,Standard,Delivered,0,True,12,7.25,none,4,8,Morning,3.0741,False,0.271,delivered within promise
HDEL003771,HORD003771,2018-09-06,2018-09-12,2018-09-10,AusPost,Express,Delivered,0,True,58,16.94,none,6,3,Morning,6.7796,True,0.422,delivered within promise
HDEL003772,HORD003772,2018-01-07,2018-01-14,2018-01-12,StarTrack,Standard,Delivered,0,True,14,10.46,none,7,6,Morning,7.7645,False,0.42,delivered within promise
HDEL003773,HORD003773,2018-06-27,2018-07-03,2018-07-02,DHL,Standard,Delivered,0,True,66,10.91,none,6,7,Morning,5.3195,True,0.55,delivered within promise
HDEL003774,HORD003774,2018-06-10,2018-06-14,2018-06-12,AusPost,Standard,Delivered,0,True,51,13.04,none,4,5,Morning,7.0873,False,0.515,delivered within promise
HDEL003775,HORD003775,2018-02-05,2018-02-12,2018-02-11,DHL,Standard,Delivered,0,True,36,7.82,none,7,9,Afternoon,4.3781,True,0.447,delivered within promise
HDEL003776,HORD003776,2018-10-18,2018-10-21,2018-10-19,StarTrack,Express,Delivered,0,True,21,14.91,none,3,7,Afternoon,3.4859,True,0.314,delivered within promise
HDEL003777,HORD003777,2018-06-16,2018-06-22,2018-06-22,Direct Freight,Standard,Delivered,0,True,41,14.4,none,6,5,Anytime,8.7338,False,0.439,delivered within promise
HDEL003778,HORD003778,2018-08-10,2018-08-16,2018-08-16,DHL,Standard,Delivered,0,True,46,9.86,none,6,7,Anytime,3.5087,True,0.363,delivered within promise
HDEL003779,HORD003779,2018-12-12,2018-12-15,2018-12-15,AusPost,Express,Delivered,0,True,41,17.08,none,3,4,Anytime,4.9204,False,1.041,delivered within promise
HDEL003780,HORD003780,2018-07-23,2018-07-29,2018-07-29,Direct Freight,Standard,Delivered,0,True,49,9.04,none,6,6,Anytime,4.6007,True,0.856,delivered within promise
HDEL003781,HORD003781,2018-09-09,2018-09-12,2018-09-12,Direct Freight,Standard,Delivered,0,True,68,9.48,none,3,3,Morning,5.2465,True,0.427,delivered within promise
HDEL003782,HORD003782,2018-07-21,2018-07-26,2018-07-24,Direct Freight,Express,Delivered,0,True,21,24.22,none,5,3,Anytime,7.6404,False,0.383,delivered within promise
HDEL003783,HORD003783,2018-11-20,2018-11-24,2018-11-23,StarTrack,Standard,Delivered,0,True,2,7.08,none,4,4,Afternoon,3.2914,False,0.368,delivered within promise
HDEL003784,HORD003784,2018-05-30,2018-06-02,2018-06-01,DHL,Standard,Delivered,0,True,17,9.53,none,3,4,Afternoon,5.4918,True,0.4,delivered within promise
HDEL003785,HORD003785,2018-07-09,2018-07-13,2018-07-11,DHL,Express,Delivered,0,True,11,19.11,none,4,4,Anytime,7.3091,True,0.614,delivered within promise
HDEL003786,HORD003786,2018-10-14,2018-10-21,2018-10-19,AusPost,Standard,Delivered,0,True,26,8.29,none,7,4,Morning,5.8022,False,0.357,delivered within promise
HDEL003787,HORD003787,2018-06-09,2018-06-14,2018-06-12,StarTrack,Express,Delivered,0,True,25,20.84,none,5,9,Morning,5.4595,False,0.373,delivered within promise
HDEL003788,HORD003788,2018-06-12,2018-06-19,2018-06-18,Direct Freight,Standard,Delivered,0,True,32,14.07,none,7,6,Afternoon,6.5356,False,0.395,delivered within promise
HDEL003789,HORD003789,2018-06-13,2018-06-17,2018-06-17,Direct Freight,Express,Delivered,0,True,22,26.31,none,4,7,Anytime,7.2568,False,0.448,delivered within promise
HDEL003790,HORD003790,2018-08-14,2018-08-20,2018-08-19,StarTrack,Express,Delivered,0,True,73,23.65,none,6,4,Morning,6.1231,True,0.552,delivered within promise
HDEL003791,HORD003791,2018-02-01,2018-02-08,2018-02-10,StarTrack,Standard,Delivered,2,False,43,9.62,warehouse_congestion,7,4,Morning,7.2568,True,0.535,carrier scan reconciled
HDEL003792,HORD003792,2018-05-28,2018-06-04,2018-06-04,Direct Freight,Standard,Delivered,0,True,8,10.09,none,7,8,Morning,7.4945,True,1.181,delivered within promise
HDEL003793,HORD003793,2018-11-05,2018-11-12,2018-11-11,Direct Freight,Standard,Delivered,0,True,15,7.37,none,7,5,Afternoon,4.0259,True,0.587,delivered within promise
HDEL003794,HORD003794,2018-09-07,2018-09-12,2018-09-12,StarTrack,Standard,Delivered,0,True,51,9.34,none,5,7,Morning,6.1633,True,0.943,delivered within promise
HDEL003795,HORD003795,2018-01-05,2018-01-11,2018-01-10,StarTrack,Standard,Delivered,0,True,73,7.73,none,6,7,Anytime,4.4633,True,0.384,delivered within promise
HDEL003796,HORD003796,2018-04-03,2018-04-09,2018-04-09,StarTrack,Standard,Delivered,0,True,56,9.7,none,6,6,Morning,5.4433,True,0.461,delivered within promise
HDEL003797,HORD003797,2018-09-17,2018-09-23,2018-09-22,StarTrack,Standard,Delivered,0,True,67,8.22,none,6,4,Morning,2.9301,True,0.55,delivered within promise
HDEL003798,HORD003798,2018-11-03,2018-11-07,2018-11-05,AusPost,Express,Delivered,0,True,13,18.82,none,4,6,Morning,4.704,True,0.496,delivered within promise
HDEL003799,HORD003799,2018-08-01,2018-08-04,2018-08-02,AusPost,Standard,Delivered,0,True,66,11.35,none,3,6,Morning,5.2439,True,0.416,delivered within promise
HDEL003800,HORD003800,2018-10-02,2018-10-05,2018-10-04,Direct Freight,Express,Delivered,0,True,62,17.45,none,3,9,Morning,5.5403,True,0.881,delivered within promise
HDEL003801,HORD003801,2018-06-24,2018-06-29,2018-06-27,StarTrack,Standard,Delivered,0,True,34,12.26,none,5,4,Afternoon,6.7995,True,0.434,delivered within promise
HDEL003802,HORD003802,2018-09-17,2018-09-23,2018-09-23,DHL,Standard,Delivered,0,True,2,10.49,none,6,6,Afternoon,8.2822,True,0.53,delivered within promise
HDEL003803,HORD003803,2018-12-30,2019-01-02,2018-12-31,StarTrack,Standard,Delivered,0,True,25,9.74,none,3,8,Morning,5.1023,True,0.447,delivered within promise
HDEL003804,HORD003804,2018-03-31,2018-04-07,2018-04-06,Direct Freight,Standard,Delivered,0,True,56,7.87,none,7,9,Morning,5.4863,True,0.599,delivered within promise
HDEL003805,HORD003805,2018-03-18,2018-03-24,2018-03-24,AusPost,Standard,Delivered,0,True,43,7.94,none,6,7,Morning,4.9215,True,0.464,delivered within promise
HDEL003806,HORD003806,2018-03-14,2018-03-18,2018-03-16,Direct Freight,Standard,Delivered,0,True,7,6.7,none,4,9,Anytime,3.2578,True,0.449,delivered within promise
HDEL003807,HORD003807,2018-02-28,2018-03-04,2018-03-02,StarTrack,Standard,Delivered,0,True,46,12.75,none,4,5,Anytime,9.1217,True,0.568,delivered within promise
HDEL003808,HORD003808,2018-05-09,2018-05-14,2018-05-14,Direct Freight,Express,Delivered,0,True,23,16.51,none,5,3,Morning,1.8818,False,0.267,delivered within promise
HDEL003809,HORD003809,2018-04-10,2018-04-17,2018-04-16,StarTrack,Express,Delivered,0,True,47,15.27,none,7,7,Anytime,6.1633,True,0.565,delivered within promise
HDEL003810,HORD003810,2018-08-23,2018-08-27,2018-08-26,DHL,Standard,Delivered,0,True,39,10.88,none,4,5,Afternoon,7.0574,True,0.854,delivered within promise
HDEL003811,HORD003811,2018-10-25,2018-10-28,2018-10-27,DHL,Standard,Delivered,0,True,56,10.51,none,3,5,Anytime,7.4558,False,0.447,delivered within promise
HDEL003812,HORD003812,2018-12-01,2018-12-08,2018-12-06,DHL,Standard,Delivered,0,True,71,8.65,none,7,5,Morning,6.1688,False,0.375,delivered within promise
HDEL003813,HORD003813,2018-02-03,2018-02-08,2018-02-08,AusPost,Express,Delivered,0,True,47,17.91,none,5,5,Afternoon,2.7597,True,0.443,delivered within promise
HDEL003814,HORD003814,2018-12-01,2018-12-04,2018-12-02,AusPost,Standard,Delivered,0,True,33,9.14,none,3,5,Morning,6.0532,True,1.639,delivered within promise
HDEL003815,HORD003815,2018-04-01,2018-04-05,2018-04-05,StarTrack,Standard,Delivered,0,True,68,7.56,none,4,6,Afternoon,5.2036,False,0.319,delivered within promise
HDEL003816,HORD003816,2018-08-05,2018-08-09,2018-08-12,DHL,Standard,Delivered,3,False,58,13.22,warehouse_congestion,4,3,Anytime,6.0108,False,0.373,carrier scan reconciled
HDEL003817,HORD003817,2018-06-22,2018-06-27,2018-06-25,StarTrack,Standard,Delivered,0,True,5,12.06,none,5,3,Afternoon,7.4601,True,0.421,delivered within promise
HDEL003818,HORD003818,2018-02-16,2018-02-23,2018-02-22,AusPost,Standard,Delivered,0,True,47,7.63,none,7,8,Afternoon,3.4799,False,0.363,delivered within promise
HDEL003819,HORD003819,2018-07-27,2018-08-02,2018-07-31,DHL,Express,Delivered,0,True,30,21.68,none,6,9,Afternoon,4.5841,True,0.524,delivered within promise
HDEL003820,HORD003820,2018-02-26,2018-03-01,2018-02-28,AusPost,Standard,Delivered,0,True,60,8.94,none,3,3,Afternoon,6.9266,False,0.406,delivered within promise
HDEL003821,HORD003821,2018-07-09,2018-07-12,2018-07-11,Direct Freight,Standard,Delivered,0,True,31,9.03,none,3,6,Anytime,1.698,True,0.498,delivered within promise
HDEL003822,HORD003822,2018-11-19,2018-11-24,2018-11-24,StarTrack,Standard,Delivered,0,True,51,10.52,none,5,7,Afternoon,8.2822,True,0.482,delivered within promise
HDEL003823,HORD003823,2018-08-18,2018-08-21,2018-08-20,Direct Freight,Express,Delivered,0,True,40,20.61,none,3,6,Afternoon,4.4075,False,1.051,delivered within promise
HDEL003824,HORD003824,2018-10-23,2018-10-30,2018-10-29,DHL,Standard,Delivered,0,True,9,11.97,none,7,6,Morning,8.344,True,0.533,delivered within promise
HDEL003825,HORD003825,2018-04-07,2018-04-14,2018-04-13,StarTrack,Standard,Delivered,0,True,3,8.81,none,7,5,Afternoon,7.9755,False,0.434,delivered within promise
HDEL003826,HORD003826,2018-10-16,2018-10-21,2018-10-21,Direct Freight,Standard,Delivered,0,True,62,10.41,none,5,6,Morning,5.2534,True,0.987,delivered within promise
HDEL003827,HORD003827,2018-03-08,2018-03-13,2018-03-12,AusPost,Standard,Delivered,0,True,51,8.93,none,5,8,Afternoon,3.7052,True,0.307,delivered within promise
HDEL003828,HORD003828,2018-09-26,2018-10-02,2018-09-30,DHL,Standard,Delivered,0,True,42,11.37,none,6,8,Morning,9.9192,True,0.522,delivered within promise
HDEL003829,HORD003829,2018-11-15,2018-11-21,2018-11-19,StarTrack,Standard,Delivered,0,True,49,10.55,none,6,6,Morning,7.2645,True,0.614,delivered within promise
HDEL003830,HORD003830,2018-03-25,2018-03-29,2018-03-28,StarTrack,Standard,Delivered,0,True,7,7.51,none,4,4,Afternoon,2.8697,True,0.372,delivered within promise
HDEL003831,HORD003831,2018-11-24,2018-11-30,2018-11-28,DHL,Standard,Delivered,0,True,31,12.07,none,6,5,Morning,7.9406,True,1.161,delivered within promise
HDEL003832,HORD003832,2018-06-23,2018-06-28,2018-06-26,AusPost,Standard,Delivered,0,True,66,11.26,none,5,4,Afternoon,4.0056,True,1.097,delivered within promise
HDEL003833,HORD003833,2018-05-03,2018-05-10,2018-05-09,StarTrack,Express,Delivered,0,True,34,15.56,none,7,6,Anytime,6.9183,True,0.5,delivered within promise
HDEL003834,HORD003834,2018-04-21,2018-04-26,2018-04-25,Direct Freight,Standard,Delivered,0,True,6,7.42,none,5,9,Morning,3.9472,True,0.618,delivered within promise
HDEL003835,HORD003835,2018-10-16,2018-10-23,2018-10-22,AusPost,Standard,Delivered,0,True,39,7.97,none,7,6,Morning,5.3515,True,1.183,delivered within promise
HDEL003836,HORD003836,2018-08-03,2018-08-10,2018-08-08,AusPost,Standard,Delivered,0,True,12,11.11,none,7,6,Anytime,7.5016,True,0.498,delivered within promise
HDEL003837,HORD003837,2018-10-29,2018-11-01,2018-11-01,Direct Freight,Standard,Delivered,0,True,9,7.81,none,3,3,Afternoon,4.9204,False,0.427,delivered within promise
HDEL003838,HORD003838,2018-07-02,2018-07-08,2018-07-08,AusPost,Express,Delivered,0,True,56,23.63,none,6,6,Morning,3.2634,True,0.361,delivered within promise
HDEL003839,HORD003839,2018-04-01,2018-04-08,2018-04-07,Direct Freight,Standard,Delivered,0,True,34,7.09,none,7,8,Morning,3.6934,False,0.425,delivered within promise
HDEL003840,HORD003840,2018-07-28,2018-08-03,2018-08-03,DHL,Standard,Delivered,0,True,73,8.86,none,6,3,Anytime,4.0376,False,0.313,delivered within promise
HDEL003841,HORD003841,2018-07-01,2018-07-05,2018-07-04,Direct Freight,Standard,Delivered,0,True,18,9.76,none,4,5,Afternoon,3.776,True,0.365,delivered within promise
HDEL003842,HORD003842,2018-09-25,2018-10-02,2018-10-02,StarTrack,Express,Delivered,0,True,39,17.27,none,7,6,Afternoon,6.3492,True,0.425,delivered within promise
HDEL003843,HORD003843,2018-06-08,2018-06-12,2018-06-10,Direct Freight,Standard,Delivered,0,True,10,13.09,none,4,9,Morning,7.4945,False,0.384,delivered within promise
HDEL003844,HORD003844,2018-07-25,2018-07-28,2018-07-29,AusPost,Standard,Delivered,1,False,51,10.69,weather,3,8,Afternoon,3.2914,False,0.281,carrier scan reconciled
HDEL003845,HORD003845,2018-02-10,2018-02-15,2018-02-13,DHL,Standard,Delivered,0,True,17,9.15,none,5,4,Anytime,3.4226,False,0.397,delivered within promise
HDEL003846,HORD003846,2018-11-14,2018-11-18,2018-11-17,DHL,Standard,Delivered,0,True,25,9.64,none,4,6,Anytime,6.2126,True,0.519,delivered within promise
HDEL003847,HORD003847,2018-06-16,2018-06-20,2018-06-19,Direct Freight,Standard,Delivered,0,True,17,10.02,none,4,7,Anytime,2.8256,True,0.358,delivered within promise
HDEL003848,HORD003848,2018-06-06,2018-06-10,2018-06-09,Direct Freight,Standard,Delivered,0,True,47,13.13,none,4,5,Morning,6.6135,True,0.66,delivered within promise
HDEL003849,HORD003849,2018-01-05,2018-01-12,2018-01-12,DHL,Express,Delivered,0,True,6,17.21,none,7,6,Afternoon,6.8617,False,0.362,delivered within promise
HDEL003850,HORD003850,2018-02-23,2018-02-28,2018-02-26,AusPost,Standard,Delivered,0,True,51,10.75,none,5,8,Morning,7.1134,True,1.164,delivered within promise
HDEL003851,HORD003851,2018-04-23,2018-04-30,2018-04-28,StarTrack,Standard,Delivered,0,True,49,9.01,none,7,6,Afternoon,6.8577,True,0.452,delivered within promise
HDEL003852,HORD003852,2018-03-24,2018-03-27,2018-03-25,DHL,Standard,Delivered,0,True,27,6.9,none,3,3,Anytime,3.2063,True,0.529,delivered within promise
HDEL003853,HORD003853,2018-03-31,2018-04-03,2018-04-01,StarTrack,Standard,Delivered,0,True,54,9.94,none,3,7,Morning,8.9675,False,0.458,delivered within promise
HDEL003854,HORD003854,2018-05-30,2018-06-06,2018-06-04,Direct Freight,Express,Delivered,0,True,5,14.95,none,7,4,Anytime,4.4633,True,0.43,delivered within promise
HDEL003855,HORD003855,2018-08-17,2018-08-21,2018-08-20,DHL,Express,Delivered,0,True,29,22.48,none,4,4,Morning,7.931,True,0.57,delivered within promise
HDEL003856,HORD003856,2018-06-22,2018-06-29,2018-06-29,AusPost,Standard,Delivered,0,True,37,11.8,none,7,7,Anytime,7.1166,False,0.41,delivered within promise
HDEL003857,HORD003857,2018-05-10,2018-05-15,2018-05-14,StarTrack,Standard,Delivered,0,True,60,8.15,none,5,6,Afternoon,3.5955,False,0.468,delivered within promise
HDEL003858,HORD003858,2018-06-18,2018-06-25,2018-06-24,Direct Freight,Standard,Delivered,0,True,38,11.53,none,7,7,Afternoon,6.4707,False,0.355,delivered within promise
HDEL003859,HORD003859,2018-12-17,2018-12-24,2018-12-23,AusPost,Standard,Delivered,0,True,60,9.49,none,7,3,Anytime,3.4785,False,0.32,delivered within promise
HDEL003860,HORD003860,2018-01-20,2018-01-24,2018-01-24,AusPost,Standard,Delivered,0,True,16,6.62,none,4,6,Morning,2.5747,True,0.53,delivered within promise
HDEL003861,HORD003861,2018-03-01,2018-03-08,2018-03-08,StarTrack,Standard,Delivered,0,True,17,9.61,none,7,7,Afternoon,6.9179,False,0.477,delivered within promise
HDEL003862,HORD003862,2018-09-28,2018-10-03,2018-10-03,StarTrack,Standard,Delivered,0,True,31,8.39,none,5,7,Morning,3.4566,True,0.402,delivered within promise
HDEL003863,HORD003863,2018-10-16,2018-10-21,2018-10-19,StarTrack,Standard,Delivered,0,True,53,10.39,none,5,9,Morning,6.2791,True,0.538,delivered within promise
HDEL003864,HORD003864,2018-10-26,2018-11-02,2018-11-02,Direct Freight,Standard,Delivered,0,True,15,9.87,none,7,6,Morning,6.7102,True,0.541,delivered within promise
HDEL003865,HORD003865,2018-09-21,2018-09-28,2018-09-28,AusPost,Standard,Delivered,0,True,2,8.73,none,7,6,Afternoon,6.5568,False,0.898,delivered within promise
HDEL003866,HORD003866,2018-03-13,2018-03-17,2018-03-16,DHL,Standard,Delivered,0,True,21,8.09,none,4,9,Anytime,4.4903,True,0.392,delivered within promise
HDEL003867,HORD003867,2018-01-26,2018-01-31,2018-01-31,AusPost,Standard,Delivered,0,True,42,9.07,none,5,6,Anytime,2.9974,False,0.754,delivered within promise
HDEL003868,HORD003868,2018-04-14,2018-04-20,2018-04-20,StarTrack,Standard,Delivered,0,True,72,7.82,none,6,9,Afternoon,3.4226,False,0.365,delivered within promise
HDEL003869,HORD003869,2018-06-03,2018-06-09,2018-06-14,AusPost,Standard,Delivered,5,False,11,9.45,weather,6,4,Morning,4.8907,False,0.352,carrier scan reconciled
HDEL003870,HORD003870,2018-05-27,2018-06-03,2018-06-01,DHL,Express,Delivered,0,True,46,19.15,none,7,7,Afternoon,9.1217,False,0.463,delivered within promise
HDEL003871,HORD003871,2018-03-19,2018-03-23,2018-03-21,StarTrack,Standard,Delivered,0,True,59,9.76,none,4,4,Anytime,5.1023,False,0.39,delivered within promise
HDEL003872,HORD003872,2018-12-11,2018-12-16,2018-12-16,Direct Freight,Standard,Delivered,0,True,58,7.27,none,5,7,Morning,4.3318,True,0.509,delivered within promise
HDEL003873,HORD003873,2018-09-09,2018-09-15,2018-09-13,Direct Freight,Standard,Delivered,0,True,11,10.5,none,6,6,Afternoon,8.2339,False,0.532,delivered within promise
HDEL003874,HORD003874,2018-11-02,2018-11-07,2018-11-06,DHL,Express,Delivered,0,True,9,12.82,none,5,4,Morning,2.3567,True,0.457,delivered within promise
HDEL003875,HORD003875,2018-02-15,2018-02-19,2018-02-17,AusPost,Express,Delivered,0,True,43,16.05,none,4,4,Morning,6.0249,True,0.518,delivered within promise
HDEL003876,HORD003876,2018-03-17,2018-03-24,2018-03-23,Direct Freight,Express,Delivered,0,True,17,15.9,none,7,5,Anytime,2.8256,True,0.473,delivered within promise
HDEL003877,HORD003877,2018-12-19,2018-12-26,2018-12-24,DHL,Standard,Delivered,0,True,36,11.11,none,7,8,Morning,7.4558,True,0.453,delivered within promise
HDEL003878,HORD003878,2018-07-29,2018-08-01,2018-08-01,DHL,Standard,Delivered,0,True,55,13.56,none,3,5,Afternoon,8.0565,True,0.53,delivered within promise
HDEL003879,HORD003879,2018-07-19,2018-07-25,2018-07-24,AusPost,Standard,Delivered,0,True,30,12.46,none,6,5,Afternoon,6.2126,False,0.444,delivered within promise
HDEL003880,HORD003880,2018-10-11,2018-10-18,2018-10-16,StarTrack,Standard,Delivered,0,True,39,10.33,none,7,4,Afternoon,8.7347,True,0.594,delivered within promise
HDEL003881,HORD003881,2018-01-10,2018-01-15,2018-01-15,Direct Freight,Standard,Delivered,0,True,70,10.37,none,5,8,Afternoon,6.5587,False,0.489,delivered within promise
HDEL003882,HORD003882,2018-05-29,2018-06-03,2018-06-03,DHL,Standard,Delivered,0,True,49,8.32,none,5,4,Afternoon,4.3781,True,0.356,delivered within promise
HDEL003883,HORD003883,2018-06-11,2018-06-15,2018-06-15,StarTrack,Standard,Delivered,0,True,10,9.93,none,4,9,Morning,5.0399,False,0.363,delivered within promise
HDEL003884,HORD003884,2018-07-19,2018-07-24,2018-07-23,Direct Freight,Standard,Delivered,0,True,51,13.07,none,5,8,Morning,7.2459,True,0.686,delivered within promise
HDEL003885,HORD003885,2018-05-11,2018-05-15,2018-05-15,StarTrack,Standard,Delivered,0,True,43,7.55,none,4,4,Morning,5.8992,True,0.48,delivered within promise
HDEL003886,HORD003886,2018-09-10,2018-09-16,2018-09-16,StarTrack,Standard,Delivered,0,True,61,6.43,none,6,9,Morning,1.321,True,0.328,delivered within promise
HDEL003887,HORD003887,2018-03-19,2018-03-23,2018-03-21,AusPost,Standard,Delivered,0,True,39,10.1,none,4,5,Afternoon,8.301,True,0.405,delivered within promise
HDEL003888,HORD003888,2018-02-25,2018-03-04,2018-03-03,Direct Freight,Standard,Delivered,0,True,31,8.13,none,7,7,Afternoon,5.5306,True,0.519,delivered within promise
HDEL003889,HORD003889,2018-08-05,2018-08-09,2018-08-07,AusPost,Express,Delivered,0,True,72,25.15,none,4,5,Morning,6.6113,True,0.494,delivered within promise
HDEL003890,HORD003890,2018-03-31,2018-04-05,2018-04-03,AusPost,Express,Delivered,0,True,9,18.6,none,5,3,Afternoon,7.276,False,0.428,delivered within promise
HDEL003891,HORD003891,2018-12-05,2018-12-12,2018-12-11,DHL,Standard,Delivered,0,True,8,7.33,none,7,5,Anytime,2.2927,True,0.478,delivered within promise
HDEL003892,HORD003892,2018-05-08,2018-05-11,2018-05-11,Direct Freight,Standard,Delivered,0,True,5,9.29,none,3,3,Morning,7.4635,True,0.563,delivered within promise
HDEL003893,HORD003893,2018-01-12,2018-01-19,2018-01-17,AusPost,Express,Delivered,0,True,30,20.7,none,7,5,Anytime,9.0452,False,0.461,delivered within promise
HDEL003894,HORD003894,2018-07-20,2018-07-27,2018-07-29,AusPost,Standard,Delivered,2,False,38,11.24,weather,7,4,Anytime,6.9266,True,0.445,carrier scan reconciled
HDEL003895,HORD003895,2018-04-21,2018-04-25,2018-04-25,Direct Freight,Standard,Delivered,0,True,11,8.24,none,4,9,Morning,4.0376,True,1.151,delivered within promise
HDEL003896,HORD003896,2018-08-20,2018-08-24,2018-08-24,Direct Freight,Standard,Delivered,0,True,72,11.99,none,4,3,Anytime,4.7927,False,0.341,delivered within promise
HDEL003897,HORD003897,2018-09-05,2018-09-10,2018-09-09,DHL,Express,Delivered,0,True,55,18.6,none,5,9,Afternoon,4.677,False,0.378,delivered within promise
HDEL003898,HORD003898,2018-01-29,2018-02-04,2018-02-03,Direct Freight,Standard,Delivered,0,True,60,8.73,none,6,5,Afternoon,5.6239,True,0.575,delivered within promise
HDEL003899,HORD003899,2018-06-18,2018-06-22,2018-06-21,Direct Freight,Standard,Delivered,0,True,44,12.18,none,4,8,Anytime,7.8823,False,0.469,delivered within promise
HDEL003900,HORD003900,2018-04-20,2018-04-23,2018-04-21,DHL,Standard,Delivered,0,True,16,10.81,none,3,5,Morning,6.6725,True,1.038,delivered within promise
HDEL003901,HORD003901,2018-01-22,2018-01-27,2018-01-25,StarTrack,Standard,Delivered,0,True,2,8.78,none,5,3,Morning,3.3418,True,0.399,delivered within promise
HDEL003902,HORD003902,2018-08-11,2018-08-17,2018-08-16,StarTrack,Standard,Delivered,0,True,6,11.16,none,6,7,Afternoon,3.5019,True,0.401,delivered within promise
HDEL003903,HORD003903,2018-01-30,2018-02-05,2018-02-04,DHL,Standard,Delivered,0,True,49,7.15,none,6,8,Anytime,1.8818,True,0.445,delivered within promise
HDEL003904,HORD003904,2018-03-09,2018-03-16,2018-03-14,Direct Freight,Standard,Delivered,0,True,26,8.99,none,7,5,Morning,3.7704,True,0.439,delivered within promise
HDEL003905,HORD003905,2018-05-27,2018-05-31,2018-05-30,AusPost,Standard,Delivered,0,True,19,6.36,none,4,6,Morning,1.7855,True,0.536,delivered within promise
HDEL003906,HORD003906,2018-02-25,2018-03-01,2018-02-28,AusPost,Standard,Delivered,0,True,29,11.0,none,4,9,Afternoon,8.3145,True,0.504,delivered within promise
HDEL003907,HORD003907,2018-07-02,2018-07-07,2018-07-06,DHL,Standard,Delivered,0,True,35,13.46,none,5,4,Anytime,8.6168,True,0.614,delivered within promise
HDEL003908,HORD003908,2019-01-02,2019-01-07,2019-01-09,StarTrack,Standard,Delivered,2,False,56,8.07,weather,5,7,Morning,3.6744,True,0.548,carrier scan reconciled
HDEL003909,HORD003909,2018-02-22,2018-02-27,2018-02-26,Direct Freight,Standard,Delivered,0,True,72,6.55,none,5,5,Afternoon,1.0148,True,0.227,delivered within promise
HDEL003910,HORD003910,2018-02-03,2018-02-09,2018-02-09,DHL,Standard,Delivered,0,True,31,11.21,none,6,9,Morning,8.2822,True,0.579,delivered within promise
HDEL003911,HORD003911,2018-10-10,2018-10-15,2018-10-15,Direct Freight,Standard,Delivered,0,True,2,8.73,none,5,9,Morning,5.4548,False,0.353,delivered within promise
HDEL003912,HORD003912,2018-10-14,2018-10-19,2018-10-19,DHL,Express,Delivered,0,True,73,14.56,none,5,7,Afternoon,1.92,True,0.476,delivered within promise
HDEL003913,HORD003913,2018-12-03,2018-12-06,2018-12-08,StarTrack,Standard,Delivered,2,False,50,8.58,warehouse_congestion,3,7,Morning,6.1208,True,0.583,carrier scan reconciled
HDEL003914,HORD003914,2018-08-24,2018-08-30,2018-08-29,DHL,Standard,Delivered,0,True,34,13.17,none,6,6,Afternoon,8.9566,False,0.541,delivered within promise
HDEL003915,HORD003915,2018-05-10,2018-05-16,2018-05-16,DHL,Standard,Delivered,0,True,32,8.69,none,6,6,Afternoon,6.783,False,0.402,delivered within promise
HDEL003916,HORD003916,2018-01-07,2018-01-11,2018-01-10,Direct Freight,Standard,Delivered,0,True,51,10.11,none,4,7,Afternoon,5.1789,False,0.323,delivered within promise
HDEL003917,HORD003917,2018-04-15,2018-04-18,2018-04-18,DHL,Standard,Delivered,0,True,11,9.63,none,3,3,Anytime,6.6691,True,0.972,delivered within promise
HDEL003918,HORD003918,2018-11-19,2018-11-26,2018-11-26,StarTrack,Standard,Delivered,0,True,66,11.78,none,7,6,Morning,8.2355,True,0.448,delivered within promise
HDEL003919,HORD003919,2018-07-02,2018-07-09,2018-07-08,Direct Freight,Standard,Delivered,0,True,11,12.3,none,7,3,Afternoon,6.8617,True,1.162,delivered within promise
HDEL003920,HORD003920,2018-11-12,2018-11-15,2018-11-13,StarTrack,Standard,Delivered,0,True,22,8.64,none,3,6,Anytime,7.6726,True,1.169,delivered within promise
HDEL003921,HORD003921,2018-05-08,2018-05-15,2018-05-13,StarTrack,Standard,Delivered,0,True,61,6.3,none,7,7,Afternoon,1.698,True,0.316,delivered within promise
HDEL003922,HORD003922,2018-06-12,2018-06-16,2018-06-15,DHL,Standard,Delivered,0,True,45,9.02,none,4,8,Anytime,0.8202,False,0.229,delivered within promise
HDEL003923,HORD003923,2018-07-22,2018-07-27,2018-07-25,AusPost,Standard,Delivered,0,True,47,15.73,none,5,4,Anytime,8.7052,True,0.601,delivered within promise
HDEL003924,HORD003924,2018-12-10,2018-12-16,2018-12-15,AusPost,Standard,Delivered,0,True,23,12.01,none,6,3,Afternoon,7.3474,True,0.536,delivered within promise
HDEL003925,HORD003925,2018-09-18,2018-09-21,2018-09-19,StarTrack,Express,Delivered,0,True,51,13.33,none,3,9,Morning,3.1348,True,0.317,delivered within promise
HDEL003926,HORD003926,2018-02-12,2018-02-18,2018-02-18,DHL,Standard,Delivered,0,True,28,9.35,none,6,8,Morning,3.1302,False,0.357,delivered within promise
HDEL003927,HORD003927,2018-09-16,2018-09-23,2018-09-23,Direct Freight,Standard,Delivered,0,True,4,9.29,none,7,8,Afternoon,5.972,False,0.383,delivered within promise
HDEL003928,HORD003928,2018-12-28,2019-01-02,2019-01-02,AusPost,Express,Delivered,0,True,30,16.94,none,5,9,Morning,4.1548,True,0.322,delivered within promise
HDEL003929,HORD003929,2018-05-11,2018-05-17,2018-05-17,DHL,Standard,Delivered,0,True,37,6.57,none,6,8,Morning,3.933,True,0.436,delivered within promise
HDEL003930,HORD003930,2018-06-28,2018-07-02,2018-06-30,Direct Freight,Standard,Delivered,0,True,11,11.61,none,4,3,Anytime,4.4593,True,0.47,delivered within promise
HDEL003931,HORD003931,2018-01-06,2018-01-11,2018-01-11,DHL,Express,Delivered,0,True,6,18.36,none,5,6,Morning,4.37,False,0.413,delivered within promise
HDEL003932,HORD003932,2018-07-17,2018-07-24,2018-07-22,Direct Freight,Standard,Delivered,0,True,69,12.05,none,7,8,Morning,5.6864,True,0.584,delivered within promise
HDEL003933,HORD003933,2018-05-03,2018-05-07,2018-05-07,DHL,Standard,Delivered,0,True,66,10.7,none,4,4,Afternoon,6.2126,True,0.489,delivered within promise
HDEL003934,HORD003934,2018-10-21,2018-10-28,2018-10-27,StarTrack,Standard,Delivered,0,True,3,9.85,none,7,4,Anytime,6.7102,True,0.461,delivered within promise
HDEL003935,HORD003935,2018-06-05,2018-06-12,2018-06-12,StarTrack,Standard,Delivered,0,True,11,10.4,none,7,4,Morning,6.2383,True,0.442,delivered within promise
HDEL003936,HORD003936,2018-09-05,2018-09-11,2018-09-09,DHL,Express,Delivered,0,True,35,20.38,none,6,7,Morning,8.0537,True,1.227,delivered within promise
HDEL003937,HORD003937,2018-04-29,2018-05-05,2018-05-05,StarTrack,Standard,Delivered,0,True,12,6.91,none,6,9,Anytime,0.6788,False,0.302,delivered within promise
HDEL003938,HORD003938,2018-08-27,2018-08-30,2018-08-30,AusPost,Standard,Delivered,0,True,28,14.18,none,3,6,Afternoon,7.4945,True,0.495,delivered within promise
HDEL003939,HORD003939,2018-09-10,2018-09-16,2018-09-14,AusPost,Standard,Delivered,0,True,19,7.82,none,6,5,Anytime,2.2454,False,0.365,delivered within promise
HDEL003940,HORD003940,2018-12-04,2018-12-10,2018-12-09,StarTrack,Standard,Delivered,0,True,14,8.52,none,6,5,Morning,6.6351,True,0.583,delivered within promise
HDEL003941,HORD003941,2018-02-21,2018-02-28,2018-02-27,StarTrack,Standard,Delivered,0,True,44,8.2,none,7,6,Morning,4.5644,False,0.374,delivered within promise
HDEL003942,HORD003942,2018-03-11,2018-03-14,2018-03-13,DHL,Standard,Delivered,0,True,33,11.39,none,3,9,Anytime,7.2473,True,0.56,delivered within promise
HDEL003943,HORD003943,2018-06-23,2018-06-28,2018-06-26,AusPost,Standard,Delivered,0,True,28,11.49,none,5,9,Morning,5.8814,False,0.341,delivered within promise
HDEL003944,HORD003944,2018-06-05,2018-06-08,2018-06-06,StarTrack,Standard,Delivered,0,True,71,8.78,none,3,3,Anytime,3.1348,False,0.312,delivered within promise
HDEL003945,HORD003945,2018-06-15,2018-06-20,2018-06-18,Direct Freight,Standard,Delivered,0,True,17,9.49,none,5,8,Morning,5.3613,True,0.433,delivered within promise
HDEL003946,HORD003946,2018-01-16,2018-01-20,2018-01-20,AusPost,Express,Delivered,0,True,30,17.46,none,4,5,Morning,4.3318,True,0.454,delivered within promise
HDEL003947,HORD003947,2018-10-24,2018-10-31,2018-10-30,Direct Freight,Standard,Delivered,0,True,14,6.78,none,7,6,Anytime,1.2249,False,0.231,delivered within promise
HDEL003948,HORD003948,2018-11-30,2018-12-07,2018-12-07,AusPost,Standard,Delivered,0,True,62,9.99,none,7,4,Afternoon,7.0002,True,0.597,delivered within promise
HDEL003949,HORD003949,2018-11-02,2018-11-07,2018-11-07,AusPost,Standard,Delivered,0,True,28,8.32,none,5,9,Morning,4.0376,True,0.427,delivered within promise
HDEL003950,HORD003950,2018-11-22,2018-11-27,2018-11-26,DHL,Standard,Delivered,0,True,72,7.63,none,5,7,Morning,3.5955,True,0.517,delivered within promise
HDEL003951,HORD003951,2018-01-16,2018-01-23,2018-01-22,DHL,Standard,Delivered,0,True,68,8.03,none,7,4,Morning,5.5306,True,1.251,delivered within promise
HDEL003952,HORD003952,2018-11-17,2018-11-22,2018-11-22,DHL,Standard,Delivered,0,True,30,10.55,none,5,9,Afternoon,7.039,True,0.414,delivered within promise
HDEL003953,HORD003953,2018-12-01,2018-12-07,2018-12-07,StarTrack,Standard,Delivered,0,True,58,8.43,none,6,8,Morning,3.7377,True,1.203,delivered within promise
HDEL003954,HORD003954,2018-05-03,2018-05-09,2018-05-09,AusPost,Express,Delivered,0,True,54,20.87,none,6,7,Morning,7.932,False,0.489,delivered within promise
HDEL003955,HORD003955,2018-07-30,2018-08-06,2018-08-04,AusPost,Standard,Delivered,0,True,38,8.56,none,7,3,Afternoon,3.2797,True,0.407,delivered within promise
HDEL003956,HORD003956,2018-02-17,2018-02-21,2018-02-21,StarTrack,Express,Delivered,0,True,33,19.99,none,4,9,Afternoon,7.5536,True,0.513,delivered within promise
HDEL003957,HORD003957,2018-03-31,2018-04-04,2018-04-04,Direct Freight,Express,Delivered,0,True,45,15.98,none,4,3,Morning,6.6135,True,0.423,delivered within promise
HDEL003958,HORD003958,2018-06-05,2018-06-08,2018-06-06,StarTrack,Standard,Delivered,0,True,9,10.69,none,3,7,Afternoon,4.4593,False,0.32,delivered within promise
HDEL003959,HORD003959,2018-10-23,2018-10-26,2018-10-26,AusPost,Standard,Delivered,0,True,16,9.06,none,3,6,Afternoon,3.5854,False,0.301,delivered within promise
HDEL003960,HORD003960,2018-08-20,2018-08-27,2018-08-26,DHL,Standard,Delivered,0,True,19,10.79,none,7,3,Anytime,6.1208,True,1.1,delivered within promise
HDEL003961,HORD003961,2018-03-03,2018-03-09,2018-03-08,AusPost,Standard,Delivered,0,True,17,7.48,none,6,7,Morning,5.1062,True,0.526,delivered within promise
HDEL003962,HORD003962,2018-08-02,2018-08-08,2018-08-08,AusPost,Express,Delivered,0,True,51,17.4,none,6,7,Anytime,0.7165,True,0.371,delivered within promise
HDEL003963,HORD003963,2018-08-25,2018-08-30,2018-08-28,Direct Freight,Standard,Delivered,0,True,12,10.03,none,5,5,Anytime,3.8216,True,0.358,delivered within promise
HDEL003964,HORD003964,2018-09-09,2018-09-12,2018-09-11,AusPost,Express,Delivered,0,True,32,13.84,none,3,5,Anytime,3.1348,False,0.325,delivered within promise
HDEL003965,HORD003965,2018-06-24,2018-06-29,2018-06-28,DHL,Standard,Delivered,0,True,67,10.82,none,5,6,Anytime,6.7789,False,0.438,delivered within promise
HDEL003966,HORD003966,2018-08-31,2018-09-04,2018-09-03,AusPost,Standard,Delivered,0,True,30,12.01,none,4,4,Morning,6.1231,True,0.61,delivered within promise
HDEL003967,HORD003967,2018-05-08,2018-05-13,2018-05-11,DHL,Standard,Delivered,0,True,69,6.05,none,5,6,Morning,0.1378,True,0.75,delivered within promise
HDEL003968,HORD003968,2018-06-06,2018-06-10,2018-06-08,Direct Freight,Standard,Delivered,0,True,47,10.51,none,4,8,Anytime,2.4826,True,0.364,delivered within promise
HDEL003969,HORD003969,2018-08-19,2018-08-24,2018-08-26,StarTrack,Standard,Delivered,2,False,26,10.3,warehouse_congestion,5,6,Morning,3.3602,True,1.178,carrier scan reconciled
HDEL003970,HORD003970,2018-10-18,2018-10-25,2018-10-27,AusPost,Express,Delivered,2,False,13,17.98,weather,7,6,Morning,3.3602,True,1.329,carrier scan reconciled
HDEL003971,HORD003971,2018-12-27,2019-01-01,2019-01-01,DHL,Standard,Delivered,0,True,73,8.08,none,5,8,Morning,5.972,True,0.561,delivered within promise
HDEL003972,HORD003972,2018-02-16,2018-02-22,2018-02-21,StarTrack,Standard,Delivered,0,True,56,8.48,none,6,7,Morning,6.3827,True,0.499,delivered within promise
HDEL003973,HORD003973,2018-05-25,2018-05-31,2018-05-29,Direct Freight,Standard,Delivered,0,True,10,9.43,none,6,9,Morning,5.3515,False,0.56,delivered within promise
HDEL003974,HORD003974,2018-11-05,2018-11-10,2018-11-09,Direct Freight,Standard,Delivered,0,True,7,11.39,none,5,6,Anytime,7.932,True,1.252,delivered within promise
HDEL003975,HORD003975,2018-10-12,2018-10-19,2018-10-22,AusPost,Express,Delivered,3,False,41,16.05,warehouse_congestion,7,3,Anytime,1.5776,True,0.862,carrier scan reconciled
HDEL003976,HORD003976,2018-07-22,2018-07-25,2018-07-23,AusPost,Standard,Delivered,0,True,49,12.62,none,3,5,Anytime,9.3365,True,0.545,delivered within promise
HDEL003977,HORD003977,2018-04-16,2018-04-20,2018-04-19,StarTrack,Standard,Delivered,0,True,48,9.94,none,4,3,Anytime,8.7052,False,0.512,delivered within promise
HDEL003978,HORD003978,2018-07-11,2018-07-16,2018-07-15,DHL,Standard,Delivered,0,True,28,8.06,none,5,9,Morning,1.1475,True,0.333,delivered within promise
HDEL003979,HORD003979,2018-04-09,2018-04-16,2018-04-16,StarTrack,Standard,Delivered,0,True,29,6.64,none,7,7,Afternoon,1.0772,True,0.371,delivered within promise
HDEL003980,HORD003980,2018-01-30,2018-02-06,2018-02-05,Direct Freight,Standard,Delivered,0,True,43,10.24,none,7,6,Morning,8.3331,True,0.506,delivered within promise
HDEL003981,HORD003981,2018-04-24,2018-05-01,2018-04-30,AusPost,Standard,Delivered,0,True,32,6.33,none,7,7,Morning,3.2634,False,0.29,delivered within promise
HDEL003982,HORD003982,2018-09-28,2018-10-04,2018-10-03,AusPost,Express,Delivered,0,True,63,14.54,none,6,9,Anytime,1.3177,False,0.224,delivered within promise
HDEL003983,HORD003983,2018-06-25,2018-07-01,2018-06-30,StarTrack,Standard,Delivered,0,True,63,13.18,none,6,8,Anytime,6.9572,False,0.538,delivered within promise
HDEL003984,HORD003984,2018-07-01,2018-07-06,2018-07-04,Direct Freight,Standard,Delivered,0,True,12,12.29,none,5,9,Morning,7.6726,True,1.217,delivered within promise
HDEL003985,HORD003985,2018-03-16,2018-03-22,2018-03-22,Direct Freight,Standard,Delivered,0,True,5,5.91,none,6,4,Anytime,2.5342,True,0.311,delivered within promise
HDEL003986,HORD003986,2018-10-29,2018-11-05,2018-11-05,DHL,Standard,Delivered,0,True,29,8.66,none,7,6,Morning,6.2684,True,0.584,delivered within promise
HDEL003987,HORD003987,2018-07-30,2018-08-06,2018-08-04,AusPost,Express,Delivered,0,True,21,16.16,none,7,8,Afternoon,0.9173,True,0.424,delivered within promise
HDEL003988,HORD003988,2018-06-08,2018-06-13,2018-06-13,AusPost,Standard,Delivered,0,True,12,13.48,none,5,4,Morning,5.4918,True,0.434,delivered within promise
HDEL003989,HORD003989,2018-08-27,2018-09-01,2018-08-31,AusPost,Standard,Delivered,0,True,33,8.69,none,5,5,Anytime,3.4799,False,1.053,delivered within promise
HDEL003990,HORD003990,2018-11-20,2018-11-25,2018-11-23,DHL,Standard,Delivered,0,True,14,9.52,none,5,7,Morning,6.2383,False,0.39,delivered within promise
HDEL003991,HORD003991,2018-11-01,2018-11-05,2018-11-04,DHL,Standard,Delivered,0,True,5,9.17,none,4,7,Anytime,4.974,True,0.434,delivered within promise
HDEL003992,HORD003992,2018-10-09,2018-10-14,2018-10-14,AusPost,Standard,Delivered,0,True,71,11.7,none,5,4,Afternoon,7.276,False,0.584,delivered within promise
HDEL003993,HORD003993,2018-12-07,2018-12-14,2018-12-19,Direct Freight,Standard,Delivered,5,False,45,9.1,carrier_capacity,7,3,Morning,7.424,False,0.514,carrier scan reconciled
HDEL003994,HORD003994,2018-09-20,2018-09-26,2018-09-24,AusPost,Standard,Delivered,0,True,15,10.67,none,6,3,Afternoon,7.1054,True,1.105,delivered within promise
HDEL003995,HORD003995,2018-05-04,2018-05-10,2018-05-08,DHL,Express,Delivered,0,True,39,15.91,none,6,3,Afternoon,3.5762,False,0.342,delivered within promise
HDEL003996,HORD003996,2018-02-28,2018-03-06,2018-03-04,Direct Freight,Express,Delivered,0,True,73,17.3,none,6,7,Anytime,7.7904,True,0.974,delivered within promise
HDEL003997,HORD003997,2018-03-01,2018-03-06,2018-03-05,Direct Freight,Express,Delivered,0,True,70,13.59,none,5,9,Anytime,0.9,True,0.29,delivered within promise
HDEL003998,HORD003998,2018-02-15,2018-02-21,2018-02-20,Direct Freight,Standard,Delivered,0,True,44,6.54,none,6,7,Morning,2.5527,True,0.33,delivered within promise
HDEL003999,HORD003999,2018-06-30,2018-07-03,2018-07-01,AusPost,Standard,Delivered,0,True,48,10.92,none,3,4,Morning,3.5854,False,0.435,delivered within promise
HDEL004000,HORD004000,2018-12-25,2019-01-01,2018-12-31,DHL,Standard,Delivered,0,True,56,8.07,none,7,6,Morning,6.0605,True,1.187,delivered within promise
HDEL004001,HORD004001,2018-11-16,2018-11-19,2018-11-18,StarTrack,Standard,Delivered,0,True,35,7.7,none,3,6,Morning,2.2355,True,0.325,delivered within promise
HDEL004002,HORD004002,2018-09-16,2018-09-20,2018-09-18,Direct Freight,Standard,Delivered,0,True,17,7.55,none,4,8,Anytime,4.704,True,0.348,delivered within promise
HDEL004003,HORD004003,2018-11-26,2018-12-01,2018-11-30,Direct Freight,Standard,Delivered,0,True,62,8.27,none,5,3,Anytime,6.544,True,1.099,delivered within promise
HDEL004004,HORD004004,2018-05-25,2018-05-31,2018-05-31,Direct Freight,Standard,Delivered,0,True,30,6.93,none,6,8,Anytime,4.555,True,0.84,delivered within promise
HDEL004005,HORD004005,2018-03-31,2018-04-07,2018-04-07,DHL,Standard,Delivered,0,True,54,9.88,none,7,5,Morning,6.6257,True,0.454,delivered within promise
HDEL004006,HORD004006,2018-12-04,2018-12-07,2018-12-07,Direct Freight,Standard,Delivered,0,True,26,10.77,none,3,4,Afternoon,5.5022,True,0.477,delivered within promise
HDEL004007,HORD004007,2018-02-26,2018-03-04,2018-03-03,StarTrack,Standard,Delivered,0,True,59,11.1,none,6,5,Morning,8.5784,True,0.592,delivered within promise
HDEL004008,HORD004008,2018-07-16,2018-07-20,2018-07-19,DHL,Standard,Delivered,0,True,33,12.58,none,4,7,Morning,6.2383,True,1.212,delivered within promise
HDEL004009,HORD004009,2018-10-06,2018-10-10,2018-10-09,StarTrack,Standard,Delivered,0,True,71,9.44,none,4,4,Morning,7.408,True,0.523,delivered within promise
HDEL004010,HORD004010,2018-04-22,2018-04-28,2018-04-26,DHL,Standard,Delivered,0,True,27,8.51,none,6,6,Morning,4.9204,True,0.564,delivered within promise
HDEL004011,HORD004011,2018-04-04,2018-04-11,2018-04-09,Direct Freight,Standard,Delivered,0,True,54,8.82,none,7,3,Afternoon,4.2137,True,0.47,delivered within promise
HDEL004012,HORD004012,2018-06-29,2018-07-04,2018-07-03,DHL,Standard,Delivered,0,True,29,13.5,none,5,7,Anytime,6.6906,True,1.16,delivered within promise
HDEL004013,HORD004013,2018-01-10,2018-01-15,2018-01-15,Direct Freight,Express,Delivered,0,True,37,20.98,none,5,3,Morning,7.4945,True,0.886,delivered within promise
HDEL004014,HORD004014,2018-06-28,2018-07-03,2018-07-07,DHL,Standard,Delivered,4,False,60,10.53,warehouse_congestion,5,5,Anytime,4.4903,True,0.964,carrier scan reconciled
HDEL004015,HORD004015,2018-12-25,2019-01-01,2018-12-30,StarTrack,Standard,Delivered,0,True,70,7.85,none,7,9,Morning,4.6357,True,0.603,delivered within promise
HDEL004016,HORD004016,2018-10-15,2018-10-18,2018-10-21,AusPost,Standard,Delivered,3,False,30,9.27,weather,3,4,Morning,6.3062,True,0.478,carrier scan reconciled
HDEL004017,HORD004017,2018-12-07,2018-12-10,2018-12-09,DHL,Express,Delivered,0,True,67,17.02,none,3,7,Morning,5.3195,True,0.531,delivered within promise
HDEL004018,HORD004018,2018-11-13,2018-11-18,2018-11-17,Direct Freight,Standard,Delivered,0,True,58,8.44,none,5,5,Afternoon,3.1405,False,0.314,delivered within promise
HDEL004019,HORD004019,2018-02-05,2018-02-10,2018-02-10,StarTrack,Standard,Delivered,0,True,21,11.35,none,5,4,Anytime,7.424,True,0.492,delivered within promise
HDEL004020,HORD004020,2018-10-11,2018-10-17,2018-10-16,AusPost,Express,Delivered,0,True,64,17.15,none,6,6,Afternoon,8.5784,True,0.543,delivered within promise
HDEL004021,HORD004021,2018-04-22,2018-04-26,2018-04-25,Direct Freight,Standard,Delivered,0,True,14,7.56,none,4,7,Anytime,4.677,True,0.458,delivered within promise
HDEL004022,HORD004022,2018-12-22,2018-12-25,2018-12-25,AusPost,Standard,Delivered,0,True,34,8.12,none,3,6,Afternoon,3.0741,False,0.392,delivered within promise
HDEL004023,HORD004023,2018-03-02,2018-03-09,2018-03-07,StarTrack,Express,Delivered,0,True,70,17.08,none,7,3,Anytime,3.5955,True,0.498,delivered within promise
HDEL004024,HORD004024,2018-07-21,2018-07-27,2018-07-26,AusPost,Standard,Delivered,0,True,54,7.95,none,6,9,Morning,2.5747,True,0.976,delivered within promise
HDEL004025,HORD004025,2018-04-11,2018-04-15,2018-04-14,AusPost,Express,Delivered,0,True,30,19.14,none,4,9,Morning,5.0434,True,0.367,delivered within promise
HDEL004026,HORD004026,2018-08-21,2018-08-27,2018-09-01,Direct Freight,Standard,Delivered,5,False,15,9.01,warehouse_congestion,6,5,Afternoon,4.1421,False,0.399,carrier scan reconciled
HDEL004027,HORD004027,2018-02-12,2018-02-19,2018-02-17,Direct Freight,Express,Delivered,0,True,38,18.16,none,7,8,Anytime,5.0931,True,0.846,delivered within promise
HDEL004028,HORD004028,2018-08-12,2018-08-17,2018-08-16,AusPost,Standard,Delivered,0,True,58,11.39,none,5,5,Morning,6.4272,False,0.374,delivered within promise
HDEL004029,HORD004029,2018-01-04,2018-01-11,2018-01-09,Direct Freight,Standard,Delivered,0,True,2,10.34,none,7,8,Afternoon,4.974,True,0.936,delivered within promise
HDEL004030,HORD004030,2018-04-15,2018-04-22,2018-04-21,DHL,Standard,Delivered,0,True,62,11.21,none,7,6,Anytime,8.3,True,0.569,delivered within promise
HDEL004031,HORD004031,2018-10-09,2018-10-16,2018-10-14,Direct Freight,Standard,Delivered,0,True,47,8.99,none,7,7,Morning,4.1904,True,0.53,delivered within promise
HDEL004032,HORD004032,2018-02-26,2018-03-03,2018-03-06,Direct Freight,Standard,Delivered,3,False,57,7.14,weather,5,6,Morning,3.3316,False,0.287,carrier scan reconciled
HDEL004033,HORD004033,2018-01-10,2018-01-16,2018-01-16,AusPost,Standard,Delivered,0,True,31,11.22,none,6,6,Anytime,7.1466,True,0.517,delivered within promise
HDEL004034,HORD004034,2018-08-11,2018-08-18,2018-08-16,Direct Freight,Standard,Delivered,0,True,32,14.05,none,7,6,Afternoon,7.0756,True,0.911,delivered within promise
HDEL004035,HORD004035,2018-03-12,2018-03-16,2018-03-16,AusPost,Standard,Delivered,0,True,47,10.27,none,4,7,Afternoon,6.7789,True,0.979,delivered within promise
HDEL004036,HORD004036,2018-09-29,2018-10-03,2018-10-02,DHL,Standard,Delivered,0,True,29,7.66,none,4,8,Morning,4.7472,False,0.391,delivered within promise
HDEL004037,HORD004037,2018-07-24,2018-07-27,2018-07-25,AusPost,Standard,Delivered,0,True,25,14.86,none,3,9,Morning,7.7907,False,0.572,delivered within promise
HDEL004038,HORD004038,2018-06-09,2018-06-16,2018-06-15,AusPost,Standard,Delivered,0,True,45,11.63,none,7,5,Afternoon,4.37,True,0.379,delivered within promise
HDEL004039,HORD004039,2018-03-26,2018-03-30,2018-03-29,StarTrack,Standard,Delivered,0,True,56,10.42,none,4,6,Afternoon,7.6726,True,1.103,delivered within promise
HDEL004040,HORD004040,2018-04-29,2018-05-04,2018-05-04,AusPost,Standard,Delivered,0,True,5,10.62,none,5,4,Morning,8.0565,True,0.745,delivered within promise
HDEL004041,HORD004041,2018-03-15,2018-03-21,2018-03-19,AusPost,Standard,Delivered,0,True,67,8.72,none,6,4,Morning,7.3474,True,1.262,delivered within promise
HDEL004042,HORD004042,2018-03-08,2018-03-12,2018-03-10,AusPost,Standard,Delivered,0,True,38,8.71,none,4,5,Afternoon,3.5976,True,1.041,delivered within promise
HDEL004043,HORD004043,2018-08-04,2018-08-09,2018-08-08,DHL,Standard,Delivered,0,True,33,11.43,none,5,6,Anytime,7.4471,True,0.485,delivered within promise
HDEL004044,HORD004044,2018-12-03,2018-12-09,2018-12-14,AusPost,Standard,Delivered,5,False,61,7.72,weather,6,9,Afternoon,2.9046,False,0.277,carrier scan reconciled
HDEL004045,HORD004045,2018-08-10,2018-08-14,2018-08-14,DHL,Standard,Delivered,0,True,33,8.43,none,4,6,Afternoon,1.7014,True,0.506,delivered within promise
HDEL004046,HORD004046,2018-04-28,2018-05-01,2018-04-30,Direct Freight,Standard,Delivered,0,True,46,10.19,none,3,4,Afternoon,5.2882,True,1.032,delivered within promise
HDEL004047,HORD004047,2018-04-26,2018-05-02,2018-05-02,AusPost,Standard,Delivered,0,True,3,9.58,none,6,7,Afternoon,5.5563,True,0.97,delivered within promise
HDEL004048,HORD004048,2018-03-11,2018-03-16,2018-03-15,DHL,Standard,Delivered,0,True,3,8.81,none,5,3,Anytime,4.4075,False,0.35,delivered within promise
HDEL004049,HORD004049,2018-04-16,2018-04-22,2018-04-20,StarTrack,Standard,Delivered,0,True,33,8.41,none,6,7,Anytime,6.6257,True,0.606,delivered within promise
HDEL004050,HORD004050,2018-04-23,2018-04-29,2018-04-27,StarTrack,Standard,Delivered,0,True,11,10.55,none,6,6,Afternoon,8.0537,True,0.434,delivered within promise
HDEL004051,HORD004051,2018-11-12,2018-11-19,2018-11-22,StarTrack,Express,Delivered,3,False,25,14.06,carrier_capacity,7,8,Afternoon,1.321,True,0.362,carrier scan reconciled
HDEL004052,HORD004052,2018-12-07,2018-12-13,2018-12-12,StarTrack,Standard,Delivered,0,True,61,7.61,none,6,5,Morning,3.3418,False,0.336,delivered within promise
HDEL004053,HORD004053,2018-06-04,2018-06-11,2018-06-09,DHL,Standard,Delivered,0,True,24,8.68,none,7,3,Anytime,1.3177,True,0.261,delivered within promise
HDEL004054,HORD004054,2018-12-04,2018-12-09,2018-12-07,Direct Freight,Standard,Delivered,0,True,38,8.21,none,5,8,Afternoon,3.5762,True,0.415,delivered within promise
HDEL004055,HORD004055,2018-08-13,2018-08-19,2018-08-17,AusPost,Express,Delivered,0,True,46,23.15,none,6,8,Anytime,3.5976,True,0.491,delivered within promise
HDEL004056,HORD004056,2018-04-14,2018-04-17,2018-04-17,StarTrack,Standard,Delivered,0,True,45,8.18,none,3,4,Anytime,3.2797,True,0.341,delivered within promise
HDEL004057,HORD004057,2018-03-20,2018-03-26,2018-03-26,DHL,Standard,Delivered,0,True,26,8.63,none,6,9,Afternoon,6.9396,True,0.53,delivered within promise
HDEL004058,HORD004058,2018-08-19,2018-08-24,2018-08-23,DHL,Express,Delivered,0,True,58,19.53,none,5,4,Afternoon,1.5938,False,0.397,delivered within promise
HDEL004059,HORD004059,2018-12-18,2018-12-22,2018-12-26,StarTrack,Express,Delivered,4,False,69,18.6,carrier_capacity,4,3,Afternoon,4.9022,True,1.084,carrier scan reconciled
HDEL004060,HORD004060,2018-10-06,2018-10-11,2018-10-10,Direct Freight,Standard,Delivered,0,True,58,9.93,none,5,4,Afternoon,5.0454,True,0.521,delivered within promise
HDEL004061,HORD004061,2018-05-05,2018-05-09,2018-05-07,Direct Freight,Standard,Delivered,0,True,34,8.54,none,4,7,Anytime,4.9903,True,0.441,delivered within promise
HDEL004062,HORD004062,2018-07-26,2018-07-29,2018-07-27,StarTrack,Standard,Delivered,0,True,73,9.81,none,3,8,Morning,5.5051,True,0.542,delivered within promise
HDEL004063,HORD004063,2018-01-21,2018-01-27,2018-01-26,Direct Freight,Standard,Delivered,0,True,48,6.14,none,6,8,Morning,1.5938,False,0.336,delivered within promise
HDEL004064,HORD004064,2018-03-13,2018-03-16,2018-03-16,Direct Freight,Express,Delivered,0,True,33,17.98,none,3,6,Anytime,6.9183,False,0.453,delivered within promise
HDEL004065,HORD004065,2018-07-29,2018-08-03,2018-08-03,AusPost,Standard,Delivered,0,True,3,8.76,none,5,8,Afternoon,0.9,True,0.983,delivered within promise
HDEL004066,HORD004066,2018-05-23,2018-05-27,2018-05-27,AusPost,Standard,Delivered,0,True,4,8.48,none,4,8,Afternoon,5.5803,True,0.933,delivered within promise
HDEL004067,HORD004067,2018-12-06,2018-12-11,2018-12-10,Direct Freight,Standard,Delivered,0,True,66,10.31,none,5,9,Morning,4.9486,True,1.26,delivered within promise
HDEL004068,HORD004068,2018-06-24,2018-06-30,2018-07-04,Direct Freight,Express,Delivered,4,False,40,18.06,weather,6,9,Anytime,5.5803,True,0.732,carrier scan reconciled
HDEL004069,HORD004069,2018-10-10,2018-10-14,2018-10-18,AusPost,Standard,Delivered,4,False,36,7.05,warehouse_congestion,4,6,Afternoon,4.3951,True,0.475,carrier scan reconciled
HDEL004070,HORD004070,2018-05-22,2018-05-25,2018-05-23,StarTrack,Express,Delivered,0,True,16,14.38,none,3,5,Morning,3.9696,True,1.099,delivered within promise
HDEL004071,HORD004071,2018-03-08,2018-03-13,2018-03-12,DHL,Standard,Delivered,0,True,52,9.34,none,5,3,Anytime,5.0818,True,0.374,delivered within promise
HDEL004072,HORD004072,2018-06-13,2018-06-16,2018-06-15,DHL,Express,Delivered,0,True,33,16.91,none,3,7,Anytime,0.9,True,1.077,delivered within promise
HDEL004073,HORD004073,2018-02-25,2018-02-28,2018-02-26,DHL,Standard,Delivered,0,True,40,8.12,none,3,7,Afternoon,4.5581,False,1.139,delivered within promise
HDEL004074,HORD004074,2018-12-10,2018-12-15,2018-12-13,Direct Freight,Standard,Delivered,0,True,28,9.44,none,5,4,Afternoon,3.2764,True,0.4,delivered within promise
HDEL004075,HORD004075,2018-09-09,2018-09-16,2018-09-15,StarTrack,Standard,Delivered,0,True,15,8.45,none,7,4,Afternoon,6.2021,True,0.52,delivered within promise
HDEL004076,HORD004076,2018-07-26,2018-07-31,2018-07-31,DHL,Standard,Delivered,0,True,38,13.37,none,5,6,Afternoon,7.3159,True,0.56,delivered within promise
HDEL004077,HORD004077,2018-07-04,2018-07-10,2018-07-10,AusPost,Standard,Delivered,0,True,72,12.06,none,6,5,Morning,6.9158,True,0.556,delivered within promise
HDEL004078,HORD004078,2018-12-01,2018-12-06,2018-12-09,StarTrack,Standard,Delivered,3,False,51,10.69,warehouse_congestion,5,3,Anytime,7.2459,True,0.445,carrier scan reconciled
HDEL004079,HORD004079,2018-11-30,2018-12-04,2018-12-04,StarTrack,Standard,Delivered,0,True,5,8.03,none,4,7,Morning,4.7927,True,1.0,delivered within promise
HDEL004080,HORD004080,2018-10-10,2018-10-14,2018-10-18,StarTrack,Standard,Delivered,4,False,42,8.7,weather,4,3,Afternoon,7.278,True,1.081,carrier scan reconciled
HDEL004081,HORD004081,2018-03-31,2018-04-04,2018-04-04,DHL,Standard,Delivered,0,True,31,7.87,none,4,4,Anytime,4.1904,True,0.46,delivered within promise
HDEL004082,HORD004082,2018-07-24,2018-07-30,2018-08-01,StarTrack,Standard,Delivered,2,False,2,9.61,warehouse_congestion,6,7,Anytime,4.3781,True,0.338,carrier scan reconciled
HDEL004083,HORD004083,2018-09-23,2018-09-30,2018-09-30,Direct Freight,Standard,Delivered,0,True,69,6.57,none,7,5,Anytime,3.3602,True,0.306,delivered within promise
HDEL004084,HORD004084,2018-09-09,2018-09-13,2018-09-12,StarTrack,Standard,Delivered,0,True,25,9.18,none,4,6,Afternoon,6.0532,True,0.486,delivered within promise
HDEL004085,HORD004085,2018-03-01,2018-03-07,2018-03-06,AusPost,Standard,Delivered,0,True,16,10.44,none,6,7,Morning,6.2259,True,0.529,delivered within promise
HDEL004086,HORD004086,2018-01-18,2018-01-24,2018-01-24,AusPost,Standard,Delivered,0,True,45,9.2,none,6,7,Morning,3.6546,False,0.329,delivered within promise
HDEL004087,HORD004087,2018-09-30,2018-10-06,2018-10-06,AusPost,Express,Delivered,0,True,6,19.58,none,6,7,Anytime,7.1651,True,0.614,delivered within promise
HDEL004088,HORD004088,2018-09-05,2018-09-08,2018-09-06,AusPost,Express,Delivered,0,True,57,15.48,none,3,8,Anytime,4.6096,True,0.409,delivered within promise
HDEL004089,HORD004089,2018-02-23,2018-03-02,2018-03-02,Direct Freight,Standard,Delivered,0,True,54,8.17,none,7,5,Afternoon,2.9629,True,0.964,delivered within promise
HDEL004090,HORD004090,2018-09-07,2018-09-14,2018-09-12,StarTrack,Standard,Delivered,0,True,55,7.32,none,7,8,Afternoon,4.2248,True,0.399,delivered within promise
HDEL004091,HORD004091,2018-03-23,2018-03-30,2018-03-28,AusPost,Express,Delivered,0,True,30,17.77,none,7,5,Afternoon,3.9696,True,1.147,delivered within promise
HDEL004092,HORD004092,2018-02-11,2018-02-16,2018-02-16,StarTrack,Express,Delivered,0,True,35,19.46,none,5,3,Afternoon,6.7789,False,0.449,delivered within promise
HDEL004093,HORD004093,2018-12-19,2018-12-26,2018-12-25,StarTrack,Standard,Delivered,0,True,4,7.98,none,7,3,Anytime,5.6239,True,0.539,delivered within promise
HDEL004094,HORD004094,2018-01-17,2018-01-22,2018-01-21,StarTrack,Express,Delivered,0,True,2,14.82,none,5,7,Anytime,6.2383,False,0.349,delivered within promise
HDEL004095,HORD004095,2018-02-16,2018-02-19,2018-02-22,DHL,Standard,Delivered,3,False,61,8.31,weather,3,4,Anytime,4.302,True,0.528,carrier scan reconciled
HDEL004096,HORD004096,2018-11-13,2018-11-20,2018-11-18,Direct Freight,Standard,Delivered,0,True,12,7.82,none,7,4,Anytime,4.2327,True,0.524,delivered within promise
HDEL004097,HORD004097,2018-04-14,2018-04-17,2018-04-17,StarTrack,Standard,Delivered,0,True,19,8.06,none,3,5,Morning,5.9442,True,0.584,delivered within promise
HDEL004098,HORD004098,2018-05-31,2018-06-06,2018-06-06,Direct Freight,Standard,Delivered,0,True,62,11.32,none,6,8,Morning,8.7052,True,0.54,delivered within promise
HDEL004099,HORD004099,2018-01-06,2018-01-09,2018-01-09,StarTrack,Standard,Delivered,0,True,2,11.77,none,3,6,Anytime,8.3886,True,1.136,delivered within promise
HDEL004100,HORD004100,2018-06-30,2018-07-05,2018-07-05,Direct Freight,Standard,Delivered,0,True,34,11.42,none,5,7,Morning,7.7087,True,0.659,delivered within promise
HDEL004101,HORD004101,2018-12-13,2018-12-20,2018-12-18,StarTrack,Standard,Delivered,0,True,21,11.51,none,7,5,Afternoon,6.6671,True,0.36,delivered within promise
HDEL004102,HORD004102,2018-11-16,2018-11-22,2018-11-20,StarTrack,Standard,Delivered,0,True,58,7.95,none,6,6,Anytime,5.4327,True,0.475,delivered within promise
HDEL004103,HORD004103,2018-02-26,2018-03-02,2018-03-01,DHL,Standard,Delivered,0,True,37,9.76,none,4,6,Afternoon,7.8955,False,0.431,delivered within promise
HDEL004104,HORD004104,2018-11-20,2018-11-23,2018-11-23,DHL,Express,Delivered,0,True,50,17.27,none,3,5,Afternoon,2.2364,True,0.491,delivered within promise
HDEL004105,HORD004105,2018-10-03,2018-10-08,2018-10-08,DHL,Standard,Delivered,0,True,19,10.49,none,5,7,Afternoon,6.2126,False,0.427,delivered within promise
HDEL004106,HORD004106,2018-02-16,2018-02-20,2018-02-19,Direct Freight,Express,Delivered,0,True,53,17.56,none,4,4,Anytime,2.9629,True,1.174,delivered within promise
HDEL004107,HORD004107,2018-11-22,2018-11-25,2018-11-23,AusPost,Express,Delivered,0,True,34,16.96,none,3,5,Afternoon,6.0605,False,0.344,delivered within promise
HDEL004108,HORD004108,2018-05-22,2018-05-29,2018-05-28,AusPost,Standard,Delivered,0,True,53,6.93,none,7,9,Afternoon,3.5737,True,0.401,delivered within promise
HDEL004109,HORD004109,2018-01-17,2018-01-24,2018-01-23,DHL,Standard,Delivered,0,True,38,11.21,none,7,8,Anytime,7.6726,True,0.532,delivered within promise
HDEL004110,HORD004110,2018-09-05,2018-09-08,2018-09-07,DHL,Standard,Delivered,0,True,33,8.37,none,3,5,Morning,6.3746,False,0.354,delivered within promise
HDEL004111,HORD004111,2018-10-27,2018-10-31,2018-10-31,StarTrack,Express,Delivered,0,True,59,17.65,none,4,5,Anytime,3.0676,False,0.274,delivered within promise
HDEL004112,HORD004112,2018-12-02,2018-12-07,2018-12-05,DHL,Standard,Delivered,0,True,69,8.8,none,5,8,Afternoon,6.783,False,0.425,delivered within promise
HDEL004113,HORD004113,2018-08-01,2018-08-08,2018-08-07,Direct Freight,Express,Delivered,0,True,72,19.91,none,7,3,Afternoon,7.4601,True,0.634,delivered within promise
HDEL004114,HORD004114,2018-10-01,2018-10-07,2018-10-06,Direct Freight,Standard,Delivered,0,True,46,7.79,none,6,4,Anytime,2.9974,True,0.375,delivered within promise
HDEL004115,HORD004115,2018-01-13,2018-01-20,2018-01-19,Direct Freight,Standard,Delivered,0,True,57,9.62,none,7,3,Afternoon,8.0537,True,0.605,delivered within promise
HDEL004116,HORD004116,2018-07-25,2018-08-01,2018-08-01,StarTrack,Standard,Delivered,0,True,67,8.56,none,7,9,Morning,2.4538,True,0.812,delivered within promise
HDEL004117,HORD004117,2018-03-31,2018-04-06,2018-04-04,StarTrack,Standard,Delivered,0,True,28,9.76,none,6,5,Morning,5.4327,False,0.357,delivered within promise
HDEL004118,HORD004118,2018-01-13,2018-01-20,2018-01-20,DHL,Standard,Delivered,0,True,44,8.98,none,7,5,Anytime,3.2634,True,0.35,delivered within promise
HDEL004119,HORD004119,2018-09-25,2018-10-01,2018-09-30,StarTrack,Standard,Delivered,0,True,11,7.73,none,6,8,Anytime,4.704,True,0.413,delivered within promise
HDEL004120,HORD004120,2018-11-11,2018-11-18,2018-11-16,DHL,Standard,Delivered,0,True,19,9.71,none,7,5,Morning,7.9059,True,0.526,delivered within promise
HDEL004121,HORD004121,2018-12-16,2018-12-23,2018-12-23,DHL,Standard,Delivered,0,True,55,8.22,none,7,5,Morning,2.4538,True,0.309,delivered within promise
HDEL004122,HORD004122,2018-02-25,2018-03-04,2018-03-03,AusPost,Standard,Delivered,0,True,35,9.47,none,7,8,Afternoon,4.974,False,0.407,delivered within promise
HDEL004123,HORD004123,2018-11-22,2018-11-29,2018-11-29,Direct Freight,Standard,Delivered,0,True,64,9.13,none,7,6,Afternoon,3.4124,True,0.366,delivered within promise
HDEL004124,HORD004124,2018-03-06,2018-03-10,2018-03-10,AusPost,Express,Delivered,0,True,60,18.81,none,4,5,Afternoon,6.2021,False,0.346,delivered within promise
HDEL004125,HORD004125,2018-02-28,2018-03-03,2018-03-01,StarTrack,Standard,Delivered,0,True,9,10.2,none,3,9,Anytime,6.2791,True,0.571,delivered within promise
HDEL004126,HORD004126,2018-11-04,2018-11-07,2018-11-06,AusPost,Express,Delivered,0,True,71,13.84,none,3,3,Afternoon,1.2249,True,0.328,delivered within promise
HDEL004127,HORD004127,2018-10-14,2018-10-21,2018-10-20,AusPost,Standard,Delivered,0,True,53,9.48,none,7,3,Anytime,5.5563,True,1.283,delivered within promise
HDEL004128,HORD004128,2018-06-03,2018-06-07,2018-06-05,AusPost,Express,Delivered,0,True,17,22.34,none,4,3,Afternoon,4.911,True,0.413,delivered within promise
HDEL004129,HORD004129,2018-11-02,2018-11-07,2018-11-05,DHL,Standard,Delivered,0,True,58,8.39,none,5,6,Morning,4.5644,True,0.324,delivered within promise
HDEL004130,HORD004130,2018-09-17,2018-09-23,2018-09-22,DHL,Standard,Delivered,0,True,11,7.54,none,6,4,Anytime,5.4433,False,0.456,delivered within promise
HDEL004131,HORD004131,2018-05-27,2018-06-03,2018-06-01,Direct Freight,Standard,Delivered,0,True,19,9.85,none,7,6,Morning,5.8169,True,0.407,delivered within promise
HDEL004132,HORD004132,2018-12-21,2018-12-28,2018-12-27,AusPost,Standard,Delivered,0,True,23,9.96,none,7,4,Morning,5.5563,True,0.372,delivered within promise
HDEL004133,HORD004133,2018-06-01,2018-06-05,2018-06-04,DHL,Standard,Delivered,0,True,40,8.76,none,4,4,Afternoon,4.2475,True,1.176,delivered within promise
HDEL004134,HORD004134,2018-09-20,2018-09-25,2018-09-23,StarTrack,Standard,Delivered,0,True,24,8.03,none,5,5,Anytime,5.2597,False,0.341,delivered within promise
HDEL004135,HORD004135,2018-07-17,2018-07-20,2018-07-18,AusPost,Standard,Delivered,0,True,26,11.0,none,3,3,Morning,5.9442,False,0.381,delivered within promise
HDEL004136,HORD004136,2018-10-16,2018-10-22,2018-10-20,AusPost,Standard,Delivered,0,True,17,6.41,none,6,6,Afternoon,2.2355,True,0.547,delivered within promise
HDEL004137,HORD004137,2018-05-14,2018-05-20,2018-05-18,DHL,Express,Delivered,0,True,29,14.47,none,6,7,Afternoon,5.2465,True,0.527,delivered within promise
HDEL004138,HORD004138,2018-10-27,2018-11-01,2018-10-30,AusPost,Standard,Delivered,0,True,28,6.08,none,5,9,Morning,1.1475,True,0.341,delivered within promise
HDEL004139,HORD004139,2018-03-11,2018-03-18,2018-03-17,StarTrack,Standard,Delivered,0,True,49,7.96,none,7,9,Anytime,3.4799,True,1.192,delivered within promise
HDEL004140,HORD004140,2018-09-22,2018-09-29,2018-09-27,DHL,Standard,Delivered,0,True,60,8.27,none,7,3,Afternoon,4.4633,True,0.446,delivered within promise
HDEL004141,HORD004141,2018-01-13,2018-01-16,2018-01-14,StarTrack,Standard,Delivered,0,True,61,9.15,none,3,4,Anytime,7.4635,False,0.466,delivered within promise
HDEL004142,HORD004142,2018-06-12,2018-06-19,2018-06-24,DHL,Standard,Delivered,5,False,69,10.5,warehouse_congestion,7,3,Afternoon,4.8483,False,0.373,carrier scan reconciled
HDEL004143,HORD004143,2018-12-28,2019-01-04,2019-01-04,AusPost,Standard,Delivered,0,True,69,10.33,none,7,5,Afternoon,6.4272,True,1.112,delivered within promise
HDEL004144,HORD004144,2018-02-21,2018-02-26,2018-02-26,DHL,Standard,Delivered,0,True,67,10.33,none,5,7,Anytime,6.322,True,0.974,delivered within promise
HDEL004145,HORD004145,2018-07-03,2018-07-06,2018-07-05,StarTrack,Standard,Delivered,0,True,59,9.34,none,3,3,Anytime,3.2634,True,0.347,delivered within promise
HDEL004146,HORD004146,2018-02-24,2018-02-28,2018-02-27,DHL,Standard,Delivered,0,True,16,7.95,none,4,4,Afternoon,3.2192,False,0.336,delivered within promise
HDEL004147,HORD004147,2018-04-01,2018-04-08,2018-04-07,AusPost,Express,Delivered,0,True,12,14.07,none,7,3,Anytime,2.2928,True,0.422,delivered within promise
HDEL004148,HORD004148,2018-03-04,2018-03-07,2018-03-07,DHL,Standard,Delivered,0,True,33,8.94,none,3,6,Morning,7.931,True,1.291,delivered within promise
HDEL004149,HORD004149,2018-02-23,2018-02-26,2018-02-26,Direct Freight,Standard,Delivered,0,True,23,13.14,none,3,7,Morning,9.7141,True,0.579,delivered within promise
HDEL004150,HORD004150,2018-11-18,2018-11-24,2018-11-22,AusPost,Standard,Delivered,0,True,40,7.54,none,6,4,Anytime,3.1302,True,1.14,delivered within promise
HDEL004151,HORD004151,2018-08-11,2018-08-18,2018-08-18,AusPost,Standard,Delivered,0,True,44,9.58,none,7,8,Morning,4.8046,False,0.389,delivered within promise
HDEL004152,HORD004152,2018-05-07,2018-05-10,2018-05-10,DHL,Express,Delivered,0,True,5,16.37,none,3,4,Anytime,3.5762,False,0.418,delivered within promise
HDEL004153,HORD004153,2018-10-09,2018-10-16,2018-10-15,Direct Freight,Standard,Delivered,0,True,11,10.77,none,7,5,Morning,6.5356,True,0.518,delivered within promise
HDEL004154,HORD004154,2018-11-25,2018-12-01,2018-11-29,DHL,Express,Delivered,0,True,61,16.69,none,6,5,Anytime,2.5443,True,0.333,delivered within promise
HDEL004155,HORD004155,2018-06-03,2018-06-06,2018-06-06,AusPost,Standard,Delivered,0,True,26,11.26,none,3,7,Afternoon,5.5262,True,0.47,delivered within promise
HDEL004156,HORD004156,2018-08-11,2018-08-14,2018-08-15,Direct Freight,Standard,Delivered,1,False,9,7.56,warehouse_congestion,3,6,Morning,0.1725,True,0.733,carrier scan reconciled
HDEL004157,HORD004157,2018-06-16,2018-06-21,2018-06-19,StarTrack,Express,Delivered,0,True,47,23.69,none,5,3,Afternoon,4.5544,True,0.385,delivered within promise
HDEL004158,HORD004158,2018-02-04,2018-02-09,2018-02-08,DHL,Standard,Delivered,0,True,31,6.91,none,5,8,Afternoon,1.0148,True,1.049,delivered within promise
HDEL004159,HORD004159,2018-02-01,2018-02-08,2018-02-08,DHL,Express,Delivered,0,True,53,16.87,none,7,9,Morning,6.8429,True,0.485,delivered within promise
HDEL004160,HORD004160,2018-01-12,2018-01-17,2018-01-16,AusPost,Standard,Delivered,0,True,29,11.41,none,5,3,Morning,7.9406,True,0.48,delivered within promise
HDEL004161,HORD004161,2018-01-05,2018-01-10,2018-01-10,DHL,Standard,Delivered,0,True,44,9.36,none,5,4,Anytime,5.2882,True,0.336,delivered within promise
HDEL004162,HORD004162,2018-10-03,2018-10-06,2018-10-06,Direct Freight,Standard,Delivered,0,True,63,10.52,none,3,9,Anytime,5.8765,True,0.967,delivered within promise
HDEL004163,HORD004163,2018-07-11,2018-07-16,2018-07-14,Direct Freight,Express,Delivered,0,True,9,20.97,none,5,5,Morning,5.2597,True,1.132,delivered within promise
HDEL004164,HORD004164,2018-10-09,2018-10-13,2018-10-12,DHL,Standard,Delivered,0,True,62,10.73,none,4,7,Morning,6.5503,True,0.468,delivered within promise
HDEL004165,HORD004165,2018-07-23,2018-07-30,2018-08-03,Direct Freight,Express,Delivered,4,False,34,23.33,warehouse_congestion,7,3,Anytime,3.1302,True,0.345,carrier scan reconciled
HDEL004166,HORD004166,2018-01-04,2018-01-11,2018-01-11,DHL,Express,Delivered,0,True,32,18.55,none,7,9,Morning,3.7517,True,0.976,delivered within promise
HDEL004167,HORD004167,2018-03-18,2018-03-24,2018-03-23,AusPost,Standard,Delivered,0,True,36,11.38,none,6,4,Afternoon,6.9572,True,0.594,delivered within promise
HDEL004168,HORD004168,2018-09-17,2018-09-22,2018-09-20,Direct Freight,Standard,Delivered,0,True,15,7.32,none,5,4,Morning,2.8809,True,0.746,delivered within promise
HDEL004169,HORD004169,2018-06-05,2018-06-09,2018-06-07,DHL,Standard,Delivered,0,True,63,11.24,none,4,8,Anytime,4.9903,True,0.487,delivered within promise
HDEL004170,HORD004170,2018-10-31,2018-11-05,2018-11-05,Direct Freight,Standard,Delivered,0,True,15,11.36,none,5,9,Anytime,9.2711,True,0.444,delivered within promise
HDEL004171,HORD004171,2018-06-09,2018-06-16,2018-06-16,DHL,Standard,Delivered,0,True,38,11.87,none,7,3,Anytime,7.1087,True,1.866,delivered within promise
HDEL004172,HORD004172,2018-04-30,2018-05-03,2018-05-01,AusPost,Standard,Delivered,0,True,15,8.99,none,3,9,Morning,5.225,True,1.097,delivered within promise
HDEL004173,HORD004173,2018-02-12,2018-02-19,2018-02-17,DHL,Standard,Delivered,0,True,11,8.65,none,7,9,Afternoon,3.7181,False,0.296,delivered within promise
HDEL004174,HORD004174,2018-09-14,2018-09-20,2018-09-19,AusPost,Standard,Delivered,0,True,42,7.43,none,6,4,Afternoon,1.0355,True,0.447,delivered within promise
HDEL004175,HORD004175,2018-03-12,2018-03-19,2018-03-19,Direct Freight,Express,Delivered,0,True,46,19.43,none,7,7,Afternoon,9.9192,True,0.542,delivered within promise
HDEL004176,HORD004176,2018-07-17,2018-07-20,2018-07-20,StarTrack,Standard,Delivered,0,True,45,9.38,none,3,7,Afternoon,4.9903,True,0.386,delivered within promise
HDEL004177,HORD004177,2018-03-31,2018-04-06,2018-04-05,DHL,Standard,Delivered,0,True,7,5.46,none,6,4,Anytime,1.1475,True,0.527,delivered within promise
HDEL004178,HORD004178,2018-08-18,2018-08-25,2018-08-23,AusPost,Standard,Delivered,0,True,32,11.95,none,7,9,Anytime,6.7696,True,0.419,delivered within promise
HDEL004179,HORD004179,2018-11-24,2018-11-30,2018-11-30,AusPost,Standard,Delivered,0,True,18,8.15,none,6,9,Morning,4.3781,False,0.431,delivered within promise
HDEL004180,HORD004180,2018-11-24,2018-11-29,2018-11-27,DHL,Standard,Delivered,0,True,49,10.23,none,5,9,Afternoon,9.9192,True,0.587,delivered within promise
HDEL004181,HORD004181,2018-01-16,2018-01-20,2018-01-19,AusPost,Express,Delivered,0,True,31,15.4,none,4,4,Anytime,4.5644,False,0.424,delivered within promise
HDEL004182,HORD004182,2018-09-23,2018-09-28,2018-09-28,AusPost,Standard,Delivered,0,True,16,6.29,none,5,3,Anytime,1.5938,True,0.918,delivered within promise
HDEL004183,HORD004183,2018-07-16,2018-07-23,2018-07-22,AusPost,Standard,Delivered,0,True,55,13.63,none,7,5,Anytime,6.6257,False,0.401,delivered within promise
HDEL004184,HORD004184,2018-11-25,2018-12-01,2018-11-30,StarTrack,Standard,Delivered,0,True,30,9.0,none,6,4,Morning,7.5021,True,0.647,delivered within promise
HDEL004185,HORD004185,2018-09-23,2018-09-29,2018-09-27,DHL,Express,Delivered,0,True,6,15.92,none,6,7,Anytime,3.773,True,0.6,delivered within promise
HDEL004186,HORD004186,2018-04-25,2018-04-29,2018-04-29,Direct Freight,Standard,Delivered,0,True,68,7.67,none,4,5,Afternoon,4.6357,True,0.437,delivered within promise
HDEL004187,HORD004187,2018-10-29,2018-11-03,2018-11-02,AusPost,Standard,Delivered,0,True,54,9.48,none,5,5,Afternoon,7.9755,False,0.445,delivered within promise
HDEL004188,HORD004188,2018-04-24,2018-05-01,2018-05-01,StarTrack,Standard,Delivered,0,True,12,9.26,none,7,3,Anytime,7.1166,True,0.559,delivered within promise
HDEL004189,HORD004189,2018-01-14,2018-01-20,2018-01-19,AusPost,Standard,Delivered,0,True,23,10.48,none,6,6,Afternoon,5.1765,True,0.423,delivered within promise
HDEL004190,HORD004190,2018-03-10,2018-03-16,2018-03-15,Direct Freight,Standard,Delivered,0,True,40,9.8,none,6,7,Afternoon,6.7199,False,0.455,delivered within promise
HDEL004191,HORD004191,2018-06-13,2018-06-20,2018-06-20,AusPost,Standard,Delivered,0,True,72,9.68,none,7,8,Anytime,4.0663,False,0.333,delivered within promise
HDEL004192,HORD004192,2018-01-14,2018-01-21,2018-01-19,StarTrack,Standard,Delivered,0,True,41,11.69,none,7,9,Afternoon,7.3527,False,0.414,delivered within promise
HDEL004193,HORD004193,2018-05-12,2018-05-17,2018-05-15,DHL,Standard,Delivered,0,True,27,9.61,none,5,9,Afternoon,7.4945,True,0.545,delivered within promise
HDEL004194,HORD004194,2018-10-19,2018-10-23,2018-10-23,DHL,Standard,Delivered,0,True,21,6.93,none,4,7,Anytime,2.4836,True,0.99,delivered within promise
HDEL004195,HORD004195,2018-11-30,2018-12-07,2018-12-05,DHL,Standard,Delivered,0,True,46,10.79,none,7,3,Anytime,8.3,True,0.518,delivered within promise
HDEL004196,HORD004196,2018-07-14,2018-07-17,2018-07-15,Direct Freight,Standard,Delivered,0,True,37,12.3,none,3,5,Anytime,5.5821,False,0.378,delivered within promise
HDEL004197,HORD004197,2018-11-11,2018-11-16,2018-11-14,DHL,Standard,Delivered,0,True,55,8.37,none,5,4,Anytime,6.7102,True,1.176,delivered within promise
HDEL004198,HORD004198,2018-03-27,2018-04-03,2018-04-02,DHL,Express,Delivered,0,True,59,20.4,none,7,7,Anytime,5.5821,True,1.057,delivered within promise
HDEL004199,HORD004199,2018-09-04,2018-09-11,2018-09-11,DHL,Standard,Delivered,0,True,10,9.65,none,7,3,Morning,4.9903,False,0.403,delivered within promise
HDEL004200,HORD004200,2018-11-04,2018-11-08,2018-11-08,Direct Freight,Standard,Delivered,0,True,27,7.34,none,4,9,Morning,1.8818,True,0.503,delivered within promise
HDEL004201,HORD004201,2018-01-24,2018-01-29,2018-01-28,AusPost,Standard,Delivered,0,True,63,8.55,none,5,7,Morning,5.5051,True,0.393,delivered within promise
HDEL004202,HORD004202,2018-07-18,2018-07-21,2018-07-19,Direct Freight,Standard,Delivered,0,True,27,8.43,none,3,9,Anytime,1.92,True,0.346,delivered within promise
HDEL004203,HORD004203,2018-10-06,2018-10-13,2018-10-13,Direct Freight,Standard,Delivered,0,True,47,10.74,none,7,3,Anytime,7.2473,True,0.466,delivered within promise
HDEL004204,HORD004204,2018-11-28,2018-12-05,2018-12-04,AusPost,Standard,Delivered,0,True,34,8.81,none,7,7,Anytime,4.9903,True,0.549,delivered within promise
HDEL004205,HORD004205,2018-12-28,2019-01-02,2018-12-31,StarTrack,Standard,Delivered,0,True,35,7.84,none,5,9,Afternoon,4.0213,False,0.352,delivered within promise
HDEL004206,HORD004206,2018-04-16,2018-04-20,2018-04-18,DHL,Standard,Delivered,0,True,60,12.49,none,4,9,Morning,10.4906,False,0.634,delivered within promise
HDEL004207,HORD004207,2018-07-07,2018-07-11,2018-07-09,StarTrack,Express,Delivered,0,True,24,19.23,none,4,9,Afternoon,0.87,True,0.509,delivered within promise
HDEL004208,HORD004208,2018-03-23,2018-03-30,2018-03-30,AusPost,Standard,Delivered,0,True,66,6.51,none,7,3,Anytime,2.4836,True,0.3,delivered within promise
HDEL004209,HORD004209,2018-03-29,2018-04-01,2018-04-01,StarTrack,Standard,Delivered,0,True,52,9.19,none,3,5,Morning,5.3108,False,0.35,delivered within promise
HDEL004210,HORD004210,2018-06-07,2018-06-10,2018-06-08,Direct Freight,Express,Delivered,0,True,47,20.99,none,3,9,Anytime,8.8204,True,1.289,delivered within promise
HDEL004211,HORD004211,2018-02-12,2018-02-17,2018-02-16,DHL,Standard,Delivered,0,True,42,7.79,none,5,6,Anytime,5.1954,True,0.988,delivered within promise
HDEL004212,HORD004212,2018-06-04,2018-06-10,2018-06-08,StarTrack,Standard,Delivered,0,True,69,8.6,none,6,9,Afternoon,3.7704,False,0.381,delivered within promise
HDEL004213,HORD004213,2018-12-29,2019-01-05,2019-01-05,StarTrack,Standard,Delivered,0,True,4,9.94,none,7,9,Afternoon,5.0454,True,0.473,delivered within promise
HDEL004214,HORD004214,2018-11-02,2018-11-08,2018-11-07,StarTrack,Standard,Delivered,0,True,44,11.26,none,6,6,Morning,6.6906,False,0.46,delivered within promise
HDEL004215,HORD004215,2018-06-18,2018-06-25,2018-06-25,DHL,Standard,Delivered,0,True,67,11.06,none,7,7,Afternoon,7.4926,True,1.237,delivered within promise
HDEL004216,HORD004216,2018-12-09,2018-12-15,2018-12-13,AusPost,Standard,Delivered,0,True,27,7.24,none,6,8,Afternoon,0.7165,False,0.687,delivered within promise
HDEL004217,HORD004217,2018-12-23,2018-12-28,2018-12-26,DHL,Standard,Delivered,0,True,26,9.44,none,5,6,Afternoon,3.4116,False,0.445,delivered within promise
HDEL004218,HORD004218,2018-04-20,2018-04-25,2018-04-25,StarTrack,Express,Delivered,0,True,9,14.15,none,5,3,Anytime,2.9449,True,0.419,delivered within promise
HDEL004219,HORD004219,2018-11-13,2018-11-19,2018-11-18,Direct Freight,Express,Delivered,0,True,55,15.06,none,6,7,Anytime,4.7472,False,0.441,delivered within promise
HDEL004220,HORD004220,2018-04-09,2018-04-14,2018-04-13,StarTrack,Standard,Delivered,0,True,46,10.28,none,5,9,Afternoon,6.8577,False,0.415,delivered within promise
HDEL004221,HORD004221,2018-08-28,2018-09-04,2018-09-03,StarTrack,Express,Delivered,0,True,11,21.7,none,7,6,Anytime,1.0148,True,0.402,delivered within promise
HDEL004222,HORD004222,2018-10-13,2018-10-20,2018-10-18,DHL,Standard,Delivered,0,True,71,8.93,none,7,6,Morning,6.5462,True,0.459,delivered within promise
HDEL004223,HORD004223,2018-11-13,2018-11-16,2018-11-16,Direct Freight,Standard,Delivered,0,True,28,9.09,none,3,5,Anytime,8.5645,True,1.272,delivered within promise
HDEL004224,HORD004224,2018-04-02,2018-04-05,2018-04-04,AusPost,Standard,Delivered,0,True,31,7.39,none,3,3,Afternoon,3.776,True,0.408,delivered within promise
HDEL004225,HORD004225,2018-12-27,2019-01-02,2019-01-01,DHL,Express,Delivered,0,True,46,19.04,none,6,6,Afternoon,5.8992,True,0.491,delivered within promise
HDEL004226,HORD004226,2018-08-07,2018-08-13,2018-08-11,DHL,Standard,Delivered,0,True,64,12.51,none,6,6,Anytime,5.3515,True,0.431,delivered within promise
HDEL004227,HORD004227,2018-10-24,2018-10-27,2018-10-26,Direct Freight,Standard,Delivered,0,True,18,6.66,none,3,7,Anytime,3.5955,False,0.361,delivered within promise
HDEL004228,HORD004228,2018-03-09,2018-03-16,2018-03-15,StarTrack,Standard,Delivered,0,True,12,9.0,none,7,8,Morning,4.0371,True,0.499,delivered within promise
HDEL004229,HORD004229,2018-07-02,2018-07-07,2018-07-06,DHL,Standard,Delivered,0,True,29,8.27,none,5,4,Afternoon,1.7795,False,0.236,delivered within promise
HDEL004230,HORD004230,2018-10-02,2018-10-07,2018-10-06,AusPost,Standard,Delivered,0,True,24,10.87,none,5,6,Morning,6.783,True,1.139,delivered within promise
HDEL004231,HORD004231,2018-12-26,2018-12-30,2018-12-29,DHL,Standard,Delivered,0,True,69,9.05,none,4,5,Anytime,4.8483,True,1.116,delivered within promise
HDEL004232,HORD004232,2018-02-16,2018-02-22,2018-02-20,AusPost,Standard,Delivered,0,True,25,8.71,none,6,9,Afternoon,6.4272,True,0.417,delivered within promise
HDEL004233,HORD004233,2018-09-10,2018-09-15,2018-09-14,AusPost,Standard,Delivered,0,True,8,8.03,none,5,6,Morning,2.134,False,0.245,delivered within promise
HDEL004234,HORD004234,2018-01-14,2018-01-19,2018-01-17,Direct Freight,Standard,Delivered,0,True,21,10.9,none,5,7,Anytime,6.0532,True,1.125,delivered within promise
HDEL004235,HORD004235,2018-08-03,2018-08-08,2018-08-07,Direct Freight,Express,Delivered,0,True,25,19.97,none,5,9,Afternoon,5.4433,True,0.427,delivered within promise
HDEL004236,HORD004236,2018-11-18,2018-11-22,2018-11-21,StarTrack,Standard,Delivered,0,True,58,10.17,none,4,4,Anytime,5.2036,False,0.338,delivered within promise
HDEL004237,HORD004237,2018-10-02,2018-10-06,2018-10-05,Direct Freight,Standard,Delivered,0,True,39,9.12,none,4,9,Morning,4.3953,True,0.423,delivered within promise
HDEL004238,HORD004238,2018-07-01,2018-07-07,2018-07-09,StarTrack,Standard,Delivered,2,False,43,10.08,weather,6,4,Afternoon,4.0056,True,0.412,carrier scan reconciled
HDEL004239,HORD004239,2018-06-08,2018-06-12,2018-06-11,DHL,Standard,Delivered,0,True,26,11.2,none,4,7,Afternoon,3.4727,False,0.339,delivered within promise
HDEL004240,HORD004240,2018-02-07,2018-02-12,2018-02-10,AusPost,Express,Delivered,0,True,68,13.59,none,5,9,Anytime,1.6321,True,1.06,delivered within promise
HDEL004241,HORD004241,2018-09-26,2018-09-29,2018-09-27,Direct Freight,Standard,Delivered,0,True,58,10.03,none,3,9,Anytime,6.2383,True,0.479,delivered within promise
HDEL004242,HORD004242,2018-06-28,2018-07-01,2018-06-29,DHL,Standard,Delivered,0,True,37,11.94,none,3,3,Afternoon,5.9442,True,1.032,delivered within promise
HDEL004243,HORD004243,2018-05-02,2018-05-09,2018-05-07,StarTrack,Standard,Delivered,0,True,35,6.22,none,7,3,Anytime,3.2063,True,0.393,delivered within promise
HDEL004244,HORD004244,2018-10-20,2018-10-23,2018-10-21,StarTrack,Standard,Delivered,0,True,61,11.19,none,3,7,Afternoon,10.4906,False,0.486,delivered within promise
HDEL004245,HORD004245,2018-01-30,2018-02-02,2018-02-01,DHL,Standard,Delivered,0,True,31,10.28,none,3,3,Afternoon,6.8906,True,0.789,delivered within promise
HDEL004246,HORD004246,2018-04-19,2018-04-22,2018-04-22,AusPost,Standard,Delivered,0,True,33,9.02,none,3,9,Anytime,5.1954,True,1.257,delivered within promise
HDEL004247,HORD004247,2018-08-06,2018-08-09,2018-08-08,StarTrack,Express,Delivered,0,True,62,18.89,none,3,5,Afternoon,5.9533,True,0.394,delivered within promise
HDEL004248,HORD004248,2018-08-04,2018-08-10,2018-08-10,StarTrack,Standard,Delivered,0,True,31,10.07,none,6,6,Morning,4.1654,True,0.448,delivered within promise
HDEL004249,HORD004249,2018-09-29,2018-10-02,2018-10-01,Direct Freight,Express,Delivered,0,True,61,19.2,none,3,7,Anytime,6.0765,True,0.42,delivered within promise
HDEL004250,HORD004250,2018-11-25,2018-11-30,2018-11-30,StarTrack,Standard,Delivered,0,True,45,8.97,none,5,5,Afternoon,5.9544,False,1.157,delivered within promise
HDEL004251,HORD004251,2018-03-28,2018-03-31,2018-03-29,Direct Freight,Standard,Delivered,0,True,68,9.69,none,3,4,Morning,9.9192,True,0.616,delivered within promise
HDEL004252,HORD004252,2018-09-30,2018-10-06,2018-10-05,DHL,Standard,Delivered,0,True,26,11.56,none,6,6,Morning,7.8766,True,0.733,delivered within promise
HDEL004253,HORD004253,2018-09-17,2018-09-20,2018-09-19,DHL,Standard,Delivered,0,True,61,9.0,none,3,6,Morning,6.6671,True,0.465,delivered within promise
HDEL004254,HORD004254,2018-08-30,2018-09-05,2018-09-04,AusPost,Express,Delivered,0,True,66,18.84,none,6,8,Anytime,3.9724,True,0.398,delivered within promise
HDEL004255,HORD004255,2018-01-13,2018-01-18,2018-01-16,Direct Freight,Standard,Delivered,0,True,40,10.38,none,5,3,Anytime,4.9022,False,0.338,delivered within promise
HDEL004256,HORD004256,2018-09-14,2018-09-19,2018-09-19,DHL,Standard,Delivered,0,True,21,10.39,none,5,5,Anytime,8.7178,False,0.451,delivered within promise
HDEL004257,HORD004257,2018-10-27,2018-11-01,2018-11-06,DHL,Standard,Delivered,5,False,2,8.58,weather,5,5,Anytime,2.5342,True,0.5,carrier scan reconciled
HDEL004258,HORD004258,2018-06-01,2018-06-05,2018-06-05,Direct Freight,Standard,Delivered,0,True,68,6.97,none,4,7,Afternoon,2.1843,False,0.352,delivered within promise
HDEL004259,HORD004259,2018-06-04,2018-06-09,2018-06-09,StarTrack,Standard,Delivered,0,True,70,8.87,none,5,9,Anytime,1.5797,True,0.332,delivered within promise
HDEL004260,HORD004260,2018-01-03,2018-01-07,2018-01-06,AusPost,Standard,Delivered,0,True,14,10.35,none,4,5,Anytime,5.3108,False,0.451,delivered within promise
HDEL004261,HORD004261,2018-08-31,2018-09-06,2018-09-04,StarTrack,Standard,Delivered,0,True,28,9.1,none,6,3,Morning,0.8411,True,0.401,delivered within promise
HDEL004262,HORD004262,2018-07-27,2018-07-30,2018-07-30,DHL,Standard,Delivered,0,True,37,7.73,none,3,8,Morning,1.6321,True,0.449,delivered within promise
HDEL004263,HORD004263,2018-04-04,2018-04-11,2018-04-13,DHL,Express,Delivered,2,False,72,15.0,weather,7,3,Morning,5.3068,True,0.434,carrier scan reconciled
HDEL004264,HORD004264,2018-12-15,2018-12-20,2018-12-19,DHL,Standard,Delivered,0,True,43,7.77,none,5,5,Afternoon,3.3418,True,0.373,delivered within promise
HDEL004265,HORD004265,2018-05-02,2018-05-08,2018-05-08,AusPost,Standard,Delivered,0,True,31,8.57,none,6,7,Anytime,3.3529,True,0.435,delivered within promise
HDEL004266,HORD004266,2018-12-02,2018-12-05,2018-12-03,AusPost,Standard,Delivered,0,True,56,8.42,none,3,9,Anytime,3.7104,True,0.413,delivered within promise
HDEL004267,HORD004267,2018-11-19,2018-11-25,2018-11-25,Direct Freight,Standard,Delivered,0,True,71,8.41,none,6,6,Anytime,4.6923,True,0.5,delivered within promise
HDEL004268,HORD004268,2018-12-28,2019-01-02,2019-01-01,Direct Freight,Standard,Delivered,0,True,52,9.15,none,5,4,Afternoon,4.0705,True,0.553,delivered within promise
HDEL004269,HORD004269,2018-03-10,2018-03-13,2018-03-11,AusPost,Standard,Delivered,0,True,3,10.0,none,3,5,Anytime,6.5503,True,0.425,delivered within promise
HDEL004270,HORD004270,2018-03-08,2018-03-12,2018-03-12,StarTrack,Standard,Delivered,0,True,52,9.03,none,4,8,Anytime,7.1609,True,0.532,delivered within promise
HDEL004271,HORD004271,2018-07-30,2018-08-06,2018-08-04,AusPost,Standard,Delivered,0,True,64,6.84,none,7,6,Afternoon,0.1378,True,0.31,delivered within promise
HDEL004272,HORD004272,2018-01-13,2018-01-20,2018-01-19,StarTrack,Express,Delivered,0,True,51,19.34,none,7,9,Morning,5.5821,True,0.493,delivered within promise
HDEL004273,HORD004273,2018-11-21,2018-11-25,2018-11-23,Direct Freight,Standard,Delivered,0,True,30,8.02,none,4,7,Anytime,2.9353,True,0.439,delivered within promise
HDEL004274,HORD004274,2018-01-16,2018-01-22,2018-01-21,StarTrack,Express,Delivered,0,True,36,14.57,none,6,9,Anytime,3.1441,False,0.334,delivered within promise
HDEL004275,HORD004275,2018-06-17,2018-06-23,2018-06-22,Direct Freight,Standard,Delivered,0,True,23,13.6,none,6,3,Afternoon,6.7883,True,0.661,delivered within promise
HDEL004276,HORD004276,2018-12-03,2018-12-06,2018-12-05,Direct Freight,Standard,Delivered,0,True,3,6.53,none,3,9,Morning,0.9,True,0.348,delivered within promise
HDEL004277,HORD004277,2018-11-25,2018-11-30,2018-12-03,DHL,Express,Delivered,3,False,6,20.42,weather,5,6,Morning,8.0765,True,0.507,carrier scan reconciled
HDEL004278,HORD004278,2018-01-08,2018-01-12,2018-01-10,StarTrack,Standard,Delivered,0,True,28,11.98,none,4,8,Morning,7.5021,True,0.42,delivered within promise
HDEL004279,HORD004279,2018-03-27,2018-03-31,2018-04-01,DHL,Standard,Delivered,1,False,26,9.79,carrier_capacity,4,8,Afternoon,7.424,True,0.481,carrier scan reconciled
HDEL004280,HORD004280,2018-02-16,2018-02-20,2018-02-18,Direct Freight,Express,Delivered,0,True,26,19.33,none,4,7,Anytime,7.039,False,0.447,delivered within promise
HDEL004281,HORD004281,2018-05-17,2018-05-21,2018-05-20,StarTrack,Standard,Delivered,0,True,43,7.97,none,4,3,Anytime,3.7181,False,0.311,delivered within promise
HDEL004282,HORD004282,2018-12-23,2018-12-26,2018-12-24,AusPost,Standard,Delivered,0,True,39,10.82,none,3,6,Afternoon,8.7052,True,0.521,delivered within promise
HDEL004283,HORD004283,2018-12-03,2018-12-09,2018-12-09,StarTrack,Standard,Delivered,0,True,67,9.28,none,6,6,Afternoon,6.4707,True,0.573,delivered within promise
HDEL004284,HORD004284,2018-05-15,2018-05-21,2018-05-21,AusPost,Express,Delivered,0,True,37,17.53,none,6,6,Anytime,5.972,True,0.449,delivered within promise
HDEL004285,HORD004285,2018-11-11,2018-11-17,2018-11-15,AusPost,Standard,Delivered,0,True,54,8.51,none,6,8,Afternoon,3.4447,True,0.795,delivered within promise
HDEL004286,HORD004286,2018-06-28,2018-07-01,2018-07-01,StarTrack,Standard,Delivered,0,True,19,12.0,none,3,8,Anytime,8.7178,True,0.97,delivered within promise
HDEL004287,HORD004287,2018-06-25,2018-06-30,2018-06-30,StarTrack,Standard,Delivered,0,True,22,9.2,none,5,5,Morning,3.1441,True,0.471,delivered within promise
HDEL004288,HORD004288,2018-02-24,2018-03-01,2018-02-28,AusPost,Standard,Delivered,0,True,47,8.55,none,5,3,Anytime,6.461,True,0.445,delivered within promise
HDEL004289,HORD004289,2018-08-16,2018-08-23,2018-08-22,DHL,Standard,Delivered,0,True,51,13.6,none,7,7,Anytime,6.6113,True,0.692,delivered within promise
HDEL004290,HORD004290,2018-02-23,2018-03-02,2018-02-28,StarTrack,Standard,Delivered,0,True,51,11.92,none,7,8,Anytime,8.0537,True,0.499,delivered within promise
HDEL004291,HORD004291,2018-10-18,2018-10-21,2018-10-20,StarTrack,Standard,Delivered,0,True,34,6.91,none,3,3,Morning,3.7704,True,0.328,delivered within promise
HDEL004292,HORD004292,2018-01-29,2018-02-03,2018-02-03,AusPost,Standard,Delivered,0,True,59,8.18,none,5,7,Anytime,4.5788,False,0.405,delivered within promise
HDEL004293,HORD004293,2018-07-20,2018-07-25,2018-07-23,AusPost,Standard,Delivered,0,True,12,10.44,none,5,5,Anytime,4.8879,False,0.457,delivered within promise
HDEL004294,HORD004294,2018-09-21,2018-09-24,2018-09-23,Direct Freight,Standard,Delivered,0,True,20,6.91,none,3,6,Morning,2.601,False,0.297,delivered within promise
HDEL004295,HORD004295,2018-11-10,2018-11-14,2018-11-14,Direct Freight,Standard,Delivered,0,True,23,10.22,none,4,3,Anytime,7.9406,False,0.545,delivered within promise
HDEL004296,HORD004296,2018-04-30,2018-05-07,2018-05-07,StarTrack,Standard,Delivered,0,True,13,8.65,none,7,3,Anytime,6.1231,True,0.814,delivered within promise
HDEL004297,HORD004297,2018-05-21,2018-05-28,2018-05-27,AusPost,Express,Delivered,0,True,15,18.73,none,7,4,Morning,3.7942,True,0.708,delivered within promise
HDEL004298,HORD004298,2018-04-04,2018-04-11,2018-04-10,Direct Freight,Standard,Delivered,0,True,12,9.9,none,7,7,Morning,8.301,True,0.528,delivered within promise
HDEL004299,HORD004299,2018-11-16,2018-11-23,2018-11-28,StarTrack,Standard,Delivered,5,False,3,10.45,warehouse_congestion,7,5,Afternoon,5.8758,True,0.578,carrier scan reconciled
HDEL004300,HORD004300,2018-04-24,2018-04-30,2018-04-28,DHL,Standard,Delivered,0,True,55,11.09,none,6,8,Afternoon,7.4945,True,0.64,delivered within promise
HDEL004301,HORD004301,2018-12-30,2019-01-05,2019-01-03,AusPost,Standard,Delivered,0,True,18,10.86,none,6,3,Afternoon,7.0002,False,0.4,delivered within promise
HDEL004302,HORD004302,2018-05-10,2018-05-17,2018-05-15,DHL,Standard,Delivered,0,True,57,7.89,none,7,9,Afternoon,3.3418,True,0.442,delivered within promise
HDEL004303,HORD004303,2018-01-19,2018-01-23,2018-01-23,DHL,Standard,Delivered,0,True,5,8.26,none,4,5,Anytime,4.8907,True,1.858,delivered within promise
HDEL004304,HORD004304,2018-08-30,2018-09-05,2018-09-03,AusPost,Standard,Delivered,0,True,18,11.93,none,6,7,Afternoon,5.8765,False,0.371,delivered within promise
HDEL004305,HORD004305,2018-02-02,2018-02-09,2018-02-08,DHL,Standard,Delivered,0,True,8,8.09,none,7,9,Afternoon,3.9742,True,0.46,delivered within promise
HDEL004306,HORD004306,2018-05-28,2018-06-01,2018-06-05,Direct Freight,Standard,Delivered,4,False,50,6.97,warehouse_congestion,4,5,Anytime,4.7326,False,1.039,carrier scan reconciled
HDEL004307,HORD004307,2018-12-08,2018-12-11,2018-12-09,DHL,Standard,Delivered,0,True,48,9.66,none,3,7,Anytime,4.7472,False,0.312,delivered within promise
HDEL004308,HORD004308,2018-08-07,2018-08-12,2018-08-11,DHL,Standard,Delivered,0,True,36,12.58,none,5,3,Anytime,5.5988,True,0.458,delivered within promise
HDEL004309,HORD004309,2018-02-09,2018-02-16,2018-02-14,DHL,Standard,Delivered,0,True,47,10.24,none,7,7,Morning,8.0765,False,0.43,delivered within promise
HDEL004310,HORD004310,2018-02-21,2018-02-24,2018-02-23,AusPost,Standard,Delivered,0,True,25,10.12,none,3,9,Morning,6.2126,True,0.566,delivered within promise
HDEL004311,HORD004311,2018-09-28,2018-10-01,2018-10-01,StarTrack,Standard,Delivered,0,True,68,11.12,none,3,3,Morning,6.6671,False,0.388,delivered within promise
HDEL004312,HORD004312,2018-04-29,2018-05-03,2018-05-03,Direct Freight,Express,Delivered,0,True,31,16.57,none,4,6,Morning,5.0931,True,1.108,delivered within promise
HDEL004313,HORD004313,2018-12-27,2018-12-31,2018-12-30,Direct Freight,Standard,Delivered,0,True,52,8.46,none,4,5,Afternoon,5.6653,True,0.393,delivered within promise
HDEL004314,HORD004314,2018-10-31,2018-11-04,2018-11-02,StarTrack,Express,Delivered,0,True,63,12.55,none,4,7,Morning,1.3998,True,0.363,delivered within promise
HDEL004315,HORD004315,2018-10-21,2018-10-24,2018-10-23,Direct Freight,Express,Delivered,0,True,55,20.24,none,3,3,Anytime,6.3492,True,1.856,delivered within promise
HDEL004316,HORD004316,2018-07-14,2018-07-17,2018-07-16,StarTrack,Standard,Delivered,0,True,21,9.88,none,3,3,Morning,3.8216,True,0.324,delivered within promise
HDEL004317,HORD004317,2018-01-31,2018-02-07,2018-02-07,Direct Freight,Express,Delivered,0,True,15,19.22,none,7,7,Afternoon,7.6447,True,0.521,delivered within promise
HDEL004318,HORD004318,2018-07-16,2018-07-19,2018-07-18,DHL,Standard,Delivered,0,True,40,13.45,none,3,4,Morning,5.9963,True,0.432,delivered within promise
HDEL004319,HORD004319,2018-12-26,2019-01-02,2019-01-02,Direct Freight,Standard,Delivered,0,True,33,9.05,none,7,5,Morning,7.4601,True,1.092,delivered within promise
HDEL004320,HORD004320,2018-12-20,2018-12-27,2018-12-25,AusPost,Standard,Delivered,0,True,15,6.4,none,7,8,Afternoon,1.7855,False,0.264,delivered within promise
HDEL004321,HORD004321,2018-06-18,2018-06-24,2018-06-24,StarTrack,Standard,Delivered,0,True,19,12.53,none,6,9,Anytime,7.932,True,1.131,delivered within promise
HDEL004322,HORD004322,2018-04-10,2018-04-13,2018-04-12,StarTrack,Standard,Delivered,0,True,9,10.05,none,3,6,Morning,5.2449,True,0.412,delivered within promise
HDEL004323,HORD004323,2018-02-04,2018-02-07,2018-02-05,AusPost,Standard,Delivered,0,True,69,9.72,none,3,8,Afternoon,6.0031,True,0.927,delivered within promise
HDEL004324,HORD004324,2018-10-20,2018-10-25,2018-10-23,Direct Freight,Express,Delivered,0,True,17,14.55,none,5,6,Afternoon,2.8256,True,1.334,delivered within promise
HDEL004325,HORD004325,2018-06-03,2018-06-08,2018-06-06,DHL,Standard,Delivered,0,True,9,11.16,none,5,6,Afternoon,5.8758,True,0.481,delivered within promise
HDEL004326,HORD004326,2018-06-26,2018-07-03,2018-07-01,DHL,Express,Delivered,0,True,8,21.52,none,7,4,Afternoon,3.2243,True,1.788,delivered within promise
HDEL004327,HORD004327,2018-06-08,2018-06-15,2018-06-14,StarTrack,Standard,Delivered,0,True,13,13.5,none,7,7,Anytime,7.0756,True,1.264,delivered within promise
HDEL004328,HORD004328,2018-06-30,2018-07-06,2018-07-05,DHL,Standard,Delivered,0,True,20,10.87,none,6,8,Morning,5.9544,True,1.203,delivered within promise
HDEL004329,HORD004329,2018-08-09,2018-08-15,2018-08-13,AusPost,Express,Delivered,0,True,39,20.1,none,6,8,Afternoon,6.7896,True,0.468,delivered within promise
HDEL004330,HORD004330,2018-07-06,2018-07-09,2018-07-08,StarTrack,Express,Delivered,0,True,11,22.96,none,3,3,Morning,7.0002,True,0.476,delivered within promise
HDEL004331,HORD004331,2018-05-20,2018-05-25,2018-05-23,AusPost,Standard,Delivered,0,True,5,7.04,none,5,4,Afternoon,4.5788,False,0.452,delivered within promise
HDEL004332,HORD004332,2018-12-01,2018-12-04,2018-12-04,DHL,Standard,Delivered,0,True,21,11.5,none,3,7,Anytime,7.7907,False,0.391,delivered within promise
HDEL004333,HORD004333,2018-09-24,2018-09-28,2018-09-26,AusPost,Standard,Delivered,0,True,11,9.29,none,4,7,Afternoon,8.3331,False,0.51,delivered within promise
HDEL004334,HORD004334,2018-09-11,2018-09-17,2018-09-15,StarTrack,Standard,Delivered,0,True,9,10.42,none,6,6,Anytime,6.5587,True,0.591,delivered within promise
HDEL004335,HORD004335,2018-06-17,2018-06-23,2018-06-22,Direct Freight,Standard,Delivered,0,True,52,14.98,none,6,3,Anytime,7.8823,False,0.432,delivered within promise
HDEL004336,HORD004336,2018-12-03,2018-12-08,2018-12-08,StarTrack,Standard,Delivered,0,True,25,10.34,none,5,5,Anytime,4.9215,True,0.349,delivered within promise
HDEL004337,HORD004337,2018-03-19,2018-03-26,2018-03-26,DHL,Standard,Delivered,0,True,12,10.21,none,7,8,Morning,7.3091,True,0.705,delivered within promise
HDEL004338,HORD004338,2018-01-21,2018-01-25,2018-01-23,Direct Freight,Standard,Delivered,0,True,54,6.36,none,4,6,Afternoon,2.4836,False,0.256,delivered within promise
HDEL004339,HORD004339,2018-10-03,2018-10-08,2018-10-06,Direct Freight,Standard,Delivered,0,True,32,10.53,none,5,8,Morning,6.1231,False,0.343,delivered within promise
HDEL004340,HORD004340,2018-01-17,2018-01-24,2018-01-23,DHL,Standard,Delivered,0,True,69,8.39,none,7,4,Afternoon,5.8169,False,0.404,delivered within promise
HDEL004341,HORD004341,2018-12-20,2018-12-25,2018-12-24,Direct Freight,Express,Delivered,0,True,29,15.16,none,5,3,Morning,5.5051,True,0.368,delivered within promise
HDEL004342,HORD004342,2018-06-01,2018-06-05,2018-06-10,StarTrack,Standard,Delivered,5,False,32,7.03,warehouse_congestion,4,3,Anytime,3.3602,False,0.293,carrier scan reconciled
HDEL004343,HORD004343,2018-09-23,2018-09-29,2018-09-27,DHL,Express,Delivered,0,True,4,19.9,none,6,8,Morning,6.9266,True,0.435,delivered within promise
HDEL004344,HORD004344,2018-01-18,2018-01-22,2018-01-22,DHL,Standard,Delivered,0,True,72,12.35,none,4,6,Anytime,8.2822,False,0.445,delivered within promise
HDEL004345,HORD004345,2018-06-16,2018-06-22,2018-06-21,AusPost,Standard,Delivered,0,True,29,11.33,none,6,3,Morning,3.6744,True,0.965,delivered within promise
HDEL004346,HORD004346,2018-09-02,2018-09-06,2018-09-05,DHL,Standard,Delivered,0,True,23,9.43,none,4,4,Morning,5.2449,False,0.375,delivered within promise
HDEL004347,HORD004347,2018-10-11,2018-10-18,2018-10-17,DHL,Standard,Delivered,0,True,20,7.55,none,7,3,Anytime,4.6096,True,1.062,delivered within promise
HDEL004348,HORD004348,2018-07-16,2018-07-20,2018-07-20,Direct Freight,Standard,Delivered,0,True,41,11.9,none,4,5,Anytime,5.4918,True,0.514,delivered within promise
HDEL004349,HORD004349,2018-12-21,2018-12-26,2018-12-25,Direct Freight,Standard,Delivered,0,True,36,11.13,none,5,7,Anytime,6.461,True,0.596,delivered within promise
HDEL004350,HORD004350,2018-09-02,2018-09-05,2018-09-04,Direct Freight,Standard,Delivered,0,True,36,11.76,none,3,3,Anytime,4.8046,True,0.459,delivered within promise
HDEL004351,HORD004351,2018-05-02,2018-05-05,2018-05-04,DHL,Standard,Delivered,0,True,27,8.27,none,3,4,Morning,3.4799,True,0.343,delivered within promise
HDEL004352,HORD004352,2018-11-27,2018-12-04,2018-12-04,AusPost,Standard,Delivered,0,True,49,10.71,none,7,9,Morning,6.9476,False,0.451,delivered within promise
HDEL004353,HORD004353,2018-04-14,2018-04-17,2018-04-16,AusPost,Standard,Delivered,0,True,67,7.21,none,3,7,Morning,2.123,True,1.222,delivered within promise
HDEL004354,HORD004354,2018-07-01,2018-07-08,2018-07-07,Direct Freight,Standard,Delivered,0,True,70,12.77,none,7,9,Anytime,6.3492,True,0.396,delivered within promise
HDEL004355,HORD004355,2018-05-21,2018-05-26,2018-05-25,AusPost,Standard,Delivered,0,True,52,11.1,none,5,5,Anytime,9.687,True,0.658,delivered within promise
HDEL004356,HORD004356,2018-07-25,2018-07-30,2018-07-30,StarTrack,Standard,Delivered,0,True,5,12.15,none,5,5,Morning,7.7904,True,0.443,delivered within promise
HDEL004357,HORD004357,2018-04-30,2018-05-04,2018-05-03,DHL,Express,Delivered,0,True,46,14.1,none,4,3,Anytime,4.0663,True,0.416,delivered within promise
HDEL004358,HORD004358,2018-08-12,2018-08-16,2018-08-17,AusPost,Standard,Delivered,1,False,27,9.7,warehouse_congestion,4,8,Anytime,5.497,True,0.549,carrier scan reconciled
HDEL004359,HORD004359,2019-01-01,2019-01-05,2019-01-03,AusPost,Standard,Delivered,0,True,38,8.96,none,4,3,Morning,6.944,True,0.479,delivered within promise
HDEL004360,HORD004360,2018-06-17,2018-06-23,2018-06-22,Direct Freight,Standard,Delivered,0,True,28,14.82,none,6,8,Anytime,8.7178,True,1.28,delivered within promise
HDEL004361,HORD004361,2018-09-29,2018-10-02,2018-10-02,AusPost,Standard,Delivered,0,True,73,8.46,none,3,9,Morning,7.1134,True,1.272,delivered within promise
HDEL004362,HORD004362,2018-06-20,2018-06-27,2018-06-27,AusPost,Standard,Delivered,0,True,57,7.61,none,7,6,Anytime,1.7795,False,0.281,delivered within promise
HDEL004363,HORD004363,2018-01-13,2018-01-18,2018-01-16,DHL,Standard,Delivered,0,True,43,9.77,none,5,9,Afternoon,4.0376,True,0.485,delivered within promise
HDEL004364,HORD004364,2018-02-15,2018-02-18,2018-02-16,StarTrack,Standard,Delivered,0,True,42,8.59,none,3,6,Morning,6.9394,True,0.536,delivered within promise
HDEL004365,HORD004365,2018-08-20,2018-08-23,2018-08-22,AusPost,Standard,Delivered,0,True,39,7.98,none,3,3,Anytime,1.7014,True,1.077,delivered within promise
HDEL004366,HORD004366,2018-05-15,2018-05-20,2018-05-19,StarTrack,Standard,Delivered,0,True,3,9.12,none,5,4,Afternoon,5.1961,True,1.065,delivered within promise
HDEL004367,HORD004367,2018-01-30,2018-02-06,2018-02-06,AusPost,Standard,Delivered,0,True,35,6.25,none,7,7,Afternoon,2.123,False,0.285,delivered within promise
HDEL004368,HORD004368,2018-08-23,2018-08-27,2018-08-27,AusPost,Standard,Delivered,0,True,31,12.22,none,4,7,Afternoon,5.1925,False,0.378,delivered within promise
HDEL004369,HORD004369,2018-11-26,2018-12-03,2018-12-02,AusPost,Standard,Delivered,0,True,50,9.52,none,7,6,Anytime,4.9204,False,0.318,delivered within promise
HDEL004370,HORD004370,2018-03-03,2018-03-08,2018-03-06,Direct Freight,Standard,Delivered,0,True,61,7.43,none,5,6,Anytime,2.018,True,0.297,delivered within promise
HDEL004371,HORD004371,2018-12-08,2018-12-12,2018-12-11,StarTrack,Standard,Delivered,0,True,26,7.07,none,4,4,Anytime,1.4979,False,0.327,delivered within promise
HDEL004372,HORD004372,2018-11-28,2018-12-05,2018-12-05,StarTrack,Express,Delivered,0,True,41,19.33,none,7,8,Anytime,5.2525,True,0.418,delivered within promise
HDEL004373,HORD004373,2018-01-30,2018-02-05,2018-02-05,StarTrack,Standard,Delivered,0,True,29,10.71,none,6,5,Morning,6.1633,False,0.477,delivered within promise
HDEL004374,HORD004374,2018-11-23,2018-11-27,2018-11-26,Direct Freight,Standard,Delivered,0,True,15,9.6,none,4,9,Morning,8.0765,True,1.438,delivered within promise
HDEL004375,HORD004375,2018-07-03,2018-07-06,2018-07-04,DHL,Standard,Delivered,0,True,61,9.88,none,3,4,Afternoon,1.0071,True,0.413,delivered within promise
HDEL004376,HORD004376,2018-12-17,2018-12-22,2018-12-22,AusPost,Standard,Delivered,0,True,25,9.68,none,5,7,Anytime,6.7789,True,0.413,delivered within promise
HDEL004377,HORD004377,2018-02-04,2018-02-10,2018-02-10,DHL,Standard,Delivered,0,True,11,8.51,none,6,6,Afternoon,3.2063,True,0.346,delivered within promise
HDEL004378,HORD004378,2018-10-03,2018-10-10,2018-10-08,AusPost,Standard,Delivered,0,True,4,8.91,none,7,4,Afternoon,7.8823,True,0.558,delivered within promise
HDEL004379,HORD004379,2018-01-25,2018-01-28,2018-01-26,DHL,Standard,Delivered,0,True,42,8.09,none,3,5,Anytime,4.0663,True,1.085,delivered within promise
HDEL004380,HORD004380,2018-09-12,2018-09-18,2018-09-18,StarTrack,Standard,Delivered,0,True,45,11.02,none,6,6,Morning,7.3971,False,0.406,delivered within promise
HDEL004381,HORD004381,2018-04-17,2018-04-20,2018-04-19,AusPost,Standard,Delivered,0,True,46,10.18,none,3,6,Anytime,6.7102,False,0.488,delivered within promise
HDEL004382,HORD004382,2018-07-24,2018-07-29,2018-07-27,AusPost,Standard,Delivered,0,True,58,8.61,none,5,4,Afternoon,3.6955,True,0.498,delivered within promise
HDEL004383,HORD004383,2018-01-18,2018-01-21,2018-01-20,DHL,Standard,Delivered,0,True,30,10.07,none,3,7,Morning,6.7742,True,0.915,delivered within promise
HDEL004384,HORD004384,2018-08-29,2018-09-01,2018-08-31,StarTrack,Standard,Delivered,0,True,22,9.86,none,3,8,Afternoon,2.8256,True,0.765,delivered within promise
HDEL004385,HORD004385,2018-04-10,2018-04-17,2018-04-15,DHL,Standard,Delivered,0,True,33,9.92,none,7,7,Anytime,7.2473,False,0.418,delivered within promise
HDEL004386,HORD004386,2018-09-29,2018-10-02,2018-10-02,DHL,Standard,Delivered,0,True,58,9.53,none,3,7,Morning,6.7199,True,0.594,delivered within promise
HDEL004387,HORD004387,2018-05-24,2018-05-31,2018-05-29,Direct Freight,Express,Delivered,0,True,46,13.87,none,7,7,Afternoon,3.8058,False,0.34,delivered within promise
HDEL004388,HORD004388,2018-03-14,2018-03-20,2018-03-18,Direct Freight,Standard,Delivered,0,True,12,6.74,none,6,6,Morning,2.5747,True,0.385,delivered within promise
HDEL004389,HORD004389,2018-04-09,2018-04-13,2018-04-12,StarTrack,Standard,Delivered,0,True,2,8.45,none,4,4,Anytime,4.1904,True,0.39,delivered within promise
HDEL004390,HORD004390,2018-08-12,2018-08-18,2018-08-16,Direct Freight,Standard,Delivered,0,True,6,10.53,none,6,3,Anytime,6.2021,True,0.469,delivered within promise
HDEL004391,HORD004391,2018-02-20,2018-02-24,2018-02-24,Direct Freight,Standard,Delivered,0,True,57,8.65,none,4,8,Afternoon,5.0399,True,0.953,delivered within promise
HDEL004392,HORD004392,2018-03-17,2018-03-22,2018-03-21,DHL,Standard,Delivered,0,True,34,7.09,none,5,7,Morning,1.9767,False,0.315,delivered within promise
HDEL004393,HORD004393,2018-07-16,2018-07-19,2018-07-17,DHL,Standard,Delivered,0,True,58,11.14,none,3,7,Morning,7.8676,True,0.485,delivered within promise
HDEL004394,HORD004394,2018-11-25,2018-12-02,2018-11-30,DHL,Standard,Delivered,0,True,45,6.75,none,7,6,Anytime,2.9449,True,1.003,delivered within promise
HDEL004395,HORD004395,2018-05-07,2018-05-13,2018-05-11,DHL,Standard,Delivered,0,True,6,10.21,none,6,9,Afternoon,6.3746,True,0.473,delivered within promise
HDEL004396,HORD004396,2018-04-15,2018-04-18,2018-04-18,Direct Freight,Standard,Delivered,0,True,49,7.75,none,3,9,Anytime,6.0532,True,0.523,delivered within promise
HDEL004397,HORD004397,2018-03-11,2018-03-15,2018-03-14,Direct Freight,Standard,Delivered,0,True,72,9.02,none,4,6,Morning,7.3091,True,0.451,delivered within promise
HDEL004398,HORD004398,2018-01-25,2018-01-31,2018-01-31,Direct Freight,Standard,Delivered,0,True,5,8.96,none,6,5,Morning,2.601,True,0.321,delivered within promise
HDEL004399,HORD004399,2018-05-21,2018-05-27,2018-05-26,DHL,Standard,Delivered,0,True,50,6.64,none,6,5,Morning,2.9301,False,0.395,delivered within promise
HDEL004400,HORD004400,2018-08-14,2018-08-19,2018-08-18,StarTrack,Standard,Delivered,0,True,72,11.17,none,5,6,Afternoon,6.8848,True,1.095,delivered within promise
HDEL004401,HORD004401,2018-07-04,2018-07-11,2018-07-10,AusPost,Standard,Delivered,0,True,28,12.62,none,7,8,Afternoon,7.1054,True,0.869,delivered within promise
HDEL004402,HORD004402,2018-02-04,2018-02-09,2018-02-09,DHL,Standard,Delivered,0,True,69,8.56,none,5,4,Afternoon,4.0669,False,0.414,delivered within promise
HDEL004403,HORD004403,2018-06-04,2018-06-08,2018-06-07,AusPost,Standard,Delivered,0,True,71,13.14,none,4,9,Morning,6.2259,False,0.384,delivered within promise
HDEL004404,HORD004404,2018-06-05,2018-06-11,2018-06-10,AusPost,Standard,Delivered,0,True,50,11.12,none,6,4,Afternoon,6.3827,False,0.511,delivered within promise
HDEL004405,HORD004405,2018-11-08,2018-11-14,2018-11-13,Direct Freight,Standard,Delivered,0,True,71,10.28,none,6,9,Morning,5.8765,True,0.562,delivered within promise
HDEL004406,HORD004406,2018-03-19,2018-03-25,2018-03-27,StarTrack,Express,Delivered,2,False,12,15.94,weather,6,7,Anytime,6.1688,True,1.81,carrier scan reconciled
HDEL004407,HORD004407,2018-07-29,2018-08-04,2018-08-03,DHL,Standard,Delivered,0,True,51,10.44,none,6,5,Anytime,4.4275,False,0.45,delivered within promise
HDEL004408,HORD004408,2018-06-11,2018-06-17,2018-06-16,DHL,Standard,Delivered,0,True,57,10.92,none,6,4,Anytime,6.944,True,0.483,delivered within promise
HDEL004409,HORD004409,2018-08-28,2018-09-03,2018-09-01,DHL,Standard,Delivered,0,True,34,9.55,none,6,6,Morning,5.5022,False,0.381,delivered within promise
HDEL004410,HORD004410,2018-01-27,2018-01-30,2018-01-29,Direct Freight,Standard,Delivered,0,True,22,9.68,none,3,9,Afternoon,7.4926,True,0.625,delivered within promise
HDEL004411,HORD004411,2018-11-02,2018-11-08,2018-11-08,Direct Freight,Standard,Delivered,0,True,8,8.68,none,6,4,Afternoon,7.2459,False,0.442,delivered within promise
HDEL004412,HORD004412,2018-12-02,2018-12-09,2018-12-07,StarTrack,Standard,Delivered,0,True,69,11.02,none,7,6,Afternoon,6.7995,True,1.689,delivered within promise
HDEL004413,HORD004413,2018-05-01,2018-05-05,2018-05-07,AusPost,Standard,Delivered,2,False,15,6.27,warehouse_congestion,4,4,Morning,2.7874,True,0.511,carrier scan reconciled
HDEL004414,HORD004414,2018-05-31,2018-06-07,2018-06-06,Direct Freight,Standard,Delivered,0,True,42,8.82,none,7,5,Morning,7.931,True,0.479,delivered within promise
HDEL004415,HORD004415,2018-12-07,2018-12-14,2018-12-14,StarTrack,Express,Delivered,0,True,54,19.95,none,7,7,Morning,5.4918,True,0.885,delivered within promise
HDEL004416,HORD004416,2018-12-01,2018-12-06,2018-12-04,StarTrack,Standard,Delivered,0,True,21,8.94,none,5,3,Afternoon,3.5737,False,0.406,delivered within promise
HDEL004417,HORD004417,2018-04-23,2018-04-27,2018-04-26,AusPost,Standard,Delivered,0,True,10,9.82,none,4,6,Morning,5.8814,True,0.601,delivered within promise
HDEL004418,HORD004418,2018-09-17,2018-09-22,2018-09-21,Direct Freight,Standard,Delivered,0,True,12,8.95,none,5,7,Afternoon,4.4633,True,1.29,delivered within promise
HDEL004419,HORD004419,2018-08-06,2018-08-13,2018-08-12,StarTrack,Standard,Delivered,0,True,72,12.06,none,7,8,Morning,3.6934,True,0.375,delivered within promise
HDEL004420,HORD004420,2018-02-28,2018-03-04,2018-03-04,Direct Freight,Standard,Delivered,0,True,64,10.82,none,4,9,Anytime,7.0423,False,0.373,delivered within promise
HDEL004421,HORD004421,2018-06-01,2018-06-06,2018-06-05,StarTrack,Express,Delivered,0,True,18,16.43,none,5,4,Morning,4.9486,True,1.142,delivered within promise
HDEL004422,HORD004422,2018-03-22,2018-03-26,2018-03-24,AusPost,Standard,Delivered,0,True,40,8.36,none,4,5,Afternoon,4.0376,False,0.859,delivered within promise
HDEL004423,HORD004423,2018-01-15,2018-01-21,2018-01-20,AusPost,Express,Delivered,0,True,44,19.43,none,6,6,Anytime,9.2711,False,0.429,delivered within promise
HDEL004424,HORD004424,2018-10-20,2018-10-26,2018-10-24,AusPost,Express,Delivered,0,True,27,14.11,none,6,6,Morning,3.7343,False,0.393,delivered within promise
HDEL004425,HORD004425,2018-11-21,2018-11-25,2018-11-23,StarTrack,Standard,Delivered,0,True,70,7.24,none,4,6,Morning,2.018,True,0.59,delivered within promise
HDEL004426,HORD004426,2018-07-24,2018-07-30,2018-07-30,AusPost,Standard,Delivered,0,True,59,9.98,none,6,5,Afternoon,2.2355,True,0.724,delivered within promise
HDEL004427,HORD004427,2018-07-10,2018-07-17,2018-07-15,StarTrack,Standard,Delivered,0,True,3,6.97,none,7,4,Afternoon,0.7165,False,0.314,delivered within promise
HDEL004428,HORD004428,2018-01-17,2018-01-21,2018-01-20,StarTrack,Standard,Delivered,0,True,20,9.06,none,4,5,Anytime,6.5568,True,0.523,delivered within promise
HDEL004429,HORD004429,2018-05-17,2018-05-20,2018-05-19,AusPost,Standard,Delivered,0,True,66,7.02,none,3,8,Afternoon,0.9,True,0.285,delivered within promise
HDEL004430,HORD004430,2018-10-18,2018-10-24,2018-10-24,Direct Freight,Standard,Delivered,0,True,10,9.54,none,6,9,Anytime,6.8906,True,1.101,delivered within promise
HDEL004431,HORD004431,2018-12-04,2018-12-10,2018-12-08,DHL,Standard,Delivered,0,True,35,6.72,none,6,5,Anytime,3.0741,True,0.424,delivered within promise
HDEL004432,HORD004432,2018-05-03,2018-05-09,2018-05-09,Direct Freight,Standard,Delivered,0,True,44,8.77,none,6,3,Afternoon,7.276,True,0.582,delivered within promise
HDEL004433,HORD004433,2018-10-06,2018-10-10,2018-10-08,AusPost,Express,Delivered,0,True,20,18.4,none,4,3,Anytime,8.8204,True,0.503,delivered within promise
HDEL004434,HORD004434,2018-11-21,2018-11-25,2018-11-24,DHL,Standard,Delivered,0,True,17,8.13,none,4,6,Afternoon,4.0371,True,1.043,delivered within promise
HDEL004435,HORD004435,2018-04-01,2018-04-05,2018-04-03,DHL,Standard,Delivered,0,True,26,8.22,none,4,6,Morning,3.4785,True,0.391,delivered within promise
HDEL004436,HORD004436,2018-07-25,2018-07-30,2018-07-30,StarTrack,Standard,Delivered,0,True,46,9.55,none,5,6,Morning,4.4075,True,1.011,delivered within promise
HDEL004437,HORD004437,2018-04-23,2018-04-26,2018-04-25,Direct Freight,Standard,Delivered,0,True,6,5.49,none,3,5,Afternoon,0.1725,False,0.259,delivered within promise
HDEL004438,HORD004438,2018-12-21,2018-12-27,2018-12-26,AusPost,Standard,Delivered,0,True,12,6.77,none,6,5,Afternoon,2.9629,True,1.037,delivered within promise
HDEL004439,HORD004439,2018-09-19,2018-09-22,2018-09-20,DHL,Express,Delivered,0,True,23,12.97,none,3,8,Afternoon,1.5776,True,0.37,delivered within promise
HDEL004440,HORD004440,2018-04-17,2018-04-23,2018-04-22,StarTrack,Standard,Delivered,0,True,48,8.56,none,6,4,Morning,5.2666,True,1.478,delivered within promise
HDEL004441,HORD004441,2018-11-22,2018-11-26,2018-11-26,Direct Freight,Standard,Delivered,0,True,50,8.91,none,4,3,Afternoon,4.7074,False,0.384,delivered within promise
HDEL004442,HORD004442,2018-01-16,2018-01-21,2018-01-25,StarTrack,Standard,Delivered,4,False,14,8.11,carrier_capacity,5,9,Anytime,4.7326,True,0.487,carrier scan reconciled
HDEL004443,HORD004443,2018-09-06,2018-09-12,2018-09-11,AusPost,Standard,Delivered,0,True,48,7.66,none,6,6,Morning,2.8697,True,0.4,delivered within promise
HDEL004444,HORD004444,2018-03-03,2018-03-06,2018-03-06,AusPost,Express,Delivered,0,True,69,16.08,none,3,5,Afternoon,5.4863,True,0.43,delivered within promise
HDEL004445,HORD004445,2018-08-31,2018-09-04,2018-09-03,DHL,Express,Delivered,0,True,56,27.0,none,4,4,Morning,7.5021,True,0.59,delivered within promise
HDEL004446,HORD004446,2018-05-31,2018-06-04,2018-06-04,Direct Freight,Standard,Delivered,0,True,13,6.56,none,4,8,Afternoon,1.5776,True,0.493,delivered within promise
HDEL004447,HORD004447,2018-07-23,2018-07-27,2018-07-26,Direct Freight,Express,Delivered,0,True,9,21.85,none,4,7,Anytime,1.5895,True,0.477,delivered within promise
HDEL004448,HORD004448,2018-05-07,2018-05-13,2018-05-12,AusPost,Standard,Delivered,0,True,66,5.25,none,6,5,Anytime,0.1378,False,0.212,delivered within promise
HDEL004449,HORD004449,2018-09-28,2018-10-03,2018-10-03,AusPost,Standard,Delivered,0,True,49,8.93,none,5,9,Morning,6.1688,False,0.509,delivered within promise
HDEL004450,HORD004450,2018-09-11,2018-09-16,2018-09-14,Direct Freight,Standard,Delivered,0,True,7,6.8,none,5,7,Anytime,3.8058,False,0.294,delivered within promise
HDEL004451,HORD004451,2018-08-20,2018-08-27,2018-08-25,DHL,Standard,Delivered,0,True,15,12.65,none,7,3,Anytime,8.3,True,0.623,delivered within promise
HDEL004452,HORD004452,2018-01-29,2018-02-03,2018-02-01,Direct Freight,Standard,Delivered,0,True,58,8.47,none,5,5,Anytime,7.0756,True,0.608,delivered within promise
HDEL004453,HORD004453,2018-06-09,2018-06-12,2018-06-11,Direct Freight,Express,Delivered,0,True,59,24.22,none,3,8,Afternoon,7.7904,True,0.654,delivered within promise
HDEL004454,HORD004454,2018-10-07,2018-10-13,2018-10-12,AusPost,Standard,Delivered,0,True,56,7.15,none,6,3,Anytime,3.2414,True,0.404,delivered within promise
HDEL004455,HORD004455,2018-04-16,2018-04-20,2018-04-19,Direct Freight,Standard,Delivered,0,True,2,8.03,none,4,4,Morning,3.6475,False,0.387,delivered within promise
HDEL004456,HORD004456,2018-04-04,2018-04-08,2018-04-07,StarTrack,Standard,Delivered,0,True,59,5.65,none,4,8,Morning,1.0784,False,0.231,delivered within promise
HDEL004457,HORD004457,2018-07-26,2018-07-31,2018-07-29,AusPost,Standard,Delivered,0,True,8,12.3,none,5,8,Afternoon,4.4593,False,0.334,delivered within promise
HDEL004458,HORD004458,2018-01-10,2018-01-13,2018-01-12,DHL,Standard,Delivered,0,True,4,8.47,none,3,5,Morning,3.186,False,0.328,delivered within promise
HDEL004459,HORD004459,2018-07-15,2018-07-22,2018-07-21,StarTrack,Standard,Delivered,0,True,32,12.62,none,7,6,Morning,9.7141,True,0.496,delivered within promise
HDEL004460,HORD004460,2018-04-08,2018-04-12,2018-04-17,StarTrack,Standard,Delivered,5,False,6,8.79,warehouse_congestion,4,9,Anytime,6.983,True,0.444,carrier scan reconciled
HDEL004461,HORD004461,2018-06-06,2018-06-10,2018-06-08,StarTrack,Standard,Delivered,0,True,68,10.37,none,4,8,Afternoon,3.6744,False,0.348,delivered within promise
HDEL004462,HORD004462,2018-01-22,2018-01-27,2018-01-26,AusPost,Express,Delivered,0,True,13,16.41,none,5,7,Morning,5.9442,True,0.553,delivered within promise
HDEL004463,HORD004463,2018-09-21,2018-09-25,2018-09-24,Direct Freight,Express,Delivered,0,True,64,17.16,none,4,5,Morning,4.9215,True,0.508,delivered within promise
HDEL004464,HORD004464,2018-07-27,2018-08-01,2018-08-01,DHL,Standard,Delivered,0,True,39,9.8,none,5,7,Anytime,3.9724,True,0.739,delivered within promise
HDEL004465,HORD004465,2018-05-19,2018-05-25,2018-05-24,AusPost,Standard,Delivered,0,True,28,7.45,none,6,8,Anytime,1.5938,True,0.401,delivered within promise
HDEL004466,HORD004466,2018-09-05,2018-09-08,2018-09-08,StarTrack,Standard,Delivered,0,True,58,7.61,none,3,4,Morning,5.5563,True,0.88,delivered within promise
HDEL004467,HORD004467,2018-09-29,2018-10-05,2018-10-03,DHL,Standard,Delivered,0,True,7,10.79,none,6,5,Morning,6.0476,False,0.372,delivered within promise
HDEL004468,HORD004468,2018-04-22,2018-04-28,2018-04-27,AusPost,Express,Delivered,0,True,45,20.23,none,6,9,Afternoon,6.9556,True,0.54,delivered within promise
HDEL004469,HORD004469,2018-12-06,2018-12-11,2018-12-09,StarTrack,Standard,Delivered,0,True,63,9.92,none,5,8,Anytime,9.0452,True,1.591,delivered within promise
HDEL004470,HORD004470,2018-04-28,2018-05-02,2018-04-30,Direct Freight,Standard,Delivered,0,True,27,7.47,none,4,8,Afternoon,3.4289,True,0.458,delivered within promise
HDEL004471,HORD004471,2018-02-11,2018-02-14,2018-02-13,Direct Freight,Standard,Delivered,0,True,41,9.07,none,3,6,Morning,4.0259,False,0.356,delivered within promise
HDEL004472,HORD004472,2018-01-08,2018-01-11,2018-01-11,Direct Freight,Standard,Delivered,0,True,73,10.43,none,3,3,Afternoon,4.9022,True,0.928,delivered within promise
HDEL004473,HORD004473,2018-12-05,2018-12-09,2018-12-08,StarTrack,Standard,Delivered,0,True,26,8.07,none,4,9,Afternoon,3.7704,False,0.33,delivered within promise
HDEL004474,HORD004474,2018-08-20,2018-08-27,2018-08-27,StarTrack,Standard,Delivered,0,True,73,8.02,none,7,4,Anytime,1.0071,True,0.309,delivered within promise
HDEL004475,HORD004475,2018-02-26,2018-03-04,2018-03-02,StarTrack,Standard,Delivered,0,True,19,9.43,none,6,9,Morning,4.2248,False,0.324,delivered within promise
HDEL004476,HORD004476,2018-01-06,2018-01-12,2018-01-14,Direct Freight,Standard,Delivered,2,False,70,8.9,warehouse_congestion,6,5,Morning,3.5737,True,0.572,carrier scan reconciled
HDEL004477,HORD004477,2018-10-30,2018-11-05,2018-11-03,Direct Freight,Standard,Delivered,0,True,73,8.32,none,6,9,Afternoon,4.4633,True,1.053,delivered within promise
HDEL004478,HORD004478,2018-08-28,2018-09-04,2018-09-02,StarTrack,Standard,Delivered,0,True,69,11.6,none,7,6,Anytime,5.5821,True,0.365,delivered within promise
HDEL004479,HORD004479,2018-09-29,2018-10-04,2018-10-02,DHL,Standard,Delivered,0,True,62,6.91,none,5,7,Afternoon,1.6321,True,0.312,delivered within promise
HDEL004480,HORD004480,2018-12-12,2018-12-18,2018-12-16,DHL,Standard,Delivered,0,True,31,9.12,none,6,6,Afternoon,5.8022,True,0.587,delivered within promise
HDEL004481,HORD004481,2018-03-05,2018-03-12,2018-03-10,AusPost,Express,Delivered,0,True,53,18.73,none,7,4,Anytime,3.5976,True,0.8,delivered within promise
HDEL004482,HORD004482,2018-08-14,2018-08-17,2018-08-15,AusPost,Express,Delivered,0,True,25,23.0,none,3,5,Anytime,5.2882,True,0.465,delivered within promise
HDEL004483,HORD004483,2018-01-27,2018-01-31,2018-01-31,StarTrack,Standard,Delivered,0,True,32,12.32,none,4,9,Anytime,9.3352,True,1.151,delivered within promise
HDEL004484,HORD004484,2018-11-20,2018-11-23,2018-11-21,Direct Freight,Express,Delivered,0,True,15,21.04,none,3,3,Morning,8.9675,False,0.535,delivered within promise
HDEL004485,HORD004485,2018-03-05,2018-03-08,2018-03-07,Direct Freight,Standard,Delivered,0,True,48,13.16,none,3,3,Morning,9.687,True,0.586,delivered within promise
HDEL004486,HORD004486,2018-11-18,2018-11-22,2018-11-21,DHL,Standard,Delivered,0,True,61,9.05,none,4,6,Morning,4.6357,True,0.708,delivered within promise
HDEL004487,HORD004487,2018-08-25,2018-08-28,2018-08-27,AusPost,Standard,Delivered,0,True,5,12.71,none,3,8,Afternoon,7.1054,True,0.996,delivered within promise
HDEL004488,HORD004488,2018-07-23,2018-07-26,2018-07-28,Direct Freight,Standard,Delivered,2,False,4,10.15,warehouse_congestion,3,3,Afternoon,5.6307,True,0.464,carrier scan reconciled
HDEL004489,HORD004489,2018-08-30,2018-09-06,2018-09-06,DHL,Standard,Delivered,0,True,24,10.54,none,7,8,Anytime,3.5976,True,0.796,delivered within promise
HDEL004490,HORD004490,2018-11-14,2018-11-21,2018-11-20,AusPost,Standard,Delivered,0,True,73,12.39,none,7,8,Afternoon,8.8204,True,1.346,delivered within promise
HDEL004491,HORD004491,2018-02-27,2018-03-03,2018-03-01,DHL,Standard,Delivered,0,True,9,6.74,none,4,8,Morning,0.053,True,0.294,delivered within promise
HDEL004492,HORD004492,2018-02-17,2018-02-24,2018-02-22,Direct Freight,Standard,Delivered,0,True,66,7.83,none,7,9,Morning,2.0015,False,0.316,delivered within promise
HDEL004493,HORD004493,2018-06-06,2018-06-12,2018-06-11,StarTrack,Standard,Delivered,0,True,23,11.79,none,6,8,Anytime,4.0705,False,0.368,delivered within promise
HDEL004494,HORD004494,2018-04-03,2018-04-08,2018-04-07,AusPost,Standard,Delivered,0,True,49,9.5,none,5,7,Afternoon,4.6007,True,0.617,delivered within promise
HDEL004495,HORD004495,2018-07-07,2018-07-11,2018-07-11,Direct Freight,Standard,Delivered,0,True,43,10.69,none,4,9,Morning,3.2797,True,0.574,delivered within promise
HDEL004496,HORD004496,2018-04-23,2018-04-29,2018-04-27,AusPost,Express,Delivered,0,True,46,20.68,none,6,4,Morning,7.9755,False,0.433,delivered within promise
HDEL004497,HORD004497,2018-12-29,2019-01-03,2019-01-02,AusPost,Standard,Delivered,0,True,39,11.58,none,5,5,Afternoon,8.3886,False,1.051,delivered within promise
HDEL004498,HORD004498,2018-01-28,2018-02-03,2018-02-01,DHL,Standard,Delivered,0,True,63,8.54,none,6,4,Morning,7.2568,True,0.53,delivered within promise
HDEL004499,HORD004499,2018-07-10,2018-07-13,2018-07-12,StarTrack,Express,Delivered,0,True,8,23.02,none,3,8,Morning,3.3418,False,0.366,delivered within promise
HDEL004500,HORD004500,2018-11-14,2018-11-19,2018-11-19,DHL,Standard,Delivered,0,True,53,10.37,none,5,8,Anytime,7.9406,True,0.585,delivered within promise
HDEL004501,HORD004501,2018-04-19,2018-04-25,2018-04-24,StarTrack,Express,Delivered,0,True,67,21.06,none,6,5,Anytime,6.3746,True,0.474,delivered within promise
HDEL004502,HORD004502,2018-06-30,2018-07-04,2018-07-03,AusPost,Standard,Delivered,0,True,6,13.84,none,4,7,Anytime,6.3492,True,0.382,delivered within promise
HDEL004503,HORD004503,2018-12-23,2018-12-29,2018-12-30,StarTrack,Standard,Delivered,1,False,73,10.14,weather,6,6,Morning,6.8585,True,1.229,carrier scan reconciled
HDEL004504,HORD004504,2018-07-28,2018-07-31,2018-07-31,StarTrack,Standard,Delivered,0,True,54,12.9,none,3,9,Afternoon,5.4433,False,0.377,delivered within promise
HDEL004505,HORD004505,2018-06-12,2018-06-16,2018-06-15,DHL,Standard,Delivered,0,True,27,11.85,none,4,9,Afternoon,5.83,True,0.494,delivered within promise
HDEL004506,HORD004506,2018-05-20,2018-05-26,2018-05-28,DHL,Standard,Delivered,2,False,48,5.83,warehouse_congestion,6,5,Afternoon,0.3679,True,0.339,carrier scan reconciled
HDEL004507,HORD004507,2018-01-29,2018-02-01,2018-02-01,DHL,Standard,Delivered,0,True,72,7.1,none,3,5,Anytime,0.3679,True,1.008,delivered within promise
HDEL004508,HORD004508,2018-03-27,2018-04-02,2018-03-31,AusPost,Standard,Delivered,0,True,8,8.1,none,6,7,Afternoon,6.7349,False,0.45,delivered within promise
HDEL004509,HORD004509,2018-03-22,2018-03-26,2018-03-25,StarTrack,Express,Delivered,0,True,35,16.8,none,4,5,Anytime,6.0532,False,0.384,delivered within promise
HDEL004510,HORD004510,2018-03-27,2018-04-01,2018-03-30,DHL,Express,Delivered,0,True,47,20.61,none,5,3,Morning,6.9394,False,0.441,delivered within promise
HDEL004511,HORD004511,2018-05-13,2018-05-19,2018-05-17,AusPost,Standard,Delivered,0,True,12,10.74,none,6,6,Morning,7.7046,True,0.877,delivered within promise
HDEL004512,HORD004512,2018-12-20,2018-12-24,2018-12-22,StarTrack,Standard,Delivered,0,True,63,9.09,none,4,8,Afternoon,8.301,False,0.539,delivered within promise
HDEL004513,HORD004513,2018-07-18,2018-07-23,2018-07-22,AusPost,Standard,Delivered,0,True,4,9.13,none,5,8,Afternoon,4.4275,True,1.082,delivered within promise
HDEL004514,HORD004514,2018-10-14,2018-10-21,2018-10-19,DHL,Standard,Delivered,0,True,48,10.23,none,7,5,Anytime,5.4548,True,0.522,delivered within promise
HDEL004515,HORD004515,2018-03-09,2018-03-15,2018-03-15,AusPost,Standard,Delivered,0,True,41,7.87,none,6,4,Afternoon,6.2605,False,0.357,delivered within promise
HDEL004516,HORD004516,2018-12-07,2018-12-12,2018-12-15,DHL,Standard,Delivered,3,False,27,11.57,weather,5,5,Afternoon,6.8848,True,0.476,carrier scan reconciled
HDEL004517,HORD004517,2018-07-23,2018-07-30,2018-07-29,Direct Freight,Standard,Delivered,0,True,15,10.34,none,7,7,Afternoon,3.5087,True,0.45,delivered within promise
HDEL004518,HORD004518,2018-07-02,2018-07-07,2018-07-07,AusPost,Standard,Delivered,0,True,47,12.96,none,5,6,Anytime,6.9572,False,0.45,delivered within promise
HDEL004519,HORD004519,2018-08-08,2018-08-11,2018-08-09,Direct Freight,Standard,Delivered,0,True,60,10.44,none,3,7,Anytime,7.1087,False,0.98,delivered within promise
HDEL004520,HORD004520,2018-02-10,2018-02-16,2018-02-15,DHL,Standard,Delivered,0,True,64,8.53,none,6,5,Anytime,5.972,False,0.405,delivered within promise
HDEL004521,HORD004521,2018-11-07,2018-11-12,2018-11-10,StarTrack,Standard,Delivered,0,True,65,10.87,none,5,5,Afternoon,8.5645,True,0.703,delivered within promise
HDEL004522,HORD004522,2018-09-08,2018-09-11,2018-09-10,Direct Freight,Standard,Delivered,0,True,31,5.63,none,3,9,Morning,0.3467,True,0.327,delivered within promise
HDEL004523,HORD004523,2018-07-02,2018-07-05,2018-07-04,Direct Freight,Standard,Delivered,0,True,64,12.71,none,3,7,Anytime,7.6404,True,0.481,delivered within promise
HDEL004524,HORD004524,2018-02-21,2018-02-27,2018-02-25,AusPost,Standard,Delivered,0,True,73,10.22,none,6,3,Morning,5.3249,True,0.444,delivered within promise
HDEL004525,HORD004525,2018-05-30,2018-06-04,2018-06-04,StarTrack,Standard,Delivered,0,True,61,7.65,none,5,4,Morning,6.0031,False,0.427,delivered within promise
HDEL004526,HORD004526,2018-03-21,2018-03-27,2018-03-25,StarTrack,Standard,Delivered,0,True,13,8.16,none,6,4,Anytime,5.9006,True,0.697,delivered within promise
HDEL004527,HORD004527,2018-03-20,2018-03-24,2018-03-23,Direct Freight,Standard,Delivered,0,True,59,8.36,none,4,8,Morning,7.278,True,0.489,delivered within promise
HDEL004528,HORD004528,2018-09-20,2018-09-24,2018-09-24,StarTrack,Standard,Delivered,0,True,59,5.41,none,4,3,Anytime,0.9,True,0.476,delivered within promise
HDEL004529,HORD004529,2018-07-31,2018-08-05,2018-08-04,StarTrack,Standard,Delivered,0,True,4,11.55,none,5,4,Afternoon,7.3091,True,0.518,delivered within promise
HDEL004530,HORD004530,2018-08-16,2018-08-22,2018-08-22,AusPost,Express,Delivered,0,True,65,24.44,none,6,6,Anytime,8.085,True,0.607,delivered within promise
HDEL004531,HORD004531,2018-01-06,2018-01-13,2018-01-13,DHL,Standard,Delivered,0,True,65,12.65,none,7,4,Anytime,8.344,True,0.494,delivered within promise
HDEL004532,HORD004532,2018-12-13,2018-12-17,2018-12-16,AusPost,Standard,Delivered,0,True,21,11.72,none,4,8,Morning,7.9059,True,1.084,delivered within promise
HDEL004533,HORD004533,2018-04-23,2018-04-28,2018-04-27,StarTrack,Express,Delivered,0,True,34,17.9,none,5,7,Anytime,3.6934,True,0.992,delivered within promise
HDEL004534,HORD004534,2018-01-21,2018-01-28,2018-01-26,Direct Freight,Standard,Delivered,0,True,39,7.01,none,7,6,Morning,1.5895,True,0.333,delivered within promise
HDEL004535,HORD004535,2018-08-22,2018-08-25,2018-08-23,AusPost,Standard,Delivered,0,True,7,13.05,none,3,4,Afternoon,6.9396,True,0.543,delivered within promise
HDEL004536,HORD004536,2018-09-29,2018-10-04,2018-10-02,AusPost,Standard,Delivered,0,True,67,6.03,none,5,7,Anytime,0.7165,False,0.327,delivered within promise
HDEL004537,HORD004537,2018-08-16,2018-08-19,2018-08-18,AusPost,Standard,Delivered,0,True,2,11.7,none,3,6,Afternoon,4.1904,True,0.438,delivered within promise
HDEL004538,HORD004538,2018-06-03,2018-06-09,2018-06-08,Direct Freight,Standard,Delivered,0,True,29,7.13,none,6,9,Afternoon,0.1725,False,0.255,delivered within promise
HDEL004539,HORD004539,2018-01-29,2018-02-01,2018-01-31,AusPost,Standard,Delivered,0,True,51,8.62,none,3,3,Anytime,4.8483,False,0.355,delivered within promise
HDEL004540,HORD004540,2018-05-27,2018-05-31,2018-05-29,DHL,Standard,Delivered,0,True,64,5.55,none,4,3,Afternoon,0.9,True,0.5,delivered within promise
HDEL004541,HORD004541,2018-09-17,2018-09-23,2018-09-22,StarTrack,Standard,Delivered,0,True,44,8.12,none,6,4,Afternoon,3.1405,True,0.455,delivered within promise
HDEL004542,HORD004542,2018-10-29,2018-11-03,2018-11-02,Direct Freight,Standard,Delivered,0,True,33,9.71,none,5,3,Afternoon,4.8483,False,0.31,delivered within promise
HDEL004543,HORD004543,2018-08-04,2018-08-08,2018-08-08,DHL,Express,Delivered,0,True,25,25.48,none,4,5,Anytime,9.687,False,0.438,delivered within promise
HDEL004544,HORD004544,2018-07-04,2018-07-09,2018-07-09,StarTrack,Express,Delivered,0,True,48,24.62,none,5,9,Afternoon,6.2684,False,0.392,delivered within promise
HDEL004545,HORD004545,2018-12-15,2018-12-19,2018-12-17,StarTrack,Express,Delivered,0,True,22,18.45,none,4,8,Morning,4.1421,True,0.385,delivered within promise
HDEL004546,HORD004546,2018-09-12,2018-09-18,2018-09-22,Direct Freight,Express,Delivered,4,False,29,19.11,warehouse_congestion,6,9,Afternoon,6.1208,True,0.589,carrier scan reconciled
HDEL004547,HORD004547,2018-05-15,2018-05-22,2018-05-20,StarTrack,Standard,Delivered,0,True,59,6.28,none,7,6,Morning,2.9449,True,0.56,delivered within promise
HDEL004548,HORD004548,2018-11-17,2018-11-20,2018-11-20,DHL,Standard,Delivered,0,True,64,6.16,none,3,5,Anytime,0.87,False,0.238,delivered within promise
HDEL004549,HORD004549,2018-04-25,2018-05-02,2018-05-01,DHL,Express,Delivered,0,True,4,15.89,none,7,8,Morning,2.0846,True,0.435,delivered within promise
HDEL004550,HORD004550,2018-10-07,2018-10-13,2018-10-13,DHL,Standard,Delivered,0,True,6,6.41,none,6,7,Afternoon,1.7795,True,0.321,delivered within promise
HDEL004551,HORD004551,2018-12-22,2018-12-27,2018-12-31,AusPost,Standard,Delivered,4,False,28,9.92,weather,5,8,Morning,7.1054,False,0.368,carrier scan reconciled
HDEL004552,HORD004552,2018-09-01,2018-09-04,2018-09-04,AusPost,Standard,Delivered,0,True,59,9.41,none,3,7,Afternoon,4.2137,True,1.113,delivered within promise
HDEL004553,HORD004553,2018-06-12,2018-06-16,2018-06-16,Direct Freight,Standard,Delivered,0,True,10,9.69,none,4,5,Afternoon,4.6923,True,0.697,delivered within promise
HDEL004554,HORD004554,2018-12-24,2018-12-28,2018-12-28,Direct Freight,Standard,Delivered,0,True,24,7.73,none,4,6,Anytime,4.677,True,0.519,delivered within promise
HDEL004555,HORD004555,2018-10-28,2018-11-03,2018-11-03,Direct Freight,Standard,Delivered,0,True,5,8.64,none,6,8,Morning,7.931,True,1.16,delivered within promise
HDEL004556,HORD004556,2018-07-08,2018-07-12,2018-07-12,StarTrack,Express,Delivered,0,True,40,21.42,none,4,8,Anytime,6.6135,True,0.439,delivered within promise
HDEL004557,HORD004557,2018-05-19,2018-05-23,2018-05-22,DHL,Standard,Delivered,0,True,3,10.21,none,4,8,Morning,6.7995,False,0.388,delivered within promise
HDEL004558,HORD004558,2018-01-17,2018-01-20,2018-01-20,DHL,Standard,Delivered,0,True,24,7.82,none,3,8,Afternoon,4.4903,False,0.358,delivered within promise
HDEL004559,HORD004559,2018-05-25,2018-05-29,2018-05-27,StarTrack,Standard,Delivered,0,True,24,8.54,none,4,5,Anytime,4.9486,True,0.424,delivered within promise
HDEL004560,HORD004560,2018-07-07,2018-07-11,2018-07-11,AusPost,Standard,Delivered,0,True,70,13.65,none,4,4,Anytime,6.3062,True,0.459,delivered within promise
HDEL004561,HORD004561,2018-06-03,2018-06-10,2018-06-12,Direct Freight,Standard,Delivered,2,False,57,5.52,weather,7,7,Morning,1.0772,False,0.378,carrier scan reconciled
HDEL004562,HORD004562,2018-04-28,2018-05-02,2018-05-02,Direct Freight,Standard,Delivered,0,True,50,11.36,none,4,6,Afternoon,7.1568,False,0.5,delivered within promise
HDEL004563,HORD004563,2018-06-06,2018-06-10,2018-06-08,AusPost,Standard,Delivered,0,True,69,10.94,none,4,9,Afternoon,7.0756,True,0.549,delivered within promise
HDEL004564,HORD004564,2018-10-04,2018-10-07,2018-10-05,AusPost,Standard,Delivered,0,True,28,10.25,none,3,8,Morning,8.0606,False,0.432,delivered within promise
HDEL004565,HORD004565,2018-05-01,2018-05-05,2018-05-03,AusPost,Standard,Delivered,0,True,37,11.16,none,4,3,Morning,9.0452,False,0.432,delivered within promise
HDEL004566,HORD004566,2018-07-20,2018-07-25,2018-07-23,StarTrack,Standard,Delivered,0,True,30,11.95,none,5,5,Anytime,6.6906,True,0.476,delivered within promise
HDEL004567,HORD004567,2018-09-14,2018-09-21,2018-09-26,StarTrack,Standard,Delivered,5,False,46,9.32,warehouse_congestion,7,8,Anytime,5.1765,True,0.403,carrier scan reconciled
HDEL004568,HORD004568,2018-08-01,2018-08-08,2018-08-08,AusPost,Standard,Delivered,0,True,25,10.17,none,7,3,Morning,3.7704,True,0.542,delivered within promise
HDEL004569,HORD004569,2018-07-20,2018-07-23,2018-07-22,StarTrack,Standard,Delivered,0,True,50,13.85,none,3,9,Morning,6.3062,True,0.495,delivered within promise
HDEL004570,HORD004570,2018-06-26,2018-06-29,2018-06-29,Direct Freight,Standard,Delivered,0,True,37,10.31,none,3,6,Anytime,6.0532,True,0.446,delivered within promise
HDEL004571,HORD004571,2018-04-29,2018-05-04,2018-05-04,Direct Freight,Standard,Delivered,0,True,28,8.72,none,5,4,Afternoon,3.4289,False,0.345,delivered within promise
HDEL004572,HORD004572,2018-05-22,2018-05-27,2018-05-26,Direct Freight,Standard,Delivered,0,True,7,11.12,none,5,5,Morning,10.4906,True,0.886,delivered within promise
HDEL004573,HORD004573,2018-12-11,2018-12-18,2018-12-18,AusPost,Standard,Delivered,0,True,58,11.09,none,7,3,Anytime,6.3746,True,0.525,delivered within promise
HDEL004574,HORD004574,2018-08-28,2018-09-04,2018-09-04,StarTrack,Standard,Delivered,0,True,52,10.58,none,7,9,Afternoon,6.1231,True,0.511,delivered within promise
HDEL004575,HORD004575,2018-12-17,2018-12-23,2018-12-23,DHL,Standard,Delivered,0,True,21,8.52,none,6,4,Morning,3.7862,True,0.434,delivered within promise
HDEL004576,HORD004576,2018-05-24,2018-05-28,2018-05-27,StarTrack,Standard,Delivered,0,True,11,9.84,none,4,5,Afternoon,9.7072,True,1.183,delivered within promise
HDEL004577,HORD004577,2018-12-18,2018-12-23,2018-12-23,AusPost,Standard,Delivered,0,True,35,8.55,none,5,5,Morning,7.0423,False,0.433,delivered within promise
HDEL004578,HORD004578,2018-09-08,2018-09-12,2018-09-10,DHL,Express,Delivered,0,True,21,14.58,none,4,7,Morning,2.0944,True,0.409,delivered within promise
HDEL004579,HORD004579,2018-03-20,2018-03-26,2018-03-26,Direct Freight,Express,Delivered,0,True,44,16.34,none,6,9,Afternoon,3.1348,True,0.524,delivered within promise
HDEL004580,HORD004580,2018-07-27,2018-08-01,2018-08-01,Direct Freight,Standard,Delivered,0,True,71,11.28,none,5,6,Anytime,5.5821,True,0.541,delivered within promise
HDEL004581,HORD004581,2018-07-05,2018-07-09,2018-07-07,StarTrack,Standard,Delivered,0,True,36,13.82,none,4,4,Anytime,6.7995,False,0.41,delivered within promise
HDEL004582,HORD004582,2018-07-27,2018-07-30,2018-07-30,AusPost,Standard,Delivered,0,True,4,9.48,none,3,7,Anytime,3.4727,True,0.905,delivered within promise
HDEL004583,HORD004583,2018-04-28,2018-05-05,2018-05-03,Direct Freight,Standard,Delivered,0,True,15,11.61,none,7,3,Anytime,7.931,False,0.506,delivered within promise
HDEL004584,HORD004584,2018-10-31,2018-11-03,2018-11-01,AusPost,Standard,Delivered,0,True,6,7.89,none,3,5,Morning,3.4289,True,1.581,delivered within promise
HDEL004585,HORD004585,2018-03-17,2018-03-20,2018-03-19,DHL,Standard,Delivered,0,True,73,9.87,none,3,8,Morning,5.1961,False,0.39,delivered within promise
HDEL004586,HORD004586,2018-09-05,2018-09-12,2018-09-12,AusPost,Standard,Delivered,0,True,67,6.15,none,7,8,Anytime,1.4145,True,1.154,delivered within promise
HDEL004587,HORD004587,2018-08-17,2018-08-20,2018-08-18,DHL,Standard,Delivered,0,True,41,8.3,none,3,6,Morning,2.0944,True,0.3,delivered within promise
HDEL004588,HORD004588,2018-05-20,2018-05-26,2018-05-24,StarTrack,Standard,Delivered,0,True,4,10.05,none,6,4,Anytime,7.0002,True,2.004,delivered within promise
HDEL004589,HORD004589,2018-03-31,2018-04-06,2018-04-06,AusPost,Standard,Delivered,0,True,10,7.31,none,6,5,Afternoon,2.8256,True,0.902,delivered within promise
HDEL004590,HORD004590,2018-04-20,2018-04-24,2018-04-23,AusPost,Standard,Delivered,0,True,41,6.17,none,4,9,Morning,3.0741,True,0.353,delivered within promise
HDEL004591,HORD004591,2018-03-20,2018-03-25,2018-03-25,DHL,Standard,Delivered,0,True,34,8.85,none,5,5,Morning,3.4447,True,0.371,delivered within promise
HDEL004592,HORD004592,2018-04-05,2018-04-12,2018-04-10,DHL,Standard,Delivered,0,True,11,8.47,none,7,7,Anytime,6.6691,False,0.394,delivered within promise
HDEL004593,HORD004593,2018-09-24,2018-09-30,2018-09-30,StarTrack,Standard,Delivered,0,True,73,9.15,none,6,9,Anytime,4.0259,True,1.799,delivered within promise
HDEL004594,HORD004594,2018-02-03,2018-02-10,2018-02-08,AusPost,Standard,Delivered,0,True,52,9.35,none,7,4,Morning,8.0765,True,1.085,delivered within promise
HDEL004595,HORD004595,2018-10-23,2018-10-28,2018-10-27,Direct Freight,Standard,Delivered,0,True,22,12.21,none,5,3,Morning,9.9192,True,0.531,delivered within promise
HDEL004596,HORD004596,2018-12-02,2018-12-08,2018-12-06,DHL,Standard,Delivered,0,True,50,8.09,none,6,4,Afternoon,2.9812,False,0.325,delivered within promise
HDEL004597,HORD004597,2018-05-14,2018-05-17,2018-05-17,DHL,Express,Delivered,0,True,67,15.6,none,3,7,Anytime,7.039,True,1.798,delivered within promise
HDEL004598,HORD004598,2018-06-07,2018-06-14,2018-06-13,Direct Freight,Express,Delivered,0,True,66,18.87,none,7,6,Morning,4.0259,True,0.493,delivered within promise
HDEL004599,HORD004599,2018-02-07,2018-02-12,2018-02-10,Direct Freight,Standard,Delivered,0,True,57,7.96,none,5,5,Afternoon,3.4859,False,0.37,delivered within promise
HDEL004600,HORD004600,2018-10-15,2018-10-20,2018-10-18,AusPost,Standard,Delivered,0,True,63,9.28,none,5,6,Anytime,7.4558,True,0.966,delivered within promise
HDEL004601,HORD004601,2018-01-31,2018-02-06,2018-02-06,AusPost,Standard,Delivered,0,True,15,8.05,none,6,7,Anytime,4.8879,True,0.542,delivered within promise
HDEL004602,HORD004602,2018-06-17,2018-06-23,2018-06-22,AusPost,Standard,Delivered,0,True,64,7.32,none,6,3,Morning,0.3467,True,0.365,delivered within promise
HDEL004603,HORD004603,2018-04-10,2018-04-16,2018-04-15,StarTrack,Standard,Delivered,0,True,69,12.6,none,6,8,Morning,9.9192,False,0.596,delivered within promise
HDEL004604,HORD004604,2018-07-12,2018-07-19,2018-07-18,Direct Freight,Standard,Delivered,0,True,24,10.87,none,7,7,Morning,5.1954,True,1.144,delivered within promise
HDEL004605,HORD004605,2018-01-07,2018-01-13,2018-01-13,Direct Freight,Standard,Delivered,0,True,55,11.6,none,6,9,Afternoon,8.0565,True,1.198,delivered within promise
HDEL004606,HORD004606,2018-07-17,2018-07-24,2018-07-24,DHL,Standard,Delivered,0,True,45,9.86,none,7,8,Morning,1.698,True,0.252,delivered within promise
HDEL004607,HORD004607,2018-09-17,2018-09-24,2018-09-22,DHL,Standard,Delivered,0,True,21,9.1,none,7,3,Anytime,4.6506,True,0.475,delivered within promise
HDEL004608,HORD004608,2018-05-04,2018-05-11,2018-05-11,AusPost,Express,Delivered,0,True,32,19.06,none,7,8,Anytime,3.8216,True,0.34,delivered within promise
HDEL004609,HORD004609,2018-01-29,2018-02-03,2018-02-01,Direct Freight,Standard,Delivered,0,True,44,10.33,none,5,5,Morning,6.1407,True,0.522,delivered within promise
HDEL004610,HORD004610,2018-12-31,2019-01-06,2019-01-04,AusPost,Standard,Delivered,0,True,8,9.77,none,6,5,Afternoon,4.8483,True,0.857,delivered within promise
HDEL004611,HORD004611,2018-12-08,2018-12-15,2018-12-13,AusPost,Express,Delivered,0,True,70,18.04,none,7,4,Afternoon,2.9301,False,0.324,delivered within promise
HDEL004612,HORD004612,2018-11-14,2018-11-20,2018-11-19,Direct Freight,Standard,Delivered,0,True,28,9.97,none,6,9,Anytime,7.4582,True,0.527,delivered within promise
HDEL004613,HORD004613,2018-12-08,2018-12-12,2018-12-11,Direct Freight,Standard,Delivered,0,True,17,8.44,none,4,6,Anytime,2.0932,False,0.306,delivered within promise
HDEL004614,HORD004614,2018-09-22,2018-09-26,2018-09-24,AusPost,Standard,Delivered,0,True,14,11.55,none,4,9,Morning,7.5021,True,0.527,delivered within promise
HDEL004615,HORD004615,2018-10-20,2018-10-23,2018-10-22,StarTrack,Standard,Delivered,0,True,21,8.72,none,3,4,Anytime,2.9046,True,0.346,delivered within promise
HDEL004616,HORD004616,2018-06-27,2018-07-02,2018-07-02,StarTrack,Standard,Delivered,0,True,13,12.37,none,5,3,Morning,4.4593,False,0.377,delivered within promise
HDEL004617,HORD004617,2018-03-31,2018-04-05,2018-04-04,AusPost,Standard,Delivered,0,True,52,8.31,none,5,3,Morning,5.1789,False,0.359,delivered within promise
HDEL004618,HORD004618,2018-09-04,2018-09-07,2018-09-06,Direct Freight,Standard,Delivered,0,True,72,9.67,none,3,7,Anytime,5.1765,True,0.408,delivered within promise
HDEL004619,HORD004619,2018-07-30,2018-08-03,2018-08-03,DHL,Standard,Delivered,0,True,60,10.3,none,4,5,Afternoon,2.5527,False,0.319,delivered within promise
HDEL004620,HORD004620,2018-10-11,2018-10-18,2018-10-16,DHL,Standard,Delivered,0,True,24,8.72,none,7,9,Afternoon,3.6955,False,0.982,delivered within promise
HDEL004621,HORD004621,2018-12-04,2018-12-10,2018-12-08,Direct Freight,Standard,Delivered,0,True,42,7.76,none,6,7,Anytime,3.2972,True,0.657,delivered within promise
HDEL004622,HORD004622,2018-05-01,2018-05-05,2018-05-03,AusPost,Standard,Delivered,0,True,49,8.08,none,4,3,Anytime,4.3953,True,0.942,delivered within promise
HDEL004623,HORD004623,2018-04-25,2018-05-02,2018-05-02,StarTrack,Standard,Delivered,0,True,6,7.2,none,7,7,Afternoon,4.9324,True,1.052,delivered within promise
HDEL004624,HORD004624,2018-03-22,2018-03-28,2018-03-28,DHL,Express,Delivered,0,True,63,15.81,none,6,3,Morning,3.0357,True,0.349,delivered within promise
HDEL004625,HORD004625,2018-02-05,2018-02-12,2018-02-11,AusPost,Express,Delivered,0,True,4,13.3,none,7,6,Afternoon,3.1405,False,0.372,delivered within promise
HDEL004626,HORD004626,2018-11-05,2018-11-08,2018-11-08,DHL,Standard,Delivered,0,True,68,11.77,none,3,7,Afternoon,7.4601,True,0.548,delivered within promise
HDEL004627,HORD004627,2018-07-18,2018-07-23,2018-07-23,StarTrack,Standard,Delivered,0,True,60,11.1,none,5,7,Afternoon,4.9324,True,0.639,delivered within promise
HDEL004628,HORD004628,2018-06-12,2018-06-16,2018-06-15,Direct Freight,Standard,Delivered,0,True,43,8.91,none,4,4,Anytime,1.4145,True,0.423,delivered within promise
HDEL004629,HORD004629,2018-04-08,2018-04-15,2018-04-13,StarTrack,Standard,Delivered,0,True,15,11.08,none,7,5,Morning,8.7338,True,1.223,delivered within promise
HDEL004630,HORD004630,2018-05-24,2018-05-28,2018-05-28,Direct Freight,Express,Delivered,0,True,27,21.12,none,4,6,Morning,8.2357,True,0.457,delivered within promise
HDEL004631,HORD004631,2018-05-20,2018-05-27,2018-05-26,StarTrack,Standard,Delivered,0,True,17,10.16,none,7,7,Anytime,5.1961,False,0.406,delivered within promise
HDEL004632,HORD004632,2018-02-12,2018-02-18,2018-02-17,Direct Freight,Standard,Delivered,0,True,23,7.9,none,6,4,Anytime,5.8895,True,1.057,delivered within promise
HDEL004633,HORD004633,2018-01-21,2018-01-27,2018-01-25,AusPost,Express,Delivered,0,True,5,19.43,none,6,5,Afternoon,7.7645,True,0.488,delivered within promise
HDEL004634,HORD004634,2018-09-18,2018-09-24,2018-09-23,StarTrack,Standard,Delivered,0,True,32,7.46,none,6,4,Anytime,5.1954,True,1.189,delivered within promise
HDEL004635,HORD004635,2018-11-24,2018-12-01,2018-12-01,AusPost,Standard,Delivered,0,True,68,9.91,none,7,8,Anytime,6.2791,False,0.382,delivered within promise
HDEL004636,HORD004636,2018-07-21,2018-07-28,2018-07-27,AusPost,Standard,Delivered,0,True,29,9.77,none,7,5,Anytime,3.2192,False,0.307,delivered within promise
HDEL004637,HORD004637,2018-01-13,2018-01-17,2018-01-15,Direct Freight,Standard,Delivered,0,True,2,8.34,none,4,9,Afternoon,6.322,False,0.354,delivered within promise
HDEL004638,HORD004638,2018-05-18,2018-05-23,2018-05-23,DHL,Standard,Delivered,0,True,51,10.16,none,5,4,Anytime,5.4295,True,0.473,delivered within promise
HDEL004639,HORD004639,2018-12-30,2019-01-02,2018-12-31,Direct Freight,Standard,Delivered,0,True,48,10.41,none,3,7,Morning,4.974,True,1.139,delivered within promise
HDEL004640,HORD004640,2018-02-27,2018-03-02,2018-02-28,StarTrack,Standard,Delivered,0,True,68,10.28,none,3,9,Afternoon,6.3827,True,0.467,delivered within promise
HDEL004641,HORD004641,2018-12-04,2018-12-07,2018-12-05,DHL,Express,Delivered,0,True,60,14.49,none,3,9,Anytime,4.0663,True,1.106,delivered within promise
HDEL004642,HORD004642,2018-01-27,2018-02-01,2018-01-31,Direct Freight,Express,Delivered,0,True,35,17.64,none,5,6,Morning,4.1548,True,0.635,delivered within promise
HDEL004643,HORD004643,2018-01-03,2018-01-06,2018-01-05,AusPost,Standard,Delivered,0,True,8,7.37,none,3,5,Anytime,2.0846,True,0.461,delivered within promise
HDEL004644,HORD004644,2018-04-30,2018-05-06,2018-05-06,StarTrack,Standard,Delivered,0,True,50,6.91,none,6,9,Afternoon,3.5019,True,1.27,delivered within promise
HDEL004645,HORD004645,2018-07-01,2018-07-05,2018-07-04,DHL,Express,Delivered,0,True,4,22.08,none,4,8,Anytime,5.2534,True,0.479,delivered within promise
HDEL004646,HORD004646,2018-04-20,2018-04-24,2018-04-22,DHL,Standard,Delivered,0,True,59,11.66,none,4,5,Anytime,7.5016,True,1.087,delivered within promise
HDEL004647,HORD004647,2018-05-05,2018-05-12,2018-05-11,DHL,Express,Delivered,0,True,27,21.23,none,7,5,Morning,8.7636,True,0.488,delivered within promise
HDEL004648,HORD004648,2018-11-13,2018-11-20,2018-11-20,AusPost,Standard,Delivered,0,True,45,10.12,none,7,7,Afternoon,5.8765,False,0.425,delivered within promise
HDEL004649,HORD004649,2018-01-04,2018-01-08,2018-01-06,DHL,Standard,Delivered,0,True,26,10.01,none,4,4,Afternoon,5.4595,True,0.435,delivered within promise
HDEL004650,HORD004650,2018-02-08,2018-02-12,2018-02-12,AusPost,Standard,Delivered,0,True,35,6.73,none,4,9,Anytime,3.0762,True,1.061,delivered within promise
HDEL004651,HORD004651,2018-07-30,2018-08-03,2018-08-01,StarTrack,Express,Delivered,0,True,55,18.56,none,4,9,Anytime,6.4707,False,0.376,delivered within promise
HDEL004652,HORD004652,2018-02-28,2018-03-06,2018-03-07,DHL,Standard,Delivered,1,False,55,10.85,warehouse_congestion,6,8,Anytime,8.3518,False,0.46,carrier scan reconciled
HDEL004653,HORD004653,2018-08-12,2018-08-18,2018-08-18,StarTrack,Standard,Delivered,0,True,19,10.99,none,6,7,Anytime,4.4593,False,0.346,delivered within promise
HDEL004654,HORD004654,2018-10-13,2018-10-16,2018-10-15,StarTrack,Standard,Delivered,0,True,32,7.12,none,3,9,Morning,1.4968,True,0.322,delivered within promise
HDEL004655,HORD004655,2018-04-05,2018-04-09,2018-04-07,DHL,Standard,Delivered,0,True,53,7.04,none,4,7,Morning,4.4075,True,0.424,delivered within promise
HDEL004656,HORD004656,2018-10-29,2018-11-01,2018-11-01,StarTrack,Express,Delivered,0,True,71,17.44,none,3,4,Morning,6.9179,False,0.38,delivered within promise
HDEL004657,HORD004657,2018-08-11,2018-08-15,2018-08-13,Direct Freight,Standard,Delivered,0,True,39,12.09,none,4,9,Morning,4.1421,True,0.401,delivered within promise
HDEL004658,HORD004658,2018-10-30,2018-11-05,2018-11-05,StarTrack,Express,Delivered,0,True,23,14.32,none,6,4,Morning,2.8851,False,0.301,delivered within promise
HDEL004659,HORD004659,2018-04-16,2018-04-20,2018-04-19,Direct Freight,Express,Delivered,0,True,35,12.97,none,4,4,Anytime,2.2927,True,0.419,delivered within promise
HDEL004660,HORD004660,2018-10-13,2018-10-19,2018-10-17,DHL,Standard,Delivered,0,True,58,10.17,none,6,8,Anytime,8.0537,True,0.672,delivered within promise
HDEL004661,HORD004661,2018-11-28,2018-12-04,2018-12-04,StarTrack,Standard,Delivered,0,True,10,8.79,none,6,5,Morning,7.1651,True,0.501,delivered within promise
HDEL004662,HORD004662,2018-03-28,2018-04-04,2018-04-02,StarTrack,Standard,Delivered,0,True,4,8.49,none,7,9,Afternoon,4.0371,True,0.386,delivered within promise
HDEL004663,HORD004663,2018-07-31,2018-08-03,2018-08-02,DHL,Standard,Delivered,0,True,12,10.08,none,3,8,Afternoon,4.5581,True,0.528,delivered within promise
HDEL004664,HORD004664,2018-06-01,2018-06-05,2018-06-03,DHL,Express,Delivered,0,True,18,16.13,none,4,6,Morning,3.7942,True,1.138,delivered within promise
HDEL004665,HORD004665,2018-07-22,2018-07-28,2018-07-26,DHL,Standard,Delivered,0,True,12,8.9,none,6,8,Morning,3.7181,True,0.403,delivered within promise
HDEL004666,HORD004666,2018-04-16,2018-04-21,2018-04-20,Direct Freight,Standard,Delivered,0,True,39,8.68,none,5,8,Anytime,7.4601,True,0.421,delivered within promise
HDEL004667,HORD004667,2018-03-12,2018-03-18,2018-03-17,DHL,Express,Delivered,0,True,70,18.81,none,6,8,Morning,4.1548,True,0.345,delivered within promise
HDEL004668,HORD004668,2018-11-03,2018-11-08,2018-11-06,StarTrack,Standard,Delivered,0,True,65,8.75,none,5,3,Anytime,5.5821,False,0.373,delivered within promise
HDEL004669,HORD004669,2018-06-07,2018-06-11,2018-06-11,StarTrack,Standard,Delivered,0,True,72,9.71,none,4,9,Anytime,4.6463,True,0.44,delivered within promise
HDEL004670,HORD004670,2018-12-08,2018-12-15,2018-12-15,DHL,Standard,Delivered,0,True,54,7.73,none,7,7,Afternoon,3.7942,True,0.439,delivered within promise
HDEL004671,HORD004671,2018-03-04,2018-03-08,2018-03-07,AusPost,Standard,Delivered,0,True,72,8.16,none,4,9,Anytime,6.7102,False,0.51,delivered within promise
HDEL004672,HORD004672,2018-05-09,2018-05-14,2018-05-14,DHL,Standard,Delivered,0,True,35,8.09,none,5,9,Anytime,5.3613,False,0.451,delivered within promise
HDEL004673,HORD004673,2018-02-16,2018-02-23,2018-02-23,DHL,Express,Delivered,0,True,4,18.73,none,7,9,Anytime,7.578,False,0.392,delivered within promise
HDEL004674,HORD004674,2018-08-11,2018-08-14,2018-08-12,DHL,Standard,Delivered,0,True,21,11.82,none,3,3,Morning,5.4433,True,0.47,delivered within promise
HDEL004675,HORD004675,2018-01-11,2018-01-17,2018-01-17,DHL,Standard,Delivered,0,True,17,8.64,none,6,9,Afternoon,7.0574,True,0.898,delivered within promise
HDEL004676,HORD004676,2018-01-30,2018-02-05,2018-02-04,Direct Freight,Standard,Delivered,0,True,73,8.36,none,6,5,Afternoon,2.704,True,0.474,delivered within promise
HDEL004677,HORD004677,2018-08-05,2018-08-11,2018-08-10,StarTrack,Express,Delivered,0,True,35,16.7,none,6,9,Afternoon,2.5747,True,0.538,delivered within promise
HDEL004678,HORD004678,2018-07-01,2018-07-04,2018-07-03,Direct Freight,Standard,Delivered,0,True,65,12.63,none,3,6,Anytime,5.9533,True,0.523,delivered within promise
HDEL004679,HORD004679,2018-07-03,2018-07-09,2018-07-08,StarTrack,Standard,Delivered,0,True,59,9.23,none,6,8,Morning,4.0371,True,0.397,delivered within promise
HDEL004680,HORD004680,2018-02-27,2018-03-03,2018-03-03,Direct Freight,Standard,Delivered,0,True,12,9.57,none,4,7,Morning,5.8814,True,0.434,delivered within promise
HDEL004681,HORD004681,2018-04-03,2018-04-09,2018-04-07,Direct Freight,Express,Delivered,0,True,27,19.43,none,6,8,Morning,4.0663,True,0.946,delivered within promise
HDEL004682,HORD004682,2018-02-06,2018-02-09,2018-02-07,Direct Freight,Standard,Delivered,0,True,59,11.19,none,3,6,Afternoon,7.8823,True,0.44,delivered within promise
HDEL004683,HORD004683,2018-01-28,2018-02-04,2018-02-03,StarTrack,Standard,Delivered,0,True,45,7.25,none,7,7,Anytime,2.9301,True,0.407,delivered within promise
HDEL004684,HORD004684,2018-08-03,2018-08-07,2018-08-06,StarTrack,Standard,Delivered,0,True,8,9.86,none,4,4,Anytime,4.7927,False,0.358,delivered within promise
HDEL004685,HORD004685,2018-12-19,2018-12-25,2018-12-24,DHL,Standard,Delivered,0,True,40,10.88,none,6,6,Afternoon,7.4635,False,0.404,delivered within promise
HDEL004686,HORD004686,2018-09-06,2018-09-12,2018-09-11,Direct Freight,Express,Delivered,0,True,4,16.48,none,6,8,Anytime,2.2355,False,0.698,delivered within promise
HDEL004687,HORD004687,2018-02-26,2018-03-04,2018-03-02,AusPost,Standard,Delivered,0,True,3,5.79,none,6,4,Anytime,1.0355,True,0.81,delivered within promise
HDEL004688,HORD004688,2018-07-23,2018-07-26,2018-07-26,StarTrack,Standard,Delivered,0,True,29,11.5,none,3,3,Morning,2.9982,True,0.404,delivered within promise
HDEL004689,HORD004689,2018-05-11,2018-05-14,2018-05-12,DHL,Express,Delivered,0,True,60,17.85,none,3,8,Anytime,6.2126,False,0.489,delivered within promise
HDEL004690,HORD004690,2018-02-26,2018-03-04,2018-03-02,AusPost,Standard,Delivered,0,True,55,9.41,none,6,5,Morning,4.302,True,0.369,delivered within promise
HDEL004691,HORD004691,2018-03-03,2018-03-08,2018-03-06,DHL,Standard,Delivered,0,True,30,13.5,none,5,5,Afternoon,9.9192,True,1.268,delivered within promise
HDEL004692,HORD004692,2018-04-04,2018-04-10,2018-04-09,Direct Freight,Standard,Delivered,0,True,61,7.16,none,6,4,Anytime,3.5854,True,0.867,delivered within promise
HDEL004693,HORD004693,2018-06-12,2018-06-19,2018-06-18,StarTrack,Standard,Delivered,0,True,41,14.91,none,7,8,Afternoon,7.7046,True,1.13,delivered within promise
HDEL004694,HORD004694,2018-10-24,2018-10-31,2018-10-30,StarTrack,Standard,Delivered,0,True,54,8.55,none,7,4,Afternoon,5.2439,False,0.362,delivered within promise
HDEL004695,HORD004695,2018-06-06,2018-06-12,2018-06-10,AusPost,Standard,Delivered,0,True,49,9.71,none,6,9,Morning,3.2192,True,0.455,delivered within promise
HDEL004696,HORD004696,2018-01-24,2018-01-28,2018-01-26,Direct Freight,Standard,Delivered,0,True,20,9.98,none,4,4,Afternoon,4.5544,True,0.517,delivered within promise
HDEL004697,HORD004697,2018-03-25,2018-03-31,2018-03-31,AusPost,Standard,Delivered,0,True,20,5.62,none,6,3,Anytime,0.9173,False,0.229,delivered within promise
HDEL004698,HORD004698,2018-10-16,2018-10-20,2018-10-20,Direct Freight,Standard,Delivered,0,True,46,8.29,none,4,6,Anytime,3.5854,True,0.344,delivered within promise
HDEL004699,HORD004699,2018-12-29,2019-01-05,2019-01-04,DHL,Standard,Delivered,0,True,44,11.46,none,7,6,Anytime,6.783,True,1.089,delivered within promise
HDEL004700,HORD004700,2018-09-17,2018-09-20,2018-09-19,StarTrack,Express,Delivered,0,True,29,14.88,none,3,9,Afternoon,2.8851,True,0.459,delivered within promise
HDEL004701,HORD004701,2018-01-15,2018-01-18,2018-01-16,StarTrack,Standard,Delivered,0,True,47,8.83,none,3,4,Afternoon,5.0818,False,0.349,delivered within promise
HDEL004702,HORD004702,2018-09-26,2018-10-01,2018-09-29,Direct Freight,Standard,Delivered,0,True,23,7.99,none,5,5,Afternoon,6.1231,True,0.465,delivered within promise
HDEL004703,HORD004703,2018-07-27,2018-08-03,2018-08-02,DHL,Standard,Delivered,0,True,69,14.81,none,7,9,Afternoon,7.2107,True,0.539,delivered within promise
HDEL004704,HORD004704,2019-01-02,2019-01-08,2019-01-06,Direct Freight,Standard,Delivered,0,True,72,7.17,none,6,6,Anytime,4.0056,True,0.826,delivered within promise
HDEL004705,HORD004705,2018-07-25,2018-07-28,2018-07-28,Direct Freight,Standard,Delivered,0,True,65,13.62,none,3,3,Afternoon,8.344,False,0.515,delivered within promise
HDEL004706,HORD004706,2018-05-18,2018-05-25,2018-05-24,Direct Freight,Standard,Delivered,0,True,39,8.89,none,7,3,Morning,5.6239,True,1.231,delivered within promise
HDEL004707,HORD004707,2018-04-16,2018-04-22,2018-04-20,AusPost,Standard,Delivered,0,True,43,8.27,none,6,3,Afternoon,6.9183,True,0.489,delivered within promise
HDEL004708,HORD004708,2018-02-10,2018-02-13,2018-02-11,DHL,Standard,Delivered,0,True,37,9.27,none,3,7,Afternoon,4.911,True,0.477,delivered within promise
HDEL004709,HORD004709,2018-12-17,2018-12-20,2018-12-20,DHL,Standard,Delivered,0,True,42,8.07,none,3,6,Afternoon,1.8818,True,0.569,delivered within promise
HDEL004710,HORD004710,2018-08-20,2018-08-24,2018-08-22,StarTrack,Express,Delivered,0,True,57,20.09,none,4,7,Morning,7.7904,True,0.477,delivered within promise
HDEL004711,HORD004711,2018-07-29,2018-08-02,2018-08-02,AusPost,Standard,Delivered,0,True,47,10.21,none,4,7,Anytime,4.6007,True,1.25,delivered within promise
HDEL004712,HORD004712,2018-04-23,2018-04-28,2018-04-26,AusPost,Standard,Delivered,0,True,50,7.2,none,5,5,Afternoon,3.0676,False,0.286,delivered within promise
HDEL004713,HORD004713,2018-11-14,2018-11-17,2018-11-15,Direct Freight,Standard,Delivered,0,True,37,10.25,none,3,6,Anytime,5.996,True,1.071,delivered within promise
HDEL004714,HORD004714,2018-05-22,2018-05-29,2018-05-29,StarTrack,Standard,Delivered,0,True,52,7.39,none,7,7,Morning,4.9215,True,0.35,delivered within promise
HDEL004715,HORD004715,2018-04-12,2018-04-19,2018-04-17,DHL,Standard,Delivered,0,True,27,6.01,none,7,3,Anytime,2.4826,False,0.313,delivered within promise
HDEL004716,HORD004716,2018-05-14,2018-05-17,2018-05-16,DHL,Standard,Delivered,0,True,59,9.16,none,3,9,Anytime,8.2355,True,0.455,delivered within promise
HDEL004717,HORD004717,2018-12-15,2018-12-18,2018-12-16,DHL,Express,Delivered,0,True,51,18.33,none,3,6,Afternoon,5.1871,True,0.644,delivered within promise
HDEL004718,HORD004718,2018-04-26,2018-05-01,2018-05-01,DHL,Standard,Delivered,0,True,36,8.43,none,5,3,Anytime,3.6955,True,0.481,delivered within promise
HDEL004719,HORD004719,2018-06-24,2018-06-30,2018-06-30,Direct Freight,Standard,Delivered,0,True,70,12.08,none,6,6,Morning,8.3145,True,0.508,delivered within promise
HDEL004720,HORD004720,2018-02-24,2018-03-01,2018-02-28,StarTrack,Standard,Delivered,0,True,42,8.41,none,5,4,Anytime,5.3108,True,0.997,delivered within promise
HDEL004721,HORD004721,2018-05-31,2018-06-04,2018-06-04,AusPost,Standard,Delivered,0,True,10,7.14,none,4,3,Afternoon,1.9711,True,0.285,delivered within promise
HDEL004722,HORD004722,2018-06-29,2018-07-06,2018-07-11,StarTrack,Standard,Delivered,5,False,25,12.12,carrier_capacity,7,5,Anytime,4.2327,True,0.371,carrier scan reconciled
HDEL004723,HORD004723,2018-04-08,2018-04-14,2018-04-12,Direct Freight,Standard,Delivered,0,True,15,8.74,none,6,7,Anytime,4.1548,False,0.41,delivered within promise
HDEL004724,HORD004724,2018-08-13,2018-08-20,2018-08-18,StarTrack,Standard,Delivered,0,True,19,14.55,none,7,4,Anytime,7.0756,False,0.478,delivered within promise
HDEL004725,HORD004725,2018-09-17,2018-09-21,2018-09-20,AusPost,Standard,Delivered,0,True,50,7.31,none,4,3,Afternoon,3.0676,False,0.34,delivered within promise
HDEL004726,HORD004726,2018-07-27,2018-08-03,2018-08-03,Direct Freight,Standard,Delivered,0,True,39,9.42,none,7,9,Morning,2.5747,False,0.41,delivered within promise
HDEL004727,HORD004727,2018-08-14,2018-08-20,2018-08-19,StarTrack,Standard,Delivered,0,True,29,9.02,none,6,8,Anytime,1.2522,True,0.317,delivered within promise
HDEL004728,HORD004728,2018-01-27,2018-02-01,2018-02-01,Direct Freight,Standard,Delivered,0,True,26,9.78,none,5,3,Morning,5.972,True,1.007,delivered within promise
HDEL004729,HORD004729,2018-01-05,2018-01-09,2018-01-08,Direct Freight,Standard,Delivered,0,True,3,8.69,none,4,7,Afternoon,4.7326,False,0.312,delivered within promise
HDEL004730,HORD004730,2018-05-21,2018-05-27,2018-05-27,Direct Freight,Standard,Delivered,0,True,24,7.8,none,6,4,Morning,6.2259,True,0.841,delivered within promise
HDEL004731,HORD004731,2018-05-14,2018-05-17,2018-05-17,DHL,Standard,Delivered,0,True,23,8.73,none,3,6,Afternoon,6.461,True,0.96,delivered within promise
HDEL004732,HORD004732,2018-11-28,2018-12-03,2018-12-03,DHL,Standard,Delivered,0,True,51,7.99,none,5,3,Morning,4.302,False,0.944,delivered within promise
HDEL004733,HORD004733,2018-06-01,2018-06-07,2018-06-05,StarTrack,Standard,Delivered,0,True,6,11.35,none,6,9,Afternoon,7.0423,True,0.577,delivered within promise
HDEL004734,HORD004734,2018-05-11,2018-05-15,2018-05-16,StarTrack,Standard,Delivered,1,False,60,10.77,warehouse_congestion,4,8,Afternoon,8.9566,True,0.445,carrier scan reconciled
HDEL004735,HORD004735,2018-02-13,2018-02-16,2018-02-15,DHL,Standard,Delivered,0,True,56,10.99,none,3,8,Afternoon,7.7904,True,0.531,delivered within promise
HDEL004736,HORD004736,2018-09-15,2018-09-19,2018-09-19,AusPost,Standard,Delivered,0,True,11,8.4,none,4,8,Anytime,5.996,True,0.374,delivered within promise
HDEL004737,HORD004737,2018-03-31,2018-04-04,2018-04-02,Direct Freight,Standard,Delivered,0,True,11,7.35,none,4,4,Morning,4.6531,False,0.363,delivered within promise
HDEL004738,HORD004738,2018-05-01,2018-05-07,2018-05-06,StarTrack,Express,Delivered,0,True,61,16.11,none,6,3,Anytime,3.0676,True,0.394,delivered within promise
HDEL004739,HORD004739,2018-10-12,2018-10-16,2018-10-16,DHL,Standard,Delivered,0,True,9,9.69,none,4,5,Morning,5.1954,True,1.1,delivered within promise
HDEL004740,HORD004740,2018-12-20,2018-12-26,2018-12-25,StarTrack,Standard,Delivered,0,True,16,9.87,none,6,3,Anytime,8.3145,False,0.504,delivered within promise
HDEL004741,HORD004741,2018-08-06,2018-08-11,2018-08-11,DHL,Standard,Delivered,0,True,43,14.1,none,5,4,Anytime,7.0873,True,1.166,delivered within promise
HDEL004742,HORD004742,2018-10-30,2018-11-04,2018-11-03,AusPost,Standard,Delivered,0,True,8,10.54,none,5,8,Morning,7.5048,True,0.554,delivered within promise
HDEL004743,HORD004743,2018-01-05,2018-01-09,2018-01-08,Direct Freight,Express,Delivered,0,True,4,15.73,none,4,8,Afternoon,3.6546,True,1.808,delivered within promise
HDEL004744,HORD004744,2018-07-11,2018-07-15,2018-07-14,StarTrack,Standard,Delivered,0,True,2,11.24,none,4,5,Afternoon,3.4859,True,0.352,delivered within promise
HDEL004745,HORD004745,2018-08-09,2018-08-16,2018-08-16,Direct Freight,Express,Delivered,0,True,39,18.9,none,7,7,Afternoon,4.2327,True,1.182,delivered within promise
HDEL004746,HORD004746,2018-11-18,2018-11-21,2018-11-20,StarTrack,Standard,Delivered,0,True,18,8.1,none,3,5,Morning,4.0705,True,0.415,delivered within promise
HDEL004747,HORD004747,2018-05-26,2018-05-30,2018-05-29,DHL,Standard,Delivered,0,True,34,7.96,none,4,8,Afternoon,3.6934,True,0.372,delivered within promise
HDEL004748,HORD004748,2018-07-09,2018-07-14,2018-07-14,StarTrack,Standard,Delivered,0,True,17,11.9,none,5,8,Morning,5.9006,True,0.976,delivered within promise
HDEL004749,HORD004749,2018-05-23,2018-05-27,2018-05-27,DHL,Standard,Delivered,0,True,2,5.81,none,4,5,Morning,1.4362,True,0.294,delivered within promise
HDEL004750,HORD004750,2018-12-29,2019-01-05,2019-01-05,StarTrack,Standard,Delivered,0,True,24,9.09,none,7,9,Afternoon,3.2797,True,0.364,delivered within promise
HDEL004751,HORD004751,2018-12-28,2019-01-01,2018-12-31,Direct Freight,Standard,Delivered,0,True,19,10.07,none,4,6,Anytime,6.2684,False,0.428,delivered within promise
HDEL004752,HORD004752,2018-08-04,2018-08-07,2018-08-07,StarTrack,Standard,Delivered,0,True,50,10.68,none,3,4,Afternoon,7.1568,True,1.068,delivered within promise
HDEL004753,HORD004753,2018-09-08,2018-09-12,2018-09-11,AusPost,Standard,Delivered,0,True,33,7.39,none,4,6,Morning,5.1871,False,0.434,delivered within promise
HDEL004754,HORD004754,2018-02-19,2018-02-24,2018-02-24,Direct Freight,Standard,Delivered,0,True,47,5.85,none,5,5,Anytime,1.3001,True,0.789,delivered within promise
HDEL004755,HORD004755,2018-06-02,2018-06-09,2018-06-14,Direct Freight,Express,Delivered,5,False,59,16.87,warehouse_congestion,7,7,Anytime,3.4799,True,0.614,carrier scan reconciled
HDEL004756,HORD004756,2018-10-02,2018-10-05,2018-10-04,Direct Freight,Standard,Delivered,0,True,2,6.88,none,3,4,Morning,2.8697,True,0.386,delivered within promise
HDEL004757,HORD004757,2018-02-27,2018-03-02,2018-02-28,StarTrack,Standard,Delivered,0,True,11,9.67,none,3,6,Morning,4.8046,True,0.432,delivered within promise
HDEL004758,HORD004758,2018-03-03,2018-03-06,2018-03-09,StarTrack,Standard,Delivered,3,False,44,10.15,warehouse_congestion,3,9,Anytime,6.7696,True,0.532,carrier scan reconciled
HDEL004759,HORD004759,2018-05-06,2018-05-10,2018-05-09,StarTrack,Express,Delivered,0,True,13,15.3,none,4,6,Afternoon,6.514,True,0.49,delivered within promise
HDEL004760,HORD004760,2018-06-12,2018-06-18,2018-06-18,StarTrack,Standard,Delivered,0,True,48,9.56,none,6,4,Afternoon,3.7862,True,0.491,delivered within promise
HDEL004761,HORD004761,2018-06-13,2018-06-18,2018-06-17,Direct Freight,Express,Delivered,0,True,22,23.06,none,5,5,Anytime,9.1012,True,0.952,delivered within promise
HDEL004762,HORD004762,2018-06-21,2018-06-26,2018-06-26,DHL,Standard,Delivered,0,True,55,12.63,none,5,3,Anytime,7.3787,True,0.438,delivered within promise
HDEL004763,HORD004763,2018-04-15,2018-04-18,2018-04-17,DHL,Express,Delivered,0,True,58,19.68,none,3,7,Morning,4.9486,True,0.481,delivered within promise
HDEL004764,HORD004764,2018-12-24,2018-12-28,2018-12-28,AusPost,Standard,Delivered,0,True,9,7.95,none,4,6,Morning,3.7517,False,0.307,delivered within promise
HDEL004765,HORD004765,2018-03-28,2018-04-02,2018-04-02,Direct Freight,Standard,Delivered,0,True,52,6.39,none,5,6,Afternoon,2.9046,True,0.37,delivered within promise
HDEL004766,HORD004766,2018-01-30,2018-02-04,2018-02-03,AusPost,Express,Delivered,0,True,29,14.86,none,5,4,Afternoon,6.2605,True,1.07,delivered within promise
HDEL004767,HORD004767,2018-05-25,2018-05-29,2018-05-28,Direct Freight,Standard,Delivered,0,True,43,10.34,none,4,8,Morning,6.7696,False,0.438,delivered within promise
HDEL004768,HORD004768,2018-06-24,2018-07-01,2018-06-29,Direct Freight,Standard,Delivered,0,True,15,10.51,none,7,4,Anytime,5.4433,True,0.484,delivered within promise
HDEL004769,HORD004769,2018-10-02,2018-10-09,2018-10-07,Direct Freight,Standard,Delivered,0,True,59,9.2,none,7,3,Afternoon,4.6923,False,0.906,delivered within promise
HDEL004770,HORD004770,2018-08-06,2018-08-13,2018-08-12,DHL,Standard,Delivered,0,True,46,14.89,none,7,6,Afternoon,7.7907,True,0.531,delivered within promise
HDEL004771,HORD004771,2018-02-06,2018-02-10,2018-02-08,AusPost,Standard,Delivered,0,True,20,10.83,none,4,8,Anytime,6.5462,False,0.367,delivered within promise
HDEL004772,HORD004772,2018-12-01,2018-12-06,2018-12-06,Direct Freight,Express,Delivered,0,True,44,15.96,none,5,7,Afternoon,7.932,True,0.465,delivered within promise
HDEL004773,HORD004773,2018-08-18,2018-08-25,2018-08-23,DHL,Standard,Delivered,0,True,55,7.3,none,7,7,Afternoon,0.1725,True,0.378,delivered within promise
HDEL004774,HORD004774,2018-05-03,2018-05-07,2018-05-05,DHL,Standard,Delivered,0,True,61,4.99,none,4,5,Afternoon,0.7721,True,0.376,delivered within promise
HDEL004775,HORD004775,2018-10-24,2018-10-28,2018-10-28,Direct Freight,Standard,Delivered,0,True,66,7.85,none,4,9,Anytime,4.5841,True,1.115,delivered within promise
HDEL004776,HORD004776,2018-06-25,2018-07-01,2018-07-01,AusPost,Standard,Delivered,0,True,44,15.7,none,6,9,Afternoon,8.7052,False,0.451,delivered within promise
HDEL004777,HORD004777,2018-07-20,2018-07-23,2018-07-22,Direct Freight,Standard,Delivered,0,True,29,10.98,none,3,9,Anytime,4.8907,True,0.561,delivered within promise
HDEL004778,HORD004778,2018-04-02,2018-04-07,2018-04-05,Direct Freight,Express,Delivered,0,True,2,18.97,none,5,7,Morning,6.0108,True,0.492,delivered within promise
HDEL004779,HORD004779,2018-02-12,2018-02-15,2018-02-13,Direct Freight,Standard,Delivered,0,True,39,8.9,none,3,7,Afternoon,4.7326,True,0.432,delivered within promise
HDEL004780,HORD004780,2018-11-14,2018-11-21,2018-11-20,AusPost,Standard,Delivered,0,True,18,10.57,none,7,3,Anytime,6.5568,True,0.416,delivered within promise
HDEL004781,HORD004781,2018-02-15,2018-02-20,2018-02-18,StarTrack,Express,Delivered,0,True,44,16.7,none,5,4,Anytime,5.2882,True,0.473,delivered within promise
HDEL004782,HORD004782,2018-07-03,2018-07-09,2018-07-08,StarTrack,Express,Delivered,0,True,65,24.08,none,6,6,Anytime,6.9158,False,0.389,delivered within promise
HDEL004783,HORD004783,2018-12-18,2018-12-24,2018-12-29,Direct Freight,Express,Delivered,5,False,37,14.11,carrier_capacity,6,4,Afternoon,4.5788,True,0.342,carrier scan reconciled
HDEL004784,HORD004784,2019-01-02,2019-01-06,2019-01-05,StarTrack,Standard,Delivered,0,True,62,9.11,none,4,5,Afternoon,3.7704,True,0.398,delivered within promise
HDEL004785,HORD004785,2018-12-10,2018-12-14,2018-12-13,StarTrack,Standard,Delivered,0,True,24,7.0,none,4,8,Anytime,3.6934,True,0.435,delivered within promise
HDEL004786,HORD004786,2018-12-24,2018-12-29,2018-12-27,DHL,Standard,Delivered,0,True,15,11.14,none,5,7,Anytime,6.7696,True,0.433,delivered within promise
HDEL004787,HORD004787,2018-06-23,2018-06-29,2018-06-29,Direct Freight,Standard,Delivered,0,True,52,10.47,none,6,6,Anytime,3.0762,True,0.571,delivered within promise
HDEL004788,HORD004788,2018-01-26,2018-02-02,2018-01-31,Direct Freight,Standard,Delivered,0,True,5,7.17,none,7,6,Anytime,3.1348,False,1.066,delivered within promise
HDEL004789,HORD004789,2018-12-27,2018-12-30,2018-12-30,AusPost,Standard,Delivered,0,True,34,10.25,none,3,7,Afternoon,5.0818,False,0.348,delivered within promise
HDEL004790,HORD004790,2018-08-10,2018-08-16,2018-08-14,Direct Freight,Standard,Delivered,0,True,49,9.06,none,6,5,Afternoon,1.8818,True,0.346,delivered within promise
HDEL004791,HORD004791,2018-11-23,2018-11-27,2018-12-02,StarTrack,Standard,Delivered,5,False,69,10.3,carrier_capacity,4,6,Morning,6.3062,True,0.536,carrier scan reconciled
HDEL004792,HORD004792,2018-11-12,2018-11-17,2018-11-17,DHL,Standard,Delivered,0,True,61,6.01,none,5,5,Afternoon,2.1843,True,0.387,delivered within promise
HDEL004793,HORD004793,2018-04-14,2018-04-20,2018-04-19,StarTrack,Standard,Delivered,0,True,40,8.16,none,6,4,Morning,5.1789,True,1.139,delivered within promise
HDEL004794,HORD004794,2018-09-01,2018-09-04,2018-09-02,AusPost,Standard,Delivered,0,True,54,12.11,none,3,3,Anytime,3.776,False,0.307,delivered within promise
HDEL004795,HORD004795,2018-08-03,2018-08-09,2018-08-07,AusPost,Standard,Delivered,0,True,8,12.09,none,6,6,Anytime,7.5369,False,0.528,delivered within promise
HDEL004796,HORD004796,2018-07-25,2018-07-28,2018-07-26,DHL,Standard,Delivered,0,True,59,13.3,none,3,5,Afternoon,5.2449,True,0.577,delivered within promise
HDEL004797,HORD004797,2018-08-29,2018-09-04,2018-09-04,Direct Freight,Standard,Delivered,0,True,3,12.58,none,6,7,Morning,5.2525,False,0.364,delivered within promise
HDEL004798,HORD004798,2018-12-27,2019-01-02,2018-12-31,Direct Freight,Standard,Delivered,0,True,41,7.68,none,6,5,Anytime,3.2634,True,0.488,delivered within promise
HDEL004799,HORD004799,2018-03-03,2018-03-07,2018-03-05,Direct Freight,Standard,Delivered,0,True,52,8.19,none,4,6,Anytime,5.4436,False,0.416,delivered within promise
HDEL004800,HORD004800,2018-08-14,2018-08-18,2018-08-18,AusPost,Standard,Delivered,0,True,41,8.37,none,4,7,Anytime,2.7597,True,0.434,delivered within promise
HDEL004801,HORD004801,2018-09-30,2018-10-06,2018-10-04,Direct Freight,Express,Delivered,0,True,12,15.11,none,6,5,Morning,3.7343,True,1.176,delivered within promise
HDEL004802,HORD004802,2018-10-31,2018-11-06,2018-11-06,DHL,Standard,Delivered,0,True,3,12.51,none,6,7,Anytime,9.3365,True,0.595,delivered within promise
HDEL004803,HORD004803,2018-12-27,2019-01-01,2018-12-31,AusPost,Standard,Delivered,0,True,2,9.41,none,5,9,Morning,3.9742,True,1.178,delivered within promise
HDEL004804,HORD004804,2018-05-16,2018-05-19,2018-05-19,AusPost,Standard,Delivered,0,True,27,6.15,none,3,6,Anytime,2.5342,True,1.069,delivered within promise
HDEL004805,HORD004805,2018-07-09,2018-07-15,2018-07-15,StarTrack,Express,Delivered,0,True,61,24.5,none,6,6,Anytime,8.7338,True,0.519,delivered within promise
HDEL004806,HORD004806,2018-05-12,2018-05-19,2018-05-19,Direct Freight,Standard,Delivered,0,True,22,7.62,none,7,9,Anytime,3.4226,True,0.497,delivered within promise
HDEL004807,HORD004807,2018-05-26,2018-05-31,2018-05-30,Direct Freight,Standard,Delivered,0,True,16,9.96,none,5,8,Morning,6.1231,False,0.387,delivered within promise
HDEL004808,HORD004808,2018-07-06,2018-07-11,2018-07-09,AusPost,Express,Delivered,0,True,44,22.7,none,5,7,Anytime,7.9059,True,1.197,delivered within promise
HDEL004809,HORD004809,2018-03-29,2018-04-01,2018-03-30,DHL,Standard,Delivered,0,True,44,10.06,none,3,9,Morning,7.0756,False,0.373,delivered within promise
HDEL004810,HORD004810,2018-12-15,2018-12-19,2018-12-19,Direct Freight,Standard,Delivered,0,True,32,9.5,none,4,8,Afternoon,3.9344,False,0.319,delivered within promise
HDEL004811,HORD004811,2018-02-23,2018-02-26,2018-02-25,DHL,Express,Delivered,0,True,40,17.18,none,3,8,Morning,7.931,True,1.063,delivered within promise
HDEL004812,HORD004812,2018-07-24,2018-07-31,2018-07-31,StarTrack,Express,Delivered,0,True,24,23.19,none,7,5,Afternoon,4.1904,True,0.486,delivered within promise
HDEL004813,HORD004813,2018-03-29,2018-04-02,2018-04-02,StarTrack,Standard,Delivered,0,True,3,9.41,none,4,4,Morning,5.5051,True,0.534,delivered within promise
HDEL004814,HORD004814,2018-02-25,2018-02-28,2018-02-27,StarTrack,Standard,Delivered,0,True,51,11.27,none,3,5,Anytime,6.6351,True,1.286,delivered within promise
HDEL004815,HORD004815,2018-06-11,2018-06-18,2018-06-17,DHL,Standard,Delivered,0,True,32,13.29,none,7,9,Anytime,5.3606,True,0.478,delivered within promise
HDEL004816,HORD004816,2018-12-02,2018-12-07,2018-12-07,Direct Freight,Standard,Delivered,0,True,27,9.11,none,5,7,Afternoon,3.0357,True,0.515,delivered within promise
HDEL004817,HORD004817,2018-05-12,2018-05-16,2018-05-15,AusPost,Standard,Delivered,0,True,20,7.01,none,4,9,Morning,1.0071,True,0.361,delivered within promise
HDEL004818,HORD004818,2018-09-05,2018-09-10,2018-09-08,Direct Freight,Standard,Delivered,0,True,42,9.45,none,5,7,Morning,7.4601,True,1.158,delivered within promise
HDEL004819,HORD004819,2018-09-12,2018-09-15,2018-09-13,DHL,Standard,Delivered,0,True,12,8.69,none,3,6,Afternoon,5.4548,True,1.834,delivered within promise
HDEL004820,HORD004820,2018-08-14,2018-08-21,2018-08-20,StarTrack,Express,Delivered,0,True,19,22.36,none,7,3,Anytime,3.333,True,0.373,delivered within promise
HDEL004821,HORD004821,2018-06-11,2018-06-17,2018-06-15,AusPost,Express,Delivered,0,True,33,21.67,none,6,6,Morning,5.2525,True,0.506,delivered within promise
HDEL004822,HORD004822,2018-02-10,2018-02-14,2018-02-14,DHL,Standard,Delivered,0,True,19,10.05,none,4,4,Morning,6.783,True,1.787,delivered within promise
HDEL004823,HORD004823,2018-02-05,2018-02-09,2018-02-08,AusPost,Standard,Delivered,0,True,12,10.65,none,4,6,Morning,9.2711,True,0.614,delivered within promise
HDEL004824,HORD004824,2018-08-13,2018-08-17,2018-08-17,Direct Freight,Standard,Delivered,0,True,66,11.75,none,4,5,Morning,7.6404,True,0.453,delivered within promise
HDEL004825,HORD004825,2018-03-10,2018-03-13,2018-03-13,StarTrack,Standard,Delivered,0,True,49,9.94,none,3,4,Afternoon,5.1871,False,0.396,delivered within promise
HDEL004826,HORD004826,2018-08-27,2018-08-30,2018-08-28,Direct Freight,Standard,Delivered,0,True,40,11.58,none,3,4,Afternoon,7.5016,True,0.489,delivered within promise
HDEL004827,HORD004827,2018-12-02,2018-12-08,2018-12-08,AusPost,Standard,Delivered,0,True,10,8.71,none,6,7,Morning,7.3091,False,0.386,delivered within promise
HDEL004828,HORD004828,2018-09-26,2018-10-01,2018-09-29,Direct Freight,Standard,Delivered,0,True,21,5.81,none,5,7,Afternoon,0.1725,True,0.371,delivered within promise
HDEL004829,HORD004829,2018-07-14,2018-07-18,2018-07-23,Direct Freight,Standard,Delivered,5,False,36,11.78,warehouse_congestion,4,3,Afternoon,3.9724,True,0.983,carrier scan reconciled
HDEL004830,HORD004830,2018-02-09,2018-02-15,2018-02-15,AusPost,Standard,Delivered,0,True,69,10.64,none,6,7,Morning,7.072,True,1.235,delivered within promise
HDEL004831,HORD004831,2018-08-16,2018-08-19,2018-08-18,StarTrack,Express,Delivered,0,True,37,23.28,none,3,4,Morning,3.2634,True,0.603,delivered within promise
HDEL004832,HORD004832,2018-12-22,2018-12-29,2018-12-29,AusPost,Express,Delivered,0,True,32,20.6,none,7,8,Afternoon,6.9556,False,0.482,delivered within promise
HDEL004833,HORD004833,2018-11-03,2018-11-08,2018-11-08,DHL,Express,Delivered,0,True,39,17.06,none,5,4,Anytime,5.4436,True,0.536,delivered within promise
HDEL004834,HORD004834,2018-08-10,2018-08-14,2018-08-13,StarTrack,Standard,Delivered,0,True,26,10.1,none,4,9,Anytime,5.5022,False,0.42,delivered within promise
HDEL004835,HORD004835,2018-12-13,2018-12-19,2018-12-19,DHL,Standard,Delivered,0,True,39,8.73,none,6,5,Anytime,4.416,False,1.054,delivered within promise
HDEL004836,HORD004836,2018-01-26,2018-02-01,2018-01-31,DHL,Standard,Delivered,0,True,31,7.84,none,6,9,Afternoon,2.6825,True,1.08,delivered within promise
HDEL004837,HORD004837,2018-06-30,2018-07-06,2018-07-06,StarTrack,Standard,Delivered,0,True,16,8.42,none,6,6,Anytime,1.0148,True,0.321,delivered within promise
HDEL004838,HORD004838,2018-01-31,2018-02-03,2018-02-03,AusPost,Express,Delivered,0,True,10,14.08,none,3,5,Anytime,1.7795,False,0.323,delivered within promise
HDEL004839,HORD004839,2018-12-30,2019-01-04,2019-01-03,Direct Freight,Standard,Delivered,0,True,57,8.25,none,5,4,Afternoon,3.8508,True,0.412,delivered within promise
HDEL004840,HORD004840,2018-11-10,2018-11-17,2018-11-15,StarTrack,Standard,Delivered,0,True,10,8.3,none,7,9,Afternoon,6.7883,False,0.405,delivered within promise
HDEL004841,HORD004841,2018-09-21,2018-09-27,2018-09-25,AusPost,Standard,Delivered,0,True,28,7.15,none,6,7,Afternoon,3.6096,True,0.472,delivered within promise
HDEL004842,HORD004842,2018-06-25,2018-07-01,2018-06-30,Direct Freight,Standard,Delivered,0,True,64,12.97,none,6,7,Anytime,5.893,True,0.469,delivered within promise
HDEL004843,HORD004843,2018-03-01,2018-03-07,2018-03-06,StarTrack,Express,Delivered,0,True,22,16.41,none,6,9,Morning,4.0056,True,0.393,delivered within promise
HDEL004844,HORD004844,2018-01-28,2018-02-01,2018-01-31,AusPost,Standard,Delivered,0,True,46,7.86,none,4,5,Afternoon,3.776,False,1.038,delivered within promise
HDEL004845,HORD004845,2018-02-01,2018-02-05,2018-02-05,DHL,Standard,Delivered,0,True,44,9.79,none,4,4,Morning,4.5544,False,0.456,delivered within promise
HDEL004846,HORD004846,2018-08-29,2018-09-05,2018-09-04,AusPost,Express,Delivered,0,True,28,26.06,none,7,5,Morning,7.276,True,1.092,delivered within promise
HDEL004847,HORD004847,2018-12-23,2018-12-29,2018-12-27,Direct Freight,Standard,Delivered,0,True,67,10.72,none,6,8,Afternoon,6.4272,False,0.484,delivered within promise
HDEL004848,HORD004848,2018-10-30,2018-11-05,2018-11-04,DHL,Standard,Delivered,0,True,39,8.37,none,6,4,Morning,3.6744,True,0.493,delivered within promise
HDEL004849,HORD004849,2018-08-09,2018-08-14,2018-08-14,Direct Freight,Standard,Delivered,0,True,28,8.47,none,5,5,Anytime,1.5895,True,0.943,delivered within promise
HDEL004850,HORD004850,2018-10-31,2018-11-05,2018-11-04,StarTrack,Standard,Delivered,0,True,45,8.07,none,5,6,Morning,2.5342,True,0.343,delivered within promise
HDEL004851,HORD004851,2018-06-02,2018-06-07,2018-06-05,StarTrack,Standard,Delivered,0,True,59,5.45,none,5,3,Afternoon,0.87,True,0.917,delivered within promise
HDEL004852,HORD004852,2018-08-20,2018-08-27,2018-08-27,StarTrack,Standard,Delivered,0,True,42,13.26,none,7,3,Afternoon,7.7046,True,0.581,delivered within promise
HDEL004853,HORD004853,2018-08-13,2018-08-20,2018-08-18,Direct Freight,Standard,Delivered,0,True,12,10.47,none,7,7,Morning,2.8851,True,0.356,delivered within promise
HDEL004854,HORD004854,2018-05-30,2018-06-06,2018-06-06,Direct Freight,Standard,Delivered,0,True,6,12.49,none,7,6,Anytime,9.1217,True,1.803,delivered within promise
HDEL004855,HORD004855,2018-10-11,2018-10-15,2018-10-13,Direct Freight,Standard,Delivered,0,True,68,10.13,none,4,3,Anytime,6.6351,True,1.024,delivered within promise
HDEL004856,HORD004856,2018-04-12,2018-04-17,2018-04-15,Direct Freight,Standard,Delivered,0,True,70,8.7,none,5,7,Afternoon,4.2248,True,1.649,delivered within promise
HDEL004857,HORD004857,2018-07-10,2018-07-15,2018-07-15,StarTrack,Standard,Delivered,0,True,56,12.71,none,5,6,Anytime,5.9006,True,0.591,delivered within promise
HDEL004858,HORD004858,2018-03-11,2018-03-14,2018-03-13,DHL,Standard,Delivered,0,True,9,8.8,none,3,9,Afternoon,8.3145,True,0.495,delivered within promise
HDEL004859,HORD004859,2018-01-07,2018-01-13,2018-01-11,DHL,Standard,Delivered,0,True,65,6.81,none,6,4,Anytime,0.8411,True,0.775,delivered within promise
HDEL004860,HORD004860,2018-04-02,2018-04-07,2018-04-06,StarTrack,Standard,Delivered,0,True,62,6.7,none,5,4,Afternoon,3.9696,True,1.218,delivered within promise
HDEL004861,HORD004861,2018-09-18,2018-09-25,2018-09-24,AusPost,Standard,Delivered,0,True,58,10.48,none,7,6,Anytime,8.7071,True,0.568,delivered within promise
HDEL004862,HORD004862,2018-07-09,2018-07-12,2018-07-12,StarTrack,Express,Delivered,0,True,66,21.62,none,3,7,Anytime,6.9396,False,0.521,delivered within promise
HDEL004863,HORD004863,2018-05-18,2018-05-21,2018-05-21,Direct Freight,Standard,Delivered,0,True,26,10.07,none,3,8,Afternoon,5.83,True,0.491,delivered within promise
HDEL004864,HORD004864,2018-06-18,2018-06-25,2018-06-24,DHL,Express,Delivered,0,True,18,19.72,none,7,5,Morning,4.0181,True,0.386,delivered within promise
HDEL004865,HORD004865,2018-08-05,2018-08-10,2018-08-10,DHL,Standard,Delivered,0,True,50,9.1,none,5,8,Afternoon,4.3953,True,1.012,delivered within promise
HDEL004866,HORD004866,2018-10-12,2018-10-19,2018-10-19,Direct Freight,Express,Delivered,0,True,3,18.28,none,7,5,Anytime,3.2797,True,1.014,delivered within promise
HDEL004867,HORD004867,2018-04-05,2018-04-09,2018-04-09,Direct Freight,Express,Delivered,0,True,3,19.63,none,4,7,Anytime,6.8617,True,0.458,delivered within promise
HDEL004868,HORD004868,2018-05-21,2018-05-25,2018-05-25,AusPost,Standard,Delivered,0,True,41,8.46,none,4,3,Morning,5.4548,True,0.45,delivered within promise
HDEL004869,HORD004869,2018-03-27,2018-03-30,2018-03-29,Direct Freight,Express,Delivered,0,True,48,14.81,none,3,4,Anytime,5.8169,True,0.529,delivered within promise
HDEL004870,HORD004870,2018-07-13,2018-07-19,2018-07-18,StarTrack,Standard,Delivered,0,True,68,11.97,none,6,4,Anytime,7.6447,False,1.267,delivered within promise
HDEL004871,HORD004871,2018-08-15,2018-08-18,2018-08-16,DHL,Standard,Delivered,0,True,2,11.32,none,3,6,Afternoon,3.4116,True,0.508,delivered within promise
HDEL004872,HORD004872,2018-09-01,2018-09-08,2018-09-06,DHL,Express,Delivered,0,True,6,13.97,none,7,9,Anytime,1.8901,True,0.91,delivered within promise
HDEL004873,HORD004873,2018-09-21,2018-09-27,2018-09-26,Direct Freight,Standard,Delivered,0,True,45,12.26,none,6,9,Anytime,9.4205,True,0.549,delivered within promise
HDEL004874,HORD004874,2018-01-29,2018-02-02,2018-02-02,DHL,Standard,Delivered,0,True,46,10.09,none,4,3,Afternoon,4.37,False,0.83,delivered within promise
HDEL004875,HORD004875,2018-03-29,2018-04-01,2018-03-31,DHL,Express,Delivered,0,True,22,20.77,none,3,3,Anytime,7.8823,True,0.604,delivered within promise
HDEL004876,HORD004876,2018-08-02,2018-08-07,2018-08-06,Direct Freight,Standard,Delivered,0,True,18,11.96,none,5,5,Anytime,5.8765,True,0.447,delivered within promise
HDEL004877,HORD004877,2018-04-25,2018-04-28,2018-04-26,AusPost,Standard,Delivered,0,True,67,10.79,none,3,7,Anytime,8.7052,False,0.431,delivered within promise
HDEL004878,HORD004878,2018-06-26,2018-07-01,2018-06-29,Direct Freight,Standard,Delivered,0,True,37,11.7,none,5,9,Afternoon,6.6671,True,1.19,delivered within promise
HDEL004879,HORD004879,2018-08-15,2018-08-19,2018-08-19,DHL,Standard,Delivered,0,True,70,8.92,none,4,6,Afternoon,2.8333,True,0.915,delivered within promise
HDEL004880,HORD004880,2018-06-04,2018-06-08,2018-06-06,StarTrack,Standard,Delivered,0,True,18,13.79,none,4,9,Afternoon,7.1651,True,0.496,delivered within promise
HDEL004881,HORD004881,2018-04-21,2018-04-25,2018-04-24,AusPost,Express,Delivered,0,True,5,18.22,none,4,9,Anytime,8.5159,True,0.58,delivered within promise
HDEL004882,HORD004882,2018-03-15,2018-03-20,2018-03-20,StarTrack,Express,Delivered,0,True,46,19.06,none,5,3,Anytime,3.6744,True,0.441,delivered within promise
HDEL004883,HORD004883,2018-12-07,2018-12-11,2018-12-11,StarTrack,Standard,Delivered,0,True,58,11.06,none,4,3,Afternoon,6.7995,True,1.777,delivered within promise
HDEL004884,HORD004884,2018-10-09,2018-10-14,2018-10-12,DHL,Standard,Delivered,0,True,47,6.5,none,5,6,Anytime,3.0762,True,0.374,delivered within promise
HDEL004885,HORD004885,2018-10-24,2018-10-31,2018-10-31,DHL,Express,Delivered,0,True,33,18.04,none,7,9,Afternoon,3.2634,False,0.342,delivered within promise
HDEL004886,HORD004886,2018-05-13,2018-05-16,2018-05-20,DHL,Standard,Delivered,4,False,37,8.07,carrier_capacity,3,6,Anytime,4.0181,True,1.675,carrier scan reconciled
HDEL004887,HORD004887,2018-10-16,2018-10-23,2018-10-23,StarTrack,Standard,Delivered,0,True,25,10.9,none,7,3,Anytime,6.7995,False,0.405,delivered within promise
HDEL004888,HORD004888,2018-12-07,2018-12-11,2018-12-09,Direct Freight,Standard,Delivered,0,True,61,6.84,none,4,5,Morning,2.8851,False,0.276,delivered within promise
HDEL004889,HORD004889,2018-06-08,2018-06-13,2018-06-11,StarTrack,Standard,Delivered,0,True,73,12.19,none,5,7,Anytime,7.278,True,0.623,delivered within promise
HDEL004890,HORD004890,2018-07-12,2018-07-17,2018-07-15,StarTrack,Standard,Delivered,0,True,59,10.64,none,5,9,Afternoon,4.1421,True,0.37,delivered within promise
HDEL004891,HORD004891,2018-09-11,2018-09-16,2018-09-16,DHL,Standard,Delivered,0,True,13,7.61,none,5,8,Afternoon,4.6506,True,0.436,delivered within promise
HDEL004892,HORD004892,2018-10-23,2018-10-26,2018-10-24,Direct Freight,Standard,Delivered,0,True,36,6.95,none,3,4,Morning,1.2249,False,0.325,delivered within promise
HDEL004893,HORD004893,2018-02-03,2018-02-06,2018-02-04,DHL,Standard,Delivered,0,True,36,8.41,none,3,6,Morning,2.0932,True,1.124,delivered within promise
HDEL004894,HORD004894,2018-09-09,2018-09-14,2018-09-12,Direct Freight,Standard,Delivered,0,True,27,9.62,none,5,3,Anytime,5.8895,True,0.486,delivered within promise
HDEL004895,HORD004895,2018-04-07,2018-04-14,2018-04-12,AusPost,Standard,Delivered,0,True,45,9.19,none,7,6,Afternoon,6.9572,True,0.434,delivered within promise
HDEL004896,HORD004896,2018-01-30,2018-02-03,2018-02-01,Direct Freight,Standard,Delivered,0,True,7,10.02,none,4,4,Anytime,7.2473,True,0.545,delivered within promise
HDEL004897,HORD004897,2018-01-23,2018-01-29,2018-01-30,Direct Freight,Standard,Delivered,1,False,51,8.35,warehouse_congestion,6,4,Afternoon,4.974,True,0.445,carrier scan reconciled
HDEL004898,HORD004898,2018-10-07,2018-10-14,2018-10-12,Direct Freight,Standard,Delivered,0,True,26,9.02,none,7,9,Morning,4.911,True,0.533,delivered within promise
HDEL004899,HORD004899,2018-07-04,2018-07-09,2018-07-07,DHL,Standard,Delivered,0,True,65,11.35,none,5,6,Anytime,3.8216,True,0.392,delivered within promise
HDEL004900,HORD004900,2018-11-04,2018-11-11,2018-11-09,Direct Freight,Standard,Delivered,0,True,42,12.0,none,7,7,Morning,7.6726,False,0.398,delivered within promise
HDEL004901,HORD004901,2018-09-26,2018-09-30,2018-09-28,DHL,Express,Delivered,0,True,69,15.81,none,4,7,Afternoon,6.5568,True,0.584,delivered within promise
HDEL004902,HORD004902,2018-07-23,2018-07-26,2018-07-26,AusPost,Standard,Delivered,0,True,73,10.18,none,3,5,Afternoon,3.0741,True,0.452,delivered within promise
HDEL004903,HORD004903,2018-06-14,2018-06-17,2018-06-15,Direct Freight,Standard,Delivered,0,True,72,12.59,none,3,4,Afternoon,6.1633,True,1.128,delivered within promise
HDEL004904,HORD004904,2018-02-27,2018-03-03,2018-03-03,AusPost,Express,Delivered,0,True,64,16.1,none,4,3,Morning,1.7855,True,0.415,delivered within promise
HDEL004905,HORD004905,2018-06-08,2018-06-14,2018-06-12,DHL,Standard,Delivered,0,True,41,8.77,none,6,5,Morning,3.6475,False,0.325,delivered within promise
HDEL004906,HORD004906,2018-03-21,2018-03-25,2018-03-23,Direct Freight,Standard,Delivered,0,True,40,9.58,none,4,9,Anytime,5.0454,False,0.336,delivered within promise
HDEL004907,HORD004907,2018-03-02,2018-03-05,2018-03-03,Direct Freight,Standard,Delivered,0,True,69,6.95,none,3,3,Morning,3.8216,True,0.905,delivered within promise
HDEL004908,HORD004908,2018-05-12,2018-05-18,2018-05-18,DHL,Standard,Delivered,0,True,29,7.91,none,6,9,Anytime,3.0762,True,0.478,delivered within promise
HDEL004909,HORD004909,2018-05-21,2018-05-27,2018-05-27,DHL,Express,Delivered,0,True,56,19.53,none,6,4,Morning,6.6351,True,1.086,delivered within promise
HDEL004910,HORD004910,2018-01-06,2018-01-09,2018-01-07,AusPost,Express,Delivered,0,True,33,20.15,none,3,3,Morning,6.7933,True,0.494,delivered within promise
HDEL004911,HORD004911,2018-12-05,2018-12-11,2018-12-11,AusPost,Express,Delivered,0,True,16,15.92,none,6,8,Afternoon,3.5019,True,0.29,delivered within promise
HDEL004912,HORD004912,2018-12-19,2018-12-24,2018-12-24,DHL,Standard,Delivered,0,True,11,8.85,none,5,8,Anytime,7.5048,True,0.447,delivered within promise
HDEL004913,HORD004913,2018-07-10,2018-07-14,2018-07-13,DHL,Express,Delivered,0,True,56,22.86,none,4,4,Afternoon,3.9696,False,0.292,delivered within promise
HDEL004914,HORD004914,2018-08-10,2018-08-14,2018-08-14,DHL,Standard,Delivered,0,True,2,7.75,none,4,6,Afternoon,1.7855,True,0.425,delivered within promise
HDEL004915,HORD004915,2018-05-17,2018-05-20,2018-05-19,StarTrack,Standard,Delivered,0,True,51,9.11,none,3,9,Afternoon,5.497,True,0.44,delivered within promise
HDEL004916,HORD004916,2018-01-16,2018-01-22,2018-01-20,AusPost,Standard,Delivered,0,True,55,8.65,none,6,8,Morning,6.3062,True,1.296,delivered within promise
HDEL004917,HORD004917,2018-02-11,2018-02-18,2018-02-17,DHL,Standard,Delivered,0,True,35,7.03,none,7,7,Afternoon,2.2927,False,0.327,delivered within promise
HDEL004918,HORD004918,2018-06-29,2018-07-05,2018-07-03,AusPost,Standard,Delivered,0,True,29,10.71,none,6,5,Morning,4.4075,True,0.945,delivered within promise
HDEL004919,HORD004919,2018-05-28,2018-06-01,2018-06-01,AusPost,Standard,Delivered,0,True,41,7.46,none,4,7,Afternoon,2.0015,True,1.143,delivered within promise
HDEL004920,HORD004920,2018-10-18,2018-10-22,2018-10-22,Direct Freight,Standard,Delivered,0,True,42,6.26,none,4,9,Afternoon,0.9,True,0.267,delivered within promise
HDEL004921,HORD004921,2018-12-12,2018-12-17,2018-12-16,AusPost,Express,Delivered,0,True,55,19.05,none,5,7,Morning,9.1216,True,0.603,delivered within promise
HDEL004922,HORD004922,2018-12-27,2019-01-02,2018-12-31,Direct Freight,Standard,Delivered,0,True,57,7.8,none,6,5,Morning,1.3998,False,0.283,delivered within promise
HDEL004923,HORD004923,2018-04-29,2018-05-05,2018-05-05,Direct Freight,Standard,Delivered,0,True,38,10.22,none,6,7,Afternoon,6.2126,False,0.395,delivered within promise
HDEL004924,HORD004924,2018-08-21,2018-08-26,2018-08-25,DHL,Standard,Delivered,0,True,27,11.16,none,5,6,Anytime,2.8697,False,0.297,delivered within promise
HDEL004925,HORD004925,2018-01-07,2018-01-10,2018-01-08,StarTrack,Express,Delivered,0,True,59,15.95,none,3,8,Morning,6.1633,True,0.512,delivered within promise
HDEL004926,HORD004926,2018-02-01,2018-02-08,2018-02-06,StarTrack,Express,Delivered,0,True,70,18.74,none,7,4,Morning,4.6357,False,0.42,delivered within promise
HDEL004927,HORD004927,2018-06-20,2018-06-27,2018-06-25,DHL,Standard,Delivered,0,True,15,11.18,none,7,8,Afternoon,3.0762,True,0.37,delivered within promise
HDEL004928,HORD004928,2018-10-03,2018-10-10,2018-10-08,Direct Freight,Standard,Delivered,0,True,58,7.39,none,7,8,Morning,3.1405,True,0.427,delivered within promise
HDEL004929,HORD004929,2018-11-24,2018-11-29,2018-11-29,StarTrack,Standard,Delivered,0,True,46,6.35,none,5,7,Anytime,0.3679,True,0.989,delivered within promise
HDEL004930,HORD004930,2018-10-21,2018-10-25,2018-10-24,AusPost,Standard,Delivered,0,True,57,10.44,none,4,9,Morning,5.5262,True,0.477,delivered within promise
HDEL004931,HORD004931,2018-11-13,2018-11-20,2018-11-18,Direct Freight,Standard,Delivered,0,True,37,7.54,none,7,7,Afternoon,1.92,True,0.269,delivered within promise
HDEL004932,HORD004932,2018-08-27,2018-09-03,2018-09-03,AusPost,Express,Delivered,0,True,63,20.54,none,7,5,Afternoon,6.544,True,0.434,delivered within promise
HDEL004933,HORD004933,2018-01-03,2018-01-08,2018-01-06,AusPost,Express,Delivered,0,True,7,14.59,none,5,8,Morning,5.1954,True,0.36,delivered within promise
HDEL004934,HORD004934,2018-08-13,2018-08-18,2018-08-18,AusPost,Standard,Delivered,0,True,14,13.68,none,5,7,Afternoon,7.1054,True,0.469,delivered within promise
HDEL004935,HORD004935,2018-07-02,2018-07-09,2018-07-08,AusPost,Standard,Delivered,0,True,37,10.14,none,7,9,Morning,5.4595,False,0.407,delivered within promise
HDEL004936,HORD004936,2018-12-18,2018-12-21,2018-12-20,DHL,Standard,Delivered,0,True,70,8.6,none,3,7,Morning,6.5503,True,0.395,delivered within promise
HDEL004937,HORD004937,2018-08-10,2018-08-13,2018-08-13,AusPost,Express,Delivered,0,True,58,20.15,none,3,7,Afternoon,4.3781,True,0.404,delivered within promise
HDEL004938,HORD004938,2018-02-11,2018-02-14,2018-02-12,DHL,Standard,Delivered,0,True,26,6.96,none,3,7,Morning,2.018,False,0.284,delivered within promise
HDEL004939,HORD004939,2018-09-14,2018-09-20,2018-09-19,Direct Freight,Standard,Delivered,0,True,68,9.7,none,6,4,Afternoon,5.1954,True,1.132,delivered within promise
HDEL004940,HORD004940,2018-02-02,2018-02-06,2018-02-09,AusPost,Standard,Delivered,3,False,46,7.34,carrier_capacity,4,8,Morning,3.7377,True,0.419,carrier scan reconciled
HDEL004941,HORD004941,2018-06-21,2018-06-28,2018-06-27,DHL,Standard,Delivered,0,True,71,12.03,none,7,9,Morning,6.544,True,0.967,delivered within promise
HDEL004942,HORD004942,2018-10-24,2018-10-27,2018-10-27,AusPost,Standard,Delivered,0,True,56,11.24,none,3,5,Afternoon,6.8577,True,0.456,delivered within promise
HDEL004943,HORD004943,2018-09-06,2018-09-13,2018-09-12,AusPost,Standard,Delivered,0,True,37,10.73,none,7,9,Afternoon,6.0476,True,1.619,delivered within promise
HDEL004944,HORD004944,2018-03-29,2018-04-05,2018-04-04,StarTrack,Express,Delivered,0,True,46,20.65,none,7,4,Afternoon,7.0756,True,0.611,delivered within promise
HDEL004945,HORD004945,2018-03-29,2018-04-03,2018-04-02,AusPost,Standard,Delivered,0,True,8,8.27,none,5,3,Anytime,2.9629,False,0.322,delivered within promise
HDEL004946,HORD004946,2018-04-09,2018-04-14,2018-04-12,Direct Freight,Standard,Delivered,0,True,58,9.17,none,5,5,Morning,6.1231,True,1.032,delivered within promise
HDEL004947,HORD004947,2018-03-26,2018-03-29,2018-03-28,AusPost,Express,Delivered,0,True,35,16.93,none,3,6,Anytime,2.2454,False,0.271,delivered within promise
HDEL004948,HORD004948,2018-12-17,2018-12-24,2018-12-23,StarTrack,Standard,Delivered,0,True,48,9.22,none,7,3,Morning,5.4595,True,0.596,delivered within promise
HDEL004949,HORD004949,2018-06-12,2018-06-16,2018-06-15,Direct Freight,Standard,Delivered,0,True,35,12.78,none,4,7,Afternoon,5.225,False,0.415,delivered within promise
HDEL004950,HORD004950,2018-11-19,2018-11-26,2018-11-26,StarTrack,Standard,Delivered,0,True,20,8.25,none,7,4,Anytime,6.0108,True,0.607,delivered within promise
HDEL004951,HORD004951,2018-08-07,2018-08-11,2018-08-10,DHL,Standard,Delivered,0,True,23,8.85,none,4,5,Afternoon,3.9724,True,0.452,delivered within promise
HDEL004952,HORD004952,2018-01-11,2018-01-15,2018-01-14,AusPost,Standard,Delivered,0,True,69,5.93,none,4,7,Afternoon,1.1475,True,0.249,delivered within promise
HDEL004953,HORD004953,2018-07-05,2018-07-08,2018-07-06,Direct Freight,Standard,Delivered,0,True,31,11.66,none,3,4,Morning,6.753,False,0.47,delivered within promise
HDEL004954,HORD004954,2018-05-29,2018-06-02,2018-06-01,Direct Freight,Standard,Delivered,0,True,47,10.06,none,4,4,Anytime,7.3474,False,0.489,delivered within promise
HDEL004955,HORD004955,2018-08-03,2018-08-07,2018-08-05,AusPost,Standard,Delivered,0,True,38,11.35,none,4,7,Afternoon,6.544,True,0.488,delivered within promise
HDEL004956,HORD004956,2018-05-02,2018-05-09,2018-05-07,DHL,Standard,Delivered,0,True,5,7.03,none,7,6,Morning,4.0213,False,0.36,delivered within promise
HDEL004957,HORD004957,2018-09-14,2018-09-20,2018-09-20,AusPost,Standard,Delivered,0,True,36,8.38,none,6,9,Anytime,5.4863,True,0.489,delivered within promise
HDEL004958,HORD004958,2018-11-02,2018-11-05,2018-11-08,AusPost,Standard,Delivered,3,False,12,11.81,warehouse_congestion,3,3,Morning,7.6726,True,1.002,carrier scan reconciled
HDEL004959,HORD004959,2018-11-21,2018-11-25,2018-11-24,DHL,Standard,Delivered,0,True,22,9.89,none,4,4,Morning,7.3159,True,0.558,delivered within promise
HDEL004960,HORD004960,2018-09-29,2018-10-04,2018-10-02,StarTrack,Standard,Delivered,0,True,15,7.78,none,5,4,Afternoon,5.2669,True,0.448,delivered within promise
HDEL004961,HORD004961,2018-08-27,2018-08-31,2018-08-31,AusPost,Standard,Delivered,0,True,25,11.71,none,4,3,Anytime,4.0669,True,1.044,delivered within promise
HDEL004962,HORD004962,2018-04-11,2018-04-17,2018-04-15,AusPost,Standard,Delivered,0,True,63,8.31,none,6,4,Morning,4.0549,True,0.483,delivered within promise
HDEL004963,HORD004963,2018-03-24,2018-03-31,2018-03-30,AusPost,Standard,Delivered,0,True,39,7.36,none,7,9,Afternoon,3.5854,True,0.453,delivered within promise
HDEL004964,HORD004964,2018-11-07,2018-11-13,2018-11-11,DHL,Standard,Delivered,0,True,65,10.22,none,6,9,Anytime,5.8992,True,0.518,delivered within promise
HDEL004965,HORD004965,2018-11-16,2018-11-22,2018-11-22,DHL,Express,Delivered,0,True,46,21.07,none,6,3,Morning,8.7052,True,0.555,delivered within promise
HDEL004966,HORD004966,2018-02-24,2018-02-28,2018-02-27,StarTrack,Standard,Delivered,0,True,66,9.12,none,4,8,Afternoon,6.7102,False,0.526,delivered within promise
HDEL004967,HORD004967,2018-05-25,2018-05-30,2018-05-28,Direct Freight,Standard,Delivered,0,True,57,6.89,none,5,9,Anytime,1.3998,False,0.251,delivered within promise
HDEL004968,HORD004968,2018-02-04,2018-02-07,2018-02-07,DHL,Standard,Delivered,0,True,44,9.79,none,3,4,Morning,7.3803,True,1.182,delivered within promise
HDEL004969,HORD004969,2018-09-10,2018-09-17,2018-09-17,DHL,Standard,Delivered,0,True,56,10.01,none,7,4,Afternoon,5.5306,True,0.472,delivered within promise
HDEL004970,HORD004970,2018-01-10,2018-01-13,2018-01-12,DHL,Standard,Delivered,0,True,66,8.15,none,3,9,Afternoon,6.1407,False,0.377,delivered within promise
HDEL004971,HORD004971,2018-05-05,2018-05-11,2018-05-11,AusPost,Express,Delivered,0,True,13,15.82,none,6,3,Morning,5.0818,True,0.412,delivered within promise
HDEL004972,HORD004972,2018-06-09,2018-06-13,2018-06-11,DHL,Standard,Delivered,0,True,18,11.76,none,4,9,Anytime,6.6906,True,1.206,delivered within promise
HDEL004973,HORD004973,2018-10-27,2018-11-03,2018-11-01,DHL,Standard,Delivered,0,True,5,9.92,none,7,4,Afternoon,8.2822,False,0.512,delivered within promise
HDEL004974,HORD004974,2018-09-11,2018-09-18,2018-09-17,StarTrack,Standard,Delivered,0,True,42,7.7,none,7,6,Morning,5.5051,True,1.052,delivered within promise
HDEL004975,HORD004975,2018-02-27,2018-03-03,2018-03-02,Direct Freight,Standard,Delivered,0,True,29,11.4,none,4,9,Morning,6.322,False,0.428,delivered within promise
HDEL004976,HORD004976,2018-01-17,2018-01-24,2018-01-24,StarTrack,Standard,Delivered,0,True,33,9.72,none,7,6,Anytime,5.5022,True,0.456,delivered within promise
HDEL004977,HORD004977,2018-09-13,2018-09-19,2018-09-21,AusPost,Standard,Delivered,2,False,7,10.0,warehouse_congestion,6,8,Anytime,5.3606,True,0.604,carrier scan reconciled
HDEL004978,HORD004978,2018-09-13,2018-09-16,2018-09-14,AusPost,Express,Delivered,0,True,37,14.23,none,3,4,Anytime,1.0071,True,0.311,delivered within promise
HDEL004979,HORD004979,2018-01-30,2018-02-02,2018-02-02,AusPost,Express,Delivered,0,True,46,15.3,none,3,9,Afternoon,6.2138,True,0.421,delivered within promise
HDEL004980,HORD004980,2018-05-14,2018-05-20,2018-05-25,AusPost,Standard,Delivered,5,False,7,8.9,carrier_capacity,6,3,Morning,3.7704,True,0.433,carrier scan reconciled
HDEL004981,HORD004981,2018-04-24,2018-05-01,2018-05-01,StarTrack,Standard,Delivered,0,True,71,7.82,none,7,7,Afternoon,4.9486,True,0.985,delivered within promise
HDEL004982,HORD004982,2018-07-20,2018-07-25,2018-07-23,DHL,Express,Delivered,0,True,21,19.66,none,5,6,Anytime,4.8483,True,0.535,delivered within promise
HDEL004983,HORD004983,2018-12-12,2018-12-18,2018-12-21,Direct Freight,Standard,Delivered,3,False,4,6.92,weather,6,3,Anytime,2.2454,True,0.304,carrier scan reconciled
HDEL004984,HORD004984,2018-01-20,2018-01-25,2018-01-25,AusPost,Standard,Delivered,0,True,17,7.13,none,5,7,Morning,3.3316,True,1.068,delivered within promise
HDEL004985,HORD004985,2018-02-11,2018-02-17,2018-02-15,StarTrack,Standard,Delivered,0,True,47,8.44,none,6,8,Afternoon,6.6725,False,0.39,delivered within promise
HDEL004986,HORD004986,2018-08-28,2018-09-04,2018-09-04,Direct Freight,Standard,Delivered,0,True,60,11.13,none,7,3,Afternoon,4.9486,True,1.521,delivered within promise
HDEL004987,HORD004987,2018-03-24,2018-03-31,2018-03-31,DHL,Express,Delivered,0,True,10,15.56,none,7,8,Afternoon,5.0399,True,0.415,delivered within promise
HDEL004988,HORD004988,2018-11-22,2018-11-28,2018-11-28,StarTrack,Standard,Delivered,0,True,49,10.31,none,6,3,Morning,8.0537,False,0.523,delivered within promise
HDEL004989,HORD004989,2018-07-16,2018-07-20,2018-07-18,AusPost,Express,Delivered,0,True,19,22.57,none,4,6,Afternoon,2.9449,False,0.282,delivered within promise
HDEL004990,HORD004990,2018-03-09,2018-03-13,2018-03-13,StarTrack,Standard,Delivered,0,True,12,10.11,none,4,8,Morning,7.2459,False,0.429,delivered within promise
HDEL004991,HORD004991,2018-04-27,2018-05-04,2018-05-04,DHL,Standard,Delivered,0,True,13,12.31,none,7,3,Afternoon,8.9566,False,0.442,delivered within promise
HDEL004992,HORD004992,2018-08-25,2018-08-29,2018-08-29,AusPost,Express,Delivered,0,True,10,23.73,none,4,9,Afternoon,6.9179,False,0.379,delivered within promise
HDEL004993,HORD004993,2018-03-02,2018-03-08,2018-03-06,Direct Freight,Standard,Delivered,0,True,54,7.19,none,6,5,Afternoon,1.5938,True,0.425,delivered within promise
HDEL004994,HORD004994,2018-08-04,2018-08-11,2018-08-11,Direct Freight,Standard,Delivered,0,True,12,15.08,none,7,7,Afternoon,8.085,False,0.476,delivered within promise
HDEL004995,HORD004995,2018-08-21,2018-08-26,2018-08-25,Direct Freight,Standard,Delivered,0,True,54,10.28,none,5,3,Anytime,3.5737,True,0.345,delivered within promise
HDEL004996,HORD004996,2018-08-09,2018-08-13,2018-08-11,DHL,Express,Delivered,0,True,55,18.8,none,4,6,Anytime,5.8814,True,0.476,delivered within promise
HDEL004997,HORD004997,2018-08-06,2018-08-10,2018-08-15,Direct Freight,Standard,Delivered,5,False,34,11.58,carrier_capacity,4,7,Anytime,4.5739,True,1.002,carrier scan reconciled
HDEL004998,HORD004998,2018-08-18,2018-08-21,2018-08-19,StarTrack,Standard,Delivered,0,True,25,12.89,none,3,7,Afternoon,5.972,True,0.52,delivered within promise
HDEL004999,HORD004999,2018-10-02,2018-10-05,2018-10-05,StarTrack,Express,Delivered,0,True,47,16.71,none,3,8,Anytime,6.5587,True,0.453,delivered within promise
HDEL005000,HORD005000,2018-10-10,2018-10-13,2018-10-12,StarTrack,Standard,Delivered,0,True,50,9.13,none,3,5,Afternoon,5.5988,True,0.345,delivered within promise
